{"directed": false, "multigraph": false, "graph": {}, "nodes": [{"node_features": [0.0, 0.0], "id": 0}, {"node_features": [1.0, 0.0], "id": 1}, {"node_features": [0.0, 0.0], "id": 2}, {"node_features": [0.0, 0.0], "id": 3}, {"node_features": [0.0, 0.0], "id": 4}, {"node_features": [0.0, 0.0], "id": 5}, {"node_features": [0.0, 1.0], "id": 6}, {"node_features": [0.0, 0.0], "id": 7}, {"node_features": [0.0, 0.0], "id": 8}, {"node_features": [0.0, 0.0], "id": 9}, {"node_features": [0.0, 0.0], "id": 10}, {"node_features": [0.0, 0.0], "id": 11}, {"node_features": [0.0, 0.0], "id": 12}, {"node_features": [0.0, 0.0], "id": 13}, {"node_features": [0.0, 0.0], "id": 14}, {"node_features": [0.0, 0.0], "id": 15}, {"node_features": [0.0, 0.0], "id": 16}, {"node_features": [0.0, 0.0], "id": 17}, {"node_features": [0.0, 0.0], "id": 18}, {"node_features": [0.0, 0.0], "id": 19}, {"node_features": [0.0, 0.0], "id": 20}, {"node_features": [0.0, 0.0], "id": 21}, {"node_features": [0.0, 0.0], "id": 22}, {"node_features": [0.0, 0.0], "id": 23}, {"node_features": [0.0, 0.0], "id": 24}, {"node_features": [0.0, 0.0], "id": 25}, {"node_features": [0.0, 0.0], "id": 26}, {"node_features": [0.0, 0.0], "id": 27}, {"node_features": [0.0, 0.0], "id": 28}, {"node_features": [0.0, 0.0], "id": 29}, {"node_features": [0.0, 0.0], "id": 30}], "links": [{"distance": 1.3111421052799688, "on_path": 0, "source": 0, "target": 22}, {"distance": 0.29699225148009084, "on_path": 1, "source": 0, "target": 6}, {"distance": 0.9063815055656154, "on_path": 0, "source": 0, "target": 27}, {"distance": 1.1362297202620188, "on_path": 1, "source": 0, "target": 16}, {"distance": 1.377284241468987, "on_path": 0, "source": 1, "target": 19}, {"distance": 1.7197956263598186, "on_path": 0, "source": 1, "target": 18}, {"distance": 0.43895366922145673, "on_path": 1, "source": 1, "target": 23}, {"distance": 1.501041435482647, "on_path": 0, "source": 2, "target": 7}, {"distance": 1.8050641321142693, "on_path": 0, "source": 2, "target": 16}, {"distance": 1.9558851828748482, "on_path": 0, "source": 2, "target": 18}, {"distance": 1.5151307530185043, "on_path": 0, "source": 2, "target": 3}, {"distance": 0.6527268307378871, "on_path": 0, "source": 2, "target": 10}, {"distance": 1.0003362779566898, "on_path": 0, "source": 2, "target": 14}, {"distance": 1.5389393235961843, "on_path": 0, "source": 3, "target": 18}, {"distance": 0.8538382194475511, "on_path": 0, "source": 3, "target": 4}, {"distance": 1.9363430267034552, "on_path": 0, "source": 4, "target": 24}, {"distance": 1.1445446760331057, "on_path": 0, "source": 4, "target": 8}, {"distance": 1.3945632655430087, "on_path": 0, "source": 5, "target": 24}, {"distance": 1.7986495152801498, "on_path": 0, "source": 5, "target": 30}, {"distance": 1.6663015440999338, "on_path": 0, "source": 5, "target": 13}, {"distance": 1.2996153925053047, "on_path": 0, "source": 6, "target": 25}, {"distance": 0.9207057202800518, "on_path": 0, "source": 6, "target": 28}, {"distance": 0.9647214737597286, "on_path": 0, "source": 7, "target": 13}, {"distance": 1.4659229531565177, "on_path": 0, "source": 7, "target": 21}, {"distance": 1.6033051789715935, "on_path": 0, "source": 7, "target": 17}, {"distance": 1.1641994600384422, "on_path": 0, "source": 7, "target": 30}, {"distance": 1.4498709451486664, "on_path": 0, "source": 8, "target": 24}, {"distance": 0.380746597280634, "on_path": 0, "source": 8, "target": 12}, {"distance": 0.7067261899899241, "on_path": 0, "source": 9, "target": 13}, {"distance": 1.2857407165080235, "on_path": 0, "source": 9, "target": 17}, {"distance": 1.755953237483108, "on_path": 0, "source": 9, "target": 16}, {"distance": 0.7422332310606552, "on_path": 0, "source": 9, "target": 11}, {"distance": 2.018072259631138, "on_path": 0, "source": 9, "target": 22}, {"distance": 0.327256197425981, "on_path": 0, "source": 10, "target": 28}, {"distance": 0.4399424157280137, "on_path": 0, "source": 10, "target": 19}, {"distance": 0.5026274133531534, "on_path": 0, "source": 10, "target": 20}, {"distance": 1.3446501341318313, "on_path": 0, "source": 10, "target": 15}, {"distance": 1.2271376510355176, "on_path": 0, "source": 11, "target": 15}, {"distance": 1.5730007587391621, "on_path": 0, "source": 11, "target": 18}, {"distance": 1.9883501528035887, "on_path": 0, "source": 12, "target": 25}, {"distance": 0.4671226540028821, "on_path": 0, "source": 12, "target": 30}, {"distance": 0.5891566671197133, "on_path": 0, "source": 12, "target": 18}, {"distance": 1.6028217774069693, "on_path": 0, "source": 13, "target": 17}, {"distance": 0.9430891831561509, "on_path": 0, "source": 13, "target": 27}, {"distance": 1.508791997668899, "on_path": 0, "source": 14, "target": 18}, {"distance": 1.0579155880618003, "on_path": 0, "source": 14, "target": 21}, {"distance": 0.895972495360564, "on_path": 0, "source": 14, "target": 19}, {"distance": 1.4742730411312144, "on_path": 0, "source": 15, "target": 28}, {"distance": 1.7696528645389085, "on_path": 0, "source": 16, "target": 29}, {"distance": 0.7132272989091608, "on_path": 1, "source": 16, "target": 23}, {"distance": 1.4857886915243868, "on_path": 0, "source": 16, "target": 28}, {"distance": 1.666177547249701, "on_path": 0, "source": 18, "target": 22}, {"distance": 0.9896304329541443, "on_path": 0, "source": 18, "target": 26}, {"distance": 1.7035891716360743, "on_path": 0, "source": 18, "target": 28}, {"distance": 1.7432433589808765, "on_path": 0, "source": 18, "target": 25}, {"distance": 0.7108950469397862, "on_path": 0, "source": 18, "target": 27}, {"distance": 1.3847058055292911, "on_path": 0, "source": 18, "target": 29}, {"distance": 1.0435145844009288, "on_path": 0, "source": 19, "target": 26}, {"distance": 0.12832471165598042, "on_path": 0, "source": 20, "target": 21}, {"distance": 1.1966026565626307, "on_path": 0, "source": 21, "target": 29}, {"distance": 1.4578376112985942, "on_path": 0, "source": 23, "target": 30}, {"distance": 1.6435382986345286, "on_path": 0, "source": 24, "target": 27}]}