{"directed": false, "multigraph": false, "graph": {}, "nodes": [{"node_features": [0.0, 0.0], "id": 0}, {"node_features": [0.0, 0.0], "id": 1}, {"node_features": [0.0, 0.0], "id": 2}, {"node_features": [0.0, 0.0], "id": 3}, {"node_features": [0.0, 0.0], "id": 4}, {"node_features": [0.0, 0.0], "id": 5}, {"node_features": [0.0, 0.0], "id": 6}, {"node_features": [0.0, 0.0], "id": 7}, {"node_features": [0.0, 0.0], "id": 8}, {"node_features": [0.0, 0.0], "id": 9}, {"node_features": [0.0, 0.0], "id": 10}, {"node_features": [0.0, 0.0], "id": 11}, {"node_features": [0.0, 0.0], "id": 12}, {"node_features": [0.0, 0.0], "id": 13}, {"node_features": [1.0, 0.0], "id": 14}, {"node_features": [0.0, 0.0], "id": 15}, {"node_features": [0.0, 0.0], "id": 16}, {"node_features": [0.0, 0.0], "id": 17}, {"node_features": [0.0, 0.0], "id": 18}, {"node_features": [0.0, 0.0], "id": 19}, {"node_features": [0.0, 0.0], "id": 20}, {"node_features": [0.0, 0.0], "id": 21}, {"node_features": [0.0, 0.0], "id": 22}, {"node_features": [0.0, 0.0], "id": 23}, {"node_features": [0.0, 0.0], "id": 24}, {"node_features": [0.0, 0.0], "id": 25}, {"node_features": [0.0, 0.0], "id": 26}, {"node_features": [0.0, 0.0], "id": 27}, {"node_features": [0.0, 0.0], "id": 28}, {"node_features": [0.0, 1.0], "id": 29}, {"node_features": [0.0, 0.0], "id": 30}, {"node_features": [0.0, 0.0], "id": 31}, {"node_features": [0.0, 0.0], "id": 32}, {"node_features": [0.0, 0.0], "id": 33}, {"node_features": [0.0, 0.0], "id": 34}, {"node_features": [0.0, 0.0], "id": 35}, {"node_features": [0.0, 0.0], "id": 36}, {"node_features": [0.0, 0.0], "id": 37}], "links": [{"distance": 0.35297965402848414, "on_path": 0, "source": 0, "target": 12}, {"distance": 1.0589859501462193, "on_path": 0, "source": 0, "target": 22}, {"distance": 0.8489335634859705, "on_path": 0, "source": 0, "target": 35}, {"distance": 1.2480355177645188, "on_path": 0, "source": 0, "target": 9}, {"distance": 0.806206772701063, "on_path": 0, "source": 0, "target": 20}, {"distance": 0.5360927811092836, "on_path": 1, "source": 1, "target": 6}, {"distance": 1.0441134341680551, "on_path": 0, "source": 1, "target": 10}, {"distance": 0.14538412277705517, "on_path": 0, "source": 1, "target": 2}, {"distance": 1.2413499394005878, "on_path": 1, "source": 1, "target": 14}, {"distance": 0.6143494428056485, "on_path": 0, "source": 1, "target": 18}, {"distance": 0.912085054412732, "on_path": 0, "source": 2, "target": 8}, {"distance": 1.5410729083940593, "on_path": 0, "source": 2, "target": 7}, {"distance": 0.858535036748588, "on_path": 0, "source": 3, "target": 11}, {"distance": 1.6588614228065195, "on_path": 0, "source": 3, "target": 8}, {"distance": 1.5361315856005988, "on_path": 0, "source": 3, "target": 33}, {"distance": 1.322582703929534, "on_path": 0, "source": 3, "target": 29}, {"distance": 0.8834796448210378, "on_path": 0, "source": 4, "target": 23}, {"distance": 0.600318493861711, "on_path": 1, "source": 4, "target": 29}, {"distance": 0.6998871156325409, "on_path": 1, "source": 4, "target": 6}, {"distance": 0.5825471387413838, "on_path": 0, "source": 5, "target": 36}, {"distance": 0.6787271405712622, "on_path": 0, "source": 5, "target": 16}, {"distance": 1.0720557614477724, "on_path": 0, "source": 5, "target": 19}, {"distance": 0.5814044800850953, "on_path": 0, "source": 6, "target": 25}, {"distance": 1.308678264339933, "on_path": 0, "source": 6, "target": 10}, {"distance": 0.9135147875576249, "on_path": 0, "source": 7, "target": 12}, {"distance": 1.8562970822147082, "on_path": 0, "source": 7, "target": 22}, {"distance": 2.4193493835729454, "on_path": 0, "source": 7, "target": 8}, {"distance": 0.8305281400124035, "on_path": 0, "source": 8, "target": 15}, {"distance": 0.763679784182695, "on_path": 0, "source": 8, "target": 32}, {"distance": 0.26066967862351004, "on_path": 0, "source": 9, "target": 23}, {"distance": 1.4946126573837677, "on_path": 0, "source": 10, "target": 18}, {"distance": 0.7275133498479975, "on_path": 0, "source": 10, "target": 25}, {"distance": 1.188417845957855, "on_path": 0, "source": 11, "target": 18}, {"distance": 0.9273835035457535, "on_path": 0, "source": 11, "target": 31}, {"distance": 1.74364593343763, "on_path": 0, "source": 11, "target": 28}, {"distance": 1.5331902959661596, "on_path": 0, "source": 11, "target": 21}, {"distance": 1.0236811283414013, "on_path": 0, "source": 11, "target": 27}, {"distance": 1.2687991645198367, "on_path": 0, "source": 11, "target": 32}, {"distance": 1.1468306536340063, "on_path": 0, "source": 12, "target": 28}, {"distance": 0.38470879002385355, "on_path": 0, "source": 12, "target": 13}, {"distance": 1.643241207017186, "on_path": 0, "source": 12, "target": 19}, {"distance": 1.3558327478475645, "on_path": 0, "source": 12, "target": 26}, {"distance": 1.6279368545469617, "on_path": 0, "source": 13, "target": 29}, {"distance": 1.3158848346494123, "on_path": 0, "source": 13, "target": 35}, {"distance": 0.7143714373067345, "on_path": 0, "source": 13, "target": 32}, {"distance": 0.970279634100524, "on_path": 0, "source": 13, "target": 37}, {"distance": 1.2480682200297255, "on_path": 0, "source": 14, "target": 25}, {"distance": 1.3184146941094383, "on_path": 0, "source": 14, "target": 35}, {"distance": 0.40784612029138245, "on_path": 0, "source": 15, "target": 20}, {"distance": 0.3139643331491721, "on_path": 0, "source": 15, "target": 37}, {"distance": 1.6226684573860122, "on_path": 0, "source": 15, "target": 17}, {"distance": 0.886180818715029, "on_path": 0, "source": 16, "target": 19}, {"distance": 1.5785555595574947, "on_path": 0, "source": 17, "target": 21}, {"distance": 1.3411596014325897, "on_path": 0, "source": 17, "target": 27}, {"distance": 1.0999182715119091, "on_path": 0, "source": 18, "target": 30}, {"distance": 1.0158623961851934, "on_path": 0, "source": 18, "target": 28}, {"distance": 0.7555304949341555, "on_path": 0, "source": 19, "target": 25}, {"distance": 0.4122281984033187, "on_path": 0, "source": 19, "target": 22}, {"distance": 0.11891215906476639, "on_path": 0, "source": 19, "target": 31}, {"distance": 0.3530118474368651, "on_path": 0, "source": 20, "target": 25}, {"distance": 0.9198484681266191, "on_path": 0, "source": 20, "target": 24}, {"distance": 1.3495798602346538, "on_path": 0, "source": 21, "target": 36}, {"distance": 0.9680055043168238, "on_path": 0, "source": 22, "target": 23}, {"distance": 0.9193279888068071, "on_path": 0, "source": 22, "target": 33}, {"distance": 1.3886857681450684, "on_path": 0, "source": 23, "target": 29}, {"distance": 0.3717143913483659, "on_path": 0, "source": 23, "target": 28}, {"distance": 1.5064146182809992, "on_path": 0, "source": 24, "target": 33}, {"distance": 0.403535871507941, "on_path": 0, "source": 26, "target": 31}, {"distance": 0.3508682045907296, "on_path": 0, "source": 26, "target": 37}, {"distance": 0.4713042580797821, "on_path": 0, "source": 26, "target": 33}, {"distance": 0.8920807284113381, "on_path": 0, "source": 27, "target": 36}, {"distance": 0.39995907564490707, "on_path": 0, "source": 29, "target": 30}, {"distance": 1.1343012067560767, "on_path": 0, "source": 30, "target": 33}, {"distance": 1.542848426357743, "on_path": 0, "source": 30, "target": 34}, {"distance": 1.748246742215725, "on_path": 0, "source": 32, "target": 34}, {"distance": 0.801921749699539, "on_path": 0, "source": 33, "target": 36}]}