{"directed": false, "multigraph": false, "graph": {}, "nodes": [{"node_features": [0.0, 0.0], "id": 0}, {"node_features": [0.0, 0.0], "id": 1}, {"node_features": [0.0, 0.0], "id": 2}, {"node_features": [0.0, 0.0], "id": 3}, {"node_features": [0.0, 0.0], "id": 4}, {"node_features": [0.0, 0.0], "id": 5}, {"node_features": [0.0, 0.0], "id": 6}, {"node_features": [0.0, 0.0], "id": 7}, {"node_features": [0.0, 0.0], "id": 8}, {"node_features": [0.0, 0.0], "id": 9}, {"node_features": [0.0, 0.0], "id": 10}, {"node_features": [0.0, 0.0], "id": 11}, {"node_features": [0.0, 0.0], "id": 12}, {"node_features": [0.0, 0.0], "id": 13}, {"node_features": [0.0, 0.0], "id": 14}, {"node_features": [0.0, 0.0], "id": 15}, {"node_features": [0.0, 0.0], "id": 16}, {"node_features": [1.0, 0.0], "id": 17}, {"node_features": [0.0, 1.0], "id": 18}, {"node_features": [0.0, 0.0], "id": 19}, {"node_features": [0.0, 0.0], "id": 20}, {"node_features": [0.0, 0.0], "id": 21}, {"node_features": [0.0, 0.0], "id": 22}, {"node_features": [0.0, 0.0], "id": 23}, {"node_features": [0.0, 0.0], "id": 24}, {"node_features": [0.0, 0.0], "id": 25}, {"node_features": [0.0, 0.0], "id": 26}, {"node_features": [0.0, 0.0], "id": 27}, {"node_features": [0.0, 0.0], "id": 28}, {"node_features": [0.0, 0.0], "id": 29}, {"node_features": [0.0, 0.0], "id": 30}, {"node_features": [0.0, 0.0], "id": 31}, {"node_features": [0.0, 0.0], "id": 32}, {"node_features": [0.0, 0.0], "id": 33}], "links": [{"distance": 0.22543577830314224, "on_path": 0, "source": 0, "target": 3}, {"distance": 1.1113234913887486, "on_path": 0, "source": 0, "target": 12}, {"distance": 1.9620079952249538, "on_path": 0, "source": 0, "target": 20}, {"distance": 0.8556735920541688, "on_path": 0, "source": 0, "target": 29}, {"distance": 1.3517505675091492, "on_path": 0, "source": 0, "target": 33}, {"distance": 0.4040694205149943, "on_path": 0, "source": 1, "target": 16}, {"distance": 1.1408139003040116, "on_path": 0, "source": 1, "target": 6}, {"distance": 0.3063033930887611, "on_path": 0, "source": 1, "target": 28}, {"distance": 1.5521933006739048, "on_path": 0, "source": 1, "target": 7}, {"distance": 1.5741851319924922, "on_path": 0, "source": 2, "target": 9}, {"distance": 1.152211235295152, "on_path": 0, "source": 2, "target": 5}, {"distance": 1.2065134262595094, "on_path": 0, "source": 2, "target": 15}, {"distance": 0.2422755654190708, "on_path": 0, "source": 2, "target": 23}, {"distance": 0.6552516686101001, "on_path": 0, "source": 2, "target": 31}, {"distance": 1.3199354112691712, "on_path": 0, "source": 3, "target": 28}, {"distance": 1.0811033370931435, "on_path": 0, "source": 3, "target": 29}, {"distance": 2.1626191529923715, "on_path": 0, "source": 3, "target": 20}, {"distance": 1.0917527668245166, "on_path": 0, "source": 4, "target": 12}, {"distance": 0.1179427227110803, "on_path": 0, "source": 4, "target": 27}, {"distance": 0.7328072671583392, "on_path": 0, "source": 4, "target": 7}, {"distance": 1.4708350533523329, "on_path": 0, "source": 4, "target": 11}, {"distance": 2.5301945600649556, "on_path": 0, "source": 5, "target": 18}, {"distance": 0.6935115154025187, "on_path": 0, "source": 5, "target": 8}, {"distance": 2.3205372184541546, "on_path": 0, "source": 5, "target": 9}, {"distance": 1.7895637711954246, "on_path": 0, "source": 5, "target": 31}, {"distance": 1.1978562519353295, "on_path": 0, "source": 6, "target": 15}, {"distance": 1.033267835780653, "on_path": 0, "source": 6, "target": 16}, {"distance": 0.39953041255572097, "on_path": 0, "source": 7, "target": 17}, {"distance": 0.47013544960351045, "on_path": 0, "source": 7, "target": 21}, {"distance": 0.6419777210140768, "on_path": 0, "source": 7, "target": 25}, {"distance": 0.6351100612513847, "on_path": 0, "source": 7, "target": 24}, {"distance": 1.3048787424041892, "on_path": 0, "source": 8, "target": 33}, {"distance": 0.03421224010866128, "on_path": 0, "source": 8, "target": 12}, {"distance": 1.0613478356964177, "on_path": 0, "source": 8, "target": 22}, {"distance": 1.6483479419931584, "on_path": 0, "source": 9, "target": 12}, {"distance": 1.2191414231118174, "on_path": 0, "source": 9, "target": 17}, {"distance": 0.44667440973799233, "on_path": 1, "source": 10, "target": 14}, {"distance": 1.2118594080422633, "on_path": 0, "source": 10, "target": 32}, {"distance": 1.4239333664248455, "on_path": 1, "source": 10, "target": 13}, {"distance": 1.3527970089638879, "on_path": 0, "source": 10, "target": 30}, {"distance": 1.8641916476705611, "on_path": 0, "source": 11, "target": 28}, {"distance": 0.6730256293843208, "on_path": 0, "source": 11, "target": 24}, {"distance": 1.311742773491672, "on_path": 0, "source": 12, "target": 26}, {"distance": 1.0911913592672131, "on_path": 0, "source": 12, "target": 27}, {"distance": 1.195605079206653, "on_path": 0, "source": 13, "target": 24}, {"distance": 0.4653629365963709, "on_path": 1, "source": 13, "target": 29}, {"distance": 1.1288271783587491, "on_path": 0, "source": 13, "target": 25}, {"distance": 1.5801877030816587, "on_path": 0, "source": 14, "target": 20}, {"distance": 1.8321486564558784, "on_path": 0, "source": 14, "target": 28}, {"distance": 2.079076874708553, "on_path": 1, "source": 14, "target": 18}, {"distance": 1.3533399358491702, "on_path": 0, "source": 14, "target": 32}, {"distance": 0.4999804063775231, "on_path": 0, "source": 15, "target": 22}, {"distance": 1.5113477880267476, "on_path": 0, "source": 16, "target": 23}, {"distance": 0.8491045538478894, "on_path": 1, "source": 17, "target": 29}, {"distance": 1.1616885100347445, "on_path": 0, "source": 17, "target": 22}, {"distance": 1.135708982539132, "on_path": 0, "source": 17, "target": 19}, {"distance": 1.7717450664806353, "on_path": 0, "source": 19, "target": 28}, {"distance": 2.0640857647698185, "on_path": 0, "source": 19, "target": 31}, {"distance": 1.4168461194046416, "on_path": 0, "source": 19, "target": 26}, {"distance": 2.203097546744707, "on_path": 0, "source": 20, "target": 27}, {"distance": 0.1726035423172942, "on_path": 0, "source": 21, "target": 24}, {"distance": 1.7969121703996136, "on_path": 0, "source": 22, "target": 23}, {"distance": 1.6170245967119656, "on_path": 0, "source": 23, "target": 28}, {"distance": 1.198084307104673, "on_path": 0, "source": 24, "target": 28}, {"distance": 1.6005590959988443, "on_path": 0, "source": 26, "target": 31}, {"distance": 0.8326800081151975, "on_path": 0, "source": 26, "target": 30}, {"distance": 1.4711927585177245, "on_path": 0, "source": 27, "target": 28}, {"distance": 0.5555718312282641, "on_path": 0, "source": 29, "target": 33}]}