{"directed": false, "multigraph": false, "graph": {}, "nodes": [{"node_features": [0.0, 0.0], "id": 0}, {"node_features": [0.0, 0.0], "id": 1}, {"node_features": [0.0, 0.0], "id": 2}, {"node_features": [0.0, 0.0], "id": 3}, {"node_features": [0.0, 0.0], "id": 4}, {"node_features": [0.0, 0.0], "id": 5}, {"node_features": [0.0, 0.0], "id": 6}, {"node_features": [0.0, 0.0], "id": 7}, {"node_features": [0.0, 0.0], "id": 8}, {"node_features": [0.0, 0.0], "id": 9}, {"node_features": [0.0, 0.0], "id": 10}, {"node_features": [0.0, 0.0], "id": 11}, {"node_features": [0.0, 0.0], "id": 12}, {"node_features": [0.0, 0.0], "id": 13}, {"node_features": [0.0, 0.0], "id": 14}, {"node_features": [0.0, 0.0], "id": 15}, {"node_features": [0.0, 0.0], "id": 16}, {"node_features": [0.0, 0.0], "id": 17}, {"node_features": [0.0, 0.0], "id": 18}, {"node_features": [0.0, 0.0], "id": 19}, {"node_features": [0.0, 0.0], "id": 20}, {"node_features": [0.0, 0.0], "id": 21}, {"node_features": [1.0, 0.0], "id": 22}, {"node_features": [0.0, 0.0], "id": 23}, {"node_features": [0.0, 0.0], "id": 24}, {"node_features": [0.0, 0.0], "id": 25}, {"node_features": [0.0, 0.0], "id": 26}, {"node_features": [0.0, 0.0], "id": 27}, {"node_features": [0.0, 0.0], "id": 28}, {"node_features": [0.0, 0.0], "id": 29}, {"node_features": [0.0, 0.0], "id": 30}, {"node_features": [0.0, 0.0], "id": 31}, {"node_features": [0.0, 0.0], "id": 32}, {"node_features": [0.0, 0.0], "id": 33}, {"node_features": [0.0, 0.0], "id": 34}, {"node_features": [0.0, 1.0], "id": 35}, {"node_features": [0.0, 0.0], "id": 36}, {"node_features": [0.0, 0.0], "id": 37}, {"node_features": [0.0, 0.0], "id": 38}, {"node_features": [0.0, 0.0], "id": 39}], "links": [{"distance": 0.07046068429864484, "on_path": 1, "source": 0, "target": 22}, {"distance": 1.716835778799378, "on_path": 0, "source": 0, "target": 4}, {"distance": 1.4095450945271346, "on_path": 1, "source": 0, "target": 18}, {"distance": 2.0931690661409226, "on_path": 0, "source": 0, "target": 30}, {"distance": 0.4389287004144128, "on_path": 0, "source": 1, "target": 33}, {"distance": 0.3042742144489484, "on_path": 0, "source": 1, "target": 36}, {"distance": 0.7813644879565529, "on_path": 0, "source": 1, "target": 9}, {"distance": 1.5740601672150338, "on_path": 0, "source": 2, "target": 34}, {"distance": 0.882615488862954, "on_path": 0, "source": 2, "target": 17}, {"distance": 1.2197948079754615, "on_path": 0, "source": 2, "target": 26}, {"distance": 0.639614746492729, "on_path": 0, "source": 3, "target": 25}, {"distance": 0.3636892872335966, "on_path": 0, "source": 3, "target": 31}, {"distance": 1.425451801774862, "on_path": 0, "source": 3, "target": 17}, {"distance": 1.7906388886905351, "on_path": 0, "source": 4, "target": 12}, {"distance": 1.5305055958400609, "on_path": 0, "source": 4, "target": 38}, {"distance": 0.2586072641932099, "on_path": 0, "source": 5, "target": 17}, {"distance": 0.19340764141534342, "on_path": 0, "source": 5, "target": 19}, {"distance": 1.0582272704643292, "on_path": 0, "source": 5, "target": 20}, {"distance": 0.916266614640867, "on_path": 1, "source": 5, "target": 18}, {"distance": 0.6526751348829845, "on_path": 0, "source": 5, "target": 14}, {"distance": 0.7796559332936526, "on_path": 0, "source": 5, "target": 24}, {"distance": 1.0123046958693191, "on_path": 1, "source": 5, "target": 35}, {"distance": 1.6901429887599053, "on_path": 0, "source": 6, "target": 16}, {"distance": 1.0186488152571544, "on_path": 0, "source": 6, "target": 15}, {"distance": 2.2072982151391, "on_path": 0, "source": 6, "target": 29}, {"distance": 2.1794844649152725, "on_path": 0, "source": 6, "target": 31}, {"distance": 0.8285502776284424, "on_path": 0, "source": 6, "target": 35}, {"distance": 0.7400959516448373, "on_path": 0, "source": 7, "target": 26}, {"distance": 0.9364449057821542, "on_path": 0, "source": 7, "target": 32}, {"distance": 0.5424178597435765, "on_path": 0, "source": 7, "target": 15}, {"distance": 1.282832278610625, "on_path": 0, "source": 7, "target": 29}, {"distance": 1.33924665015301, "on_path": 0, "source": 8, "target": 39}, {"distance": 1.6851903036157379, "on_path": 0, "source": 8, "target": 24}, {"distance": 0.23626337271831147, "on_path": 0, "source": 8, "target": 33}, {"distance": 1.3069812375536078, "on_path": 0, "source": 8, "target": 37}, {"distance": 1.0448804379135888, "on_path": 0, "source": 9, "target": 33}, {"distance": 1.4177717089978825, "on_path": 0, "source": 9, "target": 28}, {"distance": 1.6043699727079934, "on_path": 0, "source": 9, "target": 11}, {"distance": 1.805193736247174, "on_path": 0, "source": 9, "target": 13}, {"distance": 1.2566942646057861, "on_path": 0, "source": 10, "target": 34}, {"distance": 0.9931879705620885, "on_path": 0, "source": 10, "target": 25}, {"distance": 1.882372703898857, "on_path": 0, "source": 11, "target": 30}, {"distance": 1.4775737270393456, "on_path": 0, "source": 11, "target": 26}, {"distance": 0.9315055836899502, "on_path": 0, "source": 11, "target": 22}, {"distance": 1.717926244307825, "on_path": 0, "source": 11, "target": 34}, {"distance": 1.4370139573385852, "on_path": 0, "source": 12, "target": 35}, {"distance": 1.1767713723720863, "on_path": 0, "source": 12, "target": 24}, {"distance": 1.3372997297448468, "on_path": 0, "source": 13, "target": 19}, {"distance": 1.2951426201078193, "on_path": 0, "source": 13, "target": 39}, {"distance": 1.9009289875624833, "on_path": 0, "source": 14, "target": 36}, {"distance": 0.9414550450055439, "on_path": 0, "source": 15, "target": 33}, {"distance": 0.8229874959482015, "on_path": 0, "source": 15, "target": 26}, {"distance": 1.534795962867496, "on_path": 0, "source": 16, "target": 39}, {"distance": 0.8322725045393181, "on_path": 0, "source": 16, "target": 33}, {"distance": 1.1799108339397533, "on_path": 0, "source": 16, "target": 20}, {"distance": 0.43629384876007143, "on_path": 0, "source": 17, "target": 37}, {"distance": 1.934366883906998, "on_path": 0, "source": 18, "target": 34}, {"distance": 2.1490903218540374, "on_path": 0, "source": 18, "target": 36}, {"distance": 0.6507353714607323, "on_path": 0, "source": 18, "target": 39}, {"distance": 0.6006925290394142, "on_path": 0, "source": 19, "target": 24}, {"distance": 1.1773967148145894, "on_path": 0, "source": 19, "target": 34}, {"distance": 1.4196353176066527, "on_path": 0, "source": 19, "target": 36}, {"distance": 1.9407603645362832, "on_path": 0, "source": 20, "target": 30}, {"distance": 0.19285668299656436, "on_path": 0, "source": 20, "target": 23}, {"distance": 0.7165988226661796, "on_path": 0, "source": 21, "target": 35}, {"distance": 1.1060728050790913, "on_path": 0, "source": 21, "target": 36}, {"distance": 1.3287458208882046, "on_path": 0, "source": 21, "target": 31}, {"distance": 1.212449444195628, "on_path": 0, "source": 22, "target": 39}, {"distance": 1.5304802621939646, "on_path": 0, "source": 23, "target": 34}, {"distance": 0.6403072963421969, "on_path": 0, "source": 23, "target": 38}, {"distance": 0.83635155745968, "on_path": 0, "source": 24, "target": 27}, {"distance": 0.1140487243886454, "on_path": 0, "source": 24, "target": 28}, {"distance": 1.063357633323308, "on_path": 0, "source": 24, "target": 38}, {"distance": 1.2414489771077966, "on_path": 0, "source": 25, "target": 39}, {"distance": 0.681052272919671, "on_path": 0, "source": 25, "target": 29}, {"distance": 1.5030844177454579, "on_path": 0, "source": 26, "target": 32}, {"distance": 0.776583706576466, "on_path": 0, "source": 27, "target": 28}, {"distance": 0.9266329932358824, "on_path": 0, "source": 28, "target": 37}, {"distance": 1.0839885456792187, "on_path": 0, "source": 28, "target": 32}, {"distance": 0.2717560699653514, "on_path": 0, "source": 29, "target": 36}]}