{"directed": false, "multigraph": false, "graph": {}, "nodes": [{"node_features": [0.0, 0.0], "id": 0}, {"node_features": [0.0, 0.0], "id": 1}, {"node_features": [0.0, 0.0], "id": 2}, {"node_features": [0.0, 0.0], "id": 3}, {"node_features": [0.0, 0.0], "id": 4}, {"node_features": [0.0, 0.0], "id": 5}, {"node_features": [0.0, 0.0], "id": 6}, {"node_features": [0.0, 0.0], "id": 7}, {"node_features": [0.0, 0.0], "id": 8}, {"node_features": [0.0, 0.0], "id": 9}, {"node_features": [0.0, 0.0], "id": 10}, {"node_features": [0.0, 0.0], "id": 11}, {"node_features": [0.0, 0.0], "id": 12}, {"node_features": [0.0, 0.0], "id": 13}, {"node_features": [0.0, 0.0], "id": 14}, {"node_features": [0.0, 0.0], "id": 15}, {"node_features": [0.0, 0.0], "id": 16}, {"node_features": [0.0, 0.0], "id": 17}, {"node_features": [0.0, 0.0], "id": 18}, {"node_features": [0.0, 0.0], "id": 19}, {"node_features": [0.0, 0.0], "id": 20}, {"node_features": [0.0, 0.0], "id": 21}, {"node_features": [0.0, 1.0], "id": 22}, {"node_features": [0.0, 0.0], "id": 23}, {"node_features": [0.0, 0.0], "id": 24}, {"node_features": [1.0, 0.0], "id": 25}, {"node_features": [0.0, 0.0], "id": 26}, {"node_features": [0.0, 0.0], "id": 27}, {"node_features": [0.0, 0.0], "id": 28}, {"node_features": [0.0, 0.0], "id": 29}, {"node_features": [0.0, 0.0], "id": 30}, {"node_features": [0.0, 0.0], "id": 31}, {"node_features": [0.0, 0.0], "id": 32}, {"node_features": [0.0, 0.0], "id": 33}, {"node_features": [0.0, 0.0], "id": 34}, {"node_features": [0.0, 0.0], "id": 35}], "links": [{"distance": 1.5943904778284397, "on_path": 0, "source": 0, "target": 20}, {"distance": 1.1700224627957345, "on_path": 0, "source": 0, "target": 8}, {"distance": 0.3296341696330479, "on_path": 0, "source": 0, "target": 4}, {"distance": 0.5854838362108284, "on_path": 0, "source": 0, "target": 6}, {"distance": 0.6468920141437798, "on_path": 0, "source": 0, "target": 33}, {"distance": 1.3309571850337891, "on_path": 0, "source": 1, "target": 12}, {"distance": 0.6148650244325065, "on_path": 1, "source": 1, "target": 34}, {"distance": 0.5059017365156253, "on_path": 1, "source": 1, "target": 33}, {"distance": 0.5903235370867502, "on_path": 0, "source": 1, "target": 17}, {"distance": 0.68723462660383, "on_path": 0, "source": 2, "target": 18}, {"distance": 1.0780922417229712, "on_path": 0, "source": 2, "target": 27}, {"distance": 0.46838568149904203, "on_path": 0, "source": 3, "target": 30}, {"distance": 1.7402470544566853, "on_path": 0, "source": 3, "target": 13}, {"distance": 0.7091876337440866, "on_path": 0, "source": 3, "target": 20}, {"distance": 1.2942157307777706, "on_path": 0, "source": 3, "target": 35}, {"distance": 1.6410928416695107, "on_path": 0, "source": 4, "target": 32}, {"distance": 0.3676920143879475, "on_path": 0, "source": 4, "target": 10}, {"distance": 1.6638475551662946, "on_path": 0, "source": 4, "target": 19}, {"distance": 0.9679509499096121, "on_path": 0, "source": 4, "target": 8}, {"distance": 1.7544762879358282, "on_path": 0, "source": 4, "target": 22}, {"distance": 1.6243411257941582, "on_path": 0, "source": 4, "target": 26}, {"distance": 1.8669133512672367, "on_path": 0, "source": 5, "target": 17}, {"distance": 1.2787248864364764, "on_path": 0, "source": 5, "target": 20}, {"distance": 2.00334937184402, "on_path": 0, "source": 5, "target": 24}, {"distance": 1.6748844430117953, "on_path": 0, "source": 5, "target": 9}, {"distance": 0.6829346601465687, "on_path": 0, "source": 6, "target": 29}, {"distance": 1.2993414096122329, "on_path": 0, "source": 6, "target": 26}, {"distance": 0.2969052956436015, "on_path": 0, "source": 6, "target": 14}, {"distance": 1.7983596666148092, "on_path": 0, "source": 7, "target": 27}, {"distance": 0.5075491579996935, "on_path": 0, "source": 7, "target": 29}, {"distance": 1.2932659829046975, "on_path": 0, "source": 7, "target": 8}, {"distance": 0.48382331004717577, "on_path": 0, "source": 9, "target": 18}, {"distance": 1.4301997370580055, "on_path": 0, "source": 9, "target": 19}, {"distance": 1.2847778934934566, "on_path": 0, "source": 9, "target": 27}, {"distance": 0.44382340222551064, "on_path": 0, "source": 9, "target": 10}, {"distance": 0.421252403205766, "on_path": 1, "source": 10, "target": 11}, {"distance": 0.8103613644830461, "on_path": 0, "source": 10, "target": 18}, {"distance": 1.9053591931739766, "on_path": 0, "source": 10, "target": 32}, {"distance": 0.6960613806093148, "on_path": 1, "source": 10, "target": 33}, {"distance": 1.4035020666896674, "on_path": 0, "source": 11, "target": 15}, {"distance": 1.5474221901881053, "on_path": 1, "source": 11, "target": 22}, {"distance": 1.725657834820966, "on_path": 0, "source": 12, "target": 23}, {"distance": 0.9801275115229847, "on_path": 0, "source": 12, "target": 13}, {"distance": 1.092952586677482, "on_path": 0, "source": 13, "target": 14}, {"distance": 1.8353414685500566, "on_path": 0, "source": 13, "target": 26}, {"distance": 2.1597238528494804, "on_path": 0, "source": 13, "target": 15}, {"distance": 0.6687615643193183, "on_path": 0, "source": 14, "target": 30}, {"distance": 0.17701828573463796, "on_path": 0, "source": 15, "target": 23}, {"distance": 0.24217552525365618, "on_path": 0, "source": 16, "target": 31}, {"distance": 1.3270007113476783, "on_path": 0, "source": 16, "target": 21}, {"distance": 1.1363580281270511, "on_path": 0, "source": 17, "target": 28}, {"distance": 1.5985291842269798, "on_path": 0, "source": 17, "target": 19}, {"distance": 1.1361241418907086, "on_path": 0, "source": 18, "target": 26}, {"distance": 0.6315839098325373, "on_path": 0, "source": 18, "target": 29}, {"distance": 0.625150885817798, "on_path": 0, "source": 19, "target": 35}, {"distance": 1.7473105924064345, "on_path": 0, "source": 19, "target": 24}, {"distance": 1.4510190630141167, "on_path": 0, "source": 20, "target": 25}, {"distance": 1.7250696983991387, "on_path": 0, "source": 20, "target": 28}, {"distance": 1.4044842203846306, "on_path": 0, "source": 20, "target": 29}, {"distance": 0.6591877881925314, "on_path": 0, "source": 20, "target": 31}, {"distance": 1.132424484717331, "on_path": 0, "source": 20, "target": 34}, {"distance": 1.5972750923800854, "on_path": 0, "source": 21, "target": 27}, {"distance": 0.48131083187254337, "on_path": 0, "source": 21, "target": 25}, {"distance": 0.5666005113198621, "on_path": 0, "source": 22, "target": 26}, {"distance": 0.4869054888655549, "on_path": 0, "source": 23, "target": 31}, {"distance": 1.2161392477157156, "on_path": 0, "source": 23, "target": 28}, {"distance": 1.0644970729242451, "on_path": 0, "source": 24, "target": 31}, {"distance": 0.3449121808805262, "on_path": 1, "source": 25, "target": 34}, {"distance": 1.1163665137117003, "on_path": 0, "source": 25, "target": 27}, {"distance": 1.169475238472612, "on_path": 0, "source": 25, "target": 32}, {"distance": 1.2684070940816123, "on_path": 0, "source": 27, "target": 33}, {"distance": 0.8128422705148471, "on_path": 0, "source": 27, "target": 30}]}