{"directed": false, "multigraph": false, "graph": {}, "nodes": [{"node_features": [0.0, 0.0], "id": 0}, {"node_features": [0.0, 0.0], "id": 1}, {"node_features": [0.0, 0.0], "id": 2}, {"node_features": [0.0, 0.0], "id": 3}, {"node_features": [0.0, 0.0], "id": 4}, {"node_features": [0.0, 0.0], "id": 5}, {"node_features": [0.0, 0.0], "id": 6}, {"node_features": [0.0, 0.0], "id": 7}, {"node_features": [0.0, 0.0], "id": 8}, {"node_features": [0.0, 0.0], "id": 9}, {"node_features": [0.0, 0.0], "id": 10}, {"node_features": [0.0, 0.0], "id": 11}, {"node_features": [0.0, 0.0], "id": 12}, {"node_features": [0.0, 0.0], "id": 13}, {"node_features": [0.0, 0.0], "id": 14}, {"node_features": [0.0, 0.0], "id": 15}, {"node_features": [0.0, 0.0], "id": 16}, {"node_features": [0.0, 0.0], "id": 17}, {"node_features": [0.0, 0.0], "id": 18}, {"node_features": [0.0, 0.0], "id": 19}, {"node_features": [0.0, 0.0], "id": 20}, {"node_features": [0.0, 0.0], "id": 21}, {"node_features": [0.0, 0.0], "id": 22}, {"node_features": [1.0, 0.0], "id": 23}, {"node_features": [0.0, 0.0], "id": 24}, {"node_features": [0.0, 0.0], "id": 25}, {"node_features": [0.0, 0.0], "id": 26}, {"node_features": [0.0, 0.0], "id": 27}, {"node_features": [0.0, 0.0], "id": 28}, {"node_features": [0.0, 0.0], "id": 29}, {"node_features": [0.0, 0.0], "id": 30}, {"node_features": [0.0, 0.0], "id": 31}, {"node_features": [0.0, 0.0], "id": 32}, {"node_features": [0.0, 0.0], "id": 33}, {"node_features": [0.0, 0.0], "id": 34}, {"node_features": [0.0, 0.0], "id": 35}, {"node_features": [0.0, 0.0], "id": 36}, {"node_features": [0.0, 0.0], "id": 37}, {"node_features": [0.0, 0.0], "id": 38}, {"node_features": [0.0, 0.0], "id": 39}, {"node_features": [0.0, 0.0], "id": 40}, {"node_features": [0.0, 0.0], "id": 41}, {"node_features": [0.0, 1.0], "id": 42}, {"node_features": [0.0, 0.0], "id": 43}, {"node_features": [0.0, 0.0], "id": 44}, {"node_features": [0.0, 0.0], "id": 45}, {"node_features": [0.0, 0.0], "id": 46}, {"node_features": [0.0, 0.0], "id": 47}, {"node_features": [0.0, 0.0], "id": 48}], "links": [{"distance": 0.9884706810013834, "on_path": 0, "source": 0, "target": 43}, {"distance": 1.5419253259662298, "on_path": 0, "source": 0, "target": 44}, {"distance": 1.1814800987317327, "on_path": 0, "source": 0, "target": 33}, {"distance": 0.4112614479247955, "on_path": 1, "source": 0, "target": 7}, {"distance": 0.7885072575140526, "on_path": 0, "source": 0, "target": 12}, {"distance": 0.5583503407162559, "on_path": 1, "source": 0, "target": 19}, {"distance": 0.30339026174840866, "on_path": 0, "source": 1, "target": 6}, {"distance": 0.36098228574541574, "on_path": 0, "source": 1, "target": 26}, {"distance": 0.3181867409559984, "on_path": 0, "source": 1, "target": 30}, {"distance": 0.8945681850846237, "on_path": 0, "source": 1, "target": 38}, {"distance": 0.9191283104251384, "on_path": 0, "source": 1, "target": 39}, {"distance": 0.9383305579648331, "on_path": 0, "source": 1, "target": 2}, {"distance": 0.12984830319281332, "on_path": 0, "source": 2, "target": 12}, {"distance": 1.2190120295123068, "on_path": 0, "source": 2, "target": 5}, {"distance": 0.7871696874798906, "on_path": 0, "source": 2, "target": 8}, {"distance": 1.2543431892266594, "on_path": 0, "source": 3, "target": 34}, {"distance": 0.8730940958878773, "on_path": 0, "source": 3, "target": 32}, {"distance": 1.167169004851821, "on_path": 0, "source": 3, "target": 24}, {"distance": 0.7937694736020425, "on_path": 0, "source": 3, "target": 13}, {"distance": 1.2233819520455815, "on_path": 0, "source": 3, "target": 17}, {"distance": 1.7107286299034843, "on_path": 0, "source": 4, "target": 48}, {"distance": 0.8806503561546926, "on_path": 0, "source": 4, "target": 14}, {"distance": 0.9963487197012058, "on_path": 0, "source": 4, "target": 39}, {"distance": 0.4591819560458639, "on_path": 0, "source": 4, "target": 34}, {"distance": 1.1721927189720023, "on_path": 0, "source": 5, "target": 24}, {"distance": 1.2377767583763601, "on_path": 0, "source": 5, "target": 38}, {"distance": 0.6452791408148785, "on_path": 0, "source": 5, "target": 41}, {"distance": 0.9146639936114663, "on_path": 0, "source": 6, "target": 39}, {"distance": 1.2248560633567886, "on_path": 0, "source": 6, "target": 24}, {"distance": 1.4863673771088997, "on_path": 0, "source": 7, "target": 32}, {"distance": 0.7621025920484994, "on_path": 0, "source": 7, "target": 29}, {"distance": 0.6688654739788082, "on_path": 1, "source": 7, "target": 47}, {"distance": 1.3289330500987009, "on_path": 0, "source": 8, "target": 25}, {"distance": 1.9304582124332874, "on_path": 0, "source": 8, "target": 28}, {"distance": 0.5864063577911923, "on_path": 0, "source": 9, "target": 39}, {"distance": 0.30185719586699217, "on_path": 0, "source": 9, "target": 27}, {"distance": 0.13621035427521797, "on_path": 0, "source": 9, "target": 33}, {"distance": 0.7164287823626984, "on_path": 0, "source": 9, "target": 26}, {"distance": 1.7050054659211615, "on_path": 0, "source": 9, "target": 10}, {"distance": 0.907932703345874, "on_path": 0, "source": 10, "target": 44}, {"distance": 1.3010803176777608, "on_path": 0, "source": 10, "target": 28}, {"distance": 1.326513054393446, "on_path": 0, "source": 11, "target": 23}, {"distance": 0.6285263857525677, "on_path": 0, "source": 11, "target": 43}, {"distance": 1.3671277578428926, "on_path": 0, "source": 11, "target": 15}, {"distance": 1.5542227128950519, "on_path": 0, "source": 11, "target": 16}, {"distance": 0.3512463499124339, "on_path": 0, "source": 11, "target": 45}, {"distance": 1.36359069575275, "on_path": 0, "source": 12, "target": 30}, {"distance": 0.8005278430422456, "on_path": 0, "source": 12, "target": 46}, {"distance": 1.1567740358089527, "on_path": 0, "source": 12, "target": 24}, {"distance": 0.7203743046990793, "on_path": 0, "source": 13, "target": 17}, {"distance": 0.7469786583182653, "on_path": 0, "source": 13, "target": 31}, {"distance": 1.0249291975220367, "on_path": 0, "source": 13, "target": 41}, {"distance": 0.6410987307185897, "on_path": 0, "source": 14, "target": 15}, {"distance": 1.0730207822985829, "on_path": 0, "source": 14, "target": 18}, {"distance": 0.5249086138928443, "on_path": 0, "source": 14, "target": 20}, {"distance": 2.40071171962975, "on_path": 0, "source": 15, "target": 29}, {"distance": 1.3118849485308113, "on_path": 0, "source": 15, "target": 23}, {"distance": 2.344143011827235, "on_path": 0, "source": 15, "target": 40}, {"distance": 0.8212504774579413, "on_path": 0, "source": 16, "target": 25}, {"distance": 1.1131321023613931, "on_path": 0, "source": 16, "target": 19}, {"distance": 1.0211382930234048, "on_path": 0, "source": 17, "target": 37}, {"distance": 0.48505391257054964, "on_path": 0, "source": 18, "target": 47}, {"distance": 1.067375396634502, "on_path": 0, "source": 18, "target": 22}, {"distance": 1.1076945532003009, "on_path": 0, "source": 18, "target": 21}, {"distance": 1.4426008700455637, "on_path": 0, "source": 18, "target": 39}, {"distance": 0.8131965059081439, "on_path": 1, "source": 19, "target": 42}, {"distance": 1.5941135492490277, "on_path": 0, "source": 20, "target": 24}, {"distance": 1.6938789325415033, "on_path": 0, "source": 20, "target": 29}, {"distance": 0.404030028844256, "on_path": 0, "source": 20, "target": 46}, {"distance": 1.2152817778098315, "on_path": 0, "source": 21, "target": 27}, {"distance": 0.6613849366790745, "on_path": 0, "source": 21, "target": 26}, {"distance": 1.8863292632657613, "on_path": 0, "source": 21, "target": 48}, {"distance": 0.9003170974093706, "on_path": 0, "source": 22, "target": 43}, {"distance": 0.7211867321087191, "on_path": 0, "source": 23, "target": 31}, {"distance": 1.0309235225824775, "on_path": 0, "source": 23, "target": 45}, {"distance": 0.9453003164724153, "on_path": 1, "source": 23, "target": 38}, {"distance": 1.5132277997108408, "on_path": 0, "source": 24, "target": 37}, {"distance": 1.562315785110059, "on_path": 0, "source": 24, "target": 44}, {"distance": 1.2417802115516623, "on_path": 0, "source": 25, "target": 40}, {"distance": 0.692469055575378, "on_path": 0, "source": 25, "target": 33}, {"distance": 0.6504671968006378, "on_path": 0, "source": 26, "target": 30}, {"distance": 1.4955710757141931, "on_path": 0, "source": 27, "target": 48}, {"distance": 0.6825661374234288, "on_path": 0, "source": 27, "target": 42}, {"distance": 0.9255754361921299, "on_path": 0, "source": 28, "target": 42}, {"distance": 1.629652367259886, "on_path": 0, "source": 30, "target": 40}, {"distance": 0.9352625039277728, "on_path": 0, "source": 31, "target": 37}, {"distance": 1.477368388388676, "on_path": 0, "source": 31, "target": 32}, {"distance": 1.4621366218130174, "on_path": 0, "source": 33, "target": 48}, {"distance": 0.48166721092452086, "on_path": 0, "source": 33, "target": 34}, {"distance": 1.568907754460471, "on_path": 0, "source": 34, "target": 40}, {"distance": 1.5072241774068929, "on_path": 0, "source": 34, "target": 43}, {"distance": 0.31320978033937136, "on_path": 0, "source": 35, "target": 43}, {"distance": 1.3237151782605627, "on_path": 0, "source": 35, "target": 40}, {"distance": 2.074370789113849, "on_path": 0, "source": 36, "target": 40}, {"distance": 0.95110773830137, "on_path": 0, "source": 36, "target": 43}, {"distance": 0.6312768027432515, "on_path": 0, "source": 36, "target": 37}, {"distance": 0.2807649809910045, "on_path": 1, "source": 38, "target": 47}, {"distance": 1.2329436105617257, "on_path": 0, "source": 40, "target": 43}]}