{"directed": false, "multigraph": false, "graph": {}, "nodes": [{"node_features": [0.0, 0.0], "id": 0}, {"node_features": [0.0, 1.0], "id": 1}, {"node_features": [0.0, 0.0], "id": 2}, {"node_features": [0.0, 0.0], "id": 3}, {"node_features": [0.0, 0.0], "id": 4}, {"node_features": [0.0, 0.0], "id": 5}, {"node_features": [0.0, 0.0], "id": 6}, {"node_features": [0.0, 0.0], "id": 7}, {"node_features": [0.0, 0.0], "id": 8}, {"node_features": [0.0, 0.0], "id": 9}, {"node_features": [0.0, 0.0], "id": 10}, {"node_features": [0.0, 0.0], "id": 11}, {"node_features": [0.0, 0.0], "id": 12}, {"node_features": [1.0, 0.0], "id": 13}, {"node_features": [0.0, 0.0], "id": 14}, {"node_features": [0.0, 0.0], "id": 15}, {"node_features": [0.0, 0.0], "id": 16}, {"node_features": [0.0, 0.0], "id": 17}, {"node_features": [0.0, 0.0], "id": 18}, {"node_features": [0.0, 0.0], "id": 19}, {"node_features": [0.0, 0.0], "id": 20}, {"node_features": [0.0, 0.0], "id": 21}, {"node_features": [0.0, 0.0], "id": 22}, {"node_features": [0.0, 0.0], "id": 23}, {"node_features": [0.0, 0.0], "id": 24}, {"node_features": [0.0, 0.0], "id": 25}], "links": [{"distance": 1.2283556633285442, "on_path": 0, "source": 0, "target": 7}, {"distance": 1.796081060488101, "on_path": 0, "source": 0, "target": 4}, {"distance": 1.7962435367028018, "on_path": 0, "source": 0, "target": 1}, {"distance": 2.0658287999026697, "on_path": 0, "source": 0, "target": 17}, {"distance": 0.42360221122124503, "on_path": 0, "source": 0, "target": 21}, {"distance": 0.9669762944872887, "on_path": 0, "source": 1, "target": 17}, {"distance": 1.8007057158099415, "on_path": 0, "source": 1, "target": 19}, {"distance": 1.6040489480168185, "on_path": 1, "source": 1, "target": 6}, {"distance": 0.6570745097094538, "on_path": 0, "source": 2, "target": 22}, {"distance": 0.957945671282215, "on_path": 0, "source": 2, "target": 19}, {"distance": 1.4077404191280058, "on_path": 0, "source": 3, "target": 16}, {"distance": 1.0822865332979283, "on_path": 0, "source": 3, "target": 6}, {"distance": 0.7871202787287589, "on_path": 0, "source": 3, "target": 22}, {"distance": 0.917477117458957, "on_path": 0, "source": 3, "target": 11}, {"distance": 1.8020309623326511, "on_path": 0, "source": 4, "target": 19}, {"distance": 0.0833574002608809, "on_path": 0, "source": 4, "target": 20}, {"distance": 1.1978420055838144, "on_path": 0, "source": 4, "target": 16}, {"distance": 0.8226866004000913, "on_path": 0, "source": 5, "target": 22}, {"distance": 1.7009547336973283, "on_path": 0, "source": 5, "target": 13}, {"distance": 0.18496261469778283, "on_path": 1, "source": 6, "target": 11}, {"distance": 0.4400080120830966, "on_path": 0, "source": 6, "target": 24}, {"distance": 0.9180004938348668, "on_path": 0, "source": 7, "target": 12}, {"distance": 1.454994707468062, "on_path": 0, "source": 7, "target": 16}, {"distance": 1.2573357648129402, "on_path": 0, "source": 7, "target": 17}, {"distance": 0.6286271108844204, "on_path": 0, "source": 8, "target": 12}, {"distance": 0.2153823235602921, "on_path": 0, "source": 8, "target": 23}, {"distance": 1.601510102354243, "on_path": 0, "source": 9, "target": 13}, {"distance": 1.996371848292, "on_path": 0, "source": 9, "target": 17}, {"distance": 0.301483296368038, "on_path": 0, "source": 9, "target": 19}, {"distance": 1.061236079655394, "on_path": 0, "source": 9, "target": 25}, {"distance": 0.8971211828360802, "on_path": 0, "source": 10, "target": 21}, {"distance": 1.7623225787386603, "on_path": 0, "source": 10, "target": 17}, {"distance": 0.3084824818621339, "on_path": 1, "source": 11, "target": 12}, {"distance": 0.6934884559385824, "on_path": 0, "source": 11, "target": 21}, {"distance": 0.9825335484696625, "on_path": 0, "source": 11, "target": 18}, {"distance": 0.6023789047431859, "on_path": 0, "source": 11, "target": 23}, {"distance": 0.7423628813548365, "on_path": 0, "source": 12, "target": 25}, {"distance": 1.1869568521391314, "on_path": 1, "source": 12, "target": 13}, {"distance": 0.5565911482586376, "on_path": 0, "source": 13, "target": 25}, {"distance": 1.3832739777595053, "on_path": 0, "source": 13, "target": 16}, {"distance": 1.6898633030574508, "on_path": 0, "source": 13, "target": 19}, {"distance": 0.8832980145396059, "on_path": 0, "source": 13, "target": 22}, {"distance": 1.2586163604507385, "on_path": 0, "source": 14, "target": 17}, {"distance": 0.878710227734801, "on_path": 0, "source": 14, "target": 19}, {"distance": 1.3767964547725733, "on_path": 0, "source": 14, "target": 24}, {"distance": 1.0614167036007487, "on_path": 0, "source": 15, "target": 21}, {"distance": 1.0624918933524998, "on_path": 0, "source": 15, "target": 25}, {"distance": 1.373232519694507, "on_path": 0, "source": 15, "target": 20}, {"distance": 1.9154856125836748, "on_path": 0, "source": 16, "target": 23}, {"distance": 1.3263809753315503, "on_path": 0, "source": 18, "target": 24}, {"distance": 0.06855753158575643, "on_path": 0, "source": 18, "target": 22}, {"distance": 1.9430908718123854, "on_path": 0, "source": 20, "target": 24}]}