{"directed": false, "multigraph": false, "graph": {}, "nodes": [{"node_features": [0.0, 0.0], "id": 0}, {"node_features": [0.0, 0.0], "id": 1}, {"node_features": [0.0, 0.0], "id": 2}, {"node_features": [0.0, 0.0], "id": 3}, {"node_features": [0.0, 0.0], "id": 4}, {"node_features": [0.0, 0.0], "id": 5}, {"node_features": [0.0, 0.0], "id": 6}, {"node_features": [0.0, 0.0], "id": 7}, {"node_features": [0.0, 0.0], "id": 8}, {"node_features": [0.0, 0.0], "id": 9}, {"node_features": [0.0, 0.0], "id": 10}, {"node_features": [0.0, 0.0], "id": 11}, {"node_features": [0.0, 0.0], "id": 12}, {"node_features": [0.0, 0.0], "id": 13}, {"node_features": [0.0, 0.0], "id": 14}, {"node_features": [0.0, 0.0], "id": 15}, {"node_features": [0.0, 0.0], "id": 16}, {"node_features": [0.0, 0.0], "id": 17}, {"node_features": [0.0, 0.0], "id": 18}, {"node_features": [1.0, 0.0], "id": 19}, {"node_features": [0.0, 0.0], "id": 20}, {"node_features": [0.0, 0.0], "id": 21}, {"node_features": [0.0, 0.0], "id": 22}, {"node_features": [0.0, 0.0], "id": 23}, {"node_features": [0.0, 0.0], "id": 24}, {"node_features": [0.0, 1.0], "id": 25}, {"node_features": [0.0, 0.0], "id": 26}, {"node_features": [0.0, 0.0], "id": 27}, {"node_features": [0.0, 0.0], "id": 28}, {"node_features": [0.0, 0.0], "id": 29}, {"node_features": [0.0, 0.0], "id": 30}, {"node_features": [0.0, 0.0], "id": 31}, {"node_features": [0.0, 0.0], "id": 32}, {"node_features": [0.0, 0.0], "id": 33}, {"node_features": [0.0, 0.0], "id": 34}, {"node_features": [0.0, 0.0], "id": 35}, {"node_features": [0.0, 0.0], "id": 36}, {"node_features": [0.0, 0.0], "id": 37}, {"node_features": [0.0, 0.0], "id": 38}], "links": [{"distance": 0.424729365795978, "on_path": 0, "source": 0, "target": 32}, {"distance": 1.705149465267887, "on_path": 0, "source": 0, "target": 8}, {"distance": 0.8085067966004031, "on_path": 0, "source": 0, "target": 19}, {"distance": 0.9869231436851574, "on_path": 0, "source": 0, "target": 30}, {"distance": 0.5730725355485908, "on_path": 0, "source": 1, "target": 4}, {"distance": 1.4869440205808364, "on_path": 0, "source": 1, "target": 12}, {"distance": 1.3101236983361677, "on_path": 0, "source": 1, "target": 32}, {"distance": 1.5254226137983147, "on_path": 0, "source": 2, "target": 17}, {"distance": 1.0201428996816588, "on_path": 0, "source": 2, "target": 38}, {"distance": 1.0668588570692374, "on_path": 0, "source": 2, "target": 24}, {"distance": 1.1188147917130986, "on_path": 0, "source": 3, "target": 37}, {"distance": 0.7650935494789612, "on_path": 0, "source": 3, "target": 10}, {"distance": 1.4580695918065538, "on_path": 0, "source": 3, "target": 12}, {"distance": 1.3245417816952647, "on_path": 0, "source": 3, "target": 27}, {"distance": 1.097446195960722, "on_path": 0, "source": 3, "target": 32}, {"distance": 0.3304792475234624, "on_path": 0, "source": 3, "target": 33}, {"distance": 0.7838013748230535, "on_path": 0, "source": 3, "target": 24}, {"distance": 0.5431326477075061, "on_path": 0, "source": 4, "target": 34}, {"distance": 1.9433744629661174, "on_path": 0, "source": 4, "target": 31}, {"distance": 2.159604190473007, "on_path": 0, "source": 4, "target": 25}, {"distance": 0.7060941555680771, "on_path": 0, "source": 5, "target": 12}, {"distance": 1.648438529969904, "on_path": 0, "source": 5, "target": 20}, {"distance": 0.4981036641335504, "on_path": 0, "source": 5, "target": 24}, {"distance": 0.9911741072301382, "on_path": 0, "source": 5, "target": 35}, {"distance": 1.7890608148735563, "on_path": 0, "source": 5, "target": 36}, {"distance": 1.442689900737281, "on_path": 0, "source": 6, "target": 25}, {"distance": 2.130968475911864, "on_path": 0, "source": 6, "target": 23}, {"distance": 1.1902135646353973, "on_path": 0, "source": 6, "target": 7}, {"distance": 1.3418879739042897, "on_path": 0, "source": 6, "target": 18}, {"distance": 0.7822018391977222, "on_path": 0, "source": 7, "target": 28}, {"distance": 0.3653876138738961, "on_path": 0, "source": 7, "target": 13}, {"distance": 0.7472850738526293, "on_path": 0, "source": 7, "target": 26}, {"distance": 1.0528353878986227, "on_path": 0, "source": 7, "target": 37}, {"distance": 0.3137450291454977, "on_path": 1, "source": 7, "target": 21}, {"distance": 0.929150155372986, "on_path": 1, "source": 7, "target": 31}, {"distance": 2.3818445195103357, "on_path": 0, "source": 8, "target": 25}, {"distance": 1.8502396945790622, "on_path": 0, "source": 8, "target": 12}, {"distance": 1.9509619325998666, "on_path": 0, "source": 9, "target": 12}, {"distance": 0.9768034142937873, "on_path": 0, "source": 9, "target": 18}, {"distance": 0.9913683396644657, "on_path": 0, "source": 9, "target": 35}, {"distance": 1.33735075786984, "on_path": 0, "source": 10, "target": 34}, {"distance": 0.849689202304636, "on_path": 0, "source": 10, "target": 22}, {"distance": 1.3952341518146858, "on_path": 0, "source": 11, "target": 16}, {"distance": 1.365081073526015, "on_path": 0, "source": 11, "target": 24}, {"distance": 1.1647793512759566, "on_path": 0, "source": 12, "target": 38}, {"distance": 1.5094792102629315, "on_path": 0, "source": 13, "target": 35}, {"distance": 0.8557400466338136, "on_path": 0, "source": 14, "target": 38}, {"distance": 0.5297051926052893, "on_path": 0, "source": 14, "target": 29}, {"distance": 0.9129830524465256, "on_path": 0, "source": 14, "target": 25}, {"distance": 1.6847698807750338, "on_path": 0, "source": 14, "target": 26}, {"distance": 0.7703531106020671, "on_path": 0, "source": 15, "target": 38}, {"distance": 0.3526854168179386, "on_path": 0, "source": 15, "target": 29}, {"distance": 1.0487371691996874, "on_path": 0, "source": 15, "target": 22}, {"distance": 0.9983466446647017, "on_path": 0, "source": 16, "target": 35}, {"distance": 1.6057412654698777, "on_path": 0, "source": 16, "target": 17}, {"distance": 1.4476371209868253, "on_path": 1, "source": 16, "target": 25}, {"distance": 0.9615235726349427, "on_path": 0, "source": 16, "target": 37}, {"distance": 0.15336901760168956, "on_path": 1, "source": 16, "target": 21}, {"distance": 0.6026148132281868, "on_path": 0, "source": 16, "target": 23}, {"distance": 0.48485394379574276, "on_path": 0, "source": 16, "target": 33}, {"distance": 1.3761861867176741, "on_path": 0, "source": 17, "target": 18}, {"distance": 0.39905924873887416, "on_path": 0, "source": 18, "target": 33}, {"distance": 1.821401640280051, "on_path": 0, "source": 18, "target": 37}, {"distance": 0.9654004922019483, "on_path": 1, "source": 19, "target": 32}, {"distance": 0.1617074978595407, "on_path": 0, "source": 20, "target": 36}, {"distance": 0.9613602576755865, "on_path": 0, "source": 21, "target": 35}, {"distance": 1.0131114130089662, "on_path": 0, "source": 22, "target": 35}, {"distance": 1.539860051887133, "on_path": 0, "source": 25, "target": 27}, {"distance": 1.193328989755726, "on_path": 0, "source": 27, "target": 29}, {"distance": 0.5666942197929117, "on_path": 0, "source": 28, "target": 33}, {"distance": 1.5196587210161132, "on_path": 0, "source": 28, "target": 29}, {"distance": 1.683180161427725, "on_path": 0, "source": 29, "target": 33}, {"distance": 0.8965830894150287, "on_path": 0, "source": 30, "target": 35}, {"distance": 0.09655775676257701, "on_path": 0, "source": 30, "target": 34}, {"distance": 0.12370789773199586, "on_path": 1, "source": 31, "target": 36}, {"distance": 2.127369143292496, "on_path": 0, "source": 31, "target": 35}, {"distance": 0.22096474370638017, "on_path": 1, "source": 32, "target": 36}, {"distance": 0.8037942674713064, "on_path": 0, "source": 34, "target": 35}]}