{"directed": false, "multigraph": false, "graph": {}, "nodes": [{"node_features": [0.0, 0.0], "id": 0}, {"node_features": [0.0, 0.0], "id": 1}, {"node_features": [0.0, 0.0], "id": 2}, {"node_features": [1.0, 0.0], "id": 3}, {"node_features": [0.0, 0.0], "id": 4}, {"node_features": [0.0, 0.0], "id": 5}, {"node_features": [0.0, 0.0], "id": 6}, {"node_features": [0.0, 0.0], "id": 7}, {"node_features": [0.0, 0.0], "id": 8}, {"node_features": [0.0, 0.0], "id": 9}, {"node_features": [0.0, 0.0], "id": 10}, {"node_features": [0.0, 0.0], "id": 11}, {"node_features": [0.0, 0.0], "id": 12}, {"node_features": [0.0, 0.0], "id": 13}, {"node_features": [0.0, 0.0], "id": 14}, {"node_features": [0.0, 0.0], "id": 15}, {"node_features": [0.0, 0.0], "id": 16}, {"node_features": [0.0, 0.0], "id": 17}, {"node_features": [0.0, 0.0], "id": 18}, {"node_features": [0.0, 0.0], "id": 19}, {"node_features": [0.0, 0.0], "id": 20}, {"node_features": [0.0, 0.0], "id": 21}, {"node_features": [0.0, 0.0], "id": 22}, {"node_features": [0.0, 0.0], "id": 23}, {"node_features": [0.0, 0.0], "id": 24}, {"node_features": [0.0, 0.0], "id": 25}, {"node_features": [0.0, 0.0], "id": 26}, {"node_features": [0.0, 0.0], "id": 27}, {"node_features": [0.0, 1.0], "id": 28}], "links": [{"distance": 0.7320888345764361, "on_path": 0, "source": 0, "target": 10}, {"distance": 0.8163543587923021, "on_path": 0, "source": 0, "target": 22}, {"distance": 1.2750048902304074, "on_path": 0, "source": 1, "target": 23}, {"distance": 1.1888130504178973, "on_path": 0, "source": 1, "target": 7}, {"distance": 0.7707223258813998, "on_path": 0, "source": 1, "target": 16}, {"distance": 2.0333356552048647, "on_path": 0, "source": 1, "target": 22}, {"distance": 0.3173774155338311, "on_path": 0, "source": 2, "target": 19}, {"distance": 1.5948945694516834, "on_path": 0, "source": 2, "target": 13}, {"distance": 1.6857911268066177, "on_path": 0, "source": 2, "target": 9}, {"distance": 0.6319164780096762, "on_path": 0, "source": 2, "target": 11}, {"distance": 0.7908145508552012, "on_path": 0, "source": 3, "target": 20}, {"distance": 0.07811016389619471, "on_path": 0, "source": 3, "target": 6}, {"distance": 1.1252679386713853, "on_path": 1, "source": 3, "target": 18}, {"distance": 1.3387116693254324, "on_path": 0, "source": 3, "target": 21}, {"distance": 0.5029583928329646, "on_path": 0, "source": 4, "target": 26}, {"distance": 1.5451601436443745, "on_path": 0, "source": 4, "target": 21}, {"distance": 0.9669905884719696, "on_path": 0, "source": 4, "target": 16}, {"distance": 0.7688968770306468, "on_path": 0, "source": 4, "target": 27}, {"distance": 1.0716352776400289, "on_path": 0, "source": 5, "target": 25}, {"distance": 1.247929233834663, "on_path": 0, "source": 5, "target": 16}, {"distance": 0.8671336183214593, "on_path": 0, "source": 5, "target": 24}, {"distance": 1.4786222201621788, "on_path": 0, "source": 5, "target": 15}, {"distance": 0.5174858433481291, "on_path": 0, "source": 5, "target": 23}, {"distance": 1.5177434201863376, "on_path": 0, "source": 6, "target": 14}, {"distance": 2.0474286510076767, "on_path": 0, "source": 6, "target": 22}, {"distance": 0.8327135095283204, "on_path": 0, "source": 7, "target": 13}, {"distance": 1.1142318378080454, "on_path": 0, "source": 7, "target": 15}, {"distance": 0.629073281108135, "on_path": 0, "source": 7, "target": 24}, {"distance": 0.5687739864982867, "on_path": 0, "source": 7, "target": 21}, {"distance": 0.2390082672501594, "on_path": 0, "source": 7, "target": 25}, {"distance": 0.9129431825826588, "on_path": 1, "source": 8, "target": 18}, {"distance": 1.6762367946426746, "on_path": 0, "source": 8, "target": 11}, {"distance": 0.6562195815084235, "on_path": 1, "source": 8, "target": 17}, {"distance": 1.001596028647615, "on_path": 0, "source": 9, "target": 15}, {"distance": 0.8377090665869537, "on_path": 0, "source": 9, "target": 17}, {"distance": 1.6351022004353926, "on_path": 0, "source": 9, "target": 23}, {"distance": 1.2315035929688398, "on_path": 0, "source": 10, "target": 16}, {"distance": 0.6834075114486253, "on_path": 0, "source": 10, "target": 17}, {"distance": 1.3939882281838165, "on_path": 0, "source": 11, "target": 14}, {"distance": 1.2932387650134298, "on_path": 0, "source": 11, "target": 25}, {"distance": 1.0892016412117207, "on_path": 0, "source": 11, "target": 17}, {"distance": 1.8752538270195942, "on_path": 0, "source": 12, "target": 22}, {"distance": 1.1386697404644972, "on_path": 0, "source": 12, "target": 25}, {"distance": 1.1926441541905954, "on_path": 0, "source": 12, "target": 19}, {"distance": 1.0325682878158438, "on_path": 0, "source": 13, "target": 16}, {"distance": 1.5648676686869942, "on_path": 0, "source": 14, "target": 19}, {"distance": 0.5206199685440714, "on_path": 0, "source": 14, "target": 27}, {"distance": 1.3347259931650908, "on_path": 0, "source": 14, "target": 20}, {"distance": 1.4130387231638508, "on_path": 0, "source": 15, "target": 27}, {"distance": 1.157432616100333, "on_path": 0, "source": 16, "target": 20}, {"distance": 1.645649965823761, "on_path": 0, "source": 16, "target": 23}, {"distance": 0.37762112775560436, "on_path": 1, "source": 17, "target": 28}, {"distance": 1.1154230473320448, "on_path": 0, "source": 18, "target": 26}, {"distance": 1.2518854564926978, "on_path": 0, "source": 19, "target": 24}, {"distance": 1.2519332082904941, "on_path": 0, "source": 20, "target": 26}, {"distance": 0.5721925916150936, "on_path": 0, "source": 22, "target": 27}, {"distance": 1.0789000993035853, "on_path": 0, "source": 24, "target": 28}, {"distance": 1.0940163115201862, "on_path": 0, "source": 24, "target": 26}]}