{"directed": false, "multigraph": false, "graph": {}, "nodes": [{"node_features": [0.0, 0.0], "id": 0}, {"node_features": [0.0, 0.0], "id": 1}, {"node_features": [0.0, 0.0], "id": 2}, {"node_features": [0.0, 0.0], "id": 3}, {"node_features": [0.0, 0.0], "id": 4}, {"node_features": [0.0, 0.0], "id": 5}, {"node_features": [0.0, 0.0], "id": 6}, {"node_features": [0.0, 0.0], "id": 7}, {"node_features": [0.0, 0.0], "id": 8}, {"node_features": [0.0, 0.0], "id": 9}, {"node_features": [0.0, 0.0], "id": 10}, {"node_features": [0.0, 0.0], "id": 11}, {"node_features": [0.0, 0.0], "id": 12}, {"node_features": [0.0, 0.0], "id": 13}, {"node_features": [0.0, 0.0], "id": 14}, {"node_features": [0.0, 0.0], "id": 15}, {"node_features": [0.0, 0.0], "id": 16}, {"node_features": [0.0, 0.0], "id": 17}, {"node_features": [0.0, 0.0], "id": 18}, {"node_features": [0.0, 0.0], "id": 19}, {"node_features": [1.0, 0.0], "id": 20}, {"node_features": [0.0, 1.0], "id": 21}, {"node_features": [0.0, 0.0], "id": 22}, {"node_features": [0.0, 0.0], "id": 23}, {"node_features": [0.0, 0.0], "id": 24}, {"node_features": [0.0, 0.0], "id": 25}, {"node_features": [0.0, 0.0], "id": 26}, {"node_features": [0.0, 0.0], "id": 27}], "links": [{"distance": 0.5283221536898352, "on_path": 0, "source": 0, "target": 7}, {"distance": 0.38166262972087694, "on_path": 0, "source": 0, "target": 27}, {"distance": 1.2212194495113737, "on_path": 0, "source": 0, "target": 10}, {"distance": 0.9322178492024493, "on_path": 0, "source": 0, "target": 13}, {"distance": 1.0084588218489698, "on_path": 0, "source": 1, "target": 10}, {"distance": 0.1564031232541279, "on_path": 0, "source": 1, "target": 13}, {"distance": 1.6942363154799456, "on_path": 0, "source": 1, "target": 18}, {"distance": 1.8259993154780212, "on_path": 0, "source": 1, "target": 26}, {"distance": 0.8418128418430239, "on_path": 0, "source": 2, "target": 21}, {"distance": 1.3480961671382063, "on_path": 0, "source": 2, "target": 24}, {"distance": 1.281304043872414, "on_path": 0, "source": 2, "target": 6}, {"distance": 1.1155097446934437, "on_path": 1, "source": 3, "target": 27}, {"distance": 1.4645270322392148, "on_path": 0, "source": 3, "target": 23}, {"distance": 1.269804057243509, "on_path": 0, "source": 3, "target": 14}, {"distance": 1.717938768896426, "on_path": 0, "source": 3, "target": 9}, {"distance": 0.3814903967690771, "on_path": 1, "source": 3, "target": 11}, {"distance": 0.7678531136508295, "on_path": 0, "source": 4, "target": 7}, {"distance": 1.3923872881588288, "on_path": 0, "source": 4, "target": 9}, {"distance": 0.07618931813531163, "on_path": 0, "source": 4, "target": 15}, {"distance": 0.6422371908963732, "on_path": 0, "source": 4, "target": 12}, {"distance": 1.7128937823994086, "on_path": 0, "source": 4, "target": 25}, {"distance": 0.9554878930372596, "on_path": 1, "source": 5, "target": 27}, {"distance": 1.3161831050948996, "on_path": 0, "source": 5, "target": 13}, {"distance": 0.6257434500647896, "on_path": 0, "source": 5, "target": 18}, {"distance": 0.9058079982500359, "on_path": 1, "source": 5, "target": 20}, {"distance": 0.9496245907568698, "on_path": 0, "source": 6, "target": 25}, {"distance": 0.5805920498800395, "on_path": 0, "source": 6, "target": 26}, {"distance": 0.38155997640861894, "on_path": 0, "source": 7, "target": 18}, {"distance": 0.3261435237173006, "on_path": 0, "source": 7, "target": 24}, {"distance": 0.5891406522356009, "on_path": 0, "source": 7, "target": 26}, {"distance": 1.4112445054164322, "on_path": 0, "source": 7, "target": 16}, {"distance": 1.7675814060026844, "on_path": 0, "source": 8, "target": 13}, {"distance": 1.311977777307419, "on_path": 0, "source": 8, "target": 17}, {"distance": 1.4983832127138215, "on_path": 0, "source": 8, "target": 15}, {"distance": 0.9755918236460601, "on_path": 0, "source": 10, "target": 17}, {"distance": 1.2080980218437756, "on_path": 0, "source": 10, "target": 19}, {"distance": 0.8912355023114165, "on_path": 0, "source": 11, "target": 14}, {"distance": 1.1735377677114733, "on_path": 0, "source": 11, "target": 12}, {"distance": 0.9279197767525823, "on_path": 1, "source": 11, "target": 21}, {"distance": 0.5899317296623641, "on_path": 0, "source": 12, "target": 26}, {"distance": 0.9490973288119218, "on_path": 0, "source": 13, "target": 14}, {"distance": 2.348844907660959, "on_path": 0, "source": 14, "target": 26}, {"distance": 1.886107707483953, "on_path": 0, "source": 14, "target": 25}, {"distance": 2.0637398622587377, "on_path": 0, "source": 14, "target": 27}, {"distance": 2.0934681876024595, "on_path": 0, "source": 14, "target": 23}, {"distance": 1.4094172849737814, "on_path": 0, "source": 15, "target": 22}, {"distance": 1.4463948100742543, "on_path": 0, "source": 16, "target": 23}, {"distance": 1.8192253104103393, "on_path": 0, "source": 16, "target": 20}, {"distance": 1.4603944618661489, "on_path": 0, "source": 17, "target": 25}, {"distance": 1.3953554912656096, "on_path": 0, "source": 17, "target": 22}, {"distance": 1.6505008287454395, "on_path": 0, "source": 19, "target": 25}, {"distance": 0.3566934906516965, "on_path": 0, "source": 19, "target": 20}, {"distance": 2.289628246293201, "on_path": 0, "source": 21, "target": 26}, {"distance": 1.4685708706648586, "on_path": 0, "source": 22, "target": 23}, {"distance": 0.5879907990682812, "on_path": 0, "source": 24, "target": 27}, {"distance": 0.42881583060031664, "on_path": 0, "source": 26, "target": 27}]}