{"directed": false, "multigraph": false, "graph": {}, "nodes": [{"node_features": [0.0, 0.0], "id": 0}, {"node_features": [0.0, 0.0], "id": 1}, {"node_features": [1.0, 0.0], "id": 2}, {"node_features": [0.0, 0.0], "id": 3}, {"node_features": [0.0, 0.0], "id": 4}, {"node_features": [0.0, 0.0], "id": 5}, {"node_features": [0.0, 0.0], "id": 6}, {"node_features": [0.0, 0.0], "id": 7}, {"node_features": [0.0, 0.0], "id": 8}, {"node_features": [0.0, 1.0], "id": 9}, {"node_features": [0.0, 0.0], "id": 10}, {"node_features": [0.0, 0.0], "id": 11}, {"node_features": [0.0, 0.0], "id": 12}, {"node_features": [0.0, 0.0], "id": 13}, {"node_features": [0.0, 0.0], "id": 14}, {"node_features": [0.0, 0.0], "id": 15}, {"node_features": [0.0, 0.0], "id": 16}, {"node_features": [0.0, 0.0], "id": 17}, {"node_features": [0.0, 0.0], "id": 18}, {"node_features": [0.0, 0.0], "id": 19}, {"node_features": [0.0, 0.0], "id": 20}], "links": [{"distance": 0.5344222381340085, "on_path": 0, "source": 0, "target": 5}, {"distance": 0.42180895011597613, "on_path": 0, "source": 0, "target": 17}, {"distance": 1.3117111923871179, "on_path": 0, "source": 1, "target": 6}, {"distance": 0.9550225641368046, "on_path": 0, "source": 1, "target": 9}, {"distance": 0.4868419210220346, "on_path": 1, "source": 2, "target": 15}, {"distance": 0.7694973376298685, "on_path": 0, "source": 2, "target": 12}, {"distance": 0.7383959702189494, "on_path": 0, "source": 2, "target": 16}, {"distance": 0.8681877367021826, "on_path": 0, "source": 3, "target": 10}, {"distance": 0.351702981630933, "on_path": 0, "source": 3, "target": 18}, {"distance": 0.8560062992648154, "on_path": 0, "source": 4, "target": 7}, {"distance": 0.823846408257527, "on_path": 0, "source": 4, "target": 17}, {"distance": 0.7352145803002565, "on_path": 0, "source": 4, "target": 18}, {"distance": 1.6627176347477828, "on_path": 0, "source": 4, "target": 12}, {"distance": 1.5923221949169644, "on_path": 0, "source": 5, "target": 19}, {"distance": 0.8808012261490203, "on_path": 0, "source": 5, "target": 9}, {"distance": 1.8005894170196497, "on_path": 0, "source": 5, "target": 13}, {"distance": 0.7479732521491611, "on_path": 0, "source": 5, "target": 16}, {"distance": 0.6473722257952572, "on_path": 0, "source": 6, "target": 20}, {"distance": 0.9743649746483275, "on_path": 0, "source": 6, "target": 11}, {"distance": 1.2516220582018684, "on_path": 0, "source": 6, "target": 10}, {"distance": 0.807731390935614, "on_path": 0, "source": 7, "target": 12}, {"distance": 0.9262654722944691, "on_path": 0, "source": 7, "target": 10}, {"distance": 0.8650684555503795, "on_path": 0, "source": 7, "target": 14}, {"distance": 1.0794803290130897, "on_path": 0, "source": 7, "target": 16}, {"distance": 1.3124711030719312, "on_path": 0, "source": 7, "target": 13}, {"distance": 0.7868593432907651, "on_path": 0, "source": 8, "target": 12}, {"distance": 0.5866156956514219, "on_path": 1, "source": 8, "target": 20}, {"distance": 0.5114056365221944, "on_path": 1, "source": 8, "target": 9}, {"distance": 0.7996867132142891, "on_path": 0, "source": 9, "target": 19}, {"distance": 1.0062688932039268, "on_path": 0, "source": 9, "target": 13}, {"distance": 1.5557602013444387, "on_path": 0, "source": 10, "target": 13}, {"distance": 1.9172467098741184, "on_path": 0, "source": 10, "target": 15}, {"distance": 1.3862353408154318, "on_path": 0, "source": 10, "target": 19}, {"distance": 1.9125733428216187, "on_path": 0, "source": 11, "target": 15}, {"distance": 0.40151883447122166, "on_path": 0, "source": 12, "target": 15}, {"distance": 1.1043291195876404, "on_path": 0, "source": 12, "target": 17}, {"distance": 2.13783468816396, "on_path": 0, "source": 13, "target": 16}, {"distance": 1.5295450984328767, "on_path": 0, "source": 13, "target": 20}, {"distance": 1.5992534280872421, "on_path": 0, "source": 14, "target": 15}, {"distance": 0.4455740346271681, "on_path": 1, "source": 15, "target": 20}, {"distance": 1.495853352025437, "on_path": 0, "source": 15, "target": 18}, {"distance": 1.1765956127983295, "on_path": 0, "source": 17, "target": 18}]}