{"directed": false, "multigraph": false, "graph": {}, "nodes": [{"node_features": [0.0, 0.0], "id": 0}, {"node_features": [0.0, 0.0], "id": 1}, {"node_features": [0.0, 0.0], "id": 2}, {"node_features": [0.0, 0.0], "id": 3}, {"node_features": [0.0, 0.0], "id": 4}, {"node_features": [0.0, 0.0], "id": 5}, {"node_features": [0.0, 0.0], "id": 6}, {"node_features": [0.0, 0.0], "id": 7}, {"node_features": [0.0, 0.0], "id": 8}, {"node_features": [0.0, 0.0], "id": 9}, {"node_features": [0.0, 0.0], "id": 10}, {"node_features": [0.0, 0.0], "id": 11}, {"node_features": [0.0, 0.0], "id": 12}, {"node_features": [0.0, 0.0], "id": 13}, {"node_features": [0.0, 0.0], "id": 14}, {"node_features": [0.0, 0.0], "id": 15}, {"node_features": [0.0, 1.0], "id": 16}, {"node_features": [0.0, 0.0], "id": 17}, {"node_features": [1.0, 0.0], "id": 18}, {"node_features": [0.0, 0.0], "id": 19}, {"node_features": [0.0, 0.0], "id": 20}, {"node_features": [0.0, 0.0], "id": 21}, {"node_features": [0.0, 0.0], "id": 22}], "links": [{"distance": 0.9949888749124128, "on_path": 0, "source": 0, "target": 10}, {"distance": 0.9526314940962136, "on_path": 0, "source": 0, "target": 9}, {"distance": 0.728753409906529, "on_path": 0, "source": 0, "target": 11}, {"distance": 1.7158369351791871, "on_path": 0, "source": 1, "target": 13}, {"distance": 0.5477647345734319, "on_path": 0, "source": 1, "target": 16}, {"distance": 0.5282589139878981, "on_path": 0, "source": 1, "target": 19}, {"distance": 0.7792392537923553, "on_path": 0, "source": 1, "target": 5}, {"distance": 0.43713903395661746, "on_path": 0, "source": 2, "target": 16}, {"distance": 0.9007912302699583, "on_path": 0, "source": 2, "target": 11}, {"distance": 0.2641864212213281, "on_path": 0, "source": 2, "target": 3}, {"distance": 0.25848379488436934, "on_path": 1, "source": 3, "target": 14}, {"distance": 0.744425336256746, "on_path": 0, "source": 3, "target": 9}, {"distance": 0.21645884933622478, "on_path": 1, "source": 3, "target": 16}, {"distance": 1.6203933311474261, "on_path": 0, "source": 3, "target": 7}, {"distance": 1.295873419462223, "on_path": 0, "source": 4, "target": 18}, {"distance": 0.4622104620368845, "on_path": 0, "source": 4, "target": 13}, {"distance": 0.8618612591297884, "on_path": 0, "source": 4, "target": 17}, {"distance": 0.9546517950818656, "on_path": 0, "source": 4, "target": 21}, {"distance": 1.4543796145600665, "on_path": 0, "source": 4, "target": 10}, {"distance": 1.2766398467028526, "on_path": 0, "source": 5, "target": 15}, {"distance": 0.6713874411473383, "on_path": 0, "source": 5, "target": 17}, {"distance": 1.2884879388582533, "on_path": 0, "source": 6, "target": 16}, {"distance": 0.9065006498996371, "on_path": 0, "source": 6, "target": 22}, {"distance": 1.0506301154474258, "on_path": 0, "source": 6, "target": 17}, {"distance": 1.8375694663304325, "on_path": 0, "source": 6, "target": 9}, {"distance": 1.2716973293732259, "on_path": 0, "source": 6, "target": 13}, {"distance": 0.5292941690928974, "on_path": 0, "source": 6, "target": 20}, {"distance": 1.0073448587374816, "on_path": 0, "source": 7, "target": 20}, {"distance": 1.2007094194802752, "on_path": 0, "source": 8, "target": 21}, {"distance": 0.4648216584768087, "on_path": 0, "source": 8, "target": 17}, {"distance": 0.8361433232210289, "on_path": 0, "source": 8, "target": 22}, {"distance": 1.3925425373885656, "on_path": 0, "source": 9, "target": 15}, {"distance": 1.7227519925940296, "on_path": 0, "source": 10, "target": 13}, {"distance": 1.2496765115389041, "on_path": 0, "source": 10, "target": 21}, {"distance": 0.5259596787006429, "on_path": 0, "source": 10, "target": 16}, {"distance": 1.3049335490950746, "on_path": 0, "source": 11, "target": 12}, {"distance": 1.227345265216749, "on_path": 0, "source": 11, "target": 21}, {"distance": 0.922969867938696, "on_path": 0, "source": 12, "target": 15}, {"distance": 0.6555013691621588, "on_path": 0, "source": 12, "target": 17}, {"distance": 0.8981674966156576, "on_path": 0, "source": 14, "target": 22}, {"distance": 0.5127473888331884, "on_path": 0, "source": 14, "target": 19}, {"distance": 0.6236326575075553, "on_path": 1, "source": 14, "target": 15}, {"distance": 1.2945490583674557, "on_path": 1, "source": 15, "target": 18}, {"distance": 0.7665620354690933, "on_path": 0, "source": 16, "target": 20}, {"distance": 0.7740031882945364, "on_path": 0, "source": 18, "target": 21}, {"distance": 1.4085822157229595, "on_path": 0, "source": 19, "target": 22}]}