{"directed": false, "multigraph": false, "graph": {}, "nodes": [{"node_features": [0.0, 0.0], "id": 0}, {"node_features": [0.0, 0.0], "id": 1}, {"node_features": [0.0, 0.0], "id": 2}, {"node_features": [0.0, 0.0], "id": 3}, {"node_features": [0.0, 0.0], "id": 4}, {"node_features": [0.0, 0.0], "id": 5}, {"node_features": [0.0, 0.0], "id": 6}, {"node_features": [0.0, 0.0], "id": 7}, {"node_features": [0.0, 0.0], "id": 8}, {"node_features": [0.0, 0.0], "id": 9}, {"node_features": [0.0, 0.0], "id": 10}, {"node_features": [0.0, 0.0], "id": 11}, {"node_features": [0.0, 0.0], "id": 12}, {"node_features": [0.0, 0.0], "id": 13}, {"node_features": [1.0, 0.0], "id": 14}, {"node_features": [0.0, 0.0], "id": 15}, {"node_features": [0.0, 0.0], "id": 16}, {"node_features": [0.0, 0.0], "id": 17}, {"node_features": [0.0, 0.0], "id": 18}, {"node_features": [0.0, 0.0], "id": 19}, {"node_features": [0.0, 0.0], "id": 20}, {"node_features": [0.0, 0.0], "id": 21}, {"node_features": [0.0, 0.0], "id": 22}, {"node_features": [0.0, 0.0], "id": 23}, {"node_features": [0.0, 1.0], "id": 24}, {"node_features": [0.0, 0.0], "id": 25}, {"node_features": [0.0, 0.0], "id": 26}, {"node_features": [0.0, 0.0], "id": 27}, {"node_features": [0.0, 0.0], "id": 28}, {"node_features": [0.0, 0.0], "id": 29}, {"node_features": [0.0, 0.0], "id": 30}, {"node_features": [0.0, 0.0], "id": 31}, {"node_features": [0.0, 0.0], "id": 32}, {"node_features": [0.0, 0.0], "id": 33}], "links": [{"distance": 0.8921973251291239, "on_path": 0, "source": 0, "target": 18}, {"distance": 0.43471426463035884, "on_path": 0, "source": 0, "target": 21}, {"distance": 0.5120781733799721, "on_path": 0, "source": 0, "target": 16}, {"distance": 1.185410866376794, "on_path": 0, "source": 1, "target": 25}, {"distance": 1.2087742702721738, "on_path": 0, "source": 1, "target": 29}, {"distance": 0.815367420241183, "on_path": 0, "source": 1, "target": 10}, {"distance": 0.48529430371758353, "on_path": 0, "source": 2, "target": 16}, {"distance": 0.9288299897923893, "on_path": 0, "source": 2, "target": 33}, {"distance": 0.9745620132336585, "on_path": 0, "source": 2, "target": 20}, {"distance": 0.2682217239012838, "on_path": 0, "source": 3, "target": 21}, {"distance": 0.8053798717997984, "on_path": 0, "source": 3, "target": 6}, {"distance": 0.5942590719375727, "on_path": 0, "source": 3, "target": 12}, {"distance": 1.5460776718690714, "on_path": 0, "source": 3, "target": 8}, {"distance": 1.2554524578936985, "on_path": 0, "source": 3, "target": 24}, {"distance": 0.9838407541262603, "on_path": 0, "source": 3, "target": 32}, {"distance": 0.3611665912213669, "on_path": 0, "source": 4, "target": 32}, {"distance": 0.9072699711018959, "on_path": 0, "source": 4, "target": 7}, {"distance": 0.8416865167062957, "on_path": 0, "source": 5, "target": 8}, {"distance": 0.9009198813980992, "on_path": 0, "source": 5, "target": 21}, {"distance": 1.0611565946281551, "on_path": 0, "source": 5, "target": 20}, {"distance": 0.7531459672445467, "on_path": 0, "source": 6, "target": 25}, {"distance": 1.2454239968132508, "on_path": 0, "source": 6, "target": 27}, {"distance": 0.5495090305142553, "on_path": 0, "source": 7, "target": 21}, {"distance": 0.6588828349388997, "on_path": 0, "source": 7, "target": 12}, {"distance": 0.5945420625018301, "on_path": 0, "source": 8, "target": 13}, {"distance": 0.519537644588859, "on_path": 0, "source": 8, "target": 18}, {"distance": 0.9081704679609256, "on_path": 0, "source": 8, "target": 22}, {"distance": 0.5987143616629067, "on_path": 0, "source": 8, "target": 27}, {"distance": 0.26637597240927835, "on_path": 0, "source": 9, "target": 15}, {"distance": 0.5309492273663933, "on_path": 0, "source": 9, "target": 29}, {"distance": 0.9210600853122605, "on_path": 0, "source": 9, "target": 17}, {"distance": 0.3510080345247667, "on_path": 0, "source": 9, "target": 25}, {"distance": 0.8579316473395637, "on_path": 0, "source": 9, "target": 27}, {"distance": 1.3638212809607044, "on_path": 0, "source": 10, "target": 20}, {"distance": 0.7204168383807442, "on_path": 0, "source": 10, "target": 28}, {"distance": 1.5088119438141916, "on_path": 0, "source": 10, "target": 33}, {"distance": 1.241459434710794, "on_path": 0, "source": 11, "target": 33}, {"distance": 0.29040703233992615, "on_path": 0, "source": 11, "target": 32}, {"distance": 0.7498388986976684, "on_path": 0, "source": 11, "target": 12}, {"distance": 1.5940518195014535, "on_path": 0, "source": 11, "target": 23}, {"distance": 0.7929458113607253, "on_path": 0, "source": 12, "target": 19}, {"distance": 0.7071190854296825, "on_path": 0, "source": 12, "target": 30}, {"distance": 0.7741883539974587, "on_path": 0, "source": 12, "target": 32}, {"distance": 0.33952283071965284, "on_path": 0, "source": 13, "target": 33}, {"distance": 1.5227707373899604, "on_path": 0, "source": 13, "target": 14}, {"distance": 1.4201205927974285, "on_path": 0, "source": 13, "target": 23}, {"distance": 0.8465379196613361, "on_path": 0, "source": 13, "target": 29}, {"distance": 0.8242881379003166, "on_path": 1, "source": 14, "target": 29}, {"distance": 0.49508015544913914, "on_path": 0, "source": 15, "target": 26}, {"distance": 0.3527025497921818, "on_path": 0, "source": 15, "target": 32}, {"distance": 1.168491241330883, "on_path": 0, "source": 15, "target": 17}, {"distance": 0.8958116878742486, "on_path": 0, "source": 16, "target": 21}, {"distance": 0.6918253480538844, "on_path": 0, "source": 17, "target": 26}, {"distance": 1.376849733763705, "on_path": 0, "source": 18, "target": 19}, {"distance": 0.6179304372183462, "on_path": 0, "source": 18, "target": 25}, {"distance": 0.8118590005137095, "on_path": 0, "source": 19, "target": 26}, {"distance": 0.695247362547075, "on_path": 0, "source": 19, "target": 20}, {"distance": 0.8140240992304753, "on_path": 1, "source": 20, "target": 33}, {"distance": 0.11068185504352776, "on_path": 1, "source": 20, "target": 29}, {"distance": 1.1421189624426384, "on_path": 0, "source": 21, "target": 27}, {"distance": 1.016715205172925, "on_path": 0, "source": 22, "target": 28}, {"distance": 0.8688173392386044, "on_path": 0, "source": 23, "target": 31}, {"distance": 1.190253226787529, "on_path": 1, "source": 24, "target": 33}, {"distance": 0.8510126453688227, "on_path": 0, "source": 25, "target": 31}, {"distance": 0.6372954505244629, "on_path": 0, "source": 26, "target": 29}, {"distance": 1.0567478022125838, "on_path": 0, "source": 26, "target": 31}, {"distance": 0.33639319844097565, "on_path": 0, "source": 28, "target": 31}, {"distance": 0.48521501993383875, "on_path": 0, "source": 29, "target": 30}]}