{"directed": false, "multigraph": false, "graph": {}, "nodes": [{"node_features": [0.0, 0.0], "id": 0}, {"node_features": [0.0, 0.0], "id": 1}, {"node_features": [0.0, 1.0], "id": 2}, {"node_features": [0.0, 0.0], "id": 3}, {"node_features": [0.0, 0.0], "id": 4}, {"node_features": [0.0, 0.0], "id": 5}, {"node_features": [0.0, 0.0], "id": 6}, {"node_features": [0.0, 0.0], "id": 7}, {"node_features": [0.0, 0.0], "id": 8}, {"node_features": [0.0, 0.0], "id": 9}, {"node_features": [0.0, 0.0], "id": 10}, {"node_features": [1.0, 0.0], "id": 11}, {"node_features": [0.0, 0.0], "id": 12}, {"node_features": [0.0, 0.0], "id": 13}, {"node_features": [0.0, 0.0], "id": 14}, {"node_features": [0.0, 0.0], "id": 15}, {"node_features": [0.0, 0.0], "id": 16}, {"node_features": [0.0, 0.0], "id": 17}, {"node_features": [0.0, 0.0], "id": 18}, {"node_features": [0.0, 0.0], "id": 19}, {"node_features": [0.0, 0.0], "id": 20}, {"node_features": [0.0, 0.0], "id": 21}, {"node_features": [0.0, 0.0], "id": 22}, {"node_features": [0.0, 0.0], "id": 23}], "links": [{"distance": 1.7886355980139137, "on_path": 0, "source": 0, "target": 3}, {"distance": 1.6025266496096167, "on_path": 0, "source": 0, "target": 7}, {"distance": 1.2970447426016665, "on_path": 0, "source": 0, "target": 1}, {"distance": 0.3024431387396917, "on_path": 1, "source": 0, "target": 9}, {"distance": 1.1933618643419246, "on_path": 1, "source": 0, "target": 11}, {"distance": 0.6908340815198535, "on_path": 0, "source": 1, "target": 5}, {"distance": 1.5930856574891161, "on_path": 0, "source": 1, "target": 9}, {"distance": 1.7344052808559645, "on_path": 0, "source": 1, "target": 20}, {"distance": 1.375895363301148, "on_path": 0, "source": 1, "target": 10}, {"distance": 1.4689923991238614, "on_path": 0, "source": 1, "target": 14}, {"distance": 0.6539114494793276, "on_path": 1, "source": 2, "target": 8}, {"distance": 0.8431994000966445, "on_path": 0, "source": 2, "target": 10}, {"distance": 0.30195900444699175, "on_path": 0, "source": 2, "target": 18}, {"distance": 0.7423824333673397, "on_path": 0, "source": 2, "target": 19}, {"distance": 1.1954264190361856, "on_path": 0, "source": 3, "target": 23}, {"distance": 0.9378374162933619, "on_path": 0, "source": 3, "target": 6}, {"distance": 1.0915368944468617, "on_path": 0, "source": 4, "target": 8}, {"distance": 0.6560663369043396, "on_path": 0, "source": 4, "target": 12}, {"distance": 1.7967402568757753, "on_path": 0, "source": 4, "target": 15}, {"distance": 0.6506565108866469, "on_path": 0, "source": 4, "target": 5}, {"distance": 1.2373893248986998, "on_path": 0, "source": 5, "target": 16}, {"distance": 0.5836938209723134, "on_path": 0, "source": 5, "target": 12}, {"distance": 1.4420265340423284, "on_path": 0, "source": 5, "target": 17}, {"distance": 0.2787431049477583, "on_path": 0, "source": 6, "target": 23}, {"distance": 0.7018888519490807, "on_path": 0, "source": 6, "target": 21}, {"distance": 1.134694763604611, "on_path": 0, "source": 6, "target": 9}, {"distance": 1.7926547275593134, "on_path": 0, "source": 7, "target": 13}, {"distance": 1.7942829324036857, "on_path": 0, "source": 7, "target": 15}, {"distance": 1.6360521798326988, "on_path": 0, "source": 7, "target": 20}, {"distance": 0.2632086172240744, "on_path": 1, "source": 8, "target": 21}, {"distance": 0.34468532216098346, "on_path": 0, "source": 8, "target": 19}, {"distance": 0.5385475769138711, "on_path": 0, "source": 8, "target": 23}, {"distance": 0.5670028975788775, "on_path": 0, "source": 9, "target": 20}, {"distance": 0.09933377165551137, "on_path": 0, "source": 9, "target": 15}, {"distance": 0.47222233714816503, "on_path": 1, "source": 9, "target": 21}, {"distance": 0.8603304522836791, "on_path": 0, "source": 10, "target": 23}, {"distance": 1.2093447346109167, "on_path": 0, "source": 11, "target": 20}, {"distance": 1.0605212735686562, "on_path": 0, "source": 11, "target": 16}, {"distance": 1.5182373567841523, "on_path": 0, "source": 11, "target": 22}, {"distance": 1.6162919539641913, "on_path": 0, "source": 12, "target": 18}, {"distance": 0.7560562787199394, "on_path": 0, "source": 12, "target": 16}, {"distance": 0.957289811106107, "on_path": 0, "source": 13, "target": 21}, {"distance": 0.6607225067109321, "on_path": 0, "source": 14, "target": 21}, {"distance": 0.6669723607818074, "on_path": 0, "source": 14, "target": 22}, {"distance": 1.4629565237729898, "on_path": 0, "source": 17, "target": 22}, {"distance": 1.101136934610954, "on_path": 0, "source": 17, "target": 18}, {"distance": 0.8364175767518646, "on_path": 0, "source": 18, "target": 23}, {"distance": 1.0908074983216596, "on_path": 0, "source": 20, "target": 23}]}