{"directed": false, "multigraph": false, "graph": {}, "nodes": [{"node_features": [0.0, 0.0], "id": 0}, {"node_features": [0.0, 0.0], "id": 1}, {"node_features": [0.0, 0.0], "id": 2}, {"node_features": [0.0, 0.0], "id": 3}, {"node_features": [0.0, 0.0], "id": 4}, {"node_features": [0.0, 0.0], "id": 5}, {"node_features": [0.0, 0.0], "id": 6}, {"node_features": [0.0, 0.0], "id": 7}, {"node_features": [0.0, 0.0], "id": 8}, {"node_features": [0.0, 0.0], "id": 9}, {"node_features": [0.0, 0.0], "id": 10}, {"node_features": [0.0, 0.0], "id": 11}, {"node_features": [0.0, 0.0], "id": 12}, {"node_features": [0.0, 1.0], "id": 13}, {"node_features": [0.0, 0.0], "id": 14}, {"node_features": [1.0, 0.0], "id": 15}, {"node_features": [0.0, 0.0], "id": 16}, {"node_features": [0.0, 0.0], "id": 17}, {"node_features": [0.0, 0.0], "id": 18}, {"node_features": [0.0, 0.0], "id": 19}, {"node_features": [0.0, 0.0], "id": 20}, {"node_features": [0.0, 0.0], "id": 21}, {"node_features": [0.0, 0.0], "id": 22}, {"node_features": [0.0, 0.0], "id": 23}], "links": [{"distance": 1.381850344046628, "on_path": 0, "source": 0, "target": 20}, {"distance": 0.475247566957647, "on_path": 0, "source": 0, "target": 3}, {"distance": 0.3409714080490298, "on_path": 0, "source": 1, "target": 4}, {"distance": 0.18757508073927814, "on_path": 0, "source": 1, "target": 8}, {"distance": 0.7730581096648336, "on_path": 0, "source": 1, "target": 18}, {"distance": 0.6263043172176705, "on_path": 0, "source": 1, "target": 22}, {"distance": 1.0433271730449916, "on_path": 0, "source": 2, "target": 23}, {"distance": 0.616064631209891, "on_path": 0, "source": 2, "target": 16}, {"distance": 1.0566704354160443, "on_path": 0, "source": 2, "target": 19}, {"distance": 0.1293486423155691, "on_path": 1, "source": 2, "target": 22}, {"distance": 0.6016336113703848, "on_path": 0, "source": 2, "target": 9}, {"distance": 0.41827521383611665, "on_path": 1, "source": 2, "target": 18}, {"distance": 1.325225112323529, "on_path": 0, "source": 3, "target": 11}, {"distance": 1.7269945518578242, "on_path": 1, "source": 3, "target": 15}, {"distance": 0.7693821511803556, "on_path": 1, "source": 3, "target": 18}, {"distance": 0.6377619571887665, "on_path": 0, "source": 3, "target": 23}, {"distance": 1.3997936868043894, "on_path": 0, "source": 4, "target": 17}, {"distance": 0.23574895668805454, "on_path": 0, "source": 4, "target": 8}, {"distance": 1.3322642392719823, "on_path": 0, "source": 4, "target": 7}, {"distance": 1.844414961615291, "on_path": 0, "source": 5, "target": 23}, {"distance": 0.9759199255976642, "on_path": 0, "source": 5, "target": 22}, {"distance": 1.5406476399076554, "on_path": 0, "source": 5, "target": 8}, {"distance": 1.5893258059138777, "on_path": 0, "source": 5, "target": 17}, {"distance": 0.9360176914752024, "on_path": 0, "source": 6, "target": 13}, {"distance": 1.429814307294851, "on_path": 0, "source": 6, "target": 10}, {"distance": 1.5930422125230779, "on_path": 0, "source": 6, "target": 23}, {"distance": 0.8611461052113406, "on_path": 0, "source": 6, "target": 7}, {"distance": 1.40254529066872, "on_path": 0, "source": 6, "target": 9}, {"distance": 1.197096429763608, "on_path": 0, "source": 6, "target": 14}, {"distance": 0.37211538372276054, "on_path": 0, "source": 7, "target": 14}, {"distance": 0.4872350982186265, "on_path": 0, "source": 8, "target": 10}, {"distance": 1.458243979388911, "on_path": 0, "source": 8, "target": 11}, {"distance": 1.061118807906809, "on_path": 0, "source": 8, "target": 12}, {"distance": 0.885105528095341, "on_path": 0, "source": 9, "target": 21}, {"distance": 0.9258056119147532, "on_path": 0, "source": 10, "target": 16}, {"distance": 1.3647105396239414, "on_path": 0, "source": 10, "target": 20}, {"distance": 0.8779296413117261, "on_path": 0, "source": 11, "target": 22}, {"distance": 0.9962954030404179, "on_path": 0, "source": 12, "target": 17}, {"distance": 0.17471186078863202, "on_path": 0, "source": 12, "target": 21}, {"distance": 0.3233796660492705, "on_path": 0, "source": 13, "target": 20}, {"distance": 0.19145193656882223, "on_path": 1, "source": 13, "target": 22}, {"distance": 1.7630139613908185, "on_path": 0, "source": 14, "target": 19}, {"distance": 2.1452459226265894, "on_path": 0, "source": 15, "target": 19}, {"distance": 0.8428983922874831, "on_path": 0, "source": 16, "target": 17}, {"distance": 0.5980223578538533, "on_path": 0, "source": 16, "target": 19}, {"distance": 1.3298086078262594, "on_path": 0, "source": 19, "target": 20}, {"distance": 0.33009683788975436, "on_path": 0, "source": 20, "target": 21}, {"distance": 1.407169790100561, "on_path": 0, "source": 20, "target": 23}]}