{"directed": false, "multigraph": false, "graph": {}, "nodes": [{"node_features": [0.0, 0.0], "id": 0}, {"node_features": [0.0, 0.0], "id": 1}, {"node_features": [0.0, 0.0], "id": 2}, {"node_features": [0.0, 0.0], "id": 3}, {"node_features": [0.0, 0.0], "id": 4}, {"node_features": [0.0, 0.0], "id": 5}, {"node_features": [1.0, 0.0], "id": 6}, {"node_features": [0.0, 0.0], "id": 7}, {"node_features": [0.0, 0.0], "id": 8}, {"node_features": [0.0, 0.0], "id": 9}, {"node_features": [0.0, 0.0], "id": 10}, {"node_features": [0.0, 0.0], "id": 11}, {"node_features": [0.0, 0.0], "id": 12}, {"node_features": [0.0, 0.0], "id": 13}, {"node_features": [0.0, 0.0], "id": 14}, {"node_features": [0.0, 0.0], "id": 15}, {"node_features": [0.0, 0.0], "id": 16}, {"node_features": [0.0, 1.0], "id": 17}, {"node_features": [0.0, 0.0], "id": 18}, {"node_features": [0.0, 0.0], "id": 19}, {"node_features": [0.0, 0.0], "id": 20}, {"node_features": [0.0, 0.0], "id": 21}, {"node_features": [0.0, 0.0], "id": 22}, {"node_features": [0.0, 0.0], "id": 23}, {"node_features": [0.0, 0.0], "id": 24}, {"node_features": [0.0, 0.0], "id": 25}, {"node_features": [0.0, 0.0], "id": 26}, {"node_features": [0.0, 0.0], "id": 27}, {"node_features": [0.0, 0.0], "id": 28}, {"node_features": [0.0, 0.0], "id": 29}, {"node_features": [0.0, 0.0], "id": 30}, {"node_features": [0.0, 0.0], "id": 31}, {"node_features": [0.0, 0.0], "id": 32}, {"node_features": [0.0, 0.0], "id": 33}, {"node_features": [0.0, 0.0], "id": 34}, {"node_features": [0.0, 0.0], "id": 35}, {"node_features": [0.0, 0.0], "id": 36}, {"node_features": [0.0, 0.0], "id": 37}, {"node_features": [0.0, 0.0], "id": 38}], "links": [{"distance": 1.9560449026009326, "on_path": 0, "source": 0, "target": 10}, {"distance": 0.9090993975387164, "on_path": 0, "source": 0, "target": 29}, {"distance": 1.7498645619022821, "on_path": 0, "source": 0, "target": 11}, {"distance": 1.7529734816027194, "on_path": 0, "source": 0, "target": 26}, {"distance": 0.9208078033170894, "on_path": 0, "source": 0, "target": 28}, {"distance": 1.4970499238256785, "on_path": 0, "source": 0, "target": 35}, {"distance": 1.780893734025139, "on_path": 0, "source": 1, "target": 29}, {"distance": 0.3137659566035392, "on_path": 0, "source": 1, "target": 37}, {"distance": 1.9290907919528273, "on_path": 0, "source": 1, "target": 36}, {"distance": 1.726440892903092, "on_path": 0, "source": 1, "target": 23}, {"distance": 0.9990922044508751, "on_path": 0, "source": 2, "target": 16}, {"distance": 1.1539042634067909, "on_path": 0, "source": 2, "target": 22}, {"distance": 1.3382298926211795, "on_path": 0, "source": 2, "target": 35}, {"distance": 1.6001863283990123, "on_path": 0, "source": 2, "target": 30}, {"distance": 0.7764973871803984, "on_path": 0, "source": 2, "target": 32}, {"distance": 1.6438578510339583, "on_path": 0, "source": 3, "target": 27}, {"distance": 1.389741992608275, "on_path": 0, "source": 3, "target": 22}, {"distance": 1.4183049976585649, "on_path": 0, "source": 3, "target": 17}, {"distance": 2.102390869584075, "on_path": 0, "source": 3, "target": 19}, {"distance": 0.4685055347418429, "on_path": 0, "source": 4, "target": 8}, {"distance": 1.1371241296900771, "on_path": 0, "source": 4, "target": 36}, {"distance": 1.06546836722385, "on_path": 0, "source": 4, "target": 29}, {"distance": 1.6360811389393028, "on_path": 0, "source": 5, "target": 15}, {"distance": 0.9387361575409252, "on_path": 1, "source": 5, "target": 6}, {"distance": 1.3306186476830515, "on_path": 0, "source": 5, "target": 16}, {"distance": 1.7003912614570822, "on_path": 1, "source": 5, "target": 14}, {"distance": 0.8578098525618723, "on_path": 0, "source": 6, "target": 11}, {"distance": 1.2114724231225644, "on_path": 0, "source": 7, "target": 20}, {"distance": 0.5831647043681744, "on_path": 0, "source": 7, "target": 10}, {"distance": 0.7378251058051647, "on_path": 0, "source": 8, "target": 16}, {"distance": 0.8348214097084972, "on_path": 0, "source": 8, "target": 25}, {"distance": 0.8933241280452588, "on_path": 0, "source": 8, "target": 27}, {"distance": 0.4955623767269535, "on_path": 0, "source": 8, "target": 34}, {"distance": 1.1546752257843793, "on_path": 0, "source": 8, "target": 10}, {"distance": 1.195990217581696, "on_path": 0, "source": 9, "target": 22}, {"distance": 1.3082821039153898, "on_path": 0, "source": 9, "target": 34}, {"distance": 0.5457400132962384, "on_path": 0, "source": 10, "target": 19}, {"distance": 0.20760182472373465, "on_path": 0, "source": 10, "target": 15}, {"distance": 0.30200639749191366, "on_path": 0, "source": 11, "target": 38}, {"distance": 0.22171173594810253, "on_path": 0, "source": 11, "target": 19}, {"distance": 1.8873180376162213, "on_path": 0, "source": 12, "target": 36}, {"distance": 1.5794525564009825, "on_path": 0, "source": 12, "target": 28}, {"distance": 0.34663997685759407, "on_path": 0, "source": 12, "target": 26}, {"distance": 1.0857800301386895, "on_path": 0, "source": 12, "target": 21}, {"distance": 1.432114762267441, "on_path": 0, "source": 12, "target": 29}, {"distance": 1.056203936137609, "on_path": 0, "source": 13, "target": 28}, {"distance": 1.2076684257131638, "on_path": 0, "source": 13, "target": 33}, {"distance": 0.5612145151964791, "on_path": 1, "source": 14, "target": 23}, {"distance": 1.1205876104798047, "on_path": 0, "source": 14, "target": 24}, {"distance": 1.6310379595315685, "on_path": 0, "source": 14, "target": 32}, {"distance": 0.7848596536349036, "on_path": 0, "source": 14, "target": 18}, {"distance": 0.5356315916384036, "on_path": 0, "source": 15, "target": 34}, {"distance": 1.3821890942855066, "on_path": 0, "source": 16, "target": 25}, {"distance": 0.3370326905570942, "on_path": 0, "source": 16, "target": 22}, {"distance": 1.295050540165533, "on_path": 0, "source": 17, "target": 32}, {"distance": 0.8094839077379085, "on_path": 1, "source": 17, "target": 23}, {"distance": 1.3193022002983457, "on_path": 0, "source": 18, "target": 29}, {"distance": 0.9351715658295799, "on_path": 0, "source": 18, "target": 38}, {"distance": 2.3344876306931956, "on_path": 0, "source": 19, "target": 37}, {"distance": 0.49709890201182966, "on_path": 0, "source": 19, "target": 38}, {"distance": 0.42148197291871703, "on_path": 0, "source": 20, "target": 36}, {"distance": 1.6815159574846286, "on_path": 0, "source": 20, "target": 27}, {"distance": 1.0663837907772873, "on_path": 0, "source": 21, "target": 24}, {"distance": 0.5825907950065965, "on_path": 0, "source": 22, "target": 30}, {"distance": 1.1500084342892072, "on_path": 0, "source": 23, "target": 25}, {"distance": 0.561701503965526, "on_path": 0, "source": 24, "target": 31}, {"distance": 1.2925283347583563, "on_path": 0, "source": 24, "target": 33}, {"distance": 0.9230411232664122, "on_path": 0, "source": 24, "target": 27}, {"distance": 1.1481760034051272, "on_path": 0, "source": 26, "target": 32}, {"distance": 0.4424482473820634, "on_path": 0, "source": 26, "target": 34}, {"distance": 0.9273438746726425, "on_path": 0, "source": 26, "target": 31}, {"distance": 0.4608479354083338, "on_path": 0, "source": 27, "target": 34}, {"distance": 1.0149852170452736, "on_path": 0, "source": 28, "target": 30}, {"distance": 0.8371296636597448, "on_path": 0, "source": 29, "target": 38}, {"distance": 0.9826306870810015, "on_path": 0, "source": 32, "target": 37}, {"distance": 0.9967629910863872, "on_path": 0, "source": 32, "target": 33}, {"distance": 1.9139601560620816, "on_path": 0, "source": 33, "target": 36}, {"distance": 1.5029195234216342, "on_path": 0, "source": 34, "target": 37}]}