{"directed": false, "multigraph": false, "graph": {}, "nodes": [{"node_features": [0.0, 0.0], "id": 0}, {"node_features": [0.0, 0.0], "id": 1}, {"node_features": [0.0, 0.0], "id": 2}, {"node_features": [0.0, 0.0], "id": 3}, {"node_features": [0.0, 0.0], "id": 4}, {"node_features": [0.0, 0.0], "id": 5}, {"node_features": [0.0, 0.0], "id": 6}, {"node_features": [0.0, 0.0], "id": 7}, {"node_features": [0.0, 0.0], "id": 8}, {"node_features": [0.0, 0.0], "id": 9}, {"node_features": [0.0, 0.0], "id": 10}, {"node_features": [0.0, 0.0], "id": 11}, {"node_features": [0.0, 0.0], "id": 12}, {"node_features": [0.0, 0.0], "id": 13}, {"node_features": [0.0, 1.0], "id": 14}, {"node_features": [0.0, 0.0], "id": 15}, {"node_features": [0.0, 0.0], "id": 16}, {"node_features": [0.0, 0.0], "id": 17}, {"node_features": [0.0, 0.0], "id": 18}, {"node_features": [0.0, 0.0], "id": 19}, {"node_features": [0.0, 0.0], "id": 20}, {"node_features": [0.0, 0.0], "id": 21}, {"node_features": [0.0, 0.0], "id": 22}, {"node_features": [0.0, 0.0], "id": 23}, {"node_features": [0.0, 0.0], "id": 24}, {"node_features": [0.0, 0.0], "id": 25}, {"node_features": [0.0, 0.0], "id": 26}, {"node_features": [1.0, 0.0], "id": 27}, {"node_features": [0.0, 0.0], "id": 28}], "links": [{"distance": 1.2968810544959835, "on_path": 0, "source": 0, "target": 14}, {"distance": 0.27836217676844105, "on_path": 0, "source": 0, "target": 23}, {"distance": 1.3855869507456122, "on_path": 0, "source": 0, "target": 18}, {"distance": 0.930735406624822, "on_path": 0, "source": 0, "target": 3}, {"distance": 1.7385719355468827, "on_path": 0, "source": 0, "target": 6}, {"distance": 0.7379221926365985, "on_path": 0, "source": 1, "target": 18}, {"distance": 0.7022782950608439, "on_path": 0, "source": 1, "target": 25}, {"distance": 0.5246331990704449, "on_path": 0, "source": 1, "target": 16}, {"distance": 1.4232272155407621, "on_path": 0, "source": 2, "target": 20}, {"distance": 1.064719156185416, "on_path": 0, "source": 2, "target": 5}, {"distance": 1.6630564902416949, "on_path": 0, "source": 2, "target": 27}, {"distance": 0.38796589138758875, "on_path": 1, "source": 3, "target": 14}, {"distance": 1.0085310936246328, "on_path": 1, "source": 3, "target": 12}, {"distance": 0.2698421887578639, "on_path": 0, "source": 4, "target": 11}, {"distance": 1.048103483245459, "on_path": 0, "source": 4, "target": 17}, {"distance": 1.1190682855385623, "on_path": 0, "source": 4, "target": 22}, {"distance": 1.272922257161506, "on_path": 0, "source": 5, "target": 26}, {"distance": 0.8789616124820238, "on_path": 0, "source": 5, "target": 22}, {"distance": 0.797266260784763, "on_path": 0, "source": 5, "target": 14}, {"distance": 0.7398027395780977, "on_path": 0, "source": 5, "target": 23}, {"distance": 0.5993034195565837, "on_path": 0, "source": 6, "target": 15}, {"distance": 0.63771938546528, "on_path": 0, "source": 7, "target": 17}, {"distance": 1.3961157829607054, "on_path": 0, "source": 7, "target": 14}, {"distance": 0.3356320201351422, "on_path": 0, "source": 7, "target": 28}, {"distance": 1.6127075815880763, "on_path": 0, "source": 7, "target": 13}, {"distance": 0.5216966786879357, "on_path": 0, "source": 8, "target": 15}, {"distance": 1.5778227204588406, "on_path": 0, "source": 8, "target": 19}, {"distance": 0.6719486405541656, "on_path": 0, "source": 8, "target": 27}, {"distance": 0.5767897176939022, "on_path": 0, "source": 8, "target": 26}, {"distance": 1.6492247211797253, "on_path": 0, "source": 9, "target": 23}, {"distance": 1.0611450765191073, "on_path": 0, "source": 9, "target": 27}, {"distance": 0.19562392673223286, "on_path": 0, "source": 9, "target": 24}, {"distance": 0.7469155080954127, "on_path": 0, "source": 10, "target": 13}, {"distance": 0.5527724803473127, "on_path": 0, "source": 10, "target": 22}, {"distance": 0.6597170569760856, "on_path": 0, "source": 10, "target": 17}, {"distance": 1.3465918332743843, "on_path": 0, "source": 10, "target": 18}, {"distance": 1.3765892508420268, "on_path": 0, "source": 11, "target": 22}, {"distance": 1.3528078421418108, "on_path": 0, "source": 11, "target": 27}, {"distance": 0.7146407821856856, "on_path": 0, "source": 12, "target": 23}, {"distance": 0.13888966051232637, "on_path": 1, "source": 12, "target": 20}, {"distance": 1.7650664528951416, "on_path": 0, "source": 13, "target": 23}, {"distance": 1.9397136511698003, "on_path": 0, "source": 13, "target": 28}, {"distance": 1.3267334498508467, "on_path": 0, "source": 13, "target": 19}, {"distance": 1.5400237314223784, "on_path": 0, "source": 14, "target": 18}, {"distance": 0.6943302271231584, "on_path": 0, "source": 15, "target": 24}, {"distance": 1.2464119410723031, "on_path": 0, "source": 15, "target": 22}, {"distance": 1.300752393315713, "on_path": 0, "source": 16, "target": 23}, {"distance": 0.5711171787630617, "on_path": 0, "source": 16, "target": 17}, {"distance": 1.3737408876172943, "on_path": 0, "source": 16, "target": 21}, {"distance": 1.078441868393299, "on_path": 0, "source": 17, "target": 21}, {"distance": 1.0224668470096032, "on_path": 0, "source": 19, "target": 27}, {"distance": 0.6768545854147001, "on_path": 0, "source": 20, "target": 26}, {"distance": 0.26562586805712657, "on_path": 1, "source": 20, "target": 27}, {"distance": 1.5709205879983672, "on_path": 0, "source": 21, "target": 22}, {"distance": 1.6164676469663466, "on_path": 0, "source": 22, "target": 28}, {"distance": 0.6879093811193563, "on_path": 0, "source": 23, "target": 28}, {"distance": 1.1696819714420457, "on_path": 0, "source": 24, "target": 27}, {"distance": 0.7829953632111879, "on_path": 0, "source": 25, "target": 28}]}