{"directed": false, "multigraph": false, "graph": {}, "nodes": [{"node_features": [0.0, 0.0], "id": 0}, {"node_features": [0.0, 0.0], "id": 1}, {"node_features": [0.0, 0.0], "id": 2}, {"node_features": [0.0, 1.0], "id": 3}, {"node_features": [0.0, 0.0], "id": 4}, {"node_features": [0.0, 0.0], "id": 5}, {"node_features": [0.0, 0.0], "id": 6}, {"node_features": [0.0, 0.0], "id": 7}, {"node_features": [0.0, 0.0], "id": 8}, {"node_features": [0.0, 0.0], "id": 9}, {"node_features": [0.0, 0.0], "id": 10}, {"node_features": [0.0, 0.0], "id": 11}, {"node_features": [0.0, 0.0], "id": 12}, {"node_features": [0.0, 0.0], "id": 13}, {"node_features": [0.0, 0.0], "id": 14}, {"node_features": [0.0, 0.0], "id": 15}, {"node_features": [0.0, 0.0], "id": 16}, {"node_features": [0.0, 0.0], "id": 17}, {"node_features": [0.0, 0.0], "id": 18}, {"node_features": [0.0, 0.0], "id": 19}, {"node_features": [0.0, 0.0], "id": 20}, {"node_features": [0.0, 0.0], "id": 21}, {"node_features": [1.0, 0.0], "id": 22}, {"node_features": [0.0, 0.0], "id": 23}, {"node_features": [0.0, 0.0], "id": 24}, {"node_features": [0.0, 0.0], "id": 25}, {"node_features": [0.0, 0.0], "id": 26}, {"node_features": [0.0, 0.0], "id": 27}, {"node_features": [0.0, 0.0], "id": 28}, {"node_features": [0.0, 0.0], "id": 29}, {"node_features": [0.0, 0.0], "id": 30}, {"node_features": [0.0, 0.0], "id": 31}, {"node_features": [0.0, 0.0], "id": 32}, {"node_features": [0.0, 0.0], "id": 33}, {"node_features": [0.0, 0.0], "id": 34}, {"node_features": [0.0, 0.0], "id": 35}, {"node_features": [0.0, 0.0], "id": 36}, {"node_features": [0.0, 0.0], "id": 37}, {"node_features": [0.0, 0.0], "id": 38}, {"node_features": [0.0, 0.0], "id": 39}, {"node_features": [0.0, 0.0], "id": 40}, {"node_features": [0.0, 0.0], "id": 41}, {"node_features": [0.0, 0.0], "id": 42}, {"node_features": [0.0, 0.0], "id": 43}, {"node_features": [0.0, 0.0], "id": 44}, {"node_features": [0.0, 0.0], "id": 45}, {"node_features": [0.0, 0.0], "id": 46}, {"node_features": [0.0, 0.0], "id": 47}, {"node_features": [0.0, 0.0], "id": 48}], "links": [{"distance": 2.2370000295159325, "on_path": 0, "source": 0, "target": 29}, {"distance": 1.5219348594869657, "on_path": 0, "source": 0, "target": 9}, {"distance": 0.7714751328175438, "on_path": 0, "source": 0, "target": 24}, {"distance": 1.5397274030096864, "on_path": 0, "source": 0, "target": 26}, {"distance": 1.3832540781876956, "on_path": 0, "source": 0, "target": 34}, {"distance": 1.2547662205081958, "on_path": 0, "source": 0, "target": 2}, {"distance": 0.5476059593321869, "on_path": 0, "source": 1, "target": 23}, {"distance": 1.6849737104447498, "on_path": 0, "source": 1, "target": 39}, {"distance": 1.7639201146514183, "on_path": 0, "source": 1, "target": 43}, {"distance": 1.7441604765664835, "on_path": 0, "source": 1, "target": 44}, {"distance": 0.781566817880182, "on_path": 0, "source": 1, "target": 18}, {"distance": 1.3657024906678028, "on_path": 0, "source": 2, "target": 38}, {"distance": 1.9545973361002837, "on_path": 0, "source": 2, "target": 20}, {"distance": 1.0623830908488534, "on_path": 0, "source": 3, "target": 33}, {"distance": 1.2173297046861182, "on_path": 1, "source": 3, "target": 19}, {"distance": 0.5793175483986905, "on_path": 0, "source": 3, "target": 13}, {"distance": 1.532393047847041, "on_path": 0, "source": 3, "target": 36}, {"distance": 0.413464336339865, "on_path": 1, "source": 4, "target": 22}, {"distance": 0.22479171929983596, "on_path": 1, "source": 4, "target": 46}, {"distance": 1.3431264794348414, "on_path": 0, "source": 4, "target": 41}, {"distance": 1.2313024644549198, "on_path": 0, "source": 4, "target": 44}, {"distance": 0.9533248514144123, "on_path": 0, "source": 5, "target": 26}, {"distance": 0.8258487255864181, "on_path": 0, "source": 5, "target": 20}, {"distance": 0.14734172054868674, "on_path": 0, "source": 5, "target": 44}, {"distance": 0.8471158968901062, "on_path": 0, "source": 6, "target": 27}, {"distance": 0.8813699318812062, "on_path": 0, "source": 6, "target": 10}, {"distance": 0.9900729207765052, "on_path": 0, "source": 6, "target": 17}, {"distance": 1.3913207766793456, "on_path": 0, "source": 6, "target": 45}, {"distance": 0.8545249712007496, "on_path": 0, "source": 6, "target": 15}, {"distance": 0.8190380892757394, "on_path": 0, "source": 6, "target": 28}, {"distance": 1.4532312881909932, "on_path": 0, "source": 7, "target": 39}, {"distance": 1.3035234188305778, "on_path": 0, "source": 7, "target": 32}, {"distance": 1.3986742687425449, "on_path": 0, "source": 7, "target": 37}, {"distance": 0.5258249908887557, "on_path": 0, "source": 7, "target": 33}, {"distance": 1.3203664459455409, "on_path": 0, "source": 8, "target": 42}, {"distance": 0.9531266824007916, "on_path": 0, "source": 8, "target": 23}, {"distance": 1.4316762244277312, "on_path": 0, "source": 8, "target": 22}, {"distance": 1.2105174360345545, "on_path": 0, "source": 8, "target": 26}, {"distance": 1.458752299263055, "on_path": 0, "source": 9, "target": 38}, {"distance": 1.30505800219093, "on_path": 0, "source": 10, "target": 30}, {"distance": 0.777991807482097, "on_path": 0, "source": 10, "target": 34}, {"distance": 0.5450502802507254, "on_path": 0, "source": 11, "target": 44}, {"distance": 1.5790010368242544, "on_path": 0, "source": 11, "target": 36}, {"distance": 0.40055250323254604, "on_path": 0, "source": 11, "target": 34}, {"distance": 1.5872955909782023, "on_path": 0, "source": 12, "target": 20}, {"distance": 1.3123629970574293, "on_path": 0, "source": 12, "target": 21}, {"distance": 1.5925160551594835, "on_path": 0, "source": 12, "target": 39}, {"distance": 0.8498271979304527, "on_path": 0, "source": 12, "target": 45}, {"distance": 0.9361319045676264, "on_path": 0, "source": 13, "target": 34}, {"distance": 0.8797900515116365, "on_path": 0, "source": 13, "target": 41}, {"distance": 1.7843411280313355, "on_path": 0, "source": 13, "target": 24}, {"distance": 1.8211054019279145, "on_path": 0, "source": 13, "target": 42}, {"distance": 1.768412612472867, "on_path": 0, "source": 14, "target": 29}, {"distance": 0.9095391504597845, "on_path": 0, "source": 14, "target": 18}, {"distance": 1.618914309451087, "on_path": 0, "source": 14, "target": 40}, {"distance": 1.084760187380629, "on_path": 0, "source": 14, "target": 20}, {"distance": 0.8491656305862795, "on_path": 0, "source": 14, "target": 30}, {"distance": 2.102009474351664, "on_path": 0, "source": 15, "target": 43}, {"distance": 0.632429280701409, "on_path": 0, "source": 15, "target": 33}, {"distance": 1.0018340911344505, "on_path": 0, "source": 15, "target": 34}, {"distance": 0.7322352873532667, "on_path": 0, "source": 15, "target": 42}, {"distance": 1.1460724795036283, "on_path": 0, "source": 15, "target": 28}, {"distance": 0.9170806506182319, "on_path": 0, "source": 16, "target": 27}, {"distance": 1.632572161979146, "on_path": 0, "source": 16, "target": 36}, {"distance": 0.1873650845473797, "on_path": 0, "source": 17, "target": 40}, {"distance": 1.4530764568755228, "on_path": 0, "source": 18, "target": 35}, {"distance": 1.8966353802378357, "on_path": 0, "source": 18, "target": 29}, {"distance": 0.7077528291594851, "on_path": 0, "source": 19, "target": 25}, {"distance": 1.1206111184732077, "on_path": 1, "source": 19, "target": 46}, {"distance": 1.6591909598235377, "on_path": 0, "source": 19, "target": 36}, {"distance": 1.3781030185451952, "on_path": 0, "source": 20, "target": 27}, {"distance": 0.6483851561965165, "on_path": 0, "source": 20, "target": 31}, {"distance": 1.0537402724613598, "on_path": 0, "source": 20, "target": 43}, {"distance": 1.0732686001927323, "on_path": 0, "source": 21, "target": 47}, {"distance": 0.08389126149876315, "on_path": 0, "source": 21, "target": 22}, {"distance": 1.4024474331949919, "on_path": 0, "source": 21, "target": 24}, {"distance": 1.1289438146529203, "on_path": 0, "source": 22, "target": 32}, {"distance": 0.519662407207571, "on_path": 0, "source": 23, "target": 28}, {"distance": 0.6332704931598248, "on_path": 0, "source": 24, "target": 42}, {"distance": 0.764404386346241, "on_path": 0, "source": 24, "target": 48}, {"distance": 0.5994330477172419, "on_path": 0, "source": 25, "target": 32}, {"distance": 0.36659357225526823, "on_path": 0, "source": 26, "target": 34}, {"distance": 0.7879593587398628, "on_path": 0, "source": 26, "target": 47}, {"distance": 0.4342302024120092, "on_path": 0, "source": 27, "target": 32}, {"distance": 0.9236263429957992, "on_path": 0, "source": 28, "target": 42}, {"distance": 0.49854125853465164, "on_path": 0, "source": 29, "target": 41}, {"distance": 0.4783989957389944, "on_path": 0, "source": 29, "target": 35}, {"distance": 0.8643045300497985, "on_path": 0, "source": 31, "target": 40}, {"distance": 0.3296147995412588, "on_path": 0, "source": 31, "target": 46}, {"distance": 0.9234545709190847, "on_path": 0, "source": 32, "target": 33}, {"distance": 0.8535543503681563, "on_path": 0, "source": 33, "target": 35}, {"distance": 1.1693106048553652, "on_path": 0, "source": 33, "target": 38}, {"distance": 0.17629789481308947, "on_path": 0, "source": 37, "target": 45}, {"distance": 1.5590466015496072, "on_path": 0, "source": 37, "target": 43}, {"distance": 1.8848266057383383, "on_path": 0, "source": 38, "target": 41}, {"distance": 1.565340611858214, "on_path": 0, "source": 39, "target": 40}, {"distance": 1.8896499563368254, "on_path": 0, "source": 41, "target": 47}, {"distance": 1.7731089881564992, "on_path": 0, "source": 41, "target": 48}]}