{"directed": false, "multigraph": false, "graph": {}, "nodes": [{"node_features": [0.0, 0.0], "id": 0}, {"node_features": [0.0, 0.0], "id": 1}, {"node_features": [0.0, 0.0], "id": 2}, {"node_features": [0.0, 0.0], "id": 3}, {"node_features": [0.0, 0.0], "id": 4}, {"node_features": [0.0, 0.0], "id": 5}, {"node_features": [0.0, 0.0], "id": 6}, {"node_features": [0.0, 0.0], "id": 7}, {"node_features": [0.0, 0.0], "id": 8}, {"node_features": [0.0, 0.0], "id": 9}, {"node_features": [0.0, 0.0], "id": 10}, {"node_features": [0.0, 0.0], "id": 11}, {"node_features": [0.0, 0.0], "id": 12}, {"node_features": [0.0, 0.0], "id": 13}, {"node_features": [0.0, 0.0], "id": 14}, {"node_features": [1.0, 0.0], "id": 15}, {"node_features": [0.0, 0.0], "id": 16}, {"node_features": [0.0, 0.0], "id": 17}, {"node_features": [0.0, 0.0], "id": 18}, {"node_features": [0.0, 0.0], "id": 19}, {"node_features": [0.0, 0.0], "id": 20}, {"node_features": [0.0, 0.0], "id": 21}, {"node_features": [0.0, 0.0], "id": 22}, {"node_features": [0.0, 0.0], "id": 23}, {"node_features": [0.0, 0.0], "id": 24}, {"node_features": [0.0, 0.0], "id": 25}, {"node_features": [0.0, 0.0], "id": 26}, {"node_features": [0.0, 0.0], "id": 27}, {"node_features": [0.0, 0.0], "id": 28}, {"node_features": [0.0, 0.0], "id": 29}, {"node_features": [0.0, 0.0], "id": 30}, {"node_features": [0.0, 0.0], "id": 31}, {"node_features": [0.0, 0.0], "id": 32}, {"node_features": [0.0, 0.0], "id": 33}, {"node_features": [0.0, 0.0], "id": 34}, {"node_features": [0.0, 0.0], "id": 35}, {"node_features": [0.0, 0.0], "id": 36}, {"node_features": [0.0, 0.0], "id": 37}, {"node_features": [0.0, 0.0], "id": 38}, {"node_features": [0.0, 0.0], "id": 39}, {"node_features": [0.0, 0.0], "id": 40}, {"node_features": [0.0, 0.0], "id": 41}, {"node_features": [0.0, 1.0], "id": 42}, {"node_features": [0.0, 0.0], "id": 43}, {"node_features": [0.0, 0.0], "id": 44}], "links": [{"distance": 0.8500745176647224, "on_path": 0, "source": 0, "target": 30}, {"distance": 0.20228043746301344, "on_path": 0, "source": 0, "target": 39}, {"distance": 1.7758884886057995, "on_path": 0, "source": 0, "target": 13}, {"distance": 0.8551489624044605, "on_path": 0, "source": 1, "target": 15}, {"distance": 0.9178498300918717, "on_path": 0, "source": 1, "target": 13}, {"distance": 0.9182185685721815, "on_path": 0, "source": 1, "target": 8}, {"distance": 0.3779497758980186, "on_path": 0, "source": 1, "target": 26}, {"distance": 1.2671126989565873, "on_path": 0, "source": 2, "target": 33}, {"distance": 0.5889978288159098, "on_path": 0, "source": 2, "target": 42}, {"distance": 0.528316131129253, "on_path": 0, "source": 2, "target": 38}, {"distance": 0.9437181847249941, "on_path": 0, "source": 2, "target": 35}, {"distance": 0.6107535598080762, "on_path": 0, "source": 3, "target": 24}, {"distance": 0.7007604529672518, "on_path": 0, "source": 3, "target": 4}, {"distance": 1.0165719138631104, "on_path": 0, "source": 3, "target": 20}, {"distance": 1.4544120075548588, "on_path": 0, "source": 3, "target": 33}, {"distance": 0.47511010460002173, "on_path": 0, "source": 3, "target": 19}, {"distance": 1.7775914043278862, "on_path": 0, "source": 4, "target": 33}, {"distance": 0.7502349441579372, "on_path": 0, "source": 5, "target": 28}, {"distance": 0.7953064110021256, "on_path": 0, "source": 5, "target": 14}, {"distance": 0.7647349257616909, "on_path": 0, "source": 6, "target": 12}, {"distance": 0.14515097168811028, "on_path": 0, "source": 6, "target": 30}, {"distance": 1.0588771581478704, "on_path": 0, "source": 6, "target": 8}, {"distance": 1.7848852071348673, "on_path": 0, "source": 6, "target": 16}, {"distance": 1.199234669558923, "on_path": 0, "source": 7, "target": 27}, {"distance": 1.4075754885315352, "on_path": 0, "source": 7, "target": 12}, {"distance": 1.6793287017556993, "on_path": 0, "source": 7, "target": 17}, {"distance": 2.089909818652947, "on_path": 0, "source": 7, "target": 23}, {"distance": 0.5637936657605226, "on_path": 0, "source": 7, "target": 20}, {"distance": 0.7648602958067158, "on_path": 0, "source": 8, "target": 14}, {"distance": 1.8974918847904003, "on_path": 0, "source": 8, "target": 11}, {"distance": 0.9384397015465038, "on_path": 0, "source": 9, "target": 29}, {"distance": 0.29185067879971877, "on_path": 0, "source": 9, "target": 39}, {"distance": 0.6214751751843275, "on_path": 0, "source": 9, "target": 24}, {"distance": 0.9205021943724587, "on_path": 0, "source": 10, "target": 16}, {"distance": 0.32274198132879406, "on_path": 0, "source": 10, "target": 43}, {"distance": 1.3010453712314871, "on_path": 0, "source": 11, "target": 22}, {"distance": 1.7336733004605909, "on_path": 0, "source": 11, "target": 41}, {"distance": 1.208953077986373, "on_path": 0, "source": 11, "target": 44}, {"distance": 0.49471563488224723, "on_path": 0, "source": 12, "target": 43}, {"distance": 1.3926679918249614, "on_path": 0, "source": 13, "target": 29}, {"distance": 1.5885905089212045, "on_path": 0, "source": 13, "target": 39}, {"distance": 0.660375116607035, "on_path": 0, "source": 14, "target": 36}, {"distance": 1.0428610952886936, "on_path": 0, "source": 14, "target": 18}, {"distance": 1.0987298015755942, "on_path": 0, "source": 14, "target": 27}, {"distance": 1.2774086362012855, "on_path": 0, "source": 15, "target": 34}, {"distance": 0.7558658761210781, "on_path": 0, "source": 15, "target": 37}, {"distance": 0.3166372466037062, "on_path": 1, "source": 15, "target": 22}, {"distance": 0.10059778002078784, "on_path": 0, "source": 16, "target": 41}, {"distance": 1.4236079244520177, "on_path": 0, "source": 16, "target": 26}, {"distance": 1.8916802123852934, "on_path": 0, "source": 16, "target": 40}, {"distance": 1.601458969456269, "on_path": 0, "source": 16, "target": 17}, {"distance": 1.133733254439266, "on_path": 0, "source": 17, "target": 22}, {"distance": 0.4451152940791582, "on_path": 0, "source": 17, "target": 23}, {"distance": 1.427514765135792, "on_path": 0, "source": 18, "target": 32}, {"distance": 0.8226592976808278, "on_path": 0, "source": 18, "target": 31}, {"distance": 0.8691046226647261, "on_path": 0, "source": 18, "target": 26}, {"distance": 0.5954110613910484, "on_path": 0, "source": 19, "target": 35}, {"distance": 0.5622928261319666, "on_path": 0, "source": 19, "target": 32}, {"distance": 1.0481541602489028, "on_path": 0, "source": 19, "target": 24}, {"distance": 1.8527928585601583, "on_path": 0, "source": 20, "target": 34}, {"distance": 2.3899589863573723, "on_path": 0, "source": 20, "target": 33}, {"distance": 1.0280701335888052, "on_path": 0, "source": 21, "target": 24}, {"distance": 0.6056182804659757, "on_path": 0, "source": 21, "target": 35}, {"distance": 0.6485566593511644, "on_path": 0, "source": 21, "target": 38}, {"distance": 0.5431625745358291, "on_path": 1, "source": 22, "target": 43}, {"distance": 1.7112385735677857, "on_path": 0, "source": 23, "target": 27}, {"distance": 0.7714638893710365, "on_path": 0, "source": 23, "target": 36}, {"distance": 1.6331378994480297, "on_path": 0, "source": 24, "target": 35}, {"distance": 0.8022238600371917, "on_path": 0, "source": 24, "target": 34}, {"distance": 1.081263092763312, "on_path": 0, "source": 24, "target": 29}, {"distance": 0.5559248295144068, "on_path": 1, "source": 24, "target": 36}, {"distance": 0.493747117832391, "on_path": 1, "source": 24, "target": 43}, {"distance": 0.9295289702070326, "on_path": 0, "source": 25, "target": 36}, {"distance": 1.7682804661506888, "on_path": 0, "source": 25, "target": 44}, {"distance": 0.6014508067007125, "on_path": 0, "source": 26, "target": 30}, {"distance": 0.8550511713545378, "on_path": 0, "source": 26, "target": 40}, {"distance": 1.4171330043578687, "on_path": 0, "source": 27, "target": 36}, {"distance": 1.0515785824948347, "on_path": 0, "source": 28, "target": 42}, {"distance": 0.15606510219811628, "on_path": 0, "source": 28, "target": 35}, {"distance": 0.6221570801914355, "on_path": 0, "source": 29, "target": 41}, {"distance": 0.4959963975549406, "on_path": 0, "source": 30, "target": 43}, {"distance": 1.1943490666311911, "on_path": 0, "source": 30, "target": 37}, {"distance": 0.6911591459481669, "on_path": 1, "source": 31, "target": 36}, {"distance": 1.0521116967371855, "on_path": 1, "source": 31, "target": 42}, {"distance": 0.7742187670302549, "on_path": 0, "source": 32, "target": 40}, {"distance": 0.31388220483723783, "on_path": 0, "source": 32, "target": 38}, {"distance": 1.361583136872918, "on_path": 0, "source": 34, "target": 35}, {"distance": 1.1513827340195373, "on_path": 0, "source": 34, "target": 44}, {"distance": 1.6421273101329223, "on_path": 0, "source": 37, "target": 41}, {"distance": 1.1276296265112349, "on_path": 0, "source": 38, "target": 44}]}