{"directed": false, "multigraph": false, "graph": {}, "nodes": [{"node_features": [0.0, 0.0], "id": 0}, {"node_features": [0.0, 0.0], "id": 1}, {"node_features": [0.0, 0.0], "id": 2}, {"node_features": [0.0, 0.0], "id": 3}, {"node_features": [0.0, 0.0], "id": 4}, {"node_features": [0.0, 0.0], "id": 5}, {"node_features": [0.0, 0.0], "id": 6}, {"node_features": [0.0, 0.0], "id": 7}, {"node_features": [0.0, 0.0], "id": 8}, {"node_features": [0.0, 0.0], "id": 9}, {"node_features": [0.0, 0.0], "id": 10}, {"node_features": [0.0, 0.0], "id": 11}, {"node_features": [0.0, 0.0], "id": 12}, {"node_features": [0.0, 0.0], "id": 13}, {"node_features": [0.0, 0.0], "id": 14}, {"node_features": [0.0, 0.0], "id": 15}, {"node_features": [0.0, 0.0], "id": 16}, {"node_features": [0.0, 0.0], "id": 17}, {"node_features": [0.0, 0.0], "id": 18}, {"node_features": [0.0, 0.0], "id": 19}, {"node_features": [0.0, 1.0], "id": 20}, {"node_features": [0.0, 0.0], "id": 21}, {"node_features": [0.0, 0.0], "id": 22}, {"node_features": [0.0, 0.0], "id": 23}, {"node_features": [0.0, 0.0], "id": 24}, {"node_features": [0.0, 0.0], "id": 25}, {"node_features": [0.0, 0.0], "id": 26}, {"node_features": [0.0, 0.0], "id": 27}, {"node_features": [0.0, 0.0], "id": 28}, {"node_features": [0.0, 0.0], "id": 29}, {"node_features": [0.0, 0.0], "id": 30}, {"node_features": [0.0, 0.0], "id": 31}, {"node_features": [0.0, 0.0], "id": 32}, {"node_features": [0.0, 0.0], "id": 33}, {"node_features": [0.0, 0.0], "id": 34}, {"node_features": [0.0, 0.0], "id": 35}, {"node_features": [0.0, 0.0], "id": 36}, {"node_features": [0.0, 0.0], "id": 37}, {"node_features": [0.0, 0.0], "id": 38}, {"node_features": [1.0, 0.0], "id": 39}, {"node_features": [0.0, 0.0], "id": 40}], "links": [{"distance": 1.268834185050441, "on_path": 0, "source": 0, "target": 14}, {"distance": 0.5599404927006092, "on_path": 0, "source": 0, "target": 9}, {"distance": 2.0218995766514847, "on_path": 0, "source": 0, "target": 18}, {"distance": 0.7560180798804579, "on_path": 0, "source": 0, "target": 24}, {"distance": 0.9162063465412984, "on_path": 0, "source": 1, "target": 31}, {"distance": 1.0061080779260287, "on_path": 0, "source": 1, "target": 16}, {"distance": 0.17563358930267764, "on_path": 0, "source": 1, "target": 24}, {"distance": 0.8653457458932162, "on_path": 0, "source": 1, "target": 19}, {"distance": 0.44632630649409943, "on_path": 1, "source": 2, "target": 36}, {"distance": 1.336308117442849, "on_path": 1, "source": 2, "target": 20}, {"distance": 0.20555999557774807, "on_path": 0, "source": 2, "target": 8}, {"distance": 1.5864575739580138, "on_path": 0, "source": 2, "target": 28}, {"distance": 2.0996397467415586, "on_path": 0, "source": 3, "target": 34}, {"distance": 1.9388611252833472, "on_path": 0, "source": 3, "target": 21}, {"distance": 0.46865240863285385, "on_path": 0, "source": 3, "target": 12}, {"distance": 1.7271943413172464, "on_path": 0, "source": 4, "target": 39}, {"distance": 0.48862725312729866, "on_path": 0, "source": 4, "target": 17}, {"distance": 0.7549514338675407, "on_path": 0, "source": 4, "target": 30}, {"distance": 1.1722491753840096, "on_path": 0, "source": 4, "target": 9}, {"distance": 0.8396555721755531, "on_path": 0, "source": 4, "target": 33}, {"distance": 1.8569125975902667, "on_path": 0, "source": 5, "target": 31}, {"distance": 0.84711381850003, "on_path": 0, "source": 5, "target": 38}, {"distance": 0.0444634566484827, "on_path": 0, "source": 5, "target": 39}, {"distance": 0.7122152885551611, "on_path": 0, "source": 6, "target": 26}, {"distance": 0.9758922872876639, "on_path": 0, "source": 6, "target": 13}, {"distance": 1.295689741951569, "on_path": 0, "source": 6, "target": 23}, {"distance": 0.5716856727784152, "on_path": 0, "source": 6, "target": 17}, {"distance": 1.5979211288045985, "on_path": 0, "source": 7, "target": 32}, {"distance": 1.8965808647919102, "on_path": 0, "source": 7, "target": 22}, {"distance": 1.8001609546625343, "on_path": 0, "source": 7, "target": 25}, {"distance": 1.6120078551686774, "on_path": 0, "source": 7, "target": 37}, {"distance": 1.2751124878021283, "on_path": 0, "source": 8, "target": 12}, {"distance": 2.0992987026477605, "on_path": 0, "source": 8, "target": 19}, {"distance": 1.4644499039763177, "on_path": 0, "source": 8, "target": 20}, {"distance": 1.9851293402318746, "on_path": 0, "source": 8, "target": 25}, {"distance": 1.1940667974062016, "on_path": 0, "source": 9, "target": 10}, {"distance": 0.46063049720283894, "on_path": 0, "source": 9, "target": 26}, {"distance": 0.3582239751912253, "on_path": 0, "source": 10, "target": 17}, {"distance": 0.7248736575012852, "on_path": 0, "source": 10, "target": 11}, {"distance": 1.4422482722998866, "on_path": 0, "source": 10, "target": 30}, {"distance": 1.7866673358405996, "on_path": 0, "source": 10, "target": 18}, {"distance": 1.015853873423162, "on_path": 0, "source": 11, "target": 34}, {"distance": 1.408120769532731, "on_path": 0, "source": 11, "target": 32}, {"distance": 0.40510695211291087, "on_path": 0, "source": 11, "target": 15}, {"distance": 0.5661122380088983, "on_path": 0, "source": 11, "target": 35}, {"distance": 1.1174918375862035, "on_path": 0, "source": 12, "target": 25}, {"distance": 0.8372592102470939, "on_path": 0, "source": 12, "target": 27}, {"distance": 1.3744677723799887, "on_path": 0, "source": 12, "target": 31}, {"distance": 0.2023934247584582, "on_path": 0, "source": 12, "target": 33}, {"distance": 1.0740441512778047, "on_path": 0, "source": 12, "target": 38}, {"distance": 0.9767288691377912, "on_path": 0, "source": 12, "target": 32}, {"distance": 0.93443299233688, "on_path": 0, "source": 12, "target": 37}, {"distance": 2.0935150904639426, "on_path": 0, "source": 13, "target": 20}, {"distance": 1.516451290675517, "on_path": 0, "source": 14, "target": 29}, {"distance": 1.818876556605905, "on_path": 0, "source": 14, "target": 32}, {"distance": 1.914126594518552, "on_path": 0, "source": 15, "target": 18}, {"distance": 0.8771028265305899, "on_path": 0, "source": 15, "target": 27}, {"distance": 0.5939526495205423, "on_path": 0, "source": 16, "target": 34}, {"distance": 1.962644791340767, "on_path": 0, "source": 18, "target": 39}, {"distance": 1.9318133834483326, "on_path": 0, "source": 19, "target": 40}, {"distance": 1.0310929060877645, "on_path": 0, "source": 19, "target": 24}, {"distance": 1.5476811177051955, "on_path": 0, "source": 19, "target": 31}, {"distance": 1.1071354645031692, "on_path": 0, "source": 20, "target": 24}, {"distance": 1.610327321063323, "on_path": 0, "source": 20, "target": 37}, {"distance": 1.514481145408841, "on_path": 0, "source": 21, "target": 30}, {"distance": 1.6920372865121354, "on_path": 0, "source": 22, "target": 23}, {"distance": 1.5469015051146005, "on_path": 0, "source": 23, "target": 35}, {"distance": 0.7942330572314592, "on_path": 0, "source": 23, "target": 24}, {"distance": 1.3671691188904749, "on_path": 0, "source": 23, "target": 26}, {"distance": 0.5082510875987142, "on_path": 0, "source": 23, "target": 27}, {"distance": 0.48968079518158425, "on_path": 0, "source": 25, "target": 32}, {"distance": 0.6571003669903259, "on_path": 0, "source": 26, "target": 29}, {"distance": 0.7869047437008438, "on_path": 0, "source": 26, "target": 36}, {"distance": 0.28688046025749886, "on_path": 1, "source": 27, "target": 36}, {"distance": 1.9051903495856501, "on_path": 1, "source": 27, "target": 39}, {"distance": 1.3955782082747674, "on_path": 0, "source": 28, "target": 35}, {"distance": 1.7471168398611898, "on_path": 0, "source": 29, "target": 39}, {"distance": 1.7102068543047955, "on_path": 0, "source": 29, "target": 30}, {"distance": 1.610568906467045, "on_path": 0, "source": 30, "target": 34}, {"distance": 1.307282393776644, "on_path": 0, "source": 33, "target": 40}, {"distance": 1.9314748919386493, "on_path": 0, "source": 34, "target": 38}, {"distance": 1.406341951561183, "on_path": 0, "source": 35, "target": 39}]}