{"directed": false, "multigraph": false, "graph": {}, "nodes": [{"node_features": [0.0, 0.0], "id": 0}, {"node_features": [0.0, 0.0], "id": 1}, {"node_features": [1.0, 0.0], "id": 2}, {"node_features": [0.0, 0.0], "id": 3}, {"node_features": [0.0, 0.0], "id": 4}, {"node_features": [0.0, 0.0], "id": 5}, {"node_features": [0.0, 0.0], "id": 6}, {"node_features": [0.0, 0.0], "id": 7}, {"node_features": [0.0, 0.0], "id": 8}, {"node_features": [0.0, 0.0], "id": 9}, {"node_features": [0.0, 0.0], "id": 10}, {"node_features": [0.0, 0.0], "id": 11}, {"node_features": [0.0, 1.0], "id": 12}, {"node_features": [0.0, 0.0], "id": 13}, {"node_features": [0.0, 0.0], "id": 14}, {"node_features": [0.0, 0.0], "id": 15}, {"node_features": [0.0, 0.0], "id": 16}, {"node_features": [0.0, 0.0], "id": 17}, {"node_features": [0.0, 0.0], "id": 18}, {"node_features": [0.0, 0.0], "id": 19}, {"node_features": [0.0, 0.0], "id": 20}, {"node_features": [0.0, 0.0], "id": 21}, {"node_features": [0.0, 0.0], "id": 22}, {"node_features": [0.0, 0.0], "id": 23}], "links": [{"distance": 0.9826149848175745, "on_path": 0, "source": 0, "target": 15}, {"distance": 0.6101262340139362, "on_path": 0, "source": 0, "target": 7}, {"distance": 1.3650870496738543, "on_path": 0, "source": 0, "target": 8}, {"distance": 0.4638830239796394, "on_path": 0, "source": 0, "target": 14}, {"distance": 1.2172015390714348, "on_path": 0, "source": 0, "target": 20}, {"distance": 1.9842924315347543, "on_path": 0, "source": 1, "target": 12}, {"distance": 0.8858118282519457, "on_path": 0, "source": 1, "target": 9}, {"distance": 1.6185560722611496, "on_path": 0, "source": 1, "target": 10}, {"distance": 1.4351304291468139, "on_path": 0, "source": 1, "target": 11}, {"distance": 1.2498375577415495, "on_path": 1, "source": 2, "target": 11}, {"distance": 1.2889439803320197, "on_path": 0, "source": 2, "target": 13}, {"distance": 0.35104416618808904, "on_path": 0, "source": 2, "target": 8}, {"distance": 0.6958482571376563, "on_path": 1, "source": 3, "target": 6}, {"distance": 0.5674069771800373, "on_path": 1, "source": 3, "target": 11}, {"distance": 1.1189453564631162, "on_path": 0, "source": 4, "target": 9}, {"distance": 0.7313622138613095, "on_path": 0, "source": 4, "target": 13}, {"distance": 0.877293743973786, "on_path": 0, "source": 5, "target": 19}, {"distance": 1.7152059721027828, "on_path": 0, "source": 5, "target": 8}, {"distance": 0.9377706709682201, "on_path": 0, "source": 5, "target": 9}, {"distance": 1.702578527585778, "on_path": 0, "source": 5, "target": 15}, {"distance": 0.2367685710708544, "on_path": 0, "source": 5, "target": 17}, {"distance": 1.1334381760634697, "on_path": 0, "source": 6, "target": 9}, {"distance": 0.885021045104598, "on_path": 0, "source": 6, "target": 23}, {"distance": 1.3697529266756192, "on_path": 0, "source": 6, "target": 21}, {"distance": 0.8454861766204075, "on_path": 1, "source": 6, "target": 12}, {"distance": 1.2364544337547705, "on_path": 0, "source": 7, "target": 15}, {"distance": 1.6556346652427758, "on_path": 0, "source": 7, "target": 13}, {"distance": 1.4762475384525888, "on_path": 0, "source": 7, "target": 19}, {"distance": 1.048711791136586, "on_path": 0, "source": 8, "target": 9}, {"distance": 1.703437747233299, "on_path": 0, "source": 8, "target": 10}, {"distance": 1.4530301043782454, "on_path": 0, "source": 9, "target": 21}, {"distance": 1.280105368875915, "on_path": 0, "source": 9, "target": 22}, {"distance": 0.6568398841615817, "on_path": 0, "source": 9, "target": 23}, {"distance": 1.5446836187421689, "on_path": 0, "source": 11, "target": 15}, {"distance": 0.7501873404626942, "on_path": 0, "source": 11, "target": 19}, {"distance": 0.4041717828519913, "on_path": 0, "source": 11, "target": 18}, {"distance": 1.1240105576020705, "on_path": 0, "source": 12, "target": 22}, {"distance": 0.22336472346950725, "on_path": 0, "source": 13, "target": 17}, {"distance": 0.8117655548347402, "on_path": 0, "source": 13, "target": 23}, {"distance": 0.6081418562789629, "on_path": 0, "source": 14, "target": 17}, {"distance": 0.8330581099779039, "on_path": 0, "source": 14, "target": 22}, {"distance": 0.7622852908080323, "on_path": 0, "source": 16, "target": 21}, {"distance": 1.734131503026906, "on_path": 0, "source": 16, "target": 17}, {"distance": 1.4942846707698616, "on_path": 0, "source": 18, "target": 21}, {"distance": 1.0848079785947162, "on_path": 0, "source": 18, "target": 19}, {"distance": 0.7659101896996136, "on_path": 0, "source": 19, "target": 22}, {"distance": 1.1086229489545187, "on_path": 0, "source": 20, "target": 23}, {"distance": 0.6105777409738781, "on_path": 0, "source": 20, "target": 21}]}