{"directed": false, "multigraph": false, "graph": {}, "nodes": [{"node_features": [0.0, 0.0], "id": 0}, {"node_features": [0.0, 0.0], "id": 1}, {"node_features": [0.0, 0.0], "id": 2}, {"node_features": [0.0, 0.0], "id": 3}, {"node_features": [0.0, 0.0], "id": 4}, {"node_features": [1.0, 0.0], "id": 5}, {"node_features": [0.0, 0.0], "id": 6}, {"node_features": [0.0, 0.0], "id": 7}, {"node_features": [0.0, 0.0], "id": 8}, {"node_features": [0.0, 0.0], "id": 9}, {"node_features": [0.0, 0.0], "id": 10}, {"node_features": [0.0, 0.0], "id": 11}, {"node_features": [0.0, 0.0], "id": 12}, {"node_features": [0.0, 1.0], "id": 13}, {"node_features": [0.0, 0.0], "id": 14}, {"node_features": [0.0, 0.0], "id": 15}, {"node_features": [0.0, 0.0], "id": 16}, {"node_features": [0.0, 0.0], "id": 17}, {"node_features": [0.0, 0.0], "id": 18}, {"node_features": [0.0, 0.0], "id": 19}, {"node_features": [0.0, 0.0], "id": 20}, {"node_features": [0.0, 0.0], "id": 21}, {"node_features": [0.0, 0.0], "id": 22}, {"node_features": [0.0, 0.0], "id": 23}, {"node_features": [0.0, 0.0], "id": 24}, {"node_features": [0.0, 0.0], "id": 25}, {"node_features": [0.0, 0.0], "id": 26}, {"node_features": [0.0, 0.0], "id": 27}], "links": [{"distance": 1.457425365571389, "on_path": 0, "source": 0, "target": 18}, {"distance": 0.7964236208179781, "on_path": 0, "source": 0, "target": 7}, {"distance": 0.22145510341592184, "on_path": 0, "source": 1, "target": 7}, {"distance": 0.36739380436132024, "on_path": 0, "source": 1, "target": 23}, {"distance": 1.128985320517341, "on_path": 0, "source": 2, "target": 10}, {"distance": 1.1565291318738988, "on_path": 0, "source": 2, "target": 6}, {"distance": 0.6337482942790076, "on_path": 0, "source": 2, "target": 15}, {"distance": 1.720409281844201, "on_path": 0, "source": 3, "target": 12}, {"distance": 0.7322369778691017, "on_path": 0, "source": 3, "target": 21}, {"distance": 0.5054360661386352, "on_path": 1, "source": 4, "target": 18}, {"distance": 0.554350230340456, "on_path": 1, "source": 4, "target": 19}, {"distance": 0.7172989187975836, "on_path": 0, "source": 4, "target": 25}, {"distance": 0.8052935533035511, "on_path": 0, "source": 5, "target": 22}, {"distance": 0.29538574612667157, "on_path": 1, "source": 5, "target": 18}, {"distance": 2.0910867420143164, "on_path": 0, "source": 5, "target": 10}, {"distance": 0.7401685730222576, "on_path": 0, "source": 6, "target": 21}, {"distance": 1.8054312482416133, "on_path": 0, "source": 6, "target": 26}, {"distance": 0.9901967279221496, "on_path": 0, "source": 6, "target": 7}, {"distance": 1.4876162450337864, "on_path": 0, "source": 6, "target": 13}, {"distance": 0.4626933442233322, "on_path": 0, "source": 6, "target": 24}, {"distance": 1.3868709030373967, "on_path": 0, "source": 7, "target": 24}, {"distance": 0.506981151774219, "on_path": 0, "source": 7, "target": 17}, {"distance": 0.750327770582564, "on_path": 0, "source": 7, "target": 10}, {"distance": 0.5584522588021461, "on_path": 0, "source": 7, "target": 23}, {"distance": 0.7985737056497985, "on_path": 0, "source": 8, "target": 23}, {"distance": 0.8918856340172181, "on_path": 0, "source": 8, "target": 22}, {"distance": 1.3704932069648301, "on_path": 0, "source": 8, "target": 19}, {"distance": 0.9291103609740661, "on_path": 0, "source": 8, "target": 15}, {"distance": 1.6989496985344692, "on_path": 0, "source": 8, "target": 27}, {"distance": 1.3611307711770086, "on_path": 0, "source": 9, "target": 16}, {"distance": 0.9466890828062544, "on_path": 0, "source": 9, "target": 23}, {"distance": 1.916925331065357, "on_path": 0, "source": 9, "target": 27}, {"distance": 0.19668937428476674, "on_path": 0, "source": 10, "target": 23}, {"distance": 1.6338707730718298, "on_path": 0, "source": 10, "target": 22}, {"distance": 1.4495526713729106, "on_path": 0, "source": 11, "target": 26}, {"distance": 1.6476402714360026, "on_path": 0, "source": 11, "target": 22}, {"distance": 1.3781555605649811, "on_path": 0, "source": 12, "target": 17}, {"distance": 0.16430484331243006, "on_path": 0, "source": 12, "target": 22}, {"distance": 1.1432704114757244, "on_path": 0, "source": 12, "target": 14}, {"distance": 0.41863190571597686, "on_path": 0, "source": 12, "target": 16}, {"distance": 0.8594392712046275, "on_path": 0, "source": 13, "target": 21}, {"distance": 1.1544272199368224, "on_path": 1, "source": 13, "target": 19}, {"distance": 1.7681348214172596, "on_path": 0, "source": 14, "target": 24}, {"distance": 0.7247626027352876, "on_path": 0, "source": 14, "target": 15}, {"distance": 1.315179842334946, "on_path": 0, "source": 14, "target": 20}, {"distance": 1.753195090159991, "on_path": 0, "source": 14, "target": 27}, {"distance": 1.0970259486345766, "on_path": 0, "source": 15, "target": 24}, {"distance": 0.8365825363492407, "on_path": 0, "source": 16, "target": 25}, {"distance": 0.37820565373271275, "on_path": 0, "source": 16, "target": 19}, {"distance": 1.0301712560846708, "on_path": 0, "source": 16, "target": 17}, {"distance": 1.407305882372776, "on_path": 0, "source": 17, "target": 18}, {"distance": 2.043461729926985, "on_path": 0, "source": 18, "target": 26}, {"distance": 1.2294444176944594, "on_path": 0, "source": 18, "target": 20}, {"distance": 1.8783399128624214, "on_path": 0, "source": 20, "target": 25}, {"distance": 1.9519007502231283, "on_path": 0, "source": 21, "target": 26}, {"distance": 1.5688485466648552, "on_path": 0, "source": 22, "target": 26}]}