{"directed": false, "multigraph": false, "graph": {}, "nodes": [{"node_features": [0.0, 0.0], "id": 0}, {"node_features": [0.0, 0.0], "id": 1}, {"node_features": [1.0, 0.0], "id": 2}, {"node_features": [0.0, 0.0], "id": 3}, {"node_features": [0.0, 0.0], "id": 4}, {"node_features": [0.0, 0.0], "id": 5}, {"node_features": [0.0, 0.0], "id": 6}, {"node_features": [0.0, 0.0], "id": 7}, {"node_features": [0.0, 0.0], "id": 8}, {"node_features": [0.0, 0.0], "id": 9}, {"node_features": [0.0, 0.0], "id": 10}, {"node_features": [0.0, 0.0], "id": 11}, {"node_features": [0.0, 0.0], "id": 12}, {"node_features": [0.0, 0.0], "id": 13}, {"node_features": [0.0, 0.0], "id": 14}, {"node_features": [0.0, 0.0], "id": 15}, {"node_features": [0.0, 0.0], "id": 16}, {"node_features": [0.0, 0.0], "id": 17}, {"node_features": [0.0, 0.0], "id": 18}, {"node_features": [0.0, 0.0], "id": 19}, {"node_features": [0.0, 0.0], "id": 20}, {"node_features": [0.0, 1.0], "id": 21}, {"node_features": [0.0, 0.0], "id": 22}, {"node_features": [0.0, 0.0], "id": 23}, {"node_features": [0.0, 0.0], "id": 24}, {"node_features": [0.0, 0.0], "id": 25}, {"node_features": [0.0, 0.0], "id": 26}, {"node_features": [0.0, 0.0], "id": 27}, {"node_features": [0.0, 0.0], "id": 28}, {"node_features": [0.0, 0.0], "id": 29}, {"node_features": [0.0, 0.0], "id": 30}], "links": [{"distance": 2.0636489280473445, "on_path": 0, "source": 0, "target": 9}, {"distance": 1.0757902551922855, "on_path": 0, "source": 0, "target": 19}, {"distance": 0.9598223790470474, "on_path": 0, "source": 0, "target": 11}, {"distance": 1.1870965746821402, "on_path": 0, "source": 0, "target": 5}, {"distance": 1.5926001827308716, "on_path": 0, "source": 1, "target": 6}, {"distance": 2.2983033134511177, "on_path": 0, "source": 1, "target": 28}, {"distance": 1.3147657454809811, "on_path": 0, "source": 1, "target": 10}, {"distance": 0.730259201126721, "on_path": 1, "source": 2, "target": 11}, {"distance": 1.4805826724477629, "on_path": 0, "source": 2, "target": 17}, {"distance": 1.6153150103781848, "on_path": 0, "source": 2, "target": 26}, {"distance": 1.807399993651966, "on_path": 0, "source": 3, "target": 21}, {"distance": 1.7639939001996545, "on_path": 0, "source": 3, "target": 4}, {"distance": 2.16288346643045, "on_path": 0, "source": 3, "target": 22}, {"distance": 1.875092693328627, "on_path": 0, "source": 3, "target": 26}, {"distance": 0.14235539485175602, "on_path": 0, "source": 4, "target": 8}, {"distance": 0.9282758114543699, "on_path": 0, "source": 4, "target": 10}, {"distance": 1.5131955753291466, "on_path": 0, "source": 4, "target": 14}, {"distance": 0.4663029505995989, "on_path": 0, "source": 4, "target": 27}, {"distance": 0.6372485757353704, "on_path": 0, "source": 5, "target": 16}, {"distance": 0.8740240813288884, "on_path": 0, "source": 5, "target": 30}, {"distance": 0.5561683490716318, "on_path": 0, "source": 5, "target": 25}, {"distance": 1.4109926686196366, "on_path": 0, "source": 6, "target": 17}, {"distance": 2.1139612056135793, "on_path": 0, "source": 6, "target": 24}, {"distance": 1.487247678250406, "on_path": 0, "source": 6, "target": 14}, {"distance": 1.692842826322759, "on_path": 0, "source": 7, "target": 13}, {"distance": 1.046388035966632, "on_path": 0, "source": 7, "target": 21}, {"distance": 1.9368775857311038, "on_path": 0, "source": 7, "target": 17}, {"distance": 1.5959556890839155, "on_path": 0, "source": 7, "target": 14}, {"distance": 0.6911659437545806, "on_path": 0, "source": 8, "target": 25}, {"distance": 1.6199728098613144, "on_path": 0, "source": 8, "target": 17}, {"distance": 1.3370207915944887, "on_path": 0, "source": 9, "target": 12}, {"distance": 2.1163583596842126, "on_path": 0, "source": 9, "target": 28}, {"distance": 1.3961839544492545, "on_path": 0, "source": 10, "target": 17}, {"distance": 0.802581579410825, "on_path": 0, "source": 11, "target": 19}, {"distance": 0.4523977679155909, "on_path": 0, "source": 11, "target": 12}, {"distance": 0.222228065766067, "on_path": 1, "source": 11, "target": 23}, {"distance": 0.7856505129342591, "on_path": 0, "source": 11, "target": 30}, {"distance": 0.8897335170983377, "on_path": 0, "source": 11, "target": 15}, {"distance": 1.4102687293091336, "on_path": 0, "source": 12, "target": 13}, {"distance": 1.5275314532197397, "on_path": 0, "source": 13, "target": 30}, {"distance": 1.9578220698265814, "on_path": 0, "source": 13, "target": 28}, {"distance": 1.198612861414514, "on_path": 0, "source": 13, "target": 25}, {"distance": 0.3545178810418199, "on_path": 0, "source": 14, "target": 18}, {"distance": 1.6680208758037762, "on_path": 0, "source": 14, "target": 19}, {"distance": 0.21917576717244036, "on_path": 0, "source": 14, "target": 20}, {"distance": 1.7644251402831184, "on_path": 0, "source": 14, "target": 22}, {"distance": 1.2758342106196283, "on_path": 0, "source": 15, "target": 26}, {"distance": 1.232710486092926, "on_path": 0, "source": 15, "target": 29}, {"distance": 0.47492805154136675, "on_path": 0, "source": 16, "target": 23}, {"distance": 0.9702972593656616, "on_path": 0, "source": 16, "target": 26}, {"distance": 1.4120308472803629, "on_path": 0, "source": 16, "target": 22}, {"distance": 0.6844005966724956, "on_path": 0, "source": 18, "target": 29}, {"distance": 1.8772635714874413, "on_path": 0, "source": 19, "target": 20}, {"distance": 2.044143115116517, "on_path": 0, "source": 20, "target": 27}, {"distance": 1.5262463182468513, "on_path": 0, "source": 20, "target": 30}, {"distance": 1.6378087781243484, "on_path": 0, "source": 21, "target": 28}, {"distance": 2.052445763131834, "on_path": 1, "source": 21, "target": 29}, {"distance": 0.8091824811812125, "on_path": 1, "source": 23, "target": 29}, {"distance": 1.1795331034880918, "on_path": 0, "source": 23, "target": 24}, {"distance": 2.127538154739474, "on_path": 0, "source": 24, "target": 26}, {"distance": 1.2032531860754365, "on_path": 0, "source": 26, "target": 28}, {"distance": 0.9461078548769194, "on_path": 0, "source": 27, "target": 30}]}