{"directed": false, "multigraph": false, "graph": {}, "nodes": [{"node_features": [0.0, 0.0], "id": 0}, {"node_features": [0.0, 0.0], "id": 1}, {"node_features": [0.0, 0.0], "id": 2}, {"node_features": [0.0, 0.0], "id": 3}, {"node_features": [0.0, 0.0], "id": 4}, {"node_features": [0.0, 0.0], "id": 5}, {"node_features": [0.0, 0.0], "id": 6}, {"node_features": [0.0, 0.0], "id": 7}, {"node_features": [0.0, 0.0], "id": 8}, {"node_features": [0.0, 0.0], "id": 9}, {"node_features": [0.0, 0.0], "id": 10}, {"node_features": [0.0, 0.0], "id": 11}, {"node_features": [0.0, 0.0], "id": 12}, {"node_features": [0.0, 0.0], "id": 13}, {"node_features": [0.0, 0.0], "id": 14}, {"node_features": [0.0, 0.0], "id": 15}, {"node_features": [0.0, 0.0], "id": 16}, {"node_features": [0.0, 0.0], "id": 17}, {"node_features": [1.0, 0.0], "id": 18}, {"node_features": [0.0, 0.0], "id": 19}, {"node_features": [0.0, 0.0], "id": 20}, {"node_features": [0.0, 0.0], "id": 21}, {"node_features": [0.0, 0.0], "id": 22}, {"node_features": [0.0, 0.0], "id": 23}, {"node_features": [0.0, 0.0], "id": 24}, {"node_features": [0.0, 0.0], "id": 25}, {"node_features": [0.0, 0.0], "id": 26}, {"node_features": [0.0, 0.0], "id": 27}, {"node_features": [0.0, 0.0], "id": 28}, {"node_features": [0.0, 0.0], "id": 29}, {"node_features": [0.0, 0.0], "id": 30}, {"node_features": [0.0, 0.0], "id": 31}, {"node_features": [0.0, 0.0], "id": 32}, {"node_features": [0.0, 0.0], "id": 33}, {"node_features": [0.0, 0.0], "id": 34}, {"node_features": [0.0, 0.0], "id": 35}, {"node_features": [0.0, 0.0], "id": 36}, {"node_features": [0.0, 0.0], "id": 37}, {"node_features": [0.0, 0.0], "id": 38}, {"node_features": [0.0, 0.0], "id": 39}, {"node_features": [0.0, 1.0], "id": 40}, {"node_features": [0.0, 0.0], "id": 41}, {"node_features": [0.0, 0.0], "id": 42}, {"node_features": [0.0, 0.0], "id": 43}, {"node_features": [0.0, 0.0], "id": 44}], "links": [{"distance": 0.9954665074961638, "on_path": 0, "source": 0, "target": 13}, {"distance": 0.27287065344407513, "on_path": 0, "source": 0, "target": 19}, {"distance": 1.5730239517956588, "on_path": 0, "source": 1, "target": 35}, {"distance": 0.6455895090102178, "on_path": 0, "source": 1, "target": 34}, {"distance": 0.366905474979989, "on_path": 0, "source": 2, "target": 43}, {"distance": 1.7635161320314825, "on_path": 0, "source": 2, "target": 7}, {"distance": 1.1066812005339361, "on_path": 0, "source": 2, "target": 8}, {"distance": 2.060275498386954, "on_path": 0, "source": 2, "target": 39}, {"distance": 1.3571363852909302, "on_path": 0, "source": 3, "target": 10}, {"distance": 1.3317324341214507, "on_path": 0, "source": 3, "target": 37}, {"distance": 1.7255626599620115, "on_path": 0, "source": 3, "target": 6}, {"distance": 0.8287572183913067, "on_path": 0, "source": 3, "target": 28}, {"distance": 1.9230205752164264, "on_path": 0, "source": 4, "target": 15}, {"distance": 1.6507604443546868, "on_path": 0, "source": 4, "target": 36}, {"distance": 1.4471396160072307, "on_path": 0, "source": 4, "target": 25}, {"distance": 0.40161801307027734, "on_path": 0, "source": 5, "target": 8}, {"distance": 0.8130208685006137, "on_path": 0, "source": 5, "target": 19}, {"distance": 0.7090477252065048, "on_path": 0, "source": 5, "target": 38}, {"distance": 1.133655640797846, "on_path": 0, "source": 5, "target": 44}, {"distance": 0.08533624444519664, "on_path": 0, "source": 6, "target": 30}, {"distance": 1.0591176394586457, "on_path": 0, "source": 6, "target": 10}, {"distance": 0.9698099026168253, "on_path": 0, "source": 6, "target": 42}, {"distance": 0.4679977906616179, "on_path": 0, "source": 6, "target": 21}, {"distance": 0.8930850907210776, "on_path": 0, "source": 6, "target": 32}, {"distance": 1.1728053973986758, "on_path": 0, "source": 6, "target": 37}, {"distance": 1.1235447591434595, "on_path": 0, "source": 7, "target": 13}, {"distance": 1.134726211312198, "on_path": 0, "source": 7, "target": 23}, {"distance": 1.0574629583512758, "on_path": 0, "source": 7, "target": 31}, {"distance": 1.7866399529854156, "on_path": 0, "source": 7, "target": 43}, {"distance": 1.257165659743584, "on_path": 0, "source": 8, "target": 14}, {"distance": 0.5965141358881295, "on_path": 0, "source": 8, "target": 15}, {"distance": 1.053307643258946, "on_path": 0, "source": 9, "target": 41}, {"distance": 1.040651784074736, "on_path": 0, "source": 9, "target": 18}, {"distance": 0.26650999541239107, "on_path": 0, "source": 9, "target": 27}, {"distance": 1.2632547232996032, "on_path": 0, "source": 9, "target": 32}, {"distance": 0.9912767873068947, "on_path": 0, "source": 9, "target": 26}, {"distance": 1.4465882128781888, "on_path": 0, "source": 9, "target": 42}, {"distance": 1.3269653488091244, "on_path": 0, "source": 10, "target": 41}, {"distance": 0.8014539391150631, "on_path": 0, "source": 10, "target": 31}, {"distance": 1.0566499260085396, "on_path": 0, "source": 10, "target": 33}, {"distance": 0.25397961526407836, "on_path": 0, "source": 10, "target": 40}, {"distance": 1.2540254842865521, "on_path": 0, "source": 11, "target": 27}, {"distance": 0.9008653544256633, "on_path": 0, "source": 11, "target": 25}, {"distance": 0.269427145265406, "on_path": 0, "source": 12, "target": 23}, {"distance": 1.3152701078898736, "on_path": 0, "source": 12, "target": 41}, {"distance": 0.5207097819985849, "on_path": 0, "source": 12, "target": 25}, {"distance": 0.6592041905670988, "on_path": 0, "source": 12, "target": 36}, {"distance": 0.7819763625168822, "on_path": 0, "source": 13, "target": 28}, {"distance": 0.87890220843583, "on_path": 0, "source": 13, "target": 23}, {"distance": 0.8544704892347633, "on_path": 0, "source": 14, "target": 24}, {"distance": 0.6417041439718935, "on_path": 0, "source": 14, "target": 39}, {"distance": 0.10090255135450452, "on_path": 0, "source": 14, "target": 19}, {"distance": 1.1178244310251666, "on_path": 0, "source": 14, "target": 20}, {"distance": 1.6640383041224336, "on_path": 0, "source": 15, "target": 37}, {"distance": 0.7294642536279753, "on_path": 0, "source": 16, "target": 30}, {"distance": 1.7156547463031242, "on_path": 0, "source": 16, "target": 19}, {"distance": 0.5749128677708375, "on_path": 0, "source": 17, "target": 22}, {"distance": 0.7060368556390305, "on_path": 0, "source": 17, "target": 32}, {"distance": 0.5179343865883345, "on_path": 0, "source": 17, "target": 41}, {"distance": 1.0778280232918498, "on_path": 1, "source": 17, "target": 29}, {"distance": 0.5259278453110446, "on_path": 1, "source": 17, "target": 27}, {"distance": 0.842313815570103, "on_path": 1, "source": 18, "target": 27}, {"distance": 0.9153974792393857, "on_path": 0, "source": 19, "target": 24}, {"distance": 1.0182082659585832, "on_path": 0, "source": 19, "target": 25}, {"distance": 0.1331989948567434, "on_path": 0, "source": 19, "target": 40}, {"distance": 1.7973889278622688, "on_path": 0, "source": 19, "target": 34}, {"distance": 0.7413960678449747, "on_path": 0, "source": 19, "target": 39}, {"distance": 0.3798325814382512, "on_path": 0, "source": 20, "target": 38}, {"distance": 1.0118094472422259, "on_path": 0, "source": 20, "target": 44}, {"distance": 0.7568657071961079, "on_path": 0, "source": 21, "target": 34}, {"distance": 0.3973782977231981, "on_path": 0, "source": 21, "target": 38}, {"distance": 1.4056978575148247, "on_path": 0, "source": 22, "target": 38}, {"distance": 1.4397702899446398, "on_path": 0, "source": 22, "target": 30}, {"distance": 1.1206887992856964, "on_path": 0, "source": 22, "target": 28}, {"distance": 1.3033340921133814, "on_path": 0, "source": 22, "target": 29}, {"distance": 1.8100415507821426, "on_path": 0, "source": 22, "target": 43}, {"distance": 0.7307137480526827, "on_path": 0, "source": 23, "target": 43}, {"distance": 0.8168274411911837, "on_path": 0, "source": 24, "target": 42}, {"distance": 0.9376865778210756, "on_path": 0, "source": 25, "target": 42}, {"distance": 0.6328939644148821, "on_path": 0, "source": 26, "target": 43}, {"distance": 0.8301351103081528, "on_path": 0, "source": 27, "target": 34}, {"distance": 1.1724569618947849, "on_path": 0, "source": 27, "target": 43}, {"distance": 1.842495393265174, "on_path": 0, "source": 28, "target": 35}, {"distance": 1.1212921531024265, "on_path": 0, "source": 29, "target": 33}, {"distance": 0.9071158283760232, "on_path": 1, "source": 29, "target": 40}, {"distance": 1.1651801277130898, "on_path": 0, "source": 30, "target": 33}, {"distance": 1.2503363357386548, "on_path": 0, "source": 31, "target": 35}, {"distance": 1.3718542812460794, "on_path": 0, "source": 33, "target": 43}, {"distance": 0.8469369909174811, "on_path": 0, "source": 38, "target": 44}, {"distance": 1.2452687426713396, "on_path": 0, "source": 41, "target": 42}]}