{"directed": false, "multigraph": false, "graph": {}, "nodes": [{"node_features": [0.0, 0.0], "id": 0}, {"node_features": [0.0, 0.0], "id": 1}, {"node_features": [0.0, 0.0], "id": 2}, {"node_features": [0.0, 0.0], "id": 3}, {"node_features": [0.0, 0.0], "id": 4}, {"node_features": [0.0, 0.0], "id": 5}, {"node_features": [0.0, 0.0], "id": 6}, {"node_features": [0.0, 0.0], "id": 7}, {"node_features": [0.0, 0.0], "id": 8}, {"node_features": [0.0, 0.0], "id": 9}, {"node_features": [0.0, 0.0], "id": 10}, {"node_features": [0.0, 0.0], "id": 11}, {"node_features": [0.0, 0.0], "id": 12}, {"node_features": [0.0, 0.0], "id": 13}, {"node_features": [0.0, 0.0], "id": 14}, {"node_features": [0.0, 0.0], "id": 15}, {"node_features": [0.0, 0.0], "id": 16}, {"node_features": [1.0, 0.0], "id": 17}, {"node_features": [0.0, 0.0], "id": 18}, {"node_features": [0.0, 0.0], "id": 19}, {"node_features": [0.0, 0.0], "id": 20}, {"node_features": [0.0, 0.0], "id": 21}, {"node_features": [0.0, 0.0], "id": 22}, {"node_features": [0.0, 0.0], "id": 23}, {"node_features": [0.0, 0.0], "id": 24}, {"node_features": [0.0, 0.0], "id": 25}, {"node_features": [0.0, 0.0], "id": 26}, {"node_features": [0.0, 0.0], "id": 27}, {"node_features": [0.0, 0.0], "id": 28}, {"node_features": [0.0, 0.0], "id": 29}, {"node_features": [0.0, 0.0], "id": 30}, {"node_features": [0.0, 0.0], "id": 31}, {"node_features": [0.0, 0.0], "id": 32}, {"node_features": [0.0, 0.0], "id": 33}, {"node_features": [0.0, 0.0], "id": 34}, {"node_features": [0.0, 1.0], "id": 35}, {"node_features": [0.0, 0.0], "id": 36}, {"node_features": [0.0, 0.0], "id": 37}, {"node_features": [0.0, 0.0], "id": 38}], "links": [{"distance": 2.0098509654371544, "on_path": 0, "source": 0, "target": 11}, {"distance": 1.8157144145874604, "on_path": 0, "source": 0, "target": 29}, {"distance": 0.4605953353962745, "on_path": 0, "source": 0, "target": 32}, {"distance": 0.6717470680420945, "on_path": 0, "source": 0, "target": 20}, {"distance": 0.5812984483739003, "on_path": 0, "source": 0, "target": 10}, {"distance": 0.33296103650135966, "on_path": 0, "source": 1, "target": 12}, {"distance": 0.7613377753344687, "on_path": 0, "source": 1, "target": 14}, {"distance": 1.261447605101192, "on_path": 0, "source": 1, "target": 13}, {"distance": 1.043500535280844, "on_path": 0, "source": 1, "target": 27}, {"distance": 1.2268944185203117, "on_path": 0, "source": 2, "target": 27}, {"distance": 0.5727739620322319, "on_path": 0, "source": 2, "target": 18}, {"distance": 1.0459236080479726, "on_path": 0, "source": 2, "target": 34}, {"distance": 1.2267776048765933, "on_path": 0, "source": 2, "target": 6}, {"distance": 0.700885841678958, "on_path": 0, "source": 2, "target": 14}, {"distance": 1.8500888296692204, "on_path": 0, "source": 2, "target": 33}, {"distance": 0.7291161092133647, "on_path": 0, "source": 3, "target": 34}, {"distance": 2.127859240010132, "on_path": 0, "source": 3, "target": 36}, {"distance": 1.7376692320431568, "on_path": 0, "source": 4, "target": 17}, {"distance": 2.0171093588041478, "on_path": 0, "source": 4, "target": 11}, {"distance": 0.9563440217069811, "on_path": 0, "source": 4, "target": 12}, {"distance": 1.8961057875842515, "on_path": 0, "source": 4, "target": 8}, {"distance": 0.8716502160572406, "on_path": 0, "source": 5, "target": 15}, {"distance": 1.4051802409842105, "on_path": 0, "source": 5, "target": 30}, {"distance": 2.107849280999446, "on_path": 0, "source": 5, "target": 31}, {"distance": 0.7835704666356375, "on_path": 0, "source": 5, "target": 7}, {"distance": 0.3127531417248929, "on_path": 0, "source": 6, "target": 27}, {"distance": 0.4353686578935979, "on_path": 0, "source": 6, "target": 20}, {"distance": 1.4856461259511244, "on_path": 0, "source": 6, "target": 24}, {"distance": 0.5400933949118649, "on_path": 0, "source": 6, "target": 31}, {"distance": 0.9493356940726483, "on_path": 0, "source": 7, "target": 11}, {"distance": 1.4287509697340808, "on_path": 0, "source": 8, "target": 30}, {"distance": 0.6825884705175604, "on_path": 0, "source": 8, "target": 22}, {"distance": 1.6477367470052315, "on_path": 0, "source": 8, "target": 36}, {"distance": 0.612937239422051, "on_path": 0, "source": 8, "target": 34}, {"distance": 0.9894225317627909, "on_path": 0, "source": 9, "target": 35}, {"distance": 1.3630151158949109, "on_path": 0, "source": 9, "target": 38}, {"distance": 0.4521633467206521, "on_path": 0, "source": 9, "target": 26}, {"distance": 1.3002751744148915, "on_path": 0, "source": 9, "target": 36}, {"distance": 1.2353590588185535, "on_path": 1, "source": 10, "target": 29}, {"distance": 1.245367026219949, "on_path": 0, "source": 10, "target": 16}, {"distance": 1.0970213791194035, "on_path": 0, "source": 10, "target": 28}, {"distance": 0.6903602342594862, "on_path": 0, "source": 10, "target": 19}, {"distance": 1.0053417200199999, "on_path": 1, "source": 10, "target": 30}, {"distance": 0.6471306827779613, "on_path": 0, "source": 10, "target": 31}, {"distance": 0.7523511399440105, "on_path": 0, "source": 11, "target": 15}, {"distance": 0.4704893997879347, "on_path": 0, "source": 11, "target": 24}, {"distance": 1.2164304041332623, "on_path": 0, "source": 11, "target": 16}, {"distance": 1.7001571459347822, "on_path": 0, "source": 12, "target": 21}, {"distance": 0.6373921672192858, "on_path": 0, "source": 12, "target": 15}, {"distance": 1.0164933786443933, "on_path": 0, "source": 13, "target": 21}, {"distance": 0.4503639623393053, "on_path": 0, "source": 14, "target": 22}, {"distance": 1.017402765778473, "on_path": 0, "source": 14, "target": 17}, {"distance": 1.4572590434243526, "on_path": 0, "source": 15, "target": 25}, {"distance": 1.03866112763245, "on_path": 0, "source": 15, "target": 34}, {"distance": 1.7028764280895945, "on_path": 0, "source": 15, "target": 17}, {"distance": 0.5664499646763864, "on_path": 0, "source": 15, "target": 22}, {"distance": 1.2455575962954286, "on_path": 0, "source": 15, "target": 38}, {"distance": 0.3537448952579533, "on_path": 1, "source": 17, "target": 29}, {"distance": 1.87449359415504, "on_path": 0, "source": 18, "target": 23}, {"distance": 1.3478890679871907, "on_path": 0, "source": 19, "target": 34}, {"distance": 2.045880887014038, "on_path": 0, "source": 19, "target": 24}, {"distance": 1.1603697824639547, "on_path": 0, "source": 20, "target": 33}, {"distance": 0.38046377854066943, "on_path": 0, "source": 21, "target": 31}, {"distance": 1.2032402572146332, "on_path": 0, "source": 22, "target": 27}, {"distance": 1.5370070253236348, "on_path": 0, "source": 23, "target": 31}, {"distance": 0.7819428209692809, "on_path": 0, "source": 23, "target": 34}, {"distance": 1.4754261017734038, "on_path": 0, "source": 23, "target": 27}, {"distance": 1.3344800933062535, "on_path": 0, "source": 24, "target": 25}, {"distance": 1.453920583530616, "on_path": 0, "source": 24, "target": 37}, {"distance": 0.6083953399298335, "on_path": 0, "source": 25, "target": 33}, {"distance": 0.9202185222458831, "on_path": 0, "source": 25, "target": 35}, {"distance": 0.7479898718860756, "on_path": 0, "source": 26, "target": 33}, {"distance": 0.17124469885298133, "on_path": 0, "source": 26, "target": 37}, {"distance": 0.6286005910791516, "on_path": 0, "source": 26, "target": 34}, {"distance": 1.5232333646372336, "on_path": 0, "source": 28, "target": 33}, {"distance": 0.9570027621733624, "on_path": 1, "source": 30, "target": 35}, {"distance": 1.964269773021343, "on_path": 0, "source": 31, "target": 36}, {"distance": 0.7431369999088325, "on_path": 0, "source": 32, "target": 37}]}