{"directed": false, "multigraph": false, "graph": {}, "nodes": [{"node_features": [0.0, 0.0], "id": 0}, {"node_features": [0.0, 0.0], "id": 1}, {"node_features": [0.0, 0.0], "id": 2}, {"node_features": [0.0, 0.0], "id": 3}, {"node_features": [0.0, 0.0], "id": 4}, {"node_features": [0.0, 0.0], "id": 5}, {"node_features": [0.0, 0.0], "id": 6}, {"node_features": [0.0, 0.0], "id": 7}, {"node_features": [0.0, 0.0], "id": 8}, {"node_features": [0.0, 0.0], "id": 9}, {"node_features": [0.0, 0.0], "id": 10}, {"node_features": [0.0, 0.0], "id": 11}, {"node_features": [0.0, 0.0], "id": 12}, {"node_features": [0.0, 0.0], "id": 13}, {"node_features": [0.0, 0.0], "id": 14}, {"node_features": [0.0, 0.0], "id": 15}, {"node_features": [0.0, 0.0], "id": 16}, {"node_features": [0.0, 0.0], "id": 17}, {"node_features": [0.0, 0.0], "id": 18}, {"node_features": [0.0, 0.0], "id": 19}, {"node_features": [0.0, 0.0], "id": 20}, {"node_features": [0.0, 0.0], "id": 21}, {"node_features": [0.0, 0.0], "id": 22}, {"node_features": [0.0, 0.0], "id": 23}, {"node_features": [0.0, 0.0], "id": 24}, {"node_features": [0.0, 0.0], "id": 25}, {"node_features": [0.0, 0.0], "id": 26}, {"node_features": [0.0, 0.0], "id": 27}, {"node_features": [0.0, 0.0], "id": 28}, {"node_features": [0.0, 0.0], "id": 29}, {"node_features": [0.0, 0.0], "id": 30}, {"node_features": [0.0, 0.0], "id": 31}, {"node_features": [0.0, 0.0], "id": 32}, {"node_features": [0.0, 0.0], "id": 33}, {"node_features": [0.0, 0.0], "id": 34}, {"node_features": [0.0, 0.0], "id": 35}, {"node_features": [0.0, 0.0], "id": 36}, {"node_features": [0.0, 0.0], "id": 37}, {"node_features": [0.0, 0.0], "id": 38}, {"node_features": [0.0, 0.0], "id": 39}, {"node_features": [0.0, 0.0], "id": 40}, {"node_features": [0.0, 0.0], "id": 41}, {"node_features": [0.0, 0.0], "id": 42}, {"node_features": [0.0, 0.0], "id": 43}, {"node_features": [1.0, 0.0], "id": 44}, {"node_features": [0.0, 0.0], "id": 45}, {"node_features": [0.0, 0.0], "id": 46}, {"node_features": [0.0, 1.0], "id": 47}, {"node_features": [0.0, 0.0], "id": 48}], "links": [{"distance": 0.8292009261622858, "on_path": 0, "source": 0, "target": 11}, {"distance": 0.39485341036083216, "on_path": 0, "source": 0, "target": 16}, {"distance": 0.18545211090116107, "on_path": 0, "source": 0, "target": 23}, {"distance": 0.8602185493499415, "on_path": 0, "source": 0, "target": 46}, {"distance": 1.531095001904646, "on_path": 0, "source": 0, "target": 34}, {"distance": 1.385053563265912, "on_path": 0, "source": 1, "target": 32}, {"distance": 2.1573406923953407, "on_path": 0, "source": 1, "target": 19}, {"distance": 2.1717252603818196, "on_path": 0, "source": 1, "target": 47}, {"distance": 1.0002243860797995, "on_path": 0, "source": 1, "target": 42}, {"distance": 1.846455921932431, "on_path": 0, "source": 2, "target": 48}, {"distance": 2.2996412601936664, "on_path": 0, "source": 2, "target": 30}, {"distance": 2.741152906373018, "on_path": 0, "source": 2, "target": 37}, {"distance": 1.0114492328322648, "on_path": 0, "source": 2, "target": 38}, {"distance": 2.025974866069721, "on_path": 0, "source": 2, "target": 39}, {"distance": 0.3718131908051649, "on_path": 0, "source": 3, "target": 6}, {"distance": 0.549754943039934, "on_path": 0, "source": 3, "target": 42}, {"distance": 0.12121369932757409, "on_path": 0, "source": 3, "target": 15}, {"distance": 0.39954491800041336, "on_path": 0, "source": 4, "target": 34}, {"distance": 1.2291784054039177, "on_path": 0, "source": 4, "target": 40}, {"distance": 0.9958127232817474, "on_path": 0, "source": 4, "target": 12}, {"distance": 1.4100653626481963, "on_path": 0, "source": 4, "target": 28}, {"distance": 0.8351383659002252, "on_path": 0, "source": 5, "target": 27}, {"distance": 0.6081437719105647, "on_path": 0, "source": 5, "target": 43}, {"distance": 0.42616650996629457, "on_path": 0, "source": 6, "target": 42}, {"distance": 0.735057228489329, "on_path": 0, "source": 6, "target": 35}, {"distance": 0.6977704958954716, "on_path": 0, "source": 6, "target": 43}, {"distance": 0.821070966063148, "on_path": 0, "source": 6, "target": 25}, {"distance": 0.29090665842204116, "on_path": 0, "source": 6, "target": 23}, {"distance": 1.0777276606057717, "on_path": 0, "source": 7, "target": 21}, {"distance": 0.5164445369098307, "on_path": 0, "source": 7, "target": 46}, {"distance": 1.5651579898688766, "on_path": 0, "source": 7, "target": 9}, {"distance": 0.7139578814947338, "on_path": 0, "source": 8, "target": 18}, {"distance": 0.39823977275918976, "on_path": 0, "source": 8, "target": 30}, {"distance": 0.6680385155820745, "on_path": 0, "source": 8, "target": 37}, {"distance": 1.3435099482697752, "on_path": 0, "source": 9, "target": 16}, {"distance": 0.7748787143167694, "on_path": 0, "source": 9, "target": 24}, {"distance": 0.6189707309286923, "on_path": 0, "source": 9, "target": 45}, {"distance": 0.04041198247094127, "on_path": 0, "source": 10, "target": 30}, {"distance": 1.8053275205639525, "on_path": 0, "source": 10, "target": 21}, {"distance": 1.6739924545567038, "on_path": 0, "source": 10, "target": 19}, {"distance": 0.819033616910543, "on_path": 0, "source": 10, "target": 33}, {"distance": 1.2492676322267666, "on_path": 0, "source": 11, "target": 29}, {"distance": 1.1588873384005312, "on_path": 0, "source": 11, "target": 34}, {"distance": 1.5575638320612293, "on_path": 0, "source": 12, "target": 33}, {"distance": 0.7854765181997269, "on_path": 1, "source": 12, "target": 44}, {"distance": 0.7573352244993778, "on_path": 1, "source": 12, "target": 14}, {"distance": 0.7173031653574988, "on_path": 0, "source": 12, "target": 21}, {"distance": 0.46929370650585156, "on_path": 0, "source": 13, "target": 41}, {"distance": 1.1922190050886772, "on_path": 0, "source": 13, "target": 36}, {"distance": 0.800271123123865, "on_path": 0, "source": 13, "target": 26}, {"distance": 0.5048237881301421, "on_path": 1, "source": 14, "target": 22}, {"distance": 1.8513284914344852, "on_path": 0, "source": 14, "target": 26}, {"distance": 0.2241973523956311, "on_path": 0, "source": 15, "target": 26}, {"distance": 0.9521334512945866, "on_path": 0, "source": 15, "target": 32}, {"distance": 1.718629181379995, "on_path": 0, "source": 15, "target": 19}, {"distance": 1.2204418011071339, "on_path": 0, "source": 16, "target": 37}, {"distance": 0.4693749564256752, "on_path": 0, "source": 17, "target": 43}, {"distance": 1.4327132063590997, "on_path": 0, "source": 17, "target": 22}, {"distance": 0.49669650465505266, "on_path": 0, "source": 17, "target": 36}, {"distance": 1.4822946091646587, "on_path": 0, "source": 17, "target": 34}, {"distance": 1.2959398116862701, "on_path": 0, "source": 17, "target": 29}, {"distance": 0.5009291414478084, "on_path": 0, "source": 18, "target": 24}, {"distance": 1.0721824369528272, "on_path": 0, "source": 18, "target": 26}, {"distance": 1.3072886217821829, "on_path": 0, "source": 19, "target": 41}, {"distance": 1.0034136420767321, "on_path": 0, "source": 20, "target": 27}, {"distance": 0.7970074746131287, "on_path": 0, "source": 20, "target": 47}, {"distance": 0.5130208647215584, "on_path": 0, "source": 20, "target": 24}, {"distance": 0.8562446188956871, "on_path": 0, "source": 21, "target": 32}, {"distance": 1.1757719188465534, "on_path": 0, "source": 22, "target": 42}, {"distance": 0.09761518180618707, "on_path": 1, "source": 22, "target": 47}, {"distance": 0.6981359847386087, "on_path": 0, "source": 23, "target": 36}, {"distance": 1.0114168572438513, "on_path": 0, "source": 24, "target": 39}, {"distance": 0.15515467885890277, "on_path": 0, "source": 24, "target": 38}, {"distance": 0.39699484468909285, "on_path": 0, "source": 25, "target": 38}, {"distance": 0.46231139158351825, "on_path": 0, "source": 25, "target": 48}, {"distance": 0.47062855643821416, "on_path": 0, "source": 27, "target": 34}, {"distance": 0.7647013682048952, "on_path": 0, "source": 27, "target": 31}, {"distance": 1.0539769136381751, "on_path": 0, "source": 27, "target": 45}, {"distance": 1.5001880138758792, "on_path": 0, "source": 27, "target": 30}, {"distance": 1.144742645526704, "on_path": 0, "source": 28, "target": 39}, {"distance": 1.2803684904844146, "on_path": 0, "source": 29, "target": 39}, {"distance": 1.0202356795098702, "on_path": 0, "source": 29, "target": 35}, {"distance": 1.1762043857764133, "on_path": 0, "source": 29, "target": 43}, {"distance": 0.33480118909477735, "on_path": 0, "source": 31, "target": 47}, {"distance": 1.0929292451573311, "on_path": 0, "source": 33, "target": 41}, {"distance": 1.5751727815496686, "on_path": 0, "source": 33, "target": 34}, {"distance": 0.9759413076794222, "on_path": 0, "source": 34, "target": 40}, {"distance": 1.1362941019013506, "on_path": 0, "source": 34, "target": 46}, {"distance": 1.497756572168381, "on_path": 0, "source": 36, "target": 41}, {"distance": 2.0866093147874585, "on_path": 0, "source": 36, "target": 44}, {"distance": 1.7753046518215612, "on_path": 0, "source": 37, "target": 40}, {"distance": 0.19709365082428315, "on_path": 0, "source": 39, "target": 48}, {"distance": 1.735595894178345, "on_path": 0, "source": 40, "target": 45}, {"distance": 0.6993631722982552, "on_path": 0, "source": 41, "target": 47}, {"distance": 1.0682592093761198, "on_path": 0, "source": 41, "target": 45}, {"distance": 1.2353643984688996, "on_path": 0, "source": 43, "target": 47}, {"distance": 1.405003253488562, "on_path": 0, "source": 45, "target": 48}, {"distance": 1.2473726739996345, "on_path": 0, "source": 47, "target": 48}]}