{"directed": false, "multigraph": false, "graph": {}, "nodes": [{"node_features": [0.0, 0.0], "id": 0}, {"node_features": [0.0, 0.0], "id": 1}, {"node_features": [0.0, 0.0], "id": 2}, {"node_features": [0.0, 0.0], "id": 3}, {"node_features": [0.0, 0.0], "id": 4}, {"node_features": [0.0, 0.0], "id": 5}, {"node_features": [0.0, 0.0], "id": 6}, {"node_features": [0.0, 0.0], "id": 7}, {"node_features": [0.0, 0.0], "id": 8}, {"node_features": [0.0, 0.0], "id": 9}, {"node_features": [0.0, 0.0], "id": 10}, {"node_features": [0.0, 0.0], "id": 11}, {"node_features": [0.0, 0.0], "id": 12}, {"node_features": [0.0, 0.0], "id": 13}, {"node_features": [0.0, 0.0], "id": 14}, {"node_features": [0.0, 0.0], "id": 15}, {"node_features": [0.0, 0.0], "id": 16}, {"node_features": [0.0, 0.0], "id": 17}, {"node_features": [0.0, 0.0], "id": 18}, {"node_features": [0.0, 0.0], "id": 19}, {"node_features": [0.0, 0.0], "id": 20}, {"node_features": [0.0, 0.0], "id": 21}, {"node_features": [0.0, 0.0], "id": 22}, {"node_features": [1.0, 0.0], "id": 23}, {"node_features": [0.0, 0.0], "id": 24}, {"node_features": [0.0, 0.0], "id": 25}, {"node_features": [0.0, 0.0], "id": 26}, {"node_features": [0.0, 0.0], "id": 27}, {"node_features": [0.0, 0.0], "id": 28}, {"node_features": [0.0, 1.0], "id": 29}, {"node_features": [0.0, 0.0], "id": 30}, {"node_features": [0.0, 0.0], "id": 31}, {"node_features": [0.0, 0.0], "id": 32}, {"node_features": [0.0, 0.0], "id": 33}, {"node_features": [0.0, 0.0], "id": 34}, {"node_features": [0.0, 0.0], "id": 35}, {"node_features": [0.0, 0.0], "id": 36}, {"node_features": [0.0, 0.0], "id": 37}, {"node_features": [0.0, 0.0], "id": 38}], "links": [{"distance": 1.3531795723256956, "on_path": 0, "source": 0, "target": 23}, {"distance": 0.5248059622955743, "on_path": 0, "source": 0, "target": 3}, {"distance": 0.7984866718102125, "on_path": 0, "source": 0, "target": 14}, {"distance": 0.8485679531649221, "on_path": 0, "source": 0, "target": 5}, {"distance": 1.1055658352222164, "on_path": 0, "source": 0, "target": 10}, {"distance": 0.735042675312077, "on_path": 0, "source": 1, "target": 37}, {"distance": 0.9385692029789929, "on_path": 0, "source": 1, "target": 34}, {"distance": 2.2668999691703604, "on_path": 0, "source": 1, "target": 27}, {"distance": 0.6132480688254125, "on_path": 0, "source": 2, "target": 5}, {"distance": 0.18042773419742303, "on_path": 0, "source": 2, "target": 20}, {"distance": 1.0791383105153642, "on_path": 0, "source": 2, "target": 30}, {"distance": 0.34242612669592265, "on_path": 0, "source": 2, "target": 15}, {"distance": 0.29682349453827006, "on_path": 0, "source": 3, "target": 4}, {"distance": 1.271971016536231, "on_path": 0, "source": 4, "target": 8}, {"distance": 1.305483223065552, "on_path": 0, "source": 4, "target": 37}, {"distance": 1.5268865559912856, "on_path": 0, "source": 4, "target": 31}, {"distance": 0.6454674537477899, "on_path": 0, "source": 4, "target": 20}, {"distance": 0.9106951366806286, "on_path": 0, "source": 5, "target": 15}, {"distance": 1.6266761126999831, "on_path": 0, "source": 6, "target": 14}, {"distance": 2.0012669588854255, "on_path": 0, "source": 6, "target": 9}, {"distance": 1.8077191663479788, "on_path": 0, "source": 6, "target": 24}, {"distance": 1.6192208029361066, "on_path": 0, "source": 6, "target": 26}, {"distance": 1.092284133993452, "on_path": 0, "source": 7, "target": 28}, {"distance": 0.8332746455036323, "on_path": 0, "source": 7, "target": 13}, {"distance": 1.341876401215657, "on_path": 0, "source": 8, "target": 26}, {"distance": 1.8038182724921206, "on_path": 0, "source": 8, "target": 12}, {"distance": 0.7668208982941669, "on_path": 0, "source": 8, "target": 15}, {"distance": 1.1812275585398535, "on_path": 0, "source": 9, "target": 18}, {"distance": 1.2521853900853437, "on_path": 0, "source": 9, "target": 19}, {"distance": 1.4168546112649887, "on_path": 0, "source": 9, "target": 16}, {"distance": 0.9060696341331759, "on_path": 0, "source": 10, "target": 36}, {"distance": 1.2436476159973069, "on_path": 0, "source": 10, "target": 25}, {"distance": 1.4178263019129682, "on_path": 0, "source": 10, "target": 24}, {"distance": 0.5951485872130977, "on_path": 0, "source": 11, "target": 21}, {"distance": 1.101649483748652, "on_path": 0, "source": 11, "target": 16}, {"distance": 0.5150709167246916, "on_path": 0, "source": 11, "target": 28}, {"distance": 0.9602810045063124, "on_path": 0, "source": 11, "target": 35}, {"distance": 1.3347877438165492, "on_path": 0, "source": 11, "target": 34}, {"distance": 0.9827055970773051, "on_path": 0, "source": 12, "target": 24}, {"distance": 1.771871642242909, "on_path": 0, "source": 12, "target": 27}, {"distance": 1.731268998609905, "on_path": 0, "source": 12, "target": 38}, {"distance": 0.9586890388327307, "on_path": 0, "source": 12, "target": 33}, {"distance": 0.2869684577587278, "on_path": 0, "source": 13, "target": 28}, {"distance": 0.8069600930185851, "on_path": 0, "source": 13, "target": 33}, {"distance": 1.2885165126481077, "on_path": 0, "source": 13, "target": 20}, {"distance": 1.0440619192430096, "on_path": 0, "source": 13, "target": 32}, {"distance": 0.18248454848651371, "on_path": 0, "source": 14, "target": 24}, {"distance": 0.5189543156898342, "on_path": 0, "source": 14, "target": 26}, {"distance": 0.1853068438500579, "on_path": 0, "source": 14, "target": 34}, {"distance": 1.3766073386789381, "on_path": 0, "source": 14, "target": 33}, {"distance": 1.0471348343405646, "on_path": 0, "source": 15, "target": 31}, {"distance": 0.9278928662358616, "on_path": 0, "source": 15, "target": 30}, {"distance": 0.18453015531277112, "on_path": 0, "source": 15, "target": 36}, {"distance": 0.34593027800010284, "on_path": 0, "source": 16, "target": 32}, {"distance": 0.6760959817969654, "on_path": 0, "source": 16, "target": 38}, {"distance": 0.9350548592421227, "on_path": 0, "source": 17, "target": 21}, {"distance": 1.1540067986093818, "on_path": 0, "source": 17, "target": 35}, {"distance": 0.9372108451584363, "on_path": 0, "source": 18, "target": 31}, {"distance": 1.0110733168486654, "on_path": 0, "source": 18, "target": 28}, {"distance": 0.7792284532606816, "on_path": 1, "source": 18, "target": 29}, {"distance": 0.34013732398904106, "on_path": 1, "source": 18, "target": 35}, {"distance": 1.0402615508338995, "on_path": 0, "source": 19, "target": 30}, {"distance": 0.8996107818115263, "on_path": 0, "source": 20, "target": 38}, {"distance": 0.400958375083067, "on_path": 0, "source": 21, "target": 30}, {"distance": 1.0761624373730385, "on_path": 0, "source": 21, "target": 32}, {"distance": 2.2667602938550115, "on_path": 0, "source": 22, "target": 27}, {"distance": 1.4847332766811192, "on_path": 0, "source": 22, "target": 31}, {"distance": 2.1000483792450413, "on_path": 0, "source": 22, "target": 28}, {"distance": 1.8632570386552987, "on_path": 0, "source": 23, "target": 37}, {"distance": 1.3099724238663442, "on_path": 1, "source": 23, "target": 38}, {"distance": 0.7077684269206415, "on_path": 0, "source": 24, "target": 36}, {"distance": 1.0006241367320183, "on_path": 0, "source": 25, "target": 29}, {"distance": 0.3685504462063727, "on_path": 0, "source": 25, "target": 36}, {"distance": 1.3969845526225773, "on_path": 0, "source": 26, "target": 37}, {"distance": 1.4219246280353903, "on_path": 0, "source": 29, "target": 34}, {"distance": 0.925206345978337, "on_path": 0, "source": 29, "target": 36}, {"distance": 0.49265269931857597, "on_path": 0, "source": 31, "target": 32}, {"distance": 0.5431839676882783, "on_path": 1, "source": 35, "target": 38}]}