{"directed": false, "multigraph": false, "graph": {}, "nodes": [{"node_features": [0.0, 0.0], "id": 0}, {"node_features": [0.0, 0.0], "id": 1}, {"node_features": [0.0, 0.0], "id": 2}, {"node_features": [0.0, 0.0], "id": 3}, {"node_features": [0.0, 0.0], "id": 4}, {"node_features": [0.0, 0.0], "id": 5}, {"node_features": [0.0, 0.0], "id": 6}, {"node_features": [0.0, 0.0], "id": 7}, {"node_features": [1.0, 0.0], "id": 8}, {"node_features": [0.0, 0.0], "id": 9}, {"node_features": [0.0, 0.0], "id": 10}, {"node_features": [0.0, 1.0], "id": 11}, {"node_features": [0.0, 0.0], "id": 12}, {"node_features": [0.0, 0.0], "id": 13}, {"node_features": [0.0, 0.0], "id": 14}, {"node_features": [0.0, 0.0], "id": 15}, {"node_features": [0.0, 0.0], "id": 16}, {"node_features": [0.0, 0.0], "id": 17}, {"node_features": [0.0, 0.0], "id": 18}, {"node_features": [0.0, 0.0], "id": 19}, {"node_features": [0.0, 0.0], "id": 20}, {"node_features": [0.0, 0.0], "id": 21}, {"node_features": [0.0, 0.0], "id": 22}, {"node_features": [0.0, 0.0], "id": 23}, {"node_features": [0.0, 0.0], "id": 24}, {"node_features": [0.0, 0.0], "id": 25}, {"node_features": [0.0, 0.0], "id": 26}], "links": [{"distance": 1.5278433691801707, "on_path": 0, "source": 0, "target": 21}, {"distance": 1.053035123620297, "on_path": 0, "source": 0, "target": 22}, {"distance": 0.8418882877031689, "on_path": 0, "source": 0, "target": 18}, {"distance": 1.074297201819153, "on_path": 0, "source": 0, "target": 10}, {"distance": 1.462905468573587, "on_path": 0, "source": 1, "target": 18}, {"distance": 1.3152412991301874, "on_path": 0, "source": 1, "target": 12}, {"distance": 1.3109316682253065, "on_path": 0, "source": 1, "target": 17}, {"distance": 1.8457107594500055, "on_path": 0, "source": 2, "target": 18}, {"distance": 1.1818896752806576, "on_path": 0, "source": 2, "target": 17}, {"distance": 0.3809150475022285, "on_path": 0, "source": 2, "target": 21}, {"distance": 1.330140821063826, "on_path": 0, "source": 2, "target": 14}, {"distance": 1.3782662428928278, "on_path": 0, "source": 2, "target": 15}, {"distance": 0.5031470074001244, "on_path": 0, "source": 3, "target": 14}, {"distance": 0.9217304434032377, "on_path": 0, "source": 3, "target": 19}, {"distance": 0.8360714860646064, "on_path": 1, "source": 4, "target": 11}, {"distance": 0.4299697129770806, "on_path": 0, "source": 4, "target": 23}, {"distance": 0.509427825289397, "on_path": 0, "source": 4, "target": 15}, {"distance": 0.7237996001331413, "on_path": 0, "source": 4, "target": 9}, {"distance": 0.9242691821324309, "on_path": 0, "source": 4, "target": 13}, {"distance": 1.1655430519678882, "on_path": 1, "source": 4, "target": 19}, {"distance": 1.0317855486055023, "on_path": 0, "source": 4, "target": 20}, {"distance": 0.9580101075511661, "on_path": 0, "source": 4, "target": 24}, {"distance": 1.3347215550293068, "on_path": 0, "source": 5, "target": 13}, {"distance": 1.074582622326145, "on_path": 0, "source": 5, "target": 14}, {"distance": 0.4281528287624826, "on_path": 0, "source": 5, "target": 12}, {"distance": 1.486663364009046, "on_path": 0, "source": 6, "target": 21}, {"distance": 0.47904724515042785, "on_path": 0, "source": 6, "target": 16}, {"distance": 1.453895808610317, "on_path": 0, "source": 6, "target": 25}, {"distance": 1.2026258004037855, "on_path": 0, "source": 6, "target": 18}, {"distance": 0.8717951901420297, "on_path": 0, "source": 7, "target": 24}, {"distance": 0.7887252506977757, "on_path": 0, "source": 7, "target": 15}, {"distance": 0.9971786571160576, "on_path": 0, "source": 7, "target": 11}, {"distance": 1.872270947029254, "on_path": 0, "source": 8, "target": 26}, {"distance": 0.9011885696338897, "on_path": 1, "source": 8, "target": 14}, {"distance": 1.764935919560997, "on_path": 0, "source": 8, "target": 25}, {"distance": 0.8212011941347203, "on_path": 0, "source": 9, "target": 22}, {"distance": 0.44557351701734765, "on_path": 0, "source": 10, "target": 20}, {"distance": 0.7128394396712365, "on_path": 0, "source": 10, "target": 16}, {"distance": 2.0141031872842348, "on_path": 0, "source": 11, "target": 26}, {"distance": 1.2660119000185535, "on_path": 0, "source": 11, "target": 23}, {"distance": 2.0330803131187825, "on_path": 0, "source": 12, "target": 19}, {"distance": 1.727375853012814, "on_path": 0, "source": 12, "target": 18}, {"distance": 0.8350005391060776, "on_path": 0, "source": 12, "target": 26}, {"distance": 1.0227831941830672, "on_path": 0, "source": 12, "target": 21}, {"distance": 1.3489915986463092, "on_path": 0, "source": 12, "target": 14}, {"distance": 1.816980571228556, "on_path": 0, "source": 13, "target": 21}, {"distance": 0.5190144861228945, "on_path": 0, "source": 13, "target": 18}, {"distance": 0.7122697608013885, "on_path": 1, "source": 14, "target": 19}, {"distance": 1.6096454593580019, "on_path": 0, "source": 17, "target": 24}, {"distance": 1.1241169824795698, "on_path": 0, "source": 18, "target": 22}, {"distance": 1.877959111488796, "on_path": 0, "source": 20, "target": 24}, {"distance": 1.9170800181614591, "on_path": 0, "source": 20, "target": 21}, {"distance": 1.2645298294024998, "on_path": 0, "source": 23, "target": 24}, {"distance": 0.11030825228780507, "on_path": 0, "source": 25, "target": 26}]}