{"directed": false, "multigraph": false, "graph": {}, "nodes": [{"node_features": [0.0, 0.0], "id": 0}, {"node_features": [0.0, 0.0], "id": 1}, {"node_features": [0.0, 0.0], "id": 2}, {"node_features": [0.0, 0.0], "id": 3}, {"node_features": [0.0, 0.0], "id": 4}, {"node_features": [0.0, 0.0], "id": 5}, {"node_features": [1.0, 0.0], "id": 6}, {"node_features": [0.0, 0.0], "id": 7}, {"node_features": [0.0, 0.0], "id": 8}, {"node_features": [0.0, 0.0], "id": 9}, {"node_features": [0.0, 0.0], "id": 10}, {"node_features": [0.0, 0.0], "id": 11}, {"node_features": [0.0, 0.0], "id": 12}, {"node_features": [0.0, 0.0], "id": 13}, {"node_features": [0.0, 0.0], "id": 14}, {"node_features": [0.0, 0.0], "id": 15}, {"node_features": [0.0, 0.0], "id": 16}, {"node_features": [0.0, 0.0], "id": 17}, {"node_features": [0.0, 0.0], "id": 18}, {"node_features": [0.0, 0.0], "id": 19}, {"node_features": [0.0, 0.0], "id": 20}, {"node_features": [0.0, 0.0], "id": 21}, {"node_features": [0.0, 0.0], "id": 22}, {"node_features": [0.0, 0.0], "id": 23}, {"node_features": [0.0, 0.0], "id": 24}, {"node_features": [0.0, 0.0], "id": 25}, {"node_features": [0.0, 0.0], "id": 26}, {"node_features": [0.0, 0.0], "id": 27}, {"node_features": [0.0, 0.0], "id": 28}, {"node_features": [0.0, 0.0], "id": 29}, {"node_features": [0.0, 0.0], "id": 30}, {"node_features": [0.0, 0.0], "id": 31}, {"node_features": [0.0, 0.0], "id": 32}, {"node_features": [0.0, 0.0], "id": 33}, {"node_features": [0.0, 0.0], "id": 34}, {"node_features": [0.0, 0.0], "id": 35}, {"node_features": [0.0, 1.0], "id": 36}, {"node_features": [0.0, 0.0], "id": 37}, {"node_features": [0.0, 0.0], "id": 38}, {"node_features": [0.0, 0.0], "id": 39}, {"node_features": [0.0, 0.0], "id": 40}, {"node_features": [0.0, 0.0], "id": 41}, {"node_features": [0.0, 0.0], "id": 42}], "links": [{"distance": 0.6773302714586642, "on_path": 0, "source": 0, "target": 23}, {"distance": 1.9732820202253918, "on_path": 0, "source": 0, "target": 1}, {"distance": 1.4773025780271625, "on_path": 0, "source": 0, "target": 20}, {"distance": 1.2408245861530545, "on_path": 0, "source": 0, "target": 14}, {"distance": 1.7498082536014374, "on_path": 0, "source": 1, "target": 6}, {"distance": 1.4788795978553815, "on_path": 0, "source": 1, "target": 28}, {"distance": 1.1979015992317352, "on_path": 0, "source": 1, "target": 41}, {"distance": 0.7903319553562116, "on_path": 0, "source": 1, "target": 10}, {"distance": 1.1433420729201724, "on_path": 0, "source": 1, "target": 14}, {"distance": 1.012752876088224, "on_path": 0, "source": 1, "target": 16}, {"distance": 1.170576195016411, "on_path": 0, "source": 1, "target": 22}, {"distance": 1.4876173118107967, "on_path": 0, "source": 1, "target": 36}, {"distance": 1.6655267738124635, "on_path": 0, "source": 2, "target": 32}, {"distance": 0.4201998740715163, "on_path": 0, "source": 2, "target": 28}, {"distance": 0.8026152372001663, "on_path": 0, "source": 3, "target": 11}, {"distance": 0.75185607503747, "on_path": 1, "source": 3, "target": 26}, {"distance": 0.9901451283699173, "on_path": 0, "source": 3, "target": 32}, {"distance": 1.3744001425631058, "on_path": 0, "source": 3, "target": 12}, {"distance": 0.8864328159549997, "on_path": 0, "source": 3, "target": 9}, {"distance": 0.08047319475388721, "on_path": 1, "source": 3, "target": 10}, {"distance": 0.38445339134553674, "on_path": 0, "source": 4, "target": 7}, {"distance": 1.1011869421664957, "on_path": 0, "source": 4, "target": 9}, {"distance": 1.1696102864311066, "on_path": 0, "source": 4, "target": 12}, {"distance": 1.9449464812536168, "on_path": 0, "source": 4, "target": 23}, {"distance": 0.6670050592148519, "on_path": 0, "source": 4, "target": 38}, {"distance": 0.5477893450377724, "on_path": 0, "source": 4, "target": 24}, {"distance": 2.105779565592604, "on_path": 0, "source": 5, "target": 19}, {"distance": 0.6722115791405698, "on_path": 0, "source": 5, "target": 21}, {"distance": 0.8255861840643499, "on_path": 0, "source": 5, "target": 27}, {"distance": 0.35261111286350844, "on_path": 0, "source": 5, "target": 38}, {"distance": 0.7570261616228399, "on_path": 1, "source": 6, "target": 26}, {"distance": 1.659447547334, "on_path": 0, "source": 7, "target": 35}, {"distance": 1.5730760613181642, "on_path": 0, "source": 7, "target": 11}, {"distance": 0.22781198484273393, "on_path": 0, "source": 7, "target": 20}, {"distance": 1.552907774405331, "on_path": 0, "source": 7, "target": 28}, {"distance": 1.5304902686284632, "on_path": 0, "source": 8, "target": 27}, {"distance": 0.9897886802487726, "on_path": 0, "source": 8, "target": 14}, {"distance": 0.8737256207924329, "on_path": 0, "source": 8, "target": 25}, {"distance": 1.2561613526444824, "on_path": 0, "source": 8, "target": 36}, {"distance": 0.9257332272040198, "on_path": 0, "source": 9, "target": 10}, {"distance": 1.1695817223017968, "on_path": 0, "source": 9, "target": 19}, {"distance": 1.0293313096014456, "on_path": 0, "source": 9, "target": 39}, {"distance": 1.5756801433204821, "on_path": 1, "source": 10, "target": 36}, {"distance": 1.8731529918334975, "on_path": 0, "source": 10, "target": 23}, {"distance": 0.17519537339469718, "on_path": 0, "source": 10, "target": 25}, {"distance": 1.7970692171904106, "on_path": 0, "source": 11, "target": 20}, {"distance": 1.305615198714083, "on_path": 0, "source": 12, "target": 24}, {"distance": 0.9686815248769179, "on_path": 0, "source": 12, "target": 41}, {"distance": 1.1173801649893504, "on_path": 0, "source": 13, "target": 27}, {"distance": 0.9672642619971378, "on_path": 0, "source": 13, "target": 21}, {"distance": 1.3567645468745095, "on_path": 0, "source": 13, "target": 18}, {"distance": 0.5308786770809096, "on_path": 0, "source": 14, "target": 39}, {"distance": 1.345511373661189, "on_path": 0, "source": 15, "target": 38}, {"distance": 1.370470007439201, "on_path": 0, "source": 15, "target": 42}, {"distance": 0.3106652481486935, "on_path": 0, "source": 16, "target": 41}, {"distance": 1.2342868358492314, "on_path": 0, "source": 17, "target": 22}, {"distance": 0.7672362860291946, "on_path": 0, "source": 17, "target": 18}, {"distance": 0.7041300077072254, "on_path": 0, "source": 18, "target": 22}, {"distance": 1.0407327571153162, "on_path": 0, "source": 18, "target": 38}, {"distance": 0.1440146377561202, "on_path": 0, "source": 19, "target": 30}, {"distance": 2.064219183875625, "on_path": 0, "source": 19, "target": 29}, {"distance": 1.7640900746942756, "on_path": 0, "source": 20, "target": 28}, {"distance": 0.15667561661539564, "on_path": 0, "source": 21, "target": 27}, {"distance": 1.3256302838061984, "on_path": 0, "source": 21, "target": 42}, {"distance": 1.1359209289403907, "on_path": 0, "source": 21, "target": 26}, {"distance": 0.6796608710509973, "on_path": 0, "source": 22, "target": 35}, {"distance": 1.1085825094640063, "on_path": 0, "source": 23, "target": 35}, {"distance": 0.8729058200150166, "on_path": 0, "source": 25, "target": 33}, {"distance": 0.9518925927317611, "on_path": 0, "source": 26, "target": 39}, {"distance": 1.4218913023297448, "on_path": 0, "source": 27, "target": 42}, {"distance": 1.5913934375251437, "on_path": 0, "source": 28, "target": 32}, {"distance": 1.9533583177471967, "on_path": 0, "source": 29, "target": 34}, {"distance": 1.1620180891014802, "on_path": 0, "source": 29, "target": 37}, {"distance": 0.3472500115079791, "on_path": 0, "source": 30, "target": 33}, {"distance": 2.24773442407165, "on_path": 0, "source": 30, "target": 36}, {"distance": 1.192908951485348, "on_path": 0, "source": 31, "target": 38}, {"distance": 1.4230047229517802, "on_path": 0, "source": 31, "target": 36}, {"distance": 0.6336361499758711, "on_path": 0, "source": 31, "target": 34}, {"distance": 1.4825195368288242, "on_path": 0, "source": 32, "target": 40}, {"distance": 1.2758778882437534, "on_path": 0, "source": 33, "target": 37}, {"distance": 0.7338439817547284, "on_path": 0, "source": 33, "target": 40}, {"distance": 1.3540010668808302, "on_path": 0, "source": 34, "target": 41}, {"distance": 1.2060707174786065, "on_path": 0, "source": 35, "target": 39}, {"distance": 1.6046891089612558, "on_path": 0, "source": 36, "target": 37}, {"distance": 0.8937128834879081, "on_path": 0, "source": 36, "target": 42}, {"distance": 1.1292687706992919, "on_path": 0, "source": 41, "target": 42}]}