{"directed": false, "multigraph": false, "graph": {}, "nodes": [{"node_features": [0.0, 0.0], "id": 0}, {"node_features": [0.0, 0.0], "id": 1}, {"node_features": [0.0, 0.0], "id": 2}, {"node_features": [0.0, 0.0], "id": 3}, {"node_features": [0.0, 0.0], "id": 4}, {"node_features": [0.0, 0.0], "id": 5}, {"node_features": [0.0, 0.0], "id": 6}, {"node_features": [0.0, 0.0], "id": 7}, {"node_features": [0.0, 0.0], "id": 8}, {"node_features": [0.0, 0.0], "id": 9}, {"node_features": [0.0, 0.0], "id": 10}, {"node_features": [0.0, 0.0], "id": 11}, {"node_features": [0.0, 0.0], "id": 12}, {"node_features": [0.0, 0.0], "id": 13}, {"node_features": [0.0, 0.0], "id": 14}, {"node_features": [0.0, 0.0], "id": 15}, {"node_features": [0.0, 0.0], "id": 16}, {"node_features": [0.0, 0.0], "id": 17}, {"node_features": [0.0, 0.0], "id": 18}, {"node_features": [0.0, 0.0], "id": 19}, {"node_features": [0.0, 0.0], "id": 20}, {"node_features": [0.0, 0.0], "id": 21}, {"node_features": [0.0, 0.0], "id": 22}, {"node_features": [0.0, 0.0], "id": 23}, {"node_features": [0.0, 0.0], "id": 24}, {"node_features": [0.0, 0.0], "id": 25}, {"node_features": [0.0, 0.0], "id": 26}, {"node_features": [0.0, 0.0], "id": 27}, {"node_features": [0.0, 0.0], "id": 28}, {"node_features": [0.0, 0.0], "id": 29}, {"node_features": [0.0, 0.0], "id": 30}, {"node_features": [0.0, 0.0], "id": 31}, {"node_features": [0.0, 1.0], "id": 32}, {"node_features": [1.0, 0.0], "id": 33}, {"node_features": [0.0, 0.0], "id": 34}, {"node_features": [0.0, 0.0], "id": 35}, {"node_features": [0.0, 0.0], "id": 36}, {"node_features": [0.0, 0.0], "id": 37}, {"node_features": [0.0, 0.0], "id": 38}, {"node_features": [0.0, 0.0], "id": 39}, {"node_features": [0.0, 0.0], "id": 40}, {"node_features": [0.0, 0.0], "id": 41}, {"node_features": [0.0, 0.0], "id": 42}], "links": [{"distance": 1.5413496379763583, "on_path": 0, "source": 0, "target": 4}, {"distance": 0.9025983075629493, "on_path": 0, "source": 0, "target": 28}, {"distance": 0.859952507769863, "on_path": 1, "source": 0, "target": 32}, {"distance": 0.5315036959023515, "on_path": 0, "source": 0, "target": 35}, {"distance": 1.3581554215456084, "on_path": 0, "source": 0, "target": 1}, {"distance": 1.2500687426157704, "on_path": 0, "source": 0, "target": 8}, {"distance": 0.5197244669407354, "on_path": 1, "source": 0, "target": 36}, {"distance": 1.463465806736145, "on_path": 0, "source": 1, "target": 36}, {"distance": 1.4572797125053651, "on_path": 0, "source": 1, "target": 4}, {"distance": 1.016288254429534, "on_path": 0, "source": 1, "target": 7}, {"distance": 1.5123975515682344, "on_path": 0, "source": 1, "target": 22}, {"distance": 1.6861871947505984, "on_path": 0, "source": 2, "target": 21}, {"distance": 0.19263690583334842, "on_path": 0, "source": 2, "target": 11}, {"distance": 1.080239020502775, "on_path": 0, "source": 2, "target": 34}, {"distance": 0.7478258789873099, "on_path": 0, "source": 2, "target": 30}, {"distance": 0.6871735791630131, "on_path": 0, "source": 2, "target": 5}, {"distance": 1.6225976130939228, "on_path": 0, "source": 2, "target": 35}, {"distance": 1.2824870295224184, "on_path": 0, "source": 2, "target": 41}, {"distance": 0.8553773918919042, "on_path": 0, "source": 3, "target": 42}, {"distance": 1.0392111503567074, "on_path": 0, "source": 3, "target": 35}, {"distance": 1.0410132849869886, "on_path": 0, "source": 3, "target": 4}, {"distance": 1.045904414441595, "on_path": 0, "source": 4, "target": 9}, {"distance": 1.2243157835173155, "on_path": 0, "source": 4, "target": 25}, {"distance": 1.2641505153511547, "on_path": 0, "source": 5, "target": 16}, {"distance": 0.5290303766950866, "on_path": 0, "source": 5, "target": 22}, {"distance": 0.5232678510292521, "on_path": 0, "source": 5, "target": 11}, {"distance": 0.8140708275140693, "on_path": 0, "source": 5, "target": 38}, {"distance": 0.6240620066971562, "on_path": 0, "source": 6, "target": 41}, {"distance": 1.3059892667101236, "on_path": 0, "source": 6, "target": 40}, {"distance": 1.7727560291488509, "on_path": 0, "source": 7, "target": 21}, {"distance": 0.6723817207899553, "on_path": 0, "source": 7, "target": 16}, {"distance": 1.4371123639484114, "on_path": 0, "source": 8, "target": 41}, {"distance": 1.0111355981273722, "on_path": 0, "source": 9, "target": 38}, {"distance": 0.15715925332042058, "on_path": 0, "source": 10, "target": 24}, {"distance": 1.2262756140474953, "on_path": 0, "source": 10, "target": 25}, {"distance": 1.135528019207462, "on_path": 0, "source": 10, "target": 33}, {"distance": 1.5412595142784202, "on_path": 0, "source": 10, "target": 15}, {"distance": 1.1810961490144432, "on_path": 0, "source": 11, "target": 31}, {"distance": 0.9108337498070369, "on_path": 0, "source": 12, "target": 31}, {"distance": 0.4683106225438498, "on_path": 0, "source": 12, "target": 29}, {"distance": 1.1137325155703897, "on_path": 0, "source": 12, "target": 38}, {"distance": 1.2787122999832667, "on_path": 0, "source": 12, "target": 21}, {"distance": 1.5233757771525007, "on_path": 0, "source": 13, "target": 42}, {"distance": 1.9165054269974722, "on_path": 0, "source": 13, "target": 39}, {"distance": 1.1820805022033702, "on_path": 0, "source": 13, "target": 19}, {"distance": 1.1053794897585243, "on_path": 0, "source": 13, "target": 33}, {"distance": 0.7321594475552847, "on_path": 0, "source": 14, "target": 30}, {"distance": 1.5562807539949837, "on_path": 0, "source": 14, "target": 27}, {"distance": 1.2148270121485527, "on_path": 0, "source": 14, "target": 36}, {"distance": 1.0790882273925666, "on_path": 0, "source": 14, "target": 18}, {"distance": 1.138655448243787, "on_path": 0, "source": 15, "target": 20}, {"distance": 0.4765586833976347, "on_path": 0, "source": 15, "target": 32}, {"distance": 2.09083119486075, "on_path": 0, "source": 15, "target": 34}, {"distance": 0.4047882716062827, "on_path": 0, "source": 16, "target": 26}, {"distance": 1.6805047357044747, "on_path": 0, "source": 16, "target": 35}, {"distance": 0.36488013437566763, "on_path": 0, "source": 17, "target": 33}, {"distance": 1.1131305232287612, "on_path": 0, "source": 17, "target": 26}, {"distance": 1.5433491304120603, "on_path": 0, "source": 17, "target": 40}, {"distance": 1.8530176160263736, "on_path": 0, "source": 18, "target": 27}, {"distance": 0.9139173393357178, "on_path": 0, "source": 18, "target": 23}, {"distance": 0.8999952097248487, "on_path": 0, "source": 18, "target": 39}, {"distance": 0.19214590573800958, "on_path": 0, "source": 19, "target": 33}, {"distance": 1.1062632465892457, "on_path": 0, "source": 20, "target": 29}, {"distance": 1.5152878226647213, "on_path": 0, "source": 20, "target": 33}, {"distance": 1.1197205533813366, "on_path": 0, "source": 20, "target": 39}, {"distance": 0.9939098649258988, "on_path": 0, "source": 20, "target": 24}, {"distance": 0.47875737033741517, "on_path": 1, "source": 21, "target": 33}, {"distance": 1.1119865124684032, "on_path": 1, "source": 21, "target": 36}, {"distance": 0.6956305963478827, "on_path": 0, "source": 21, "target": 41}, {"distance": 0.6668886738144225, "on_path": 0, "source": 21, "target": 38}, {"distance": 1.4281554506387, "on_path": 0, "source": 23, "target": 30}, {"distance": 1.474606805617364, "on_path": 0, "source": 23, "target": 33}, {"distance": 1.1847514276524516, "on_path": 0, "source": 24, "target": 40}, {"distance": 1.17526881935146, "on_path": 0, "source": 25, "target": 42}, {"distance": 0.7847383880641681, "on_path": 0, "source": 26, "target": 33}, {"distance": 1.6252026464882003, "on_path": 0, "source": 26, "target": 39}, {"distance": 1.6844214277098217, "on_path": 0, "source": 27, "target": 42}, {"distance": 1.1597120985314633, "on_path": 0, "source": 27, "target": 37}, {"distance": 1.103259050826341, "on_path": 0, "source": 28, "target": 31}, {"distance": 2.203792847765549, "on_path": 0, "source": 29, "target": 37}, {"distance": 1.277049933872535, "on_path": 0, "source": 30, "target": 36}, {"distance": 0.7493967594959862, "on_path": 0, "source": 31, "target": 36}, {"distance": 1.1399146973705168, "on_path": 0, "source": 31, "target": 39}, {"distance": 1.785546521603127, "on_path": 0, "source": 34, "target": 40}, {"distance": 1.5586437389979084, "on_path": 0, "source": 36, "target": 37}, {"distance": 0.8345474865798893, "on_path": 0, "source": 39, "target": 42}]}