{"directed": false, "multigraph": false, "graph": {}, "nodes": [{"node_features": [0.0, 0.0], "id": 0}, {"node_features": [0.0, 0.0], "id": 1}, {"node_features": [0.0, 0.0], "id": 2}, {"node_features": [0.0, 0.0], "id": 3}, {"node_features": [0.0, 0.0], "id": 4}, {"node_features": [0.0, 0.0], "id": 5}, {"node_features": [0.0, 0.0], "id": 6}, {"node_features": [0.0, 0.0], "id": 7}, {"node_features": [0.0, 0.0], "id": 8}, {"node_features": [0.0, 0.0], "id": 9}, {"node_features": [0.0, 0.0], "id": 10}, {"node_features": [0.0, 0.0], "id": 11}, {"node_features": [0.0, 0.0], "id": 12}, {"node_features": [0.0, 0.0], "id": 13}, {"node_features": [0.0, 0.0], "id": 14}, {"node_features": [0.0, 0.0], "id": 15}, {"node_features": [0.0, 1.0], "id": 16}, {"node_features": [0.0, 0.0], "id": 17}, {"node_features": [0.0, 0.0], "id": 18}, {"node_features": [0.0, 0.0], "id": 19}, {"node_features": [0.0, 0.0], "id": 20}, {"node_features": [0.0, 0.0], "id": 21}, {"node_features": [0.0, 0.0], "id": 22}, {"node_features": [0.0, 0.0], "id": 23}, {"node_features": [0.0, 0.0], "id": 24}, {"node_features": [0.0, 0.0], "id": 25}, {"node_features": [0.0, 0.0], "id": 26}, {"node_features": [0.0, 0.0], "id": 27}, {"node_features": [0.0, 0.0], "id": 28}, {"node_features": [0.0, 0.0], "id": 29}, {"node_features": [0.0, 0.0], "id": 30}, {"node_features": [0.0, 0.0], "id": 31}, {"node_features": [0.0, 0.0], "id": 32}, {"node_features": [0.0, 0.0], "id": 33}, {"node_features": [0.0, 0.0], "id": 34}, {"node_features": [0.0, 0.0], "id": 35}, {"node_features": [0.0, 0.0], "id": 36}, {"node_features": [0.0, 0.0], "id": 37}, {"node_features": [0.0, 0.0], "id": 38}, {"node_features": [0.0, 0.0], "id": 39}, {"node_features": [0.0, 0.0], "id": 40}, {"node_features": [0.0, 0.0], "id": 41}, {"node_features": [0.0, 0.0], "id": 42}, {"node_features": [1.0, 0.0], "id": 43}, {"node_features": [0.0, 0.0], "id": 44}, {"node_features": [0.0, 0.0], "id": 45}], "links": [{"distance": 0.984792117171271, "on_path": 0, "source": 0, "target": 41}, {"distance": 0.2108912569509904, "on_path": 0, "source": 0, "target": 27}, {"distance": 0.25597381174590916, "on_path": 0, "source": 0, "target": 7}, {"distance": 1.0888481062792632, "on_path": 0, "source": 1, "target": 19}, {"distance": 1.0290228410220725, "on_path": 0, "source": 1, "target": 43}, {"distance": 1.4049144698383744, "on_path": 0, "source": 1, "target": 39}, {"distance": 0.738493428036818, "on_path": 0, "source": 2, "target": 37}, {"distance": 0.46065729793527865, "on_path": 0, "source": 2, "target": 33}, {"distance": 0.653353333478636, "on_path": 0, "source": 2, "target": 35}, {"distance": 1.6272703494487266, "on_path": 0, "source": 2, "target": 38}, {"distance": 0.16072468715504581, "on_path": 0, "source": 2, "target": 20}, {"distance": 1.539231987605041, "on_path": 0, "source": 2, "target": 21}, {"distance": 0.903707822211008, "on_path": 0, "source": 2, "target": 34}, {"distance": 1.2186517304302373, "on_path": 0, "source": 3, "target": 21}, {"distance": 0.3759760585415157, "on_path": 0, "source": 3, "target": 45}, {"distance": 1.5188084691001715, "on_path": 0, "source": 4, "target": 26}, {"distance": 1.1598302295404455, "on_path": 0, "source": 4, "target": 9}, {"distance": 0.9868820084596255, "on_path": 0, "source": 4, "target": 25}, {"distance": 1.0542275017634142, "on_path": 0, "source": 5, "target": 35}, {"distance": 1.4697631769495498, "on_path": 1, "source": 5, "target": 12}, {"distance": 1.516458393949377, "on_path": 0, "source": 5, "target": 40}, {"distance": 0.8156568390573138, "on_path": 1, "source": 5, "target": 43}, {"distance": 1.2052403877239348, "on_path": 0, "source": 5, "target": 17}, {"distance": 1.283988190341389, "on_path": 0, "source": 6, "target": 42}, {"distance": 1.2237949043147907, "on_path": 0, "source": 6, "target": 30}, {"distance": 1.610292170873016, "on_path": 0, "source": 6, "target": 13}, {"distance": 0.3838531090582257, "on_path": 0, "source": 6, "target": 29}, {"distance": 1.576704665648298, "on_path": 0, "source": 6, "target": 41}, {"distance": 0.622938019852935, "on_path": 0, "source": 7, "target": 35}, {"distance": 0.888255728779806, "on_path": 0, "source": 7, "target": 25}, {"distance": 1.0922480387971922, "on_path": 0, "source": 7, "target": 44}, {"distance": 0.7296489051350381, "on_path": 0, "source": 7, "target": 33}, {"distance": 1.4483597052191335, "on_path": 0, "source": 8, "target": 17}, {"distance": 0.45981096923732157, "on_path": 0, "source": 8, "target": 18}, {"distance": 1.0988317363801081, "on_path": 0, "source": 8, "target": 41}, {"distance": 0.2530665124716043, "on_path": 0, "source": 8, "target": 21}, {"distance": 0.6089469304987226, "on_path": 0, "source": 9, "target": 12}, {"distance": 0.9999123667233443, "on_path": 0, "source": 9, "target": 35}, {"distance": 0.7333639098995579, "on_path": 0, "source": 10, "target": 18}, {"distance": 1.2251023914474228, "on_path": 0, "source": 10, "target": 31}, {"distance": 0.7872197575272658, "on_path": 0, "source": 10, "target": 35}, {"distance": 0.7208355581581403, "on_path": 0, "source": 11, "target": 30}, {"distance": 0.33300834528852213, "on_path": 0, "source": 11, "target": 37}, {"distance": 0.8344353373742668, "on_path": 0, "source": 12, "target": 37}, {"distance": 0.6572931491112998, "on_path": 1, "source": 12, "target": 32}, {"distance": 1.8505485366814303, "on_path": 0, "source": 13, "target": 45}, {"distance": 0.9082369591576143, "on_path": 0, "source": 13, "target": 34}, {"distance": 0.8232288578221006, "on_path": 0, "source": 14, "target": 37}, {"distance": 1.3272308907061725, "on_path": 0, "source": 14, "target": 30}, {"distance": 1.556112316907917, "on_path": 0, "source": 14, "target": 45}, {"distance": 1.5446319745708321, "on_path": 0, "source": 15, "target": 24}, {"distance": 1.76490737363616, "on_path": 0, "source": 15, "target": 23}, {"distance": 0.7908088325056944, "on_path": 0, "source": 15, "target": 36}, {"distance": 0.578730653436303, "on_path": 0, "source": 15, "target": 22}, {"distance": 1.9425145679730167, "on_path": 0, "source": 16, "target": 45}, {"distance": 1.2329885090155348, "on_path": 0, "source": 16, "target": 25}, {"distance": 1.3582730117273436, "on_path": 1, "source": 16, "target": 32}, {"distance": 1.2110819619390243, "on_path": 0, "source": 17, "target": 30}, {"distance": 0.6410267381577548, "on_path": 0, "source": 17, "target": 28}, {"distance": 2.024726688543732, "on_path": 0, "source": 17, "target": 26}, {"distance": 1.8941122141118385, "on_path": 0, "source": 17, "target": 38}, {"distance": 0.42977242391125153, "on_path": 0, "source": 18, "target": 21}, {"distance": 1.1212219408280877, "on_path": 0, "source": 18, "target": 32}, {"distance": 2.2121274207633426, "on_path": 0, "source": 18, "target": 36}, {"distance": 0.5498936640726938, "on_path": 0, "source": 19, "target": 41}, {"distance": 0.42880728184304556, "on_path": 0, "source": 19, "target": 27}, {"distance": 1.1936073853730822, "on_path": 0, "source": 19, "target": 36}, {"distance": 0.8510085387982779, "on_path": 0, "source": 20, "target": 34}, {"distance": 1.4978963315502525, "on_path": 0, "source": 20, "target": 24}, {"distance": 1.8509582888682008, "on_path": 0, "source": 21, "target": 30}, {"distance": 0.6798523745988269, "on_path": 0, "source": 22, "target": 30}, {"distance": 0.2303478691702468, "on_path": 0, "source": 23, "target": 24}, {"distance": 0.2843512282371884, "on_path": 0, "source": 23, "target": 39}, {"distance": 0.18518989948169606, "on_path": 0, "source": 24, "target": 39}, {"distance": 1.791225083352878, "on_path": 0, "source": 24, "target": 43}, {"distance": 0.6949142452246758, "on_path": 0, "source": 25, "target": 26}, {"distance": 0.8954599434099597, "on_path": 0, "source": 25, "target": 45}, {"distance": 1.1037880046671904, "on_path": 0, "source": 25, "target": 28}, {"distance": 0.18504548880421942, "on_path": 0, "source": 25, "target": 37}, {"distance": 0.693858070194829, "on_path": 0, "source": 26, "target": 29}, {"distance": 0.49356264675864997, "on_path": 0, "source": 26, "target": 40}, {"distance": 0.9609001694760109, "on_path": 0, "source": 26, "target": 27}, {"distance": 1.4221847151609264, "on_path": 0, "source": 27, "target": 30}, {"distance": 1.1049560200304556, "on_path": 0, "source": 30, "target": 31}, {"distance": 1.2511969591386813, "on_path": 0, "source": 31, "target": 34}, {"distance": 1.50405334521164, "on_path": 0, "source": 31, "target": 36}, {"distance": 1.651955748438218, "on_path": 0, "source": 31, "target": 42}, {"distance": 0.7595781885229153, "on_path": 0, "source": 35, "target": 44}, {"distance": 1.6506767989808413, "on_path": 0, "source": 36, "target": 40}, {"distance": 1.4185794399392377, "on_path": 0, "source": 38, "target": 44}, {"distance": 1.5896297900093295, "on_path": 0, "source": 39, "target": 42}, {"distance": 1.9023490947476445, "on_path": 0, "source": 39, "target": 43}]}