{"directed": false, "multigraph": false, "graph": {}, "nodes": [{"node_features": [0.0, 0.0], "id": 0}, {"node_features": [0.0, 0.0], "id": 1}, {"node_features": [0.0, 0.0], "id": 2}, {"node_features": [0.0, 0.0], "id": 3}, {"node_features": [0.0, 0.0], "id": 4}, {"node_features": [0.0, 0.0], "id": 5}, {"node_features": [0.0, 0.0], "id": 6}, {"node_features": [0.0, 0.0], "id": 7}, {"node_features": [1.0, 0.0], "id": 8}, {"node_features": [0.0, 0.0], "id": 9}, {"node_features": [0.0, 0.0], "id": 10}, {"node_features": [0.0, 0.0], "id": 11}, {"node_features": [0.0, 0.0], "id": 12}, {"node_features": [0.0, 0.0], "id": 13}, {"node_features": [0.0, 0.0], "id": 14}, {"node_features": [0.0, 0.0], "id": 15}, {"node_features": [0.0, 1.0], "id": 16}, {"node_features": [0.0, 0.0], "id": 17}, {"node_features": [0.0, 0.0], "id": 18}, {"node_features": [0.0, 0.0], "id": 19}, {"node_features": [0.0, 0.0], "id": 20}, {"node_features": [0.0, 0.0], "id": 21}, {"node_features": [0.0, 0.0], "id": 22}, {"node_features": [0.0, 0.0], "id": 23}, {"node_features": [0.0, 0.0], "id": 24}, {"node_features": [0.0, 0.0], "id": 25}, {"node_features": [0.0, 0.0], "id": 26}, {"node_features": [0.0, 0.0], "id": 27}, {"node_features": [0.0, 0.0], "id": 28}, {"node_features": [0.0, 0.0], "id": 29}, {"node_features": [0.0, 0.0], "id": 30}, {"node_features": [0.0, 0.0], "id": 31}, {"node_features": [0.0, 0.0], "id": 32}, {"node_features": [0.0, 0.0], "id": 33}, {"node_features": [0.0, 0.0], "id": 34}, {"node_features": [0.0, 0.0], "id": 35}, {"node_features": [0.0, 0.0], "id": 36}, {"node_features": [0.0, 0.0], "id": 37}, {"node_features": [0.0, 0.0], "id": 38}, {"node_features": [0.0, 0.0], "id": 39}, {"node_features": [0.0, 0.0], "id": 40}, {"node_features": [0.0, 0.0], "id": 41}, {"node_features": [0.0, 0.0], "id": 42}, {"node_features": [0.0, 0.0], "id": 43}], "links": [{"distance": 1.6539558816521716, "on_path": 0, "source": 0, "target": 11}, {"distance": 0.7984274473633273, "on_path": 0, "source": 0, "target": 36}, {"distance": 1.7655939664158682, "on_path": 0, "source": 1, "target": 26}, {"distance": 1.3905641575623473, "on_path": 0, "source": 1, "target": 9}, {"distance": 1.7999355788041578, "on_path": 0, "source": 1, "target": 31}, {"distance": 1.1288927342890955, "on_path": 0, "source": 1, "target": 37}, {"distance": 0.7455465666687723, "on_path": 0, "source": 1, "target": 18}, {"distance": 1.6710368806326248, "on_path": 0, "source": 1, "target": 30}, {"distance": 2.003626967122183, "on_path": 0, "source": 1, "target": 42}, {"distance": 0.5476615826081653, "on_path": 0, "source": 2, "target": 14}, {"distance": 1.6037866501492133, "on_path": 0, "source": 2, "target": 10}, {"distance": 0.8420671007933596, "on_path": 0, "source": 2, "target": 24}, {"distance": 1.4963133828770738, "on_path": 0, "source": 3, "target": 16}, {"distance": 1.3098356553197674, "on_path": 0, "source": 3, "target": 23}, {"distance": 0.7160630515807909, "on_path": 0, "source": 3, "target": 37}, {"distance": 0.9811827111026232, "on_path": 0, "source": 3, "target": 40}, {"distance": 1.5770921485163012, "on_path": 0, "source": 4, "target": 43}, {"distance": 1.366323113314236, "on_path": 0, "source": 4, "target": 19}, {"distance": 1.1789031859329888, "on_path": 0, "source": 4, "target": 15}, {"distance": 0.8590863527176419, "on_path": 1, "source": 5, "target": 32}, {"distance": 1.438757518332645, "on_path": 0, "source": 5, "target": 27}, {"distance": 0.5457696283428168, "on_path": 1, "source": 5, "target": 16}, {"distance": 1.1084675805496131, "on_path": 0, "source": 6, "target": 13}, {"distance": 0.11538726844954082, "on_path": 0, "source": 6, "target": 14}, {"distance": 0.9167186448997275, "on_path": 0, "source": 6, "target": 12}, {"distance": 0.5900063700251544, "on_path": 0, "source": 7, "target": 12}, {"distance": 1.1967262303529302, "on_path": 0, "source": 7, "target": 16}, {"distance": 1.4945033126789389, "on_path": 0, "source": 7, "target": 28}, {"distance": 1.2142951815862997, "on_path": 0, "source": 7, "target": 19}, {"distance": 0.7809739008287779, "on_path": 0, "source": 8, "target": 18}, {"distance": 0.4025046451213568, "on_path": 0, "source": 8, "target": 15}, {"distance": 1.6662001882108368, "on_path": 0, "source": 8, "target": 27}, {"distance": 0.7543293684978094, "on_path": 1, "source": 8, "target": 33}, {"distance": 1.5009348699485034, "on_path": 0, "source": 8, "target": 31}, {"distance": 0.492771889560997, "on_path": 0, "source": 8, "target": 43}, {"distance": 0.7958290105173815, "on_path": 0, "source": 9, "target": 34}, {"distance": 1.4507822680296243, "on_path": 0, "source": 9, "target": 29}, {"distance": 0.8110107019876663, "on_path": 0, "source": 9, "target": 39}, {"distance": 1.4739509889206874, "on_path": 0, "source": 10, "target": 20}, {"distance": 1.6766498433469472, "on_path": 0, "source": 10, "target": 24}, {"distance": 1.959354772680452, "on_path": 0, "source": 11, "target": 27}, {"distance": 1.7038637544771165, "on_path": 0, "source": 11, "target": 21}, {"distance": 1.609563551927683, "on_path": 0, "source": 11, "target": 12}, {"distance": 0.6697630767323591, "on_path": 0, "source": 11, "target": 13}, {"distance": 0.8744746729234703, "on_path": 0, "source": 12, "target": 33}, {"distance": 0.29826856449418204, "on_path": 0, "source": 12, "target": 22}, {"distance": 0.8934656728408474, "on_path": 0, "source": 12, "target": 27}, {"distance": 1.6574670368487487, "on_path": 0, "source": 12, "target": 38}, {"distance": 0.5194931965090541, "on_path": 0, "source": 13, "target": 17}, {"distance": 0.3332470013180124, "on_path": 0, "source": 13, "target": 24}, {"distance": 0.9840671557477625, "on_path": 0, "source": 13, "target": 36}, {"distance": 1.1653358969764898, "on_path": 0, "source": 14, "target": 34}, {"distance": 0.39810742632582735, "on_path": 0, "source": 14, "target": 27}, {"distance": 1.4263561142426167, "on_path": 0, "source": 14, "target": 32}, {"distance": 0.9829257060474925, "on_path": 0, "source": 15, "target": 35}, {"distance": 0.6025605933324988, "on_path": 0, "source": 15, "target": 41}, {"distance": 0.9154027574721902, "on_path": 0, "source": 16, "target": 39}, {"distance": 0.9818200684116196, "on_path": 0, "source": 16, "target": 28}, {"distance": 0.47770524447213253, "on_path": 0, "source": 17, "target": 36}, {"distance": 1.0850027935075246, "on_path": 0, "source": 17, "target": 26}, {"distance": 1.2387507378982998, "on_path": 0, "source": 18, "target": 43}, {"distance": 1.040635297973122, "on_path": 0, "source": 18, "target": 37}, {"distance": 0.9826076193440265, "on_path": 0, "source": 19, "target": 28}, {"distance": 1.0191893688773308, "on_path": 0, "source": 20, "target": 29}, {"distance": 0.7828380205598965, "on_path": 0, "source": 20, "target": 41}, {"distance": 0.7256325874687121, "on_path": 0, "source": 20, "target": 43}, {"distance": 0.7707296960839327, "on_path": 0, "source": 20, "target": 36}, {"distance": 0.8951565084869524, "on_path": 0, "source": 21, "target": 40}, {"distance": 1.5316835944073164, "on_path": 0, "source": 21, "target": 39}, {"distance": 1.3624129151422377, "on_path": 0, "source": 22, "target": 25}, {"distance": 1.3915364287819172, "on_path": 0, "source": 22, "target": 37}, {"distance": 0.4113136298084032, "on_path": 0, "source": 22, "target": 34}, {"distance": 1.8056410035583121, "on_path": 0, "source": 23, "target": 29}, {"distance": 1.0517657241346665, "on_path": 0, "source": 23, "target": 33}, {"distance": 0.2745071145399271, "on_path": 0, "source": 24, "target": 38}, {"distance": 1.2142162276161221, "on_path": 0, "source": 24, "target": 25}, {"distance": 0.9904125348577774, "on_path": 0, "source": 25, "target": 28}, {"distance": 1.17823059703995, "on_path": 0, "source": 26, "target": 31}, {"distance": 2.336656814633659, "on_path": 0, "source": 26, "target": 29}, {"distance": 1.1492353221427583, "on_path": 0, "source": 26, "target": 40}, {"distance": 1.0768725800706305, "on_path": 0, "source": 26, "target": 36}, {"distance": 0.8486804430477725, "on_path": 0, "source": 30, "target": 37}, {"distance": 0.19815443844139666, "on_path": 0, "source": 30, "target": 40}, {"distance": 1.5806517363164956, "on_path": 0, "source": 31, "target": 43}, {"distance": 1.259746849915789, "on_path": 0, "source": 32, "target": 36}, {"distance": 1.106126830522383, "on_path": 1, "source": 32, "target": 33}, {"distance": 1.5597738493988267, "on_path": 0, "source": 35, "target": 41}, {"distance": 0.985066578493445, "on_path": 0, "source": 39, "target": 42}]}