{"directed": false, "multigraph": false, "graph": {}, "nodes": [{"node_features": [0.0, 0.0], "id": 0}, {"node_features": [1.0, 0.0], "id": 1}, {"node_features": [0.0, 0.0], "id": 2}, {"node_features": [0.0, 1.0], "id": 3}, {"node_features": [0.0, 0.0], "id": 4}, {"node_features": [0.0, 0.0], "id": 5}, {"node_features": [0.0, 0.0], "id": 6}, {"node_features": [0.0, 0.0], "id": 7}, {"node_features": [0.0, 0.0], "id": 8}, {"node_features": [0.0, 0.0], "id": 9}, {"node_features": [0.0, 0.0], "id": 10}, {"node_features": [0.0, 0.0], "id": 11}, {"node_features": [0.0, 0.0], "id": 12}, {"node_features": [0.0, 0.0], "id": 13}, {"node_features": [0.0, 0.0], "id": 14}, {"node_features": [0.0, 0.0], "id": 15}, {"node_features": [0.0, 0.0], "id": 16}, {"node_features": [0.0, 0.0], "id": 17}, {"node_features": [0.0, 0.0], "id": 18}, {"node_features": [0.0, 0.0], "id": 19}, {"node_features": [0.0, 0.0], "id": 20}, {"node_features": [0.0, 0.0], "id": 21}, {"node_features": [0.0, 0.0], "id": 22}, {"node_features": [0.0, 0.0], "id": 23}, {"node_features": [0.0, 0.0], "id": 24}, {"node_features": [0.0, 0.0], "id": 25}, {"node_features": [0.0, 0.0], "id": 26}, {"node_features": [0.0, 0.0], "id": 27}, {"node_features": [0.0, 0.0], "id": 28}, {"node_features": [0.0, 0.0], "id": 29}, {"node_features": [0.0, 0.0], "id": 30}, {"node_features": [0.0, 0.0], "id": 31}, {"node_features": [0.0, 0.0], "id": 32}, {"node_features": [0.0, 0.0], "id": 33}, {"node_features": [0.0, 0.0], "id": 34}, {"node_features": [0.0, 0.0], "id": 35}, {"node_features": [0.0, 0.0], "id": 36}, {"node_features": [0.0, 0.0], "id": 37}, {"node_features": [0.0, 0.0], "id": 38}, {"node_features": [0.0, 0.0], "id": 39}, {"node_features": [0.0, 0.0], "id": 40}, {"node_features": [0.0, 0.0], "id": 41}, {"node_features": [0.0, 0.0], "id": 42}], "links": [{"distance": 0.7796638915019684, "on_path": 0, "source": 0, "target": 3}, {"distance": 1.1331648531243383, "on_path": 0, "source": 0, "target": 25}, {"distance": 0.6085684422679853, "on_path": 0, "source": 0, "target": 11}, {"distance": 1.5727477252933018, "on_path": 0, "source": 0, "target": 17}, {"distance": 1.4760800129800646, "on_path": 0, "source": 1, "target": 17}, {"distance": 0.526063837913771, "on_path": 1, "source": 1, "target": 4}, {"distance": 0.5868848103984753, "on_path": 0, "source": 1, "target": 28}, {"distance": 1.3073469985815893, "on_path": 0, "source": 2, "target": 18}, {"distance": 0.5700365510870061, "on_path": 0, "source": 2, "target": 22}, {"distance": 1.4870144444665356, "on_path": 0, "source": 2, "target": 24}, {"distance": 0.8827347425963542, "on_path": 0, "source": 3, "target": 40}, {"distance": 1.3460687732913197, "on_path": 0, "source": 3, "target": 20}, {"distance": 2.1853001075887986, "on_path": 0, "source": 3, "target": 23}, {"distance": 2.2624602838501957, "on_path": 0, "source": 3, "target": 41}, {"distance": 0.8346277489344174, "on_path": 1, "source": 3, "target": 7}, {"distance": 2.1211067288162067, "on_path": 0, "source": 3, "target": 12}, {"distance": 1.1642618694016675, "on_path": 0, "source": 4, "target": 36}, {"distance": 0.9667371496872406, "on_path": 0, "source": 4, "target": 29}, {"distance": 0.7940825801354356, "on_path": 1, "source": 4, "target": 38}, {"distance": 0.34375429906015076, "on_path": 0, "source": 5, "target": 38}, {"distance": 1.614224689356404, "on_path": 0, "source": 5, "target": 16}, {"distance": 1.6609792014620728, "on_path": 0, "source": 5, "target": 18}, {"distance": 0.6888532984774188, "on_path": 0, "source": 5, "target": 27}, {"distance": 1.6081021078320934, "on_path": 0, "source": 6, "target": 32}, {"distance": 1.2311490997252323, "on_path": 0, "source": 6, "target": 13}, {"distance": 1.8784141864265849, "on_path": 0, "source": 6, "target": 38}, {"distance": 1.5063702475868368, "on_path": 0, "source": 6, "target": 15}, {"distance": 1.2676235101079303, "on_path": 0, "source": 6, "target": 23}, {"distance": 1.250487550088596, "on_path": 0, "source": 6, "target": 26}, {"distance": 1.7947098974876161, "on_path": 0, "source": 6, "target": 34}, {"distance": 0.8866585753871323, "on_path": 1, "source": 7, "target": 38}, {"distance": 0.7096789692292991, "on_path": 0, "source": 7, "target": 30}, {"distance": 0.49196432698021475, "on_path": 0, "source": 7, "target": 22}, {"distance": 1.3934816835279875, "on_path": 0, "source": 8, "target": 40}, {"distance": 0.6469160021194704, "on_path": 0, "source": 8, "target": 18}, {"distance": 0.5453159920061661, "on_path": 0, "source": 8, "target": 39}, {"distance": 1.1380084306761507, "on_path": 0, "source": 8, "target": 24}, {"distance": 0.4804522415528895, "on_path": 0, "source": 8, "target": 31}, {"distance": 2.293674073325969, "on_path": 0, "source": 9, "target": 17}, {"distance": 1.8648575575163495, "on_path": 0, "source": 9, "target": 13}, {"distance": 0.418133832207655, "on_path": 0, "source": 10, "target": 32}, {"distance": 0.2040002576835587, "on_path": 0, "source": 10, "target": 14}, {"distance": 1.5319705510395427, "on_path": 0, "source": 10, "target": 15}, {"distance": 1.149249572924315, "on_path": 0, "source": 11, "target": 14}, {"distance": 0.9702903876701294, "on_path": 0, "source": 11, "target": 12}, {"distance": 0.5312753279386511, "on_path": 0, "source": 11, "target": 31}, {"distance": 0.5400429090693858, "on_path": 0, "source": 11, "target": 36}, {"distance": 0.3524519913769895, "on_path": 0, "source": 12, "target": 41}, {"distance": 1.2771683023735259, "on_path": 0, "source": 13, "target": 28}, {"distance": 0.699317997362338, "on_path": 0, "source": 13, "target": 39}, {"distance": 1.3287182111828846, "on_path": 0, "source": 14, "target": 15}, {"distance": 0.7861050245906372, "on_path": 0, "source": 14, "target": 42}, {"distance": 1.3868275270997426, "on_path": 0, "source": 14, "target": 23}, {"distance": 0.5407309585108809, "on_path": 0, "source": 15, "target": 24}, {"distance": 1.5096866215325255, "on_path": 0, "source": 15, "target": 31}, {"distance": 1.535316821772071, "on_path": 0, "source": 16, "target": 25}, {"distance": 0.7592302199410441, "on_path": 0, "source": 17, "target": 29}, {"distance": 1.199028491099318, "on_path": 0, "source": 18, "target": 27}, {"distance": 0.5350585994811529, "on_path": 0, "source": 18, "target": 35}, {"distance": 1.6869597765866102, "on_path": 0, "source": 18, "target": 40}, {"distance": 1.6245345133277387, "on_path": 0, "source": 19, "target": 33}, {"distance": 1.377803579903805, "on_path": 0, "source": 19, "target": 37}, {"distance": 1.6077664490347046, "on_path": 0, "source": 19, "target": 34}, {"distance": 0.5867431484059428, "on_path": 0, "source": 20, "target": 32}, {"distance": 1.8182582782871282, "on_path": 0, "source": 20, "target": 21}, {"distance": 1.212195414691053, "on_path": 0, "source": 20, "target": 35}, {"distance": 1.013471914290015, "on_path": 0, "source": 20, "target": 42}, {"distance": 1.3413317675853245, "on_path": 0, "source": 21, "target": 32}, {"distance": 1.9449245253594594, "on_path": 0, "source": 21, "target": 22}, {"distance": 0.6500420041489241, "on_path": 0, "source": 24, "target": 34}, {"distance": 1.0109895651395153, "on_path": 0, "source": 24, "target": 25}, {"distance": 1.262822521203923, "on_path": 0, "source": 25, "target": 26}, {"distance": 1.9013270064105914, "on_path": 0, "source": 27, "target": 33}, {"distance": 1.399302767072316, "on_path": 0, "source": 28, "target": 39}, {"distance": 1.6741404395646338, "on_path": 0, "source": 29, "target": 36}, {"distance": 0.6704506420975732, "on_path": 0, "source": 29, "target": 37}, {"distance": 0.926943872876431, "on_path": 0, "source": 30, "target": 41}, {"distance": 0.7923625390614467, "on_path": 0, "source": 30, "target": 34}, {"distance": 0.6080663172960195, "on_path": 0, "source": 30, "target": 32}, {"distance": 1.3333444569655843, "on_path": 0, "source": 30, "target": 33}, {"distance": 1.0300468375790135, "on_path": 0, "source": 30, "target": 36}, {"distance": 0.9386356333084555, "on_path": 0, "source": 32, "target": 35}, {"distance": 2.1111875193616245, "on_path": 0, "source": 33, "target": 34}, {"distance": 0.8988048783999029, "on_path": 0, "source": 36, "target": 42}, {"distance": 1.6961734791427527, "on_path": 0, "source": 36, "target": 40}, {"distance": 1.1995357615489695, "on_path": 0, "source": 37, "target": 41}]}