{"directed": false, "multigraph": false, "graph": {}, "nodes": [{"node_features": [0.0, 0.0], "id": 0}, {"node_features": [0.0, 0.0], "id": 1}, {"node_features": [0.0, 0.0], "id": 2}, {"node_features": [0.0, 0.0], "id": 3}, {"node_features": [0.0, 0.0], "id": 4}, {"node_features": [0.0, 0.0], "id": 5}, {"node_features": [0.0, 0.0], "id": 6}, {"node_features": [0.0, 0.0], "id": 7}, {"node_features": [0.0, 0.0], "id": 8}, {"node_features": [0.0, 0.0], "id": 9}, {"node_features": [0.0, 0.0], "id": 10}, {"node_features": [0.0, 0.0], "id": 11}, {"node_features": [0.0, 0.0], "id": 12}, {"node_features": [1.0, 0.0], "id": 13}, {"node_features": [0.0, 0.0], "id": 14}, {"node_features": [0.0, 0.0], "id": 15}, {"node_features": [0.0, 0.0], "id": 16}, {"node_features": [0.0, 0.0], "id": 17}, {"node_features": [0.0, 0.0], "id": 18}, {"node_features": [0.0, 0.0], "id": 19}, {"node_features": [0.0, 0.0], "id": 20}, {"node_features": [0.0, 0.0], "id": 21}, {"node_features": [0.0, 1.0], "id": 22}, {"node_features": [0.0, 0.0], "id": 23}, {"node_features": [0.0, 0.0], "id": 24}, {"node_features": [0.0, 0.0], "id": 25}, {"node_features": [0.0, 0.0], "id": 26}, {"node_features": [0.0, 0.0], "id": 27}, {"node_features": [0.0, 0.0], "id": 28}, {"node_features": [0.0, 0.0], "id": 29}, {"node_features": [0.0, 0.0], "id": 30}, {"node_features": [0.0, 0.0], "id": 31}, {"node_features": [0.0, 0.0], "id": 32}, {"node_features": [0.0, 0.0], "id": 33}, {"node_features": [0.0, 0.0], "id": 34}, {"node_features": [0.0, 0.0], "id": 35}], "links": [{"distance": 1.0867586576698802, "on_path": 0, "source": 0, "target": 8}, {"distance": 1.3330700073029633, "on_path": 0, "source": 0, "target": 30}, {"distance": 1.1166244888678365, "on_path": 0, "source": 0, "target": 19}, {"distance": 1.4747281665132812, "on_path": 0, "source": 0, "target": 32}, {"distance": 0.6559960276771192, "on_path": 0, "source": 1, "target": 31}, {"distance": 1.1425456000047352, "on_path": 0, "source": 1, "target": 17}, {"distance": 0.6565849877899576, "on_path": 0, "source": 1, "target": 19}, {"distance": 0.9990784601260139, "on_path": 0, "source": 1, "target": 20}, {"distance": 0.9502458070557916, "on_path": 0, "source": 2, "target": 17}, {"distance": 0.6672434722256253, "on_path": 0, "source": 2, "target": 15}, {"distance": 0.8909571217355282, "on_path": 0, "source": 2, "target": 21}, {"distance": 0.3669928766447774, "on_path": 0, "source": 2, "target": 25}, {"distance": 0.6654613535302515, "on_path": 0, "source": 2, "target": 31}, {"distance": 1.136531493086896, "on_path": 0, "source": 2, "target": 32}, {"distance": 0.24350586157766047, "on_path": 0, "source": 2, "target": 30}, {"distance": 1.3226730814153687, "on_path": 0, "source": 3, "target": 20}, {"distance": 1.3522038210463723, "on_path": 0, "source": 3, "target": 16}, {"distance": 0.6527174931263802, "on_path": 0, "source": 3, "target": 12}, {"distance": 1.448723594158895, "on_path": 0, "source": 3, "target": 17}, {"distance": 0.09944167997758069, "on_path": 0, "source": 3, "target": 31}, {"distance": 0.5109397604446757, "on_path": 0, "source": 4, "target": 10}, {"distance": 1.6259083298288795, "on_path": 0, "source": 4, "target": 7}, {"distance": 1.0997647450312282, "on_path": 0, "source": 5, "target": 12}, {"distance": 1.1137289769633922, "on_path": 0, "source": 5, "target": 20}, {"distance": 0.8381077515784702, "on_path": 0, "source": 6, "target": 31}, {"distance": 1.1035487978952787, "on_path": 0, "source": 6, "target": 22}, {"distance": 0.9705839109064952, "on_path": 0, "source": 6, "target": 7}, {"distance": 0.29009358395307855, "on_path": 0, "source": 6, "target": 12}, {"distance": 0.42538221273208726, "on_path": 0, "source": 6, "target": 21}, {"distance": 1.454224262339318, "on_path": 0, "source": 7, "target": 20}, {"distance": 0.6270727191603586, "on_path": 0, "source": 7, "target": 33}, {"distance": 1.454792430009013, "on_path": 0, "source": 7, "target": 10}, {"distance": 1.0346766663963027, "on_path": 0, "source": 8, "target": 23}, {"distance": 2.1926554200841317, "on_path": 0, "source": 8, "target": 14}, {"distance": 1.0424343707790475, "on_path": 0, "source": 9, "target": 17}, {"distance": 0.41529604160149713, "on_path": 0, "source": 9, "target": 27}, {"distance": 1.058712517578321, "on_path": 0, "source": 10, "target": 20}, {"distance": 1.367154867781333, "on_path": 0, "source": 10, "target": 18}, {"distance": 1.3100462570778826, "on_path": 0, "source": 10, "target": 34}, {"distance": 0.33051338483626, "on_path": 1, "source": 10, "target": 24}, {"distance": 1.4992463296073841, "on_path": 1, "source": 10, "target": 13}, {"distance": 0.9074417186719671, "on_path": 0, "source": 11, "target": 33}, {"distance": 1.2676740780648754, "on_path": 0, "source": 11, "target": 12}, {"distance": 0.6776339667943231, "on_path": 0, "source": 11, "target": 26}, {"distance": 0.8543926002337938, "on_path": 0, "source": 11, "target": 32}, {"distance": 1.3478154325200091, "on_path": 0, "source": 11, "target": 28}, {"distance": 1.0804303917760274, "on_path": 0, "source": 13, "target": 23}, {"distance": 0.28482038753311817, "on_path": 0, "source": 14, "target": 31}, {"distance": 1.967059184311487, "on_path": 0, "source": 14, "target": 18}, {"distance": 0.8357538254406528, "on_path": 0, "source": 15, "target": 35}, {"distance": 0.8090038497621015, "on_path": 0, "source": 15, "target": 24}, {"distance": 0.2776005417993944, "on_path": 0, "source": 16, "target": 19}, {"distance": 0.49028692646845634, "on_path": 0, "source": 16, "target": 32}, {"distance": 1.3803003271571797, "on_path": 0, "source": 16, "target": 29}, {"distance": 1.365938644839217, "on_path": 0, "source": 17, "target": 35}, {"distance": 1.2022094301674435, "on_path": 0, "source": 18, "target": 27}, {"distance": 2.530856907376026, "on_path": 0, "source": 18, "target": 34}, {"distance": 0.3728280006805421, "on_path": 0, "source": 19, "target": 27}, {"distance": 0.24574093764842436, "on_path": 1, "source": 19, "target": 22}, {"distance": 0.5644197296473813, "on_path": 1, "source": 19, "target": 24}, {"distance": 1.235012338574282, "on_path": 0, "source": 20, "target": 35}, {"distance": 0.5012442068486302, "on_path": 0, "source": 20, "target": 26}, {"distance": 1.073765648190227, "on_path": 0, "source": 20, "target": 33}, {"distance": 0.5967413072262997, "on_path": 0, "source": 22, "target": 32}, {"distance": 0.42368417440462747, "on_path": 0, "source": 22, "target": 27}, {"distance": 0.8935720420869246, "on_path": 0, "source": 23, "target": 31}, {"distance": 0.9690377079026864, "on_path": 0, "source": 23, "target": 32}, {"distance": 1.0433851678833563, "on_path": 0, "source": 24, "target": 31}, {"distance": 0.5893918029029686, "on_path": 0, "source": 25, "target": 30}, {"distance": 0.3995018341222043, "on_path": 0, "source": 27, "target": 30}, {"distance": 1.7223347195881604, "on_path": 0, "source": 28, "target": 33}, {"distance": 0.4948387834630555, "on_path": 0, "source": 28, "target": 29}]}