{"directed": false, "multigraph": false, "graph": {}, "nodes": [{"node_features": [0.0, 0.0], "id": 0}, {"node_features": [0.0, 0.0], "id": 1}, {"node_features": [0.0, 0.0], "id": 2}, {"node_features": [0.0, 0.0], "id": 3}, {"node_features": [0.0, 0.0], "id": 4}, {"node_features": [0.0, 0.0], "id": 5}, {"node_features": [0.0, 0.0], "id": 6}, {"node_features": [0.0, 0.0], "id": 7}, {"node_features": [0.0, 0.0], "id": 8}, {"node_features": [0.0, 0.0], "id": 9}, {"node_features": [0.0, 0.0], "id": 10}, {"node_features": [0.0, 0.0], "id": 11}, {"node_features": [0.0, 0.0], "id": 12}, {"node_features": [0.0, 0.0], "id": 13}, {"node_features": [0.0, 0.0], "id": 14}, {"node_features": [0.0, 0.0], "id": 15}, {"node_features": [0.0, 0.0], "id": 16}, {"node_features": [0.0, 0.0], "id": 17}, {"node_features": [0.0, 0.0], "id": 18}, {"node_features": [0.0, 0.0], "id": 19}, {"node_features": [0.0, 0.0], "id": 20}, {"node_features": [0.0, 0.0], "id": 21}, {"node_features": [0.0, 0.0], "id": 22}, {"node_features": [0.0, 0.0], "id": 23}, {"node_features": [0.0, 0.0], "id": 24}, {"node_features": [0.0, 1.0], "id": 25}, {"node_features": [1.0, 0.0], "id": 26}, {"node_features": [0.0, 0.0], "id": 27}, {"node_features": [0.0, 0.0], "id": 28}, {"node_features": [0.0, 0.0], "id": 29}, {"node_features": [0.0, 0.0], "id": 30}, {"node_features": [0.0, 0.0], "id": 31}, {"node_features": [0.0, 0.0], "id": 32}, {"node_features": [0.0, 0.0], "id": 33}, {"node_features": [0.0, 0.0], "id": 34}, {"node_features": [0.0, 0.0], "id": 35}], "links": [{"distance": 1.8684377039444384, "on_path": 0, "source": 0, "target": 20}, {"distance": 1.2841103529851907, "on_path": 0, "source": 0, "target": 13}, {"distance": 0.5776571375800968, "on_path": 1, "source": 0, "target": 4}, {"distance": 0.2814070616767923, "on_path": 1, "source": 0, "target": 22}, {"distance": 0.5001141267457428, "on_path": 0, "source": 1, "target": 16}, {"distance": 1.7485459982899108, "on_path": 0, "source": 1, "target": 28}, {"distance": 1.1931033532151452, "on_path": 0, "source": 1, "target": 13}, {"distance": 1.3291386675449453, "on_path": 0, "source": 2, "target": 20}, {"distance": 0.635519341627688, "on_path": 0, "source": 2, "target": 10}, {"distance": 1.9465609402095572, "on_path": 0, "source": 2, "target": 35}, {"distance": 0.821294603743485, "on_path": 0, "source": 3, "target": 23}, {"distance": 0.843942466741371, "on_path": 0, "source": 3, "target": 7}, {"distance": 0.7976757651683154, "on_path": 0, "source": 3, "target": 17}, {"distance": 0.5891527281310521, "on_path": 0, "source": 3, "target": 19}, {"distance": 0.552670949665662, "on_path": 0, "source": 3, "target": 21}, {"distance": 0.76182008416006, "on_path": 0, "source": 3, "target": 20}, {"distance": 1.4449120642340296, "on_path": 0, "source": 3, "target": 15}, {"distance": 0.919281711790037, "on_path": 0, "source": 4, "target": 16}, {"distance": 0.6697209897447859, "on_path": 1, "source": 4, "target": 24}, {"distance": 0.2967235859255115, "on_path": 0, "source": 5, "target": 22}, {"distance": 0.3050759241145825, "on_path": 0, "source": 5, "target": 11}, {"distance": 0.9273693411834175, "on_path": 0, "source": 6, "target": 25}, {"distance": 1.5698131316545247, "on_path": 0, "source": 6, "target": 15}, {"distance": 0.09733405987983518, "on_path": 0, "source": 6, "target": 34}, {"distance": 1.8842236966006782, "on_path": 0, "source": 7, "target": 29}, {"distance": 2.1565232896951914, "on_path": 0, "source": 7, "target": 15}, {"distance": 0.19883892291706529, "on_path": 0, "source": 8, "target": 20}, {"distance": 1.4636138608475826, "on_path": 0, "source": 8, "target": 14}, {"distance": 1.6455937786075827, "on_path": 0, "source": 8, "target": 22}, {"distance": 2.001906511941664, "on_path": 0, "source": 8, "target": 30}, {"distance": 1.284042465706992, "on_path": 0, "source": 8, "target": 32}, {"distance": 0.625276930929988, "on_path": 0, "source": 8, "target": 19}, {"distance": 1.91636457661756, "on_path": 0, "source": 9, "target": 34}, {"distance": 1.6295234658579993, "on_path": 0, "source": 9, "target": 35}, {"distance": 0.772822026958311, "on_path": 0, "source": 9, "target": 23}, {"distance": 0.7746394094180014, "on_path": 0, "source": 10, "target": 11}, {"distance": 0.4436464997120524, "on_path": 0, "source": 10, "target": 33}, {"distance": 0.9260189421785023, "on_path": 0, "source": 10, "target": 20}, {"distance": 0.14094095493532355, "on_path": 0, "source": 11, "target": 25}, {"distance": 1.5524377910967482, "on_path": 0, "source": 11, "target": 27}, {"distance": 0.45595426388883253, "on_path": 0, "source": 11, "target": 22}, {"distance": 1.070618325550559, "on_path": 0, "source": 12, "target": 17}, {"distance": 1.4069370476866705, "on_path": 0, "source": 12, "target": 34}, {"distance": 2.0052039149501137, "on_path": 0, "source": 12, "target": 29}, {"distance": 1.5997370346108235, "on_path": 0, "source": 12, "target": 13}, {"distance": 0.9964437520332298, "on_path": 0, "source": 12, "target": 28}, {"distance": 1.3712998348463428, "on_path": 0, "source": 12, "target": 30}, {"distance": 0.9791849487163119, "on_path": 0, "source": 12, "target": 33}, {"distance": 0.7688327343651413, "on_path": 0, "source": 13, "target": 20}, {"distance": 1.0095521194172425, "on_path": 0, "source": 14, "target": 26}, {"distance": 0.6142161976922522, "on_path": 0, "source": 14, "target": 29}, {"distance": 1.9170817559024407, "on_path": 0, "source": 15, "target": 20}, {"distance": 0.9050008927568097, "on_path": 0, "source": 15, "target": 21}, {"distance": 0.5730485756285456, "on_path": 0, "source": 16, "target": 23}, {"distance": 1.7460469080176118, "on_path": 0, "source": 16, "target": 28}, {"distance": 2.0746343492943002, "on_path": 0, "source": 16, "target": 27}, {"distance": 0.7998199717920831, "on_path": 0, "source": 16, "target": 29}, {"distance": 1.3272961880805134, "on_path": 0, "source": 16, "target": 31}, {"distance": 0.4870302032791222, "on_path": 0, "source": 17, "target": 32}, {"distance": 0.8955376815163922, "on_path": 0, "source": 17, "target": 27}, {"distance": 0.9414628356470816, "on_path": 0, "source": 18, "target": 23}, {"distance": 0.20910806192335285, "on_path": 0, "source": 18, "target": 35}, {"distance": 1.1956826511956413, "on_path": 0, "source": 18, "target": 20}, {"distance": 0.49766236867670405, "on_path": 0, "source": 20, "target": 33}, {"distance": 0.5483905462753298, "on_path": 1, "source": 22, "target": 25}, {"distance": 1.0134334255084585, "on_path": 0, "source": 23, "target": 29}, {"distance": 1.1399907549471093, "on_path": 0, "source": 24, "target": 34}, {"distance": 1.1106205794448265, "on_path": 1, "source": 24, "target": 26}, {"distance": 1.1027622878703265, "on_path": 0, "source": 25, "target": 31}, {"distance": 2.09600141419075, "on_path": 0, "source": 27, "target": 35}, {"distance": 1.1448389782733248, "on_path": 0, "source": 29, "target": 32}, {"distance": 0.2636818555086453, "on_path": 0, "source": 29, "target": 35}]}