{"directed": false, "multigraph": false, "graph": {}, "nodes": [{"node_features": [0.0, 0.0], "id": 0}, {"node_features": [0.0, 0.0], "id": 1}, {"node_features": [0.0, 1.0], "id": 2}, {"node_features": [1.0, 0.0], "id": 3}, {"node_features": [0.0, 0.0], "id": 4}, {"node_features": [0.0, 0.0], "id": 5}, {"node_features": [0.0, 0.0], "id": 6}, {"node_features": [0.0, 0.0], "id": 7}, {"node_features": [0.0, 0.0], "id": 8}, {"node_features": [0.0, 0.0], "id": 9}, {"node_features": [0.0, 0.0], "id": 10}, {"node_features": [0.0, 0.0], "id": 11}, {"node_features": [0.0, 0.0], "id": 12}, {"node_features": [0.0, 0.0], "id": 13}, {"node_features": [0.0, 0.0], "id": 14}, {"node_features": [0.0, 0.0], "id": 15}, {"node_features": [0.0, 0.0], "id": 16}, {"node_features": [0.0, 0.0], "id": 17}, {"node_features": [0.0, 0.0], "id": 18}, {"node_features": [0.0, 0.0], "id": 19}, {"node_features": [0.0, 0.0], "id": 20}, {"node_features": [0.0, 0.0], "id": 21}, {"node_features": [0.0, 0.0], "id": 22}, {"node_features": [0.0, 0.0], "id": 23}, {"node_features": [0.0, 0.0], "id": 24}, {"node_features": [0.0, 0.0], "id": 25}, {"node_features": [0.0, 0.0], "id": 26}], "links": [{"distance": 1.1081039014026528, "on_path": 0, "source": 0, "target": 5}, {"distance": 1.692558974517843, "on_path": 0, "source": 0, "target": 4}, {"distance": 0.4988226155982329, "on_path": 1, "source": 0, "target": 20}, {"distance": 1.0367961420574414, "on_path": 0, "source": 0, "target": 19}, {"distance": 0.7328780904564358, "on_path": 1, "source": 0, "target": 7}, {"distance": 0.7394509938990564, "on_path": 0, "source": 1, "target": 16}, {"distance": 1.2975436921150705, "on_path": 0, "source": 1, "target": 17}, {"distance": 0.5282187961817405, "on_path": 0, "source": 1, "target": 24}, {"distance": 0.7308434712374844, "on_path": 1, "source": 2, "target": 7}, {"distance": 1.4006561237160324, "on_path": 0, "source": 2, "target": 11}, {"distance": 0.34201823389059555, "on_path": 0, "source": 2, "target": 25}, {"distance": 0.9784157496473211, "on_path": 0, "source": 2, "target": 24}, {"distance": 1.008717219185153, "on_path": 0, "source": 3, "target": 6}, {"distance": 1.4315243749947066, "on_path": 0, "source": 3, "target": 26}, {"distance": 0.8419031842555958, "on_path": 0, "source": 3, "target": 22}, {"distance": 2.0911953503658207, "on_path": 0, "source": 3, "target": 17}, {"distance": 0.970631039434748, "on_path": 0, "source": 3, "target": 19}, {"distance": 0.6902959062281747, "on_path": 1, "source": 3, "target": 20}, {"distance": 1.6317315663060241, "on_path": 0, "source": 4, "target": 7}, {"distance": 0.6874171786489205, "on_path": 0, "source": 4, "target": 14}, {"distance": 0.40816766946370453, "on_path": 0, "source": 4, "target": 23}, {"distance": 1.4946582748206816, "on_path": 0, "source": 4, "target": 25}, {"distance": 1.6101142214253055, "on_path": 0, "source": 5, "target": 16}, {"distance": 1.3716980176321594, "on_path": 0, "source": 5, "target": 6}, {"distance": 1.5072431413715202, "on_path": 0, "source": 5, "target": 10}, {"distance": 0.34383583945344703, "on_path": 0, "source": 5, "target": 21}, {"distance": 0.41487483448413265, "on_path": 0, "source": 6, "target": 23}, {"distance": 1.1400059638779407, "on_path": 0, "source": 6, "target": 7}, {"distance": 1.0714609884693045, "on_path": 0, "source": 6, "target": 22}, {"distance": 1.388254803182518, "on_path": 0, "source": 7, "target": 16}, {"distance": 0.6219098583739889, "on_path": 0, "source": 7, "target": 24}, {"distance": 1.9885639112996678, "on_path": 0, "source": 8, "target": 21}, {"distance": 1.1288749787565142, "on_path": 0, "source": 8, "target": 15}, {"distance": 1.6442602566188342, "on_path": 0, "source": 8, "target": 25}, {"distance": 1.3954974523765784, "on_path": 0, "source": 9, "target": 13}, {"distance": 1.795986998105037, "on_path": 0, "source": 9, "target": 18}, {"distance": 1.3251089431493646, "on_path": 0, "source": 9, "target": 25}, {"distance": 0.6688644056828362, "on_path": 0, "source": 9, "target": 16}, {"distance": 1.2727273762795377, "on_path": 0, "source": 10, "target": 16}, {"distance": 2.0273035293070674, "on_path": 0, "source": 10, "target": 15}, {"distance": 1.2219612900475993, "on_path": 0, "source": 11, "target": 19}, {"distance": 1.0995433374607895, "on_path": 0, "source": 11, "target": 21}, {"distance": 1.6365875170749233, "on_path": 0, "source": 12, "target": 18}, {"distance": 0.15473134850512796, "on_path": 0, "source": 12, "target": 24}, {"distance": 0.8249556432125987, "on_path": 0, "source": 13, "target": 16}, {"distance": 0.4530278794541805, "on_path": 0, "source": 13, "target": 18}, {"distance": 1.2733056933839035, "on_path": 0, "source": 13, "target": 24}, {"distance": 1.619488225155072, "on_path": 0, "source": 14, "target": 17}, {"distance": 1.1262845648950528, "on_path": 0, "source": 14, "target": 26}, {"distance": 0.46263203005583375, "on_path": 0, "source": 15, "target": 18}, {"distance": 1.0833408097836201, "on_path": 0, "source": 18, "target": 22}, {"distance": 0.5422604122697434, "on_path": 0, "source": 20, "target": 21}, {"distance": 1.1633871289675042, "on_path": 0, "source": 21, "target": 26}, {"distance": 1.5933488058327259, "on_path": 0, "source": 21, "target": 23}]}