{"directed": false, "multigraph": false, "graph": {}, "nodes": [{"node_features": [0.0, 0.0], "id": 0}, {"node_features": [0.0, 0.0], "id": 1}, {"node_features": [0.0, 0.0], "id": 2}, {"node_features": [1.0, 0.0], "id": 3}, {"node_features": [0.0, 0.0], "id": 4}, {"node_features": [0.0, 0.0], "id": 5}, {"node_features": [0.0, 0.0], "id": 6}, {"node_features": [0.0, 0.0], "id": 7}, {"node_features": [0.0, 0.0], "id": 8}, {"node_features": [0.0, 0.0], "id": 9}, {"node_features": [0.0, 0.0], "id": 10}, {"node_features": [0.0, 0.0], "id": 11}, {"node_features": [0.0, 0.0], "id": 12}, {"node_features": [0.0, 0.0], "id": 13}, {"node_features": [0.0, 0.0], "id": 14}, {"node_features": [0.0, 1.0], "id": 15}, {"node_features": [0.0, 0.0], "id": 16}, {"node_features": [0.0, 0.0], "id": 17}, {"node_features": [0.0, 0.0], "id": 18}, {"node_features": [0.0, 0.0], "id": 19}, {"node_features": [0.0, 0.0], "id": 20}, {"node_features": [0.0, 0.0], "id": 21}, {"node_features": [0.0, 0.0], "id": 22}, {"node_features": [0.0, 0.0], "id": 23}, {"node_features": [0.0, 0.0], "id": 24}, {"node_features": [0.0, 0.0], "id": 25}, {"node_features": [0.0, 0.0], "id": 26}, {"node_features": [0.0, 0.0], "id": 27}, {"node_features": [0.0, 0.0], "id": 28}, {"node_features": [0.0, 0.0], "id": 29}, {"node_features": [0.0, 0.0], "id": 30}, {"node_features": [0.0, 0.0], "id": 31}, {"node_features": [0.0, 0.0], "id": 32}, {"node_features": [0.0, 0.0], "id": 33}, {"node_features": [0.0, 0.0], "id": 34}, {"node_features": [0.0, 0.0], "id": 35}, {"node_features": [0.0, 0.0], "id": 36}, {"node_features": [0.0, 0.0], "id": 37}, {"node_features": [0.0, 0.0], "id": 38}, {"node_features": [0.0, 0.0], "id": 39}, {"node_features": [0.0, 0.0], "id": 40}, {"node_features": [0.0, 0.0], "id": 41}, {"node_features": [0.0, 0.0], "id": 42}, {"node_features": [0.0, 0.0], "id": 43}, {"node_features": [0.0, 0.0], "id": 44}, {"node_features": [0.0, 0.0], "id": 45}, {"node_features": [0.0, 0.0], "id": 46}, {"node_features": [0.0, 0.0], "id": 47}], "links": [{"distance": 1.5957275998436784, "on_path": 0, "source": 0, "target": 34}, {"distance": 0.4181850645216376, "on_path": 0, "source": 0, "target": 6}, {"distance": 1.2805520319931585, "on_path": 0, "source": 0, "target": 18}, {"distance": 1.6987045509835534, "on_path": 0, "source": 1, "target": 39}, {"distance": 1.6914076180207926, "on_path": 0, "source": 1, "target": 34}, {"distance": 1.2615505331820867, "on_path": 0, "source": 1, "target": 45}, {"distance": 1.4456167065813306, "on_path": 0, "source": 1, "target": 35}, {"distance": 1.1712386399336459, "on_path": 0, "source": 2, "target": 10}, {"distance": 1.3385760694814461, "on_path": 0, "source": 2, "target": 9}, {"distance": 1.0505996098643695, "on_path": 0, "source": 2, "target": 16}, {"distance": 1.0648899743586473, "on_path": 0, "source": 3, "target": 28}, {"distance": 0.580514222281071, "on_path": 0, "source": 3, "target": 13}, {"distance": 1.2970441990673032, "on_path": 0, "source": 3, "target": 30}, {"distance": 1.0087182439437865, "on_path": 0, "source": 3, "target": 35}, {"distance": 1.0200601387875792, "on_path": 0, "source": 3, "target": 42}, {"distance": 1.0120548307926203, "on_path": 1, "source": 3, "target": 23}, {"distance": 1.3506233527930545, "on_path": 0, "source": 3, "target": 24}, {"distance": 0.6709968703496718, "on_path": 0, "source": 3, "target": 41}, {"distance": 1.6178434553303789, "on_path": 0, "source": 4, "target": 28}, {"distance": 0.6753004491909229, "on_path": 0, "source": 4, "target": 38}, {"distance": 1.2588270364805916, "on_path": 0, "source": 4, "target": 7}, {"distance": 0.8568287257988415, "on_path": 0, "source": 5, "target": 42}, {"distance": 0.9991116143984267, "on_path": 0, "source": 5, "target": 8}, {"distance": 1.09090424000812, "on_path": 0, "source": 5, "target": 12}, {"distance": 1.5619021167322038, "on_path": 0, "source": 6, "target": 39}, {"distance": 0.17398836452583422, "on_path": 0, "source": 6, "target": 11}, {"distance": 1.8062390616929171, "on_path": 0, "source": 7, "target": 23}, {"distance": 1.6873348950710267, "on_path": 0, "source": 7, "target": 45}, {"distance": 0.32378314997059865, "on_path": 0, "source": 7, "target": 46}, {"distance": 0.286655747611686, "on_path": 0, "source": 7, "target": 30}, {"distance": 1.589981697473333, "on_path": 0, "source": 8, "target": 39}, {"distance": 1.3906746018901324, "on_path": 0, "source": 8, "target": 42}, {"distance": 0.8604878050436952, "on_path": 0, "source": 9, "target": 29}, {"distance": 1.211954434446943, "on_path": 0, "source": 9, "target": 26}, {"distance": 1.3063578023540194, "on_path": 0, "source": 9, "target": 37}, {"distance": 0.4541731442824291, "on_path": 0, "source": 10, "target": 31}, {"distance": 0.7475373309744825, "on_path": 0, "source": 10, "target": 37}, {"distance": 1.7219646122813694, "on_path": 0, "source": 10, "target": 47}, {"distance": 1.9702150026893783, "on_path": 0, "source": 10, "target": 14}, {"distance": 0.9243569335165707, "on_path": 0, "source": 10, "target": 20}, {"distance": 0.6372483156558931, "on_path": 0, "source": 11, "target": 26}, {"distance": 0.539416814210385, "on_path": 0, "source": 11, "target": 19}, {"distance": 0.8719095749799847, "on_path": 0, "source": 12, "target": 35}, {"distance": 1.6035871216236932, "on_path": 0, "source": 12, "target": 29}, {"distance": 1.7984606712043891, "on_path": 0, "source": 12, "target": 21}, {"distance": 1.4952858042342627, "on_path": 0, "source": 13, "target": 32}, {"distance": 1.4818871844260222, "on_path": 0, "source": 13, "target": 47}, {"distance": 2.114069060908172, "on_path": 0, "source": 14, "target": 25}, {"distance": 0.6974092363366067, "on_path": 0, "source": 14, "target": 28}, {"distance": 1.7079456203139998, "on_path": 0, "source": 14, "target": 41}, {"distance": 0.5622015646630492, "on_path": 0, "source": 14, "target": 36}, {"distance": 0.46082344208855747, "on_path": 1, "source": 15, "target": 40}, {"distance": 0.9830620431320839, "on_path": 0, "source": 15, "target": 29}, {"distance": 1.0939382638164235, "on_path": 0, "source": 15, "target": 25}, {"distance": 0.4137699104980002, "on_path": 0, "source": 16, "target": 39}, {"distance": 0.8994211278892367, "on_path": 0, "source": 17, "target": 33}, {"distance": 0.7952969808510283, "on_path": 0, "source": 17, "target": 43}, {"distance": 1.2186287292552411, "on_path": 0, "source": 17, "target": 35}, {"distance": 1.5753720785961889, "on_path": 0, "source": 17, "target": 23}, {"distance": 1.5888548277879446, "on_path": 1, "source": 18, "target": 23}, {"distance": 0.23701534184486758, "on_path": 1, "source": 18, "target": 40}, {"distance": 0.8146041151152486, "on_path": 0, "source": 18, "target": 38}, {"distance": 0.23429708103117813, "on_path": 0, "source": 19, "target": 31}, {"distance": 1.2844416168908566, "on_path": 0, "source": 19, "target": 27}, {"distance": 1.2330225255688305, "on_path": 0, "source": 20, "target": 40}, {"distance": 0.4349018944078864, "on_path": 0, "source": 20, "target": 33}, {"distance": 1.0449049280000502, "on_path": 0, "source": 21, "target": 31}, {"distance": 1.1590090125548616, "on_path": 0, "source": 21, "target": 37}, {"distance": 0.5890803544537128, "on_path": 0, "source": 22, "target": 44}, {"distance": 1.400023513352356, "on_path": 0, "source": 22, "target": 38}, {"distance": 0.7247446269071658, "on_path": 0, "source": 22, "target": 26}, {"distance": 0.5441306852852225, "on_path": 0, "source": 22, "target": 27}, {"distance": 1.6139939920838362, "on_path": 0, "source": 22, "target": 39}, {"distance": 1.190836372023322, "on_path": 0, "source": 23, "target": 33}, {"distance": 1.2094749230184711, "on_path": 0, "source": 23, "target": 28}, {"distance": 2.466564081988574, "on_path": 0, "source": 23, "target": 32}, {"distance": 1.616457096246581, "on_path": 0, "source": 23, "target": 38}, {"distance": 1.9265347664668397, "on_path": 0, "source": 24, "target": 45}, {"distance": 1.1878045227997018, "on_path": 0, "source": 24, "target": 29}, {"distance": 1.0947219625271436, "on_path": 0, "source": 25, "target": 45}, {"distance": 1.899608383804049, "on_path": 0, "source": 25, "target": 29}, {"distance": 1.1401282153352112, "on_path": 0, "source": 27, "target": 33}, {"distance": 0.9629530402180926, "on_path": 0, "source": 29, "target": 40}, {"distance": 2.1488224388200736, "on_path": 0, "source": 29, "target": 43}, {"distance": 1.1304698477809974, "on_path": 0, "source": 31, "target": 36}, {"distance": 0.8501209862361404, "on_path": 0, "source": 31, "target": 44}, {"distance": 0.3792898603606525, "on_path": 0, "source": 31, "target": 42}, {"distance": 1.4702691049479493, "on_path": 0, "source": 31, "target": 45}, {"distance": 0.8829876765727884, "on_path": 0, "source": 33, "target": 41}, {"distance": 0.32128849732516757, "on_path": 0, "source": 34, "target": 35}, {"distance": 1.338422058967975, "on_path": 0, "source": 36, "target": 47}, {"distance": 0.7783055540842858, "on_path": 0, "source": 37, "target": 41}, {"distance": 2.1124401185674584, "on_path": 0, "source": 39, "target": 47}, {"distance": 1.5712123806010911, "on_path": 0, "source": 41, "target": 46}, {"distance": 1.0395476817728238, "on_path": 0, "source": 44, "target": 45}, {"distance": 1.7097651240411422, "on_path": 0, "source": 45, "target": 46}]}