{"directed": false, "multigraph": false, "graph": {}, "nodes": [{"node_features": [0.0, 0.0], "id": 0}, {"node_features": [0.0, 0.0], "id": 1}, {"node_features": [0.0, 0.0], "id": 2}, {"node_features": [0.0, 0.0], "id": 3}, {"node_features": [0.0, 0.0], "id": 4}, {"node_features": [0.0, 0.0], "id": 5}, {"node_features": [0.0, 0.0], "id": 6}, {"node_features": [0.0, 0.0], "id": 7}, {"node_features": [0.0, 0.0], "id": 8}, {"node_features": [0.0, 0.0], "id": 9}, {"node_features": [0.0, 0.0], "id": 10}, {"node_features": [0.0, 0.0], "id": 11}, {"node_features": [0.0, 0.0], "id": 12}, {"node_features": [0.0, 0.0], "id": 13}, {"node_features": [0.0, 0.0], "id": 14}, {"node_features": [0.0, 0.0], "id": 15}, {"node_features": [0.0, 0.0], "id": 16}, {"node_features": [0.0, 0.0], "id": 17}, {"node_features": [0.0, 0.0], "id": 18}, {"node_features": [0.0, 0.0], "id": 19}, {"node_features": [0.0, 0.0], "id": 20}, {"node_features": [0.0, 1.0], "id": 21}, {"node_features": [0.0, 0.0], "id": 22}, {"node_features": [0.0, 0.0], "id": 23}, {"node_features": [0.0, 0.0], "id": 24}, {"node_features": [0.0, 0.0], "id": 25}, {"node_features": [1.0, 0.0], "id": 26}, {"node_features": [0.0, 0.0], "id": 27}, {"node_features": [0.0, 0.0], "id": 28}, {"node_features": [0.0, 0.0], "id": 29}, {"node_features": [0.0, 0.0], "id": 30}, {"node_features": [0.0, 0.0], "id": 31}, {"node_features": [0.0, 0.0], "id": 32}, {"node_features": [0.0, 0.0], "id": 33}, {"node_features": [0.0, 0.0], "id": 34}, {"node_features": [0.0, 0.0], "id": 35}, {"node_features": [0.0, 0.0], "id": 36}, {"node_features": [0.0, 0.0], "id": 37}, {"node_features": [0.0, 0.0], "id": 38}], "links": [{"distance": 0.3007533399322253, "on_path": 1, "source": 0, "target": 33}, {"distance": 1.6650235078325282, "on_path": 0, "source": 0, "target": 7}, {"distance": 1.635236658087717, "on_path": 0, "source": 0, "target": 16}, {"distance": 2.1224688922513684, "on_path": 0, "source": 0, "target": 20}, {"distance": 0.4792515827320917, "on_path": 1, "source": 0, "target": 21}, {"distance": 0.5850794096748148, "on_path": 0, "source": 0, "target": 34}, {"distance": 0.320604690519208, "on_path": 0, "source": 0, "target": 29}, {"distance": 1.8732135682961497, "on_path": 0, "source": 0, "target": 38}, {"distance": 0.5526299915261662, "on_path": 0, "source": 1, "target": 23}, {"distance": 0.4844643983526649, "on_path": 0, "source": 1, "target": 2}, {"distance": 0.4442502593217503, "on_path": 0, "source": 1, "target": 31}, {"distance": 1.348097081389871, "on_path": 0, "source": 1, "target": 28}, {"distance": 0.4004529827357722, "on_path": 0, "source": 2, "target": 19}, {"distance": 1.0735001004024392, "on_path": 0, "source": 2, "target": 7}, {"distance": 0.4416402489955048, "on_path": 0, "source": 2, "target": 17}, {"distance": 0.47773948593640786, "on_path": 0, "source": 3, "target": 34}, {"distance": 2.1413918890017842, "on_path": 0, "source": 3, "target": 38}, {"distance": 0.4950396562795629, "on_path": 0, "source": 4, "target": 14}, {"distance": 0.4566021425465521, "on_path": 0, "source": 4, "target": 31}, {"distance": 0.9787369215664903, "on_path": 0, "source": 4, "target": 19}, {"distance": 0.4277716257215564, "on_path": 1, "source": 5, "target": 33}, {"distance": 0.9299919066650219, "on_path": 1, "source": 5, "target": 26}, {"distance": 0.9549628161337265, "on_path": 0, "source": 6, "target": 24}, {"distance": 0.40244418324484765, "on_path": 0, "source": 6, "target": 22}, {"distance": 0.07537562265998358, "on_path": 0, "source": 6, "target": 37}, {"distance": 1.2394230346696409, "on_path": 0, "source": 6, "target": 30}, {"distance": 1.4581251526280523, "on_path": 0, "source": 7, "target": 19}, {"distance": 0.9681269456672406, "on_path": 0, "source": 7, "target": 26}, {"distance": 1.1240823620736422, "on_path": 0, "source": 8, "target": 33}, {"distance": 0.4285107897068603, "on_path": 0, "source": 8, "target": 11}, {"distance": 1.8159559731983816, "on_path": 0, "source": 8, "target": 38}, {"distance": 1.3570606161085719, "on_path": 0, "source": 8, "target": 23}, {"distance": 1.8466019978005648, "on_path": 0, "source": 8, "target": 35}, {"distance": 0.8070545919329908, "on_path": 0, "source": 9, "target": 25}, {"distance": 1.3779272484599159, "on_path": 0, "source": 9, "target": 27}, {"distance": 0.4521198520410457, "on_path": 0, "source": 9, "target": 13}, {"distance": 1.0089031874103707, "on_path": 0, "source": 10, "target": 27}, {"distance": 0.5485968651276526, "on_path": 0, "source": 10, "target": 26}, {"distance": 1.1029130509647702, "on_path": 0, "source": 11, "target": 14}, {"distance": 1.3665106397101183, "on_path": 0, "source": 11, "target": 29}, {"distance": 0.8903448757138238, "on_path": 0, "source": 11, "target": 25}, {"distance": 1.5735637902373403, "on_path": 0, "source": 12, "target": 35}, {"distance": 2.1449226442363565, "on_path": 0, "source": 12, "target": 30}, {"distance": 0.8348434202595304, "on_path": 0, "source": 13, "target": 18}, {"distance": 0.8562923423043398, "on_path": 0, "source": 13, "target": 24}, {"distance": 0.22996118271886717, "on_path": 0, "source": 14, "target": 25}, {"distance": 0.2961729095569989, "on_path": 0, "source": 14, "target": 24}, {"distance": 1.573142251602492, "on_path": 0, "source": 15, "target": 22}, {"distance": 1.6346868159000678, "on_path": 0, "source": 15, "target": 37}, {"distance": 1.578771513192349, "on_path": 0, "source": 15, "target": 24}, {"distance": 1.1782596255413877, "on_path": 0, "source": 15, "target": 27}, {"distance": 1.6524726850883005, "on_path": 0, "source": 15, "target": 33}, {"distance": 1.2509811375661735, "on_path": 0, "source": 16, "target": 35}, {"distance": 1.703512797961811, "on_path": 0, "source": 16, "target": 21}, {"distance": 0.7997976626932685, "on_path": 0, "source": 16, "target": 25}, {"distance": 0.6043095984833922, "on_path": 0, "source": 17, "target": 38}, {"distance": 2.0094667542029705, "on_path": 0, "source": 18, "target": 35}, {"distance": 1.6963872421715496, "on_path": 0, "source": 18, "target": 32}, {"distance": 0.8660542360618922, "on_path": 0, "source": 18, "target": 27}, {"distance": 0.0863738055905375, "on_path": 0, "source": 18, "target": 36}, {"distance": 0.5754663998085786, "on_path": 0, "source": 19, "target": 20}, {"distance": 1.2203032924253012, "on_path": 0, "source": 21, "target": 30}, {"distance": 1.6809556316430672, "on_path": 0, "source": 21, "target": 31}, {"distance": 0.26587238531777785, "on_path": 0, "source": 22, "target": 32}, {"distance": 1.2252214497457279, "on_path": 0, "source": 22, "target": 26}, {"distance": 1.2479720655137805, "on_path": 0, "source": 23, "target": 34}, {"distance": 1.3109399734830145, "on_path": 0, "source": 23, "target": 36}, {"distance": 0.5621311827529752, "on_path": 0, "source": 23, "target": 38}, {"distance": 1.642640301041591, "on_path": 0, "source": 24, "target": 35}, {"distance": 0.586138197244396, "on_path": 0, "source": 24, "target": 34}, {"distance": 1.3100786495543084, "on_path": 0, "source": 25, "target": 35}, {"distance": 1.046513837274103, "on_path": 0, "source": 27, "target": 28}, {"distance": 0.6956268406892555, "on_path": 0, "source": 29, "target": 30}, {"distance": 1.8333508441277622, "on_path": 0, "source": 30, "target": 31}, {"distance": 0.5392847388168727, "on_path": 0, "source": 31, "target": 32}, {"distance": 0.8821144577399903, "on_path": 0, "source": 31, "target": 37}, {"distance": 1.1531286061191437, "on_path": 0, "source": 33, "target": 37}, {"distance": 0.5773474197433808, "on_path": 0, "source": 33, "target": 34}]}