{"directed": false, "multigraph": false, "graph": {}, "nodes": [{"node_features": [0.0, 1.0], "id": 0}, {"node_features": [0.0, 0.0], "id": 1}, {"node_features": [0.0, 0.0], "id": 2}, {"node_features": [0.0, 0.0], "id": 3}, {"node_features": [0.0, 0.0], "id": 4}, {"node_features": [0.0, 0.0], "id": 5}, {"node_features": [0.0, 0.0], "id": 6}, {"node_features": [0.0, 0.0], "id": 7}, {"node_features": [0.0, 0.0], "id": 8}, {"node_features": [0.0, 0.0], "id": 9}, {"node_features": [0.0, 0.0], "id": 10}, {"node_features": [0.0, 0.0], "id": 11}, {"node_features": [0.0, 0.0], "id": 12}, {"node_features": [0.0, 0.0], "id": 13}, {"node_features": [0.0, 0.0], "id": 14}, {"node_features": [0.0, 0.0], "id": 15}, {"node_features": [0.0, 0.0], "id": 16}, {"node_features": [0.0, 0.0], "id": 17}, {"node_features": [0.0, 0.0], "id": 18}, {"node_features": [0.0, 0.0], "id": 19}, {"node_features": [1.0, 0.0], "id": 20}, {"node_features": [0.0, 0.0], "id": 21}, {"node_features": [0.0, 0.0], "id": 22}, {"node_features": [0.0, 0.0], "id": 23}, {"node_features": [0.0, 0.0], "id": 24}, {"node_features": [0.0, 0.0], "id": 25}, {"node_features": [0.0, 0.0], "id": 26}, {"node_features": [0.0, 0.0], "id": 27}, {"node_features": [0.0, 0.0], "id": 28}, {"node_features": [0.0, 0.0], "id": 29}, {"node_features": [0.0, 0.0], "id": 30}, {"node_features": [0.0, 0.0], "id": 31}, {"node_features": [0.0, 0.0], "id": 32}, {"node_features": [0.0, 0.0], "id": 33}, {"node_features": [0.0, 0.0], "id": 34}, {"node_features": [0.0, 0.0], "id": 35}, {"node_features": [0.0, 0.0], "id": 36}], "links": [{"distance": 1.0895082500149382, "on_path": 0, "source": 0, "target": 30}, {"distance": 1.0007222862436251, "on_path": 0, "source": 0, "target": 11}, {"distance": 0.025525269748003173, "on_path": 1, "source": 0, "target": 6}, {"distance": 0.593919763641862, "on_path": 0, "source": 0, "target": 12}, {"distance": 0.7209630348229444, "on_path": 0, "source": 0, "target": 23}, {"distance": 0.5249399504551763, "on_path": 0, "source": 1, "target": 17}, {"distance": 0.7626529334160884, "on_path": 0, "source": 1, "target": 9}, {"distance": 0.2002952831415056, "on_path": 0, "source": 2, "target": 16}, {"distance": 1.6984240902529082, "on_path": 0, "source": 2, "target": 18}, {"distance": 1.168890080963085, "on_path": 0, "source": 2, "target": 10}, {"distance": 0.6903840190202584, "on_path": 0, "source": 2, "target": 25}, {"distance": 1.1888126430438266, "on_path": 0, "source": 3, "target": 6}, {"distance": 0.4254580868019165, "on_path": 0, "source": 3, "target": 17}, {"distance": 1.1039859239456273, "on_path": 0, "source": 4, "target": 15}, {"distance": 0.35997219544236975, "on_path": 0, "source": 4, "target": 7}, {"distance": 0.6288251497494892, "on_path": 0, "source": 4, "target": 28}, {"distance": 1.3463973958813025, "on_path": 0, "source": 4, "target": 33}, {"distance": 1.6530871394254685, "on_path": 0, "source": 4, "target": 34}, {"distance": 0.9950197569063316, "on_path": 0, "source": 4, "target": 10}, {"distance": 1.7581407688198978, "on_path": 0, "source": 5, "target": 34}, {"distance": 0.9676742549523895, "on_path": 0, "source": 5, "target": 6}, {"distance": 0.9975604156413292, "on_path": 0, "source": 5, "target": 36}, {"distance": 0.7876605327101234, "on_path": 0, "source": 6, "target": 17}, {"distance": 0.6858055756846995, "on_path": 0, "source": 6, "target": 9}, {"distance": 0.7655703169421749, "on_path": 0, "source": 6, "target": 36}, {"distance": 1.1896754584773894, "on_path": 1, "source": 6, "target": 14}, {"distance": 1.1432322212375785, "on_path": 0, "source": 6, "target": 15}, {"distance": 0.4058874544665115, "on_path": 0, "source": 7, "target": 27}, {"distance": 1.1071359124714004, "on_path": 0, "source": 7, "target": 32}, {"distance": 0.6869416431810063, "on_path": 0, "source": 7, "target": 26}, {"distance": 1.3205028176773845, "on_path": 0, "source": 7, "target": 34}, {"distance": 0.7322309994203989, "on_path": 0, "source": 8, "target": 14}, {"distance": 1.3407549831805463, "on_path": 0, "source": 8, "target": 19}, {"distance": 1.726061404418699, "on_path": 0, "source": 8, "target": 28}, {"distance": 1.091566217208235, "on_path": 0, "source": 9, "target": 32}, {"distance": 1.3281085766945246, "on_path": 0, "source": 9, "target": 22}, {"distance": 0.9538990915411163, "on_path": 0, "source": 9, "target": 33}, {"distance": 1.0562032434982545, "on_path": 1, "source": 10, "target": 20}, {"distance": 0.33944203360857167, "on_path": 1, "source": 10, "target": 14}, {"distance": 0.9993846709046061, "on_path": 0, "source": 11, "target": 12}, {"distance": 0.9179870226523155, "on_path": 0, "source": 11, "target": 23}, {"distance": 0.8334920919539466, "on_path": 0, "source": 11, "target": 30}, {"distance": 0.5326675946917944, "on_path": 0, "source": 11, "target": 17}, {"distance": 1.6647031445375244, "on_path": 0, "source": 12, "target": 13}, {"distance": 0.9956350670114771, "on_path": 0, "source": 12, "target": 24}, {"distance": 1.360032273935733, "on_path": 0, "source": 13, "target": 26}, {"distance": 1.0798132614737292, "on_path": 0, "source": 13, "target": 29}, {"distance": 1.4594027012027144, "on_path": 0, "source": 13, "target": 28}, {"distance": 0.5726681524014645, "on_path": 0, "source": 14, "target": 18}, {"distance": 1.3736220211878183, "on_path": 0, "source": 14, "target": 16}, {"distance": 1.5124963158474216, "on_path": 0, "source": 15, "target": 32}, {"distance": 0.7698490127608044, "on_path": 0, "source": 15, "target": 24}, {"distance": 0.848481727528472, "on_path": 0, "source": 16, "target": 29}, {"distance": 1.1234349293246924, "on_path": 0, "source": 16, "target": 30}, {"distance": 1.304367358675302, "on_path": 0, "source": 17, "target": 32}, {"distance": 0.04823685829126619, "on_path": 0, "source": 18, "target": 21}, {"distance": 2.216475799400279, "on_path": 0, "source": 18, "target": 28}, {"distance": 1.8405355636840053, "on_path": 0, "source": 18, "target": 27}, {"distance": 1.3820277989068237, "on_path": 0, "source": 19, "target": 20}, {"distance": 1.2008780503084708, "on_path": 0, "source": 19, "target": 27}, {"distance": 2.0319792224801825, "on_path": 0, "source": 20, "target": 35}, {"distance": 0.6443947945893933, "on_path": 0, "source": 20, "target": 29}, {"distance": 1.3135394392118902, "on_path": 0, "source": 21, "target": 25}, {"distance": 1.7970121182914423, "on_path": 0, "source": 21, "target": 27}, {"distance": 1.7059925658731665, "on_path": 0, "source": 21, "target": 32}, {"distance": 1.257799774981035, "on_path": 0, "source": 22, "target": 32}, {"distance": 0.8478666038250411, "on_path": 0, "source": 23, "target": 31}, {"distance": 1.4342546137062555, "on_path": 0, "source": 24, "target": 34}, {"distance": 0.4908779358829459, "on_path": 0, "source": 24, "target": 30}, {"distance": 1.3736051284791557, "on_path": 0, "source": 26, "target": 35}, {"distance": 0.28620104556568204, "on_path": 0, "source": 26, "target": 27}, {"distance": 0.10117613600898749, "on_path": 0, "source": 26, "target": 28}, {"distance": 0.9458949317885422, "on_path": 0, "source": 29, "target": 31}, {"distance": 0.977132410908053, "on_path": 0, "source": 30, "target": 35}]}