{"directed": false, "multigraph": false, "graph": {}, "nodes": [{"node_features": [0.0, 0.0], "id": 0}, {"node_features": [0.0, 0.0], "id": 1}, {"node_features": [0.0, 0.0], "id": 2}, {"node_features": [0.0, 0.0], "id": 3}, {"node_features": [0.0, 0.0], "id": 4}, {"node_features": [0.0, 0.0], "id": 5}, {"node_features": [0.0, 0.0], "id": 6}, {"node_features": [0.0, 0.0], "id": 7}, {"node_features": [1.0, 0.0], "id": 8}, {"node_features": [0.0, 0.0], "id": 9}, {"node_features": [0.0, 1.0], "id": 10}, {"node_features": [0.0, 0.0], "id": 11}, {"node_features": [0.0, 0.0], "id": 12}, {"node_features": [0.0, 0.0], "id": 13}, {"node_features": [0.0, 0.0], "id": 14}, {"node_features": [0.0, 0.0], "id": 15}, {"node_features": [0.0, 0.0], "id": 16}, {"node_features": [0.0, 0.0], "id": 17}, {"node_features": [0.0, 0.0], "id": 18}], "links": [{"distance": 0.6627591686084766, "on_path": 0, "source": 0, "target": 7}, {"distance": 1.491896132516136, "on_path": 0, "source": 0, "target": 5}, {"distance": 0.6316089966231102, "on_path": 0, "source": 0, "target": 16}, {"distance": 1.2038443170975592, "on_path": 0, "source": 1, "target": 16}, {"distance": 1.4936714228976946, "on_path": 0, "source": 1, "target": 12}, {"distance": 0.8230878598379002, "on_path": 0, "source": 1, "target": 8}, {"distance": 1.1212126727639515, "on_path": 0, "source": 2, "target": 15}, {"distance": 0.9249814622282777, "on_path": 0, "source": 2, "target": 3}, {"distance": 1.415184288548448, "on_path": 0, "source": 2, "target": 10}, {"distance": 0.8634375805534346, "on_path": 0, "source": 3, "target": 9}, {"distance": 0.7156845348470167, "on_path": 0, "source": 3, "target": 11}, {"distance": 0.8826610826209442, "on_path": 0, "source": 3, "target": 15}, {"distance": 1.0404554999308013, "on_path": 0, "source": 4, "target": 14}, {"distance": 0.6482131305305082, "on_path": 0, "source": 4, "target": 5}, {"distance": 0.8560017541638227, "on_path": 0, "source": 4, "target": 15}, {"distance": 0.7895181045171399, "on_path": 0, "source": 4, "target": 16}, {"distance": 0.9696950047920834, "on_path": 0, "source": 5, "target": 14}, {"distance": 1.2018686937178722, "on_path": 0, "source": 5, "target": 16}, {"distance": 0.6472832216147462, "on_path": 0, "source": 5, "target": 10}, {"distance": 1.2641263611453974, "on_path": 0, "source": 6, "target": 14}, {"distance": 1.1419343468781886, "on_path": 0, "source": 6, "target": 10}, {"distance": 1.1797638940580948, "on_path": 0, "source": 6, "target": 17}, {"distance": 1.3728675984208671, "on_path": 0, "source": 6, "target": 18}, {"distance": 1.0289072507182644, "on_path": 0, "source": 7, "target": 13}, {"distance": 0.5732755843721546, "on_path": 0, "source": 7, "target": 14}, {"distance": 0.08555002845854968, "on_path": 1, "source": 8, "target": 17}, {"distance": 0.40522074227496796, "on_path": 0, "source": 9, "target": 15}, {"distance": 1.3420133412129944, "on_path": 0, "source": 9, "target": 10}, {"distance": 1.2231718388425772, "on_path": 0, "source": 9, "target": 11}, {"distance": 1.2000590928065782, "on_path": 0, "source": 10, "target": 13}, {"distance": 0.8397777406135972, "on_path": 0, "source": 10, "target": 12}, {"distance": 0.6023192641862108, "on_path": 1, "source": 10, "target": 14}, {"distance": 0.42992628372761116, "on_path": 1, "source": 11, "target": 14}, {"distance": 1.1324367734588288, "on_path": 0, "source": 11, "target": 12}, {"distance": 0.4946940012595955, "on_path": 1, "source": 11, "target": 17}, {"distance": 0.6823822721739181, "on_path": 0, "source": 13, "target": 14}, {"distance": 1.2830678480806685, "on_path": 0, "source": 14, "target": 18}, {"distance": 2.082856753902061, "on_path": 0, "source": 15, "target": 18}]}