{"directed": false, "multigraph": false, "graph": {}, "nodes": [{"node_features": [0.0, 0.0], "id": 0}, {"node_features": [0.0, 0.0], "id": 1}, {"node_features": [0.0, 0.0], "id": 2}, {"node_features": [0.0, 0.0], "id": 3}, {"node_features": [0.0, 0.0], "id": 4}, {"node_features": [0.0, 0.0], "id": 5}, {"node_features": [0.0, 0.0], "id": 6}, {"node_features": [0.0, 0.0], "id": 7}, {"node_features": [0.0, 0.0], "id": 8}, {"node_features": [0.0, 0.0], "id": 9}, {"node_features": [0.0, 0.0], "id": 10}, {"node_features": [0.0, 0.0], "id": 11}, {"node_features": [0.0, 0.0], "id": 12}, {"node_features": [0.0, 0.0], "id": 13}, {"node_features": [0.0, 0.0], "id": 14}, {"node_features": [0.0, 0.0], "id": 15}, {"node_features": [0.0, 0.0], "id": 16}, {"node_features": [0.0, 0.0], "id": 17}, {"node_features": [0.0, 0.0], "id": 18}, {"node_features": [0.0, 0.0], "id": 19}, {"node_features": [0.0, 0.0], "id": 20}, {"node_features": [0.0, 0.0], "id": 21}, {"node_features": [0.0, 0.0], "id": 22}, {"node_features": [0.0, 0.0], "id": 23}, {"node_features": [0.0, 0.0], "id": 24}, {"node_features": [0.0, 0.0], "id": 25}, {"node_features": [1.0, 0.0], "id": 26}, {"node_features": [0.0, 0.0], "id": 27}, {"node_features": [0.0, 0.0], "id": 28}, {"node_features": [0.0, 0.0], "id": 29}, {"node_features": [0.0, 0.0], "id": 30}, {"node_features": [0.0, 0.0], "id": 31}, {"node_features": [0.0, 0.0], "id": 32}, {"node_features": [0.0, 0.0], "id": 33}, {"node_features": [0.0, 0.0], "id": 34}, {"node_features": [0.0, 0.0], "id": 35}, {"node_features": [0.0, 0.0], "id": 36}, {"node_features": [0.0, 0.0], "id": 37}, {"node_features": [0.0, 0.0], "id": 38}, {"node_features": [0.0, 0.0], "id": 39}, {"node_features": [0.0, 1.0], "id": 40}, {"node_features": [0.0, 0.0], "id": 41}, {"node_features": [0.0, 0.0], "id": 42}, {"node_features": [0.0, 0.0], "id": 43}, {"node_features": [0.0, 0.0], "id": 44}], "links": [{"distance": 1.6123766637634798, "on_path": 0, "source": 0, "target": 8}, {"distance": 0.8687116146476376, "on_path": 0, "source": 0, "target": 12}, {"distance": 1.4325988710181634, "on_path": 0, "source": 0, "target": 14}, {"distance": 1.199242374841601, "on_path": 0, "source": 0, "target": 15}, {"distance": 1.0366572617424867, "on_path": 0, "source": 0, "target": 24}, {"distance": 1.2241103721833468, "on_path": 0, "source": 0, "target": 28}, {"distance": 0.9373924867612741, "on_path": 0, "source": 1, "target": 29}, {"distance": 1.0328983196501837, "on_path": 0, "source": 1, "target": 17}, {"distance": 0.49846198393985, "on_path": 0, "source": 1, "target": 35}, {"distance": 0.5015052990702147, "on_path": 0, "source": 2, "target": 41}, {"distance": 0.737155656661711, "on_path": 0, "source": 2, "target": 21}, {"distance": 1.5996106059124793, "on_path": 0, "source": 2, "target": 29}, {"distance": 1.2928425747071732, "on_path": 0, "source": 3, "target": 9}, {"distance": 1.2468659589779738, "on_path": 0, "source": 3, "target": 23}, {"distance": 0.8647098937097806, "on_path": 0, "source": 3, "target": 34}, {"distance": 0.8998392391990517, "on_path": 0, "source": 4, "target": 10}, {"distance": 0.776295963963655, "on_path": 0, "source": 4, "target": 44}, {"distance": 1.9893700320645944, "on_path": 0, "source": 5, "target": 17}, {"distance": 1.2712122866302629, "on_path": 0, "source": 5, "target": 33}, {"distance": 0.4911248068263433, "on_path": 0, "source": 5, "target": 41}, {"distance": 1.5634648009260077, "on_path": 0, "source": 5, "target": 15}, {"distance": 1.212270695236425, "on_path": 0, "source": 6, "target": 18}, {"distance": 0.7354609127620144, "on_path": 0, "source": 6, "target": 16}, {"distance": 0.6648956453098922, "on_path": 0, "source": 7, "target": 33}, {"distance": 0.45645197505808266, "on_path": 0, "source": 7, "target": 8}, {"distance": 1.1087098355617002, "on_path": 0, "source": 7, "target": 12}, {"distance": 0.7146362720134138, "on_path": 0, "source": 7, "target": 36}, {"distance": 0.9707649860873416, "on_path": 0, "source": 7, "target": 39}, {"distance": 0.7409860144727946, "on_path": 0, "source": 7, "target": 28}, {"distance": 1.7235828292340063, "on_path": 0, "source": 8, "target": 42}, {"distance": 0.664785552219698, "on_path": 0, "source": 8, "target": 30}, {"distance": 1.0266610216001004, "on_path": 0, "source": 8, "target": 16}, {"distance": 1.145861596440392, "on_path": 0, "source": 9, "target": 18}, {"distance": 0.43983874281854046, "on_path": 0, "source": 9, "target": 20}, {"distance": 1.3363177269904754, "on_path": 0, "source": 9, "target": 19}, {"distance": 1.4616540834853906, "on_path": 0, "source": 9, "target": 25}, {"distance": 1.535948386253422, "on_path": 0, "source": 10, "target": 41}, {"distance": 0.9788573003335918, "on_path": 0, "source": 10, "target": 15}, {"distance": 0.49127130573835, "on_path": 0, "source": 10, "target": 35}, {"distance": 1.1436721903326117, "on_path": 0, "source": 10, "target": 27}, {"distance": 1.172346787248364, "on_path": 0, "source": 11, "target": 41}, {"distance": 1.157594361349306, "on_path": 0, "source": 11, "target": 35}, {"distance": 0.5885017231362959, "on_path": 0, "source": 11, "target": 40}, {"distance": 1.5904643617507601, "on_path": 0, "source": 11, "target": 36}, {"distance": 1.1902935424487158, "on_path": 0, "source": 12, "target": 18}, {"distance": 1.451513370368852, "on_path": 0, "source": 12, "target": 25}, {"distance": 1.3971101160529913, "on_path": 0, "source": 12, "target": 13}, {"distance": 0.7539887022784466, "on_path": 1, "source": 13, "target": 19}, {"distance": 0.9562625630981014, "on_path": 0, "source": 13, "target": 37}, {"distance": 1.3102830849718283, "on_path": 1, "source": 13, "target": 40}, {"distance": 0.42024970589775457, "on_path": 0, "source": 13, "target": 22}, {"distance": 1.6395418312469254, "on_path": 0, "source": 14, "target": 29}, {"distance": 0.7067028817086212, "on_path": 0, "source": 14, "target": 31}, {"distance": 0.9100511819835847, "on_path": 0, "source": 16, "target": 35}, {"distance": 0.9173266489015848, "on_path": 0, "source": 16, "target": 27}, {"distance": 0.8633599033306518, "on_path": 0, "source": 16, "target": 38}, {"distance": 0.6135439205758899, "on_path": 0, "source": 17, "target": 44}, {"distance": 1.558232927328403, "on_path": 0, "source": 17, "target": 22}, {"distance": 0.8350934014282204, "on_path": 0, "source": 17, "target": 24}, {"distance": 0.16068082522945906, "on_path": 0, "source": 17, "target": 29}, {"distance": 0.7065962694744404, "on_path": 0, "source": 17, "target": 35}, {"distance": 1.3387266094068837, "on_path": 0, "source": 17, "target": 21}, {"distance": 0.6918351348950376, "on_path": 0, "source": 17, "target": 42}, {"distance": 1.1631433180326962, "on_path": 0, "source": 18, "target": 31}, {"distance": 0.7604336394414003, "on_path": 0, "source": 18, "target": 30}, {"distance": 1.0392623580143796, "on_path": 0, "source": 18, "target": 43}, {"distance": 0.8491340577984974, "on_path": 1, "source": 19, "target": 32}, {"distance": 0.7500407161962193, "on_path": 0, "source": 19, "target": 30}, {"distance": 2.105437416013247, "on_path": 0, "source": 20, "target": 33}, {"distance": 1.3065246817492864, "on_path": 0, "source": 20, "target": 34}, {"distance": 0.8953744758373332, "on_path": 0, "source": 21, "target": 32}, {"distance": 1.003550033239229, "on_path": 0, "source": 22, "target": 44}, {"distance": 0.9529049129003345, "on_path": 0, "source": 22, "target": 37}, {"distance": 0.19478069600667527, "on_path": 0, "source": 23, "target": 43}, {"distance": 1.625761909090269, "on_path": 0, "source": 23, "target": 28}, {"distance": 1.1243525771187306, "on_path": 0, "source": 23, "target": 41}, {"distance": 0.6516478991976568, "on_path": 0, "source": 25, "target": 29}, {"distance": 1.2225097488853105, "on_path": 0, "source": 25, "target": 41}, {"distance": 0.9004054257902815, "on_path": 1, "source": 26, "target": 32}, {"distance": 1.1826161873986374, "on_path": 0, "source": 26, "target": 31}, {"distance": 0.38480245925764756, "on_path": 0, "source": 27, "target": 34}, {"distance": 0.8242975525671523, "on_path": 0, "source": 30, "target": 35}, {"distance": 0.944812573908987, "on_path": 0, "source": 30, "target": 38}, {"distance": 0.6260075834705018, "on_path": 0, "source": 32, "target": 44}, {"distance": 0.5249817706451662, "on_path": 0, "source": 33, "target": 36}, {"distance": 1.110446573819701, "on_path": 0, "source": 35, "target": 43}, {"distance": 0.6127757887809716, "on_path": 0, "source": 36, "target": 37}, {"distance": 1.2391148586979848, "on_path": 0, "source": 38, "target": 40}, {"distance": 1.6620075045862863, "on_path": 0, "source": 39, "target": 43}, {"distance": 0.8943342633218843, "on_path": 0, "source": 42, "target": 44}]}