{"directed": false, "multigraph": false, "graph": {}, "nodes": [{"node_features": [0.0, 0.0], "id": 0}, {"node_features": [0.0, 0.0], "id": 1}, {"node_features": [0.0, 0.0], "id": 2}, {"node_features": [0.0, 0.0], "id": 3}, {"node_features": [0.0, 0.0], "id": 4}, {"node_features": [0.0, 0.0], "id": 5}, {"node_features": [0.0, 0.0], "id": 6}, {"node_features": [0.0, 0.0], "id": 7}, {"node_features": [0.0, 0.0], "id": 8}, {"node_features": [0.0, 0.0], "id": 9}, {"node_features": [0.0, 0.0], "id": 10}, {"node_features": [0.0, 0.0], "id": 11}, {"node_features": [0.0, 0.0], "id": 12}, {"node_features": [0.0, 0.0], "id": 13}, {"node_features": [0.0, 0.0], "id": 14}, {"node_features": [0.0, 0.0], "id": 15}, {"node_features": [0.0, 0.0], "id": 16}, {"node_features": [0.0, 0.0], "id": 17}, {"node_features": [0.0, 0.0], "id": 18}, {"node_features": [0.0, 0.0], "id": 19}, {"node_features": [0.0, 0.0], "id": 20}, {"node_features": [0.0, 0.0], "id": 21}, {"node_features": [0.0, 0.0], "id": 22}, {"node_features": [0.0, 1.0], "id": 23}, {"node_features": [0.0, 0.0], "id": 24}, {"node_features": [0.0, 0.0], "id": 25}, {"node_features": [1.0, 0.0], "id": 26}, {"node_features": [0.0, 0.0], "id": 27}, {"node_features": [0.0, 0.0], "id": 28}, {"node_features": [0.0, 0.0], "id": 29}, {"node_features": [0.0, 0.0], "id": 30}], "links": [{"distance": 0.43445618840564276, "on_path": 0, "source": 0, "target": 19}, {"distance": 0.6468146811864353, "on_path": 0, "source": 0, "target": 23}, {"distance": 1.6195091913278887, "on_path": 0, "source": 1, "target": 15}, {"distance": 0.873809084632411, "on_path": 0, "source": 1, "target": 13}, {"distance": 0.858282892470632, "on_path": 0, "source": 1, "target": 21}, {"distance": 0.5086731566794604, "on_path": 0, "source": 1, "target": 24}, {"distance": 2.1920863370650103, "on_path": 0, "source": 2, "target": 27}, {"distance": 1.531945005512518, "on_path": 0, "source": 2, "target": 18}, {"distance": 1.2810133572767344, "on_path": 0, "source": 2, "target": 17}, {"distance": 1.8192872370457775, "on_path": 0, "source": 3, "target": 8}, {"distance": 1.6952575187634267, "on_path": 0, "source": 3, "target": 26}, {"distance": 1.9906863508006944, "on_path": 0, "source": 3, "target": 14}, {"distance": 1.077836570374476, "on_path": 0, "source": 4, "target": 22}, {"distance": 0.390564019824607, "on_path": 0, "source": 4, "target": 18}, {"distance": 1.1995640519777282, "on_path": 0, "source": 4, "target": 13}, {"distance": 1.3410823747222727, "on_path": 0, "source": 5, "target": 26}, {"distance": 1.3232435724461598, "on_path": 0, "source": 5, "target": 28}, {"distance": 1.8216592271978949, "on_path": 0, "source": 5, "target": 22}, {"distance": 0.9200809013097162, "on_path": 0, "source": 6, "target": 29}, {"distance": 0.47410354438391994, "on_path": 0, "source": 6, "target": 13}, {"distance": 1.257824579005087, "on_path": 0, "source": 6, "target": 30}, {"distance": 1.3579364787572603, "on_path": 0, "source": 6, "target": 28}, {"distance": 1.328702934003634, "on_path": 0, "source": 6, "target": 7}, {"distance": 1.8342287776793509, "on_path": 0, "source": 6, "target": 22}, {"distance": 1.3805378397330204, "on_path": 0, "source": 6, "target": 26}, {"distance": 0.6955758184899445, "on_path": 0, "source": 7, "target": 20}, {"distance": 0.19865889247498805, "on_path": 0, "source": 7, "target": 14}, {"distance": 0.5706322347051084, "on_path": 0, "source": 7, "target": 17}, {"distance": 0.6070333962487786, "on_path": 0, "source": 7, "target": 27}, {"distance": 0.35476039196283676, "on_path": 0, "source": 8, "target": 14}, {"distance": 1.2239412946205876, "on_path": 0, "source": 8, "target": 15}, {"distance": 1.2607732802635685, "on_path": 0, "source": 8, "target": 16}, {"distance": 1.4013334647507687, "on_path": 0, "source": 9, "target": 14}, {"distance": 0.33768376258658006, "on_path": 1, "source": 9, "target": 23}, {"distance": 0.566170342767281, "on_path": 1, "source": 9, "target": 20}, {"distance": 0.652321105109431, "on_path": 0, "source": 9, "target": 25}, {"distance": 1.1982195848748916, "on_path": 0, "source": 9, "target": 27}, {"distance": 0.805280356965014, "on_path": 0, "source": 9, "target": 30}, {"distance": 1.4381833891022475, "on_path": 0, "source": 10, "target": 21}, {"distance": 1.3941818137195445, "on_path": 0, "source": 10, "target": 24}, {"distance": 1.3110908760542597, "on_path": 0, "source": 10, "target": 20}, {"distance": 0.8443849257078448, "on_path": 0, "source": 11, "target": 22}, {"distance": 1.377303993639903, "on_path": 0, "source": 11, "target": 15}, {"distance": 1.2173943296027356, "on_path": 0, "source": 11, "target": 29}, {"distance": 0.7108980302872567, "on_path": 0, "source": 11, "target": 20}, {"distance": 1.243395624931217, "on_path": 0, "source": 11, "target": 18}, {"distance": 1.5294858522653134, "on_path": 0, "source": 12, "target": 26}, {"distance": 0.5168440198917744, "on_path": 0, "source": 12, "target": 16}, {"distance": 1.2143821983213012, "on_path": 0, "source": 13, "target": 21}, {"distance": 1.567068340936608, "on_path": 0, "source": 14, "target": 25}, {"distance": 0.6677932308932805, "on_path": 0, "source": 15, "target": 20}, {"distance": 1.2885492146565105, "on_path": 0, "source": 15, "target": 19}, {"distance": 1.277835604420219, "on_path": 0, "source": 16, "target": 28}, {"distance": 0.9448549259736625, "on_path": 0, "source": 16, "target": 19}, {"distance": 1.2300001420676079, "on_path": 0, "source": 16, "target": 22}, {"distance": 1.5753526067881518, "on_path": 0, "source": 17, "target": 23}, {"distance": 0.042919389833928026, "on_path": 0, "source": 17, "target": 29}, {"distance": 1.1942673979113707, "on_path": 0, "source": 18, "target": 21}, {"distance": 1.5563280983691252, "on_path": 0, "source": 18, "target": 25}, {"distance": 0.3444579375841049, "on_path": 1, "source": 20, "target": 28}, {"distance": 0.6314839357225482, "on_path": 0, "source": 21, "target": 23}, {"distance": 0.1528414448571477, "on_path": 1, "source": 26, "target": 28}]}