{"directed": false, "multigraph": false, "graph": {}, "nodes": [{"node_features": [0.0, 0.0], "id": 0}, {"node_features": [0.0, 0.0], "id": 1}, {"node_features": [0.0, 0.0], "id": 2}, {"node_features": [0.0, 0.0], "id": 3}, {"node_features": [0.0, 0.0], "id": 4}, {"node_features": [0.0, 0.0], "id": 5}, {"node_features": [0.0, 0.0], "id": 6}, {"node_features": [0.0, 0.0], "id": 7}, {"node_features": [0.0, 0.0], "id": 8}, {"node_features": [0.0, 0.0], "id": 9}, {"node_features": [0.0, 0.0], "id": 10}, {"node_features": [0.0, 0.0], "id": 11}, {"node_features": [0.0, 1.0], "id": 12}, {"node_features": [0.0, 0.0], "id": 13}, {"node_features": [0.0, 0.0], "id": 14}, {"node_features": [0.0, 0.0], "id": 15}, {"node_features": [0.0, 0.0], "id": 16}, {"node_features": [0.0, 0.0], "id": 17}, {"node_features": [0.0, 0.0], "id": 18}, {"node_features": [1.0, 0.0], "id": 19}, {"node_features": [0.0, 0.0], "id": 20}, {"node_features": [0.0, 0.0], "id": 21}, {"node_features": [0.0, 0.0], "id": 22}, {"node_features": [0.0, 0.0], "id": 23}, {"node_features": [0.0, 0.0], "id": 24}, {"node_features": [0.0, 0.0], "id": 25}, {"node_features": [0.0, 0.0], "id": 26}, {"node_features": [0.0, 0.0], "id": 27}, {"node_features": [0.0, 0.0], "id": 28}, {"node_features": [0.0, 0.0], "id": 29}, {"node_features": [0.0, 0.0], "id": 30}, {"node_features": [0.0, 0.0], "id": 31}, {"node_features": [0.0, 0.0], "id": 32}], "links": [{"distance": 1.8440538718489017, "on_path": 0, "source": 0, "target": 15}, {"distance": 0.8447982178096127, "on_path": 0, "source": 0, "target": 24}, {"distance": 1.024846351725727, "on_path": 0, "source": 0, "target": 6}, {"distance": 2.111594173687959, "on_path": 0, "source": 0, "target": 5}, {"distance": 0.06643278884825084, "on_path": 0, "source": 0, "target": 28}, {"distance": 1.4365765996055357, "on_path": 0, "source": 0, "target": 32}, {"distance": 1.9853968495124674, "on_path": 0, "source": 1, "target": 15}, {"distance": 0.7148644761943242, "on_path": 0, "source": 1, "target": 27}, {"distance": 2.057204231686356, "on_path": 0, "source": 1, "target": 4}, {"distance": 1.2110704287590164, "on_path": 0, "source": 2, "target": 16}, {"distance": 1.9189630942936262, "on_path": 0, "source": 2, "target": 18}, {"distance": 1.073162133299652, "on_path": 0, "source": 2, "target": 23}, {"distance": 1.0499979036610023, "on_path": 1, "source": 2, "target": 22}, {"distance": 0.7159095063949902, "on_path": 0, "source": 2, "target": 14}, {"distance": 1.2666980687042837, "on_path": 1, "source": 2, "target": 19}, {"distance": 0.7138782907716954, "on_path": 0, "source": 3, "target": 25}, {"distance": 0.2801218778345762, "on_path": 0, "source": 3, "target": 14}, {"distance": 1.1626154391650287, "on_path": 0, "source": 3, "target": 21}, {"distance": 1.0163091749254043, "on_path": 0, "source": 3, "target": 23}, {"distance": 1.5202376163584121, "on_path": 0, "source": 4, "target": 27}, {"distance": 1.1217937074790576, "on_path": 1, "source": 4, "target": 7}, {"distance": 1.145678333215954, "on_path": 1, "source": 4, "target": 12}, {"distance": 1.9743176645752936, "on_path": 0, "source": 5, "target": 31}, {"distance": 2.4316788240589404, "on_path": 0, "source": 5, "target": 17}, {"distance": 1.266320128038858, "on_path": 0, "source": 6, "target": 23}, {"distance": 0.8754316298617034, "on_path": 0, "source": 6, "target": 15}, {"distance": 0.6476111086590052, "on_path": 0, "source": 7, "target": 29}, {"distance": 1.2914581600380568, "on_path": 0, "source": 7, "target": 18}, {"distance": 0.540809136185833, "on_path": 1, "source": 7, "target": 22}, {"distance": 0.6951505235240576, "on_path": 0, "source": 8, "target": 30}, {"distance": 1.4525876223458882, "on_path": 0, "source": 8, "target": 25}, {"distance": 1.0587695157189632, "on_path": 0, "source": 8, "target": 29}, {"distance": 1.4142362497497118, "on_path": 0, "source": 8, "target": 11}, {"distance": 0.46345272281473754, "on_path": 0, "source": 8, "target": 21}, {"distance": 2.1335046365810686, "on_path": 0, "source": 9, "target": 18}, {"distance": 1.3751395588453956, "on_path": 0, "source": 9, "target": 16}, {"distance": 0.20380510811098657, "on_path": 0, "source": 9, "target": 32}, {"distance": 1.351676808881075, "on_path": 0, "source": 9, "target": 27}, {"distance": 1.396161651143134, "on_path": 0, "source": 10, "target": 16}, {"distance": 0.9919416627484043, "on_path": 0, "source": 10, "target": 24}, {"distance": 1.5202276396965635, "on_path": 0, "source": 11, "target": 20}, {"distance": 2.164972265988838, "on_path": 0, "source": 11, "target": 18}, {"distance": 1.2526324895816832, "on_path": 0, "source": 12, "target": 17}, {"distance": 1.0856338725721884, "on_path": 0, "source": 12, "target": 26}, {"distance": 0.9684533629217403, "on_path": 0, "source": 13, "target": 16}, {"distance": 0.8449166332833551, "on_path": 0, "source": 13, "target": 32}, {"distance": 2.012991601365702, "on_path": 0, "source": 13, "target": 26}, {"distance": 0.9347804318254327, "on_path": 0, "source": 14, "target": 31}, {"distance": 0.5557220715776837, "on_path": 0, "source": 14, "target": 16}, {"distance": 1.5126522866114889, "on_path": 0, "source": 15, "target": 19}, {"distance": 1.2925450367411686, "on_path": 0, "source": 15, "target": 22}, {"distance": 1.0147000282908527, "on_path": 0, "source": 15, "target": 30}, {"distance": 1.3748657158054456, "on_path": 0, "source": 15, "target": 27}, {"distance": 0.5906425834991722, "on_path": 0, "source": 16, "target": 27}, {"distance": 0.40451375742042917, "on_path": 0, "source": 16, "target": 24}, {"distance": 1.9963557889302632, "on_path": 0, "source": 17, "target": 21}, {"distance": 2.3284768953591715, "on_path": 0, "source": 17, "target": 26}, {"distance": 1.5045506335342258, "on_path": 0, "source": 19, "target": 25}, {"distance": 1.8410456821442038, "on_path": 0, "source": 19, "target": 28}, {"distance": 0.43948592978140716, "on_path": 0, "source": 19, "target": 23}, {"distance": 0.321035301944052, "on_path": 0, "source": 20, "target": 23}, {"distance": 1.5699523822714274, "on_path": 0, "source": 20, "target": 25}, {"distance": 0.9366797791150813, "on_path": 0, "source": 24, "target": 30}, {"distance": 0.4474583159771099, "on_path": 0, "source": 25, "target": 32}, {"distance": 1.8755722204131093, "on_path": 0, "source": 28, "target": 29}, {"distance": 1.572265226819189, "on_path": 0, "source": 28, "target": 31}]}