{"directed": false, "multigraph": false, "graph": {}, "nodes": [{"node_features": [0.0, 0.0], "id": 0}, {"node_features": [0.0, 0.0], "id": 1}, {"node_features": [0.0, 0.0], "id": 2}, {"node_features": [0.0, 0.0], "id": 3}, {"node_features": [0.0, 1.0], "id": 4}, {"node_features": [0.0, 0.0], "id": 5}, {"node_features": [0.0, 0.0], "id": 6}, {"node_features": [0.0, 0.0], "id": 7}, {"node_features": [0.0, 0.0], "id": 8}, {"node_features": [0.0, 0.0], "id": 9}, {"node_features": [0.0, 0.0], "id": 10}, {"node_features": [0.0, 0.0], "id": 11}, {"node_features": [0.0, 0.0], "id": 12}, {"node_features": [0.0, 0.0], "id": 13}, {"node_features": [0.0, 0.0], "id": 14}, {"node_features": [0.0, 0.0], "id": 15}, {"node_features": [0.0, 0.0], "id": 16}, {"node_features": [0.0, 0.0], "id": 17}, {"node_features": [0.0, 0.0], "id": 18}, {"node_features": [0.0, 0.0], "id": 19}, {"node_features": [0.0, 0.0], "id": 20}, {"node_features": [0.0, 0.0], "id": 21}, {"node_features": [0.0, 0.0], "id": 22}, {"node_features": [0.0, 0.0], "id": 23}, {"node_features": [0.0, 0.0], "id": 24}, {"node_features": [1.0, 0.0], "id": 25}, {"node_features": [0.0, 0.0], "id": 26}, {"node_features": [0.0, 0.0], "id": 27}, {"node_features": [0.0, 0.0], "id": 28}], "links": [{"distance": 1.1847846480810549, "on_path": 0, "source": 0, "target": 8}, {"distance": 0.6535043751372185, "on_path": 0, "source": 0, "target": 5}, {"distance": 0.9950948565204808, "on_path": 0, "source": 0, "target": 13}, {"distance": 1.4438447788566402, "on_path": 0, "source": 0, "target": 6}, {"distance": 1.1982733573407687, "on_path": 0, "source": 1, "target": 17}, {"distance": 0.7662012028831324, "on_path": 0, "source": 1, "target": 20}, {"distance": 1.6267257480064705, "on_path": 0, "source": 1, "target": 27}, {"distance": 0.5385951632870087, "on_path": 1, "source": 2, "target": 24}, {"distance": 1.228975763505409, "on_path": 0, "source": 2, "target": 9}, {"distance": 0.9995427125204802, "on_path": 1, "source": 2, "target": 4}, {"distance": 1.4989045819533364, "on_path": 0, "source": 3, "target": 10}, {"distance": 1.5213864482392063, "on_path": 0, "source": 3, "target": 18}, {"distance": 1.740203242212481, "on_path": 0, "source": 3, "target": 8}, {"distance": 1.3070907101027143, "on_path": 0, "source": 3, "target": 11}, {"distance": 0.215959130234846, "on_path": 0, "source": 3, "target": 15}, {"distance": 0.8489940548584909, "on_path": 0, "source": 4, "target": 27}, {"distance": 0.8794110335597497, "on_path": 0, "source": 4, "target": 22}, {"distance": 1.727522953157889, "on_path": 0, "source": 5, "target": 17}, {"distance": 1.3880051007354905, "on_path": 0, "source": 5, "target": 21}, {"distance": 1.7447225408496847, "on_path": 0, "source": 5, "target": 25}, {"distance": 0.7716924796305277, "on_path": 0, "source": 5, "target": 28}, {"distance": 0.46581201840117037, "on_path": 0, "source": 5, "target": 9}, {"distance": 0.6973825770697558, "on_path": 0, "source": 6, "target": 10}, {"distance": 1.2087796116132765, "on_path": 0, "source": 6, "target": 14}, {"distance": 1.4069618174462597, "on_path": 0, "source": 6, "target": 28}, {"distance": 0.5592355914581378, "on_path": 1, "source": 7, "target": 24}, {"distance": 0.451925678167791, "on_path": 1, "source": 7, "target": 25}, {"distance": 0.8574043874480429, "on_path": 0, "source": 7, "target": 12}, {"distance": 1.5657585378131817, "on_path": 0, "source": 8, "target": 25}, {"distance": 1.200540581015232, "on_path": 0, "source": 8, "target": 11}, {"distance": 0.05205343623988584, "on_path": 0, "source": 8, "target": 23}, {"distance": 1.6493252894103763, "on_path": 0, "source": 8, "target": 26}, {"distance": 1.3212576985839068, "on_path": 0, "source": 9, "target": 20}, {"distance": 1.1382001876908834, "on_path": 0, "source": 9, "target": 19}, {"distance": 0.8753432362486718, "on_path": 0, "source": 9, "target": 16}, {"distance": 0.81174990973684, "on_path": 0, "source": 10, "target": 27}, {"distance": 0.8762605373490087, "on_path": 0, "source": 10, "target": 18}, {"distance": 1.0498063537040607, "on_path": 0, "source": 11, "target": 24}, {"distance": 1.292073695059302, "on_path": 0, "source": 12, "target": 24}, {"distance": 0.2696323713849848, "on_path": 0, "source": 13, "target": 27}, {"distance": 1.3558569214182075, "on_path": 0, "source": 14, "target": 18}, {"distance": 0.43500147025787556, "on_path": 0, "source": 14, "target": 28}, {"distance": 0.9998513200370932, "on_path": 0, "source": 14, "target": 23}, {"distance": 1.9744863770627032, "on_path": 0, "source": 15, "target": 22}, {"distance": 1.940779925551734, "on_path": 0, "source": 15, "target": 27}, {"distance": 1.3302805221777028, "on_path": 0, "source": 16, "target": 24}, {"distance": 0.38708418011850443, "on_path": 0, "source": 16, "target": 27}, {"distance": 0.8136668207721376, "on_path": 0, "source": 16, "target": 20}, {"distance": 0.3217527133777504, "on_path": 0, "source": 17, "target": 26}, {"distance": 0.7648910950885366, "on_path": 0, "source": 18, "target": 24}, {"distance": 1.346985178528528, "on_path": 0, "source": 18, "target": 25}, {"distance": 1.9803538995893757, "on_path": 0, "source": 18, "target": 19}, {"distance": 0.36991384703134933, "on_path": 0, "source": 19, "target": 22}, {"distance": 1.8559293716427898, "on_path": 0, "source": 19, "target": 26}, {"distance": 1.1506682314324617, "on_path": 0, "source": 19, "target": 20}, {"distance": 1.2872643009069293, "on_path": 0, "source": 20, "target": 25}, {"distance": 0.7246365622813735, "on_path": 0, "source": 21, "target": 24}, {"distance": 1.348644026761457, "on_path": 0, "source": 26, "target": 28}]}