{"directed": false, "multigraph": false, "graph": {}, "nodes": [{"node_features": [0.0, 0.0], "id": 0}, {"node_features": [0.0, 0.0], "id": 1}, {"node_features": [0.0, 0.0], "id": 2}, {"node_features": [0.0, 0.0], "id": 3}, {"node_features": [0.0, 0.0], "id": 4}, {"node_features": [0.0, 0.0], "id": 5}, {"node_features": [0.0, 0.0], "id": 6}, {"node_features": [0.0, 0.0], "id": 7}, {"node_features": [0.0, 0.0], "id": 8}, {"node_features": [0.0, 0.0], "id": 9}, {"node_features": [0.0, 0.0], "id": 10}, {"node_features": [0.0, 0.0], "id": 11}, {"node_features": [1.0, 0.0], "id": 12}, {"node_features": [0.0, 0.0], "id": 13}, {"node_features": [0.0, 0.0], "id": 14}, {"node_features": [0.0, 0.0], "id": 15}, {"node_features": [0.0, 0.0], "id": 16}, {"node_features": [0.0, 0.0], "id": 17}, {"node_features": [0.0, 0.0], "id": 18}, {"node_features": [0.0, 1.0], "id": 19}, {"node_features": [0.0, 0.0], "id": 20}, {"node_features": [0.0, 0.0], "id": 21}], "links": [{"distance": 1.9144473102279935, "on_path": 0, "source": 0, "target": 4}, {"distance": 0.34213341721537555, "on_path": 0, "source": 0, "target": 15}, {"distance": 1.9531445106451308, "on_path": 0, "source": 0, "target": 1}, {"distance": 1.1631189175361476, "on_path": 0, "source": 0, "target": 5}, {"distance": 1.6550646325028606, "on_path": 0, "source": 0, "target": 8}, {"distance": 1.4573883003397183, "on_path": 0, "source": 1, "target": 18}, {"distance": 1.3219320938618115, "on_path": 0, "source": 1, "target": 2}, {"distance": 1.3659459981673883, "on_path": 0, "source": 1, "target": 13}, {"distance": 0.9630194421738278, "on_path": 0, "source": 2, "target": 9}, {"distance": 1.1795869074796417, "on_path": 0, "source": 2, "target": 5}, {"distance": 0.539191410981109, "on_path": 0, "source": 3, "target": 6}, {"distance": 0.8469363048502229, "on_path": 0, "source": 3, "target": 8}, {"distance": 1.2234192129425054, "on_path": 0, "source": 3, "target": 11}, {"distance": 0.6422093625429998, "on_path": 0, "source": 3, "target": 9}, {"distance": 0.49790552749068784, "on_path": 0, "source": 3, "target": 19}, {"distance": 1.7937891980982164, "on_path": 0, "source": 4, "target": 15}, {"distance": 0.9534898872615241, "on_path": 0, "source": 4, "target": 19}, {"distance": 2.145497872871077, "on_path": 0, "source": 4, "target": 14}, {"distance": 0.5982619099929141, "on_path": 0, "source": 5, "target": 16}, {"distance": 1.4878174151747967, "on_path": 0, "source": 5, "target": 21}, {"distance": 1.2953003545272426, "on_path": 0, "source": 6, "target": 10}, {"distance": 2.113144140645959, "on_path": 0, "source": 6, "target": 15}, {"distance": 1.5848088065174684, "on_path": 0, "source": 6, "target": 12}, {"distance": 0.25752473174272433, "on_path": 0, "source": 7, "target": 19}, {"distance": 1.3909686357218112, "on_path": 0, "source": 7, "target": 15}, {"distance": 0.8009497744679819, "on_path": 0, "source": 8, "target": 11}, {"distance": 1.0496729823706907, "on_path": 0, "source": 9, "target": 12}, {"distance": 0.27593182611293604, "on_path": 0, "source": 9, "target": 20}, {"distance": 0.7579241031486388, "on_path": 1, "source": 10, "target": 13}, {"distance": 0.5618070004463543, "on_path": 1, "source": 10, "target": 19}, {"distance": 1.681649919979822, "on_path": 0, "source": 11, "target": 14}, {"distance": 1.0063726687844405, "on_path": 0, "source": 11, "target": 17}, {"distance": 0.6176132192865122, "on_path": 0, "source": 11, "target": 18}, {"distance": 1.6418674945574616, "on_path": 0, "source": 11, "target": 21}, {"distance": 0.26568091394426213, "on_path": 1, "source": 12, "target": 18}, {"distance": 1.482949537972425, "on_path": 0, "source": 13, "target": 21}, {"distance": 0.1293508482843564, "on_path": 1, "source": 13, "target": 18}, {"distance": 1.7162011199631466, "on_path": 0, "source": 14, "target": 15}, {"distance": 0.9540575933603574, "on_path": 0, "source": 15, "target": 16}, {"distance": 1.566751774672859, "on_path": 0, "source": 15, "target": 20}, {"distance": 0.4634689072246638, "on_path": 0, "source": 16, "target": 19}, {"distance": 0.7316528540635595, "on_path": 0, "source": 16, "target": 20}, {"distance": 2.3551004440283494, "on_path": 0, "source": 17, "target": 21}, {"distance": 1.5451322918570087, "on_path": 0, "source": 18, "target": 21}]}