{"directed": false, "multigraph": false, "graph": {}, "nodes": [{"node_features": [0.0, 1.0], "id": 0}, {"node_features": [0.0, 0.0], "id": 1}, {"node_features": [0.0, 0.0], "id": 2}, {"node_features": [0.0, 0.0], "id": 3}, {"node_features": [0.0, 0.0], "id": 4}, {"node_features": [0.0, 0.0], "id": 5}, {"node_features": [0.0, 0.0], "id": 6}, {"node_features": [0.0, 0.0], "id": 7}, {"node_features": [0.0, 0.0], "id": 8}, {"node_features": [0.0, 0.0], "id": 9}, {"node_features": [0.0, 0.0], "id": 10}, {"node_features": [0.0, 0.0], "id": 11}, {"node_features": [0.0, 0.0], "id": 12}, {"node_features": [0.0, 0.0], "id": 13}, {"node_features": [0.0, 0.0], "id": 14}, {"node_features": [0.0, 0.0], "id": 15}, {"node_features": [0.0, 0.0], "id": 16}, {"node_features": [0.0, 0.0], "id": 17}, {"node_features": [0.0, 0.0], "id": 18}, {"node_features": [1.0, 0.0], "id": 19}, {"node_features": [0.0, 0.0], "id": 20}, {"node_features": [0.0, 0.0], "id": 21}], "links": [{"distance": 0.49517631682908037, "on_path": 1, "source": 0, "target": 16}, {"distance": 0.7290400933525569, "on_path": 0, "source": 0, "target": 8}, {"distance": 1.6742403975767022, "on_path": 0, "source": 0, "target": 15}, {"distance": 2.291540882514942, "on_path": 0, "source": 0, "target": 17}, {"distance": 2.5491338247596005, "on_path": 0, "source": 0, "target": 21}, {"distance": 1.2254887175344755, "on_path": 0, "source": 1, "target": 7}, {"distance": 0.09667496909559964, "on_path": 0, "source": 1, "target": 10}, {"distance": 0.33843922781603336, "on_path": 0, "source": 1, "target": 9}, {"distance": 0.916684139778196, "on_path": 0, "source": 1, "target": 8}, {"distance": 0.40222126491457394, "on_path": 0, "source": 2, "target": 18}, {"distance": 0.555871264456585, "on_path": 0, "source": 2, "target": 7}, {"distance": 1.3293419564382072, "on_path": 0, "source": 2, "target": 9}, {"distance": 0.886924757669464, "on_path": 0, "source": 2, "target": 11}, {"distance": 1.274369275871314, "on_path": 0, "source": 2, "target": 20}, {"distance": 0.46348129564638574, "on_path": 0, "source": 3, "target": 15}, {"distance": 0.46510387043127693, "on_path": 0, "source": 3, "target": 14}, {"distance": 1.1915472788169799, "on_path": 0, "source": 3, "target": 11}, {"distance": 0.9240088676993641, "on_path": 0, "source": 3, "target": 9}, {"distance": 0.514187828171458, "on_path": 0, "source": 3, "target": 10}, {"distance": 0.4380669039469503, "on_path": 0, "source": 3, "target": 17}, {"distance": 1.2806119392922442, "on_path": 0, "source": 4, "target": 10}, {"distance": 1.1253376062239449, "on_path": 0, "source": 4, "target": 14}, {"distance": 1.8378926488216691, "on_path": 0, "source": 4, "target": 16}, {"distance": 1.6786411578251046, "on_path": 0, "source": 5, "target": 20}, {"distance": 2.032137530163345, "on_path": 0, "source": 5, "target": 6}, {"distance": 0.28664651338314046, "on_path": 0, "source": 5, "target": 17}, {"distance": 1.4598631486505391, "on_path": 0, "source": 5, "target": 7}, {"distance": 0.6824834904064953, "on_path": 0, "source": 5, "target": 15}, {"distance": 0.5337054792015598, "on_path": 0, "source": 6, "target": 12}, {"distance": 0.45483567457857904, "on_path": 0, "source": 8, "target": 13}, {"distance": 0.7095820745118896, "on_path": 0, "source": 8, "target": 14}, {"distance": 0.9740909340582959, "on_path": 0, "source": 11, "target": 15}, {"distance": 1.2185150265278533, "on_path": 0, "source": 12, "target": 15}, {"distance": 1.543203275873427, "on_path": 0, "source": 12, "target": 17}, {"distance": 0.08801972763183974, "on_path": 1, "source": 12, "target": 20}, {"distance": 1.8764850524741268, "on_path": 0, "source": 12, "target": 21}, {"distance": 0.2005083401134836, "on_path": 1, "source": 12, "target": 19}, {"distance": 1.1095756467311886, "on_path": 0, "source": 13, "target": 19}, {"distance": 1.8189620112985887, "on_path": 0, "source": 13, "target": 17}, {"distance": 0.4449750862542524, "on_path": 0, "source": 14, "target": 18}, {"distance": 1.217254785110503, "on_path": 0, "source": 15, "target": 16}, {"distance": 0.5311203236382805, "on_path": 1, "source": 16, "target": 20}, {"distance": 0.7443431873432255, "on_path": 0, "source": 17, "target": 18}, {"distance": 1.2838098897367585, "on_path": 0, "source": 18, "target": 19}]}