{"directed": false, "multigraph": false, "graph": {}, "nodes": [{"node_features": [0.0, 0.0], "id": 0}, {"node_features": [0.0, 0.0], "id": 1}, {"node_features": [0.0, 0.0], "id": 2}, {"node_features": [0.0, 0.0], "id": 3}, {"node_features": [0.0, 0.0], "id": 4}, {"node_features": [0.0, 0.0], "id": 5}, {"node_features": [0.0, 0.0], "id": 6}, {"node_features": [0.0, 0.0], "id": 7}, {"node_features": [0.0, 0.0], "id": 8}, {"node_features": [0.0, 0.0], "id": 9}, {"node_features": [0.0, 1.0], "id": 10}, {"node_features": [0.0, 0.0], "id": 11}, {"node_features": [1.0, 0.0], "id": 12}, {"node_features": [0.0, 0.0], "id": 13}, {"node_features": [0.0, 0.0], "id": 14}, {"node_features": [0.0, 0.0], "id": 15}, {"node_features": [0.0, 0.0], "id": 16}, {"node_features": [0.0, 0.0], "id": 17}, {"node_features": [0.0, 0.0], "id": 18}, {"node_features": [0.0, 0.0], "id": 19}], "links": [{"distance": 0.8421911918539717, "on_path": 0, "source": 0, "target": 11}, {"distance": 0.23661185030343235, "on_path": 0, "source": 0, "target": 5}, {"distance": 0.9483856365614276, "on_path": 0, "source": 0, "target": 1}, {"distance": 0.23559620301767167, "on_path": 0, "source": 1, "target": 11}, {"distance": 1.3076491017552527, "on_path": 0, "source": 1, "target": 15}, {"distance": 1.5867315435339364, "on_path": 0, "source": 2, "target": 15}, {"distance": 1.6757243969015811, "on_path": 0, "source": 2, "target": 11}, {"distance": 1.3904327727778383, "on_path": 0, "source": 2, "target": 13}, {"distance": 1.0363669840650105, "on_path": 0, "source": 3, "target": 16}, {"distance": 1.3898940028618827, "on_path": 0, "source": 3, "target": 13}, {"distance": 1.0116075812510026, "on_path": 0, "source": 3, "target": 6}, {"distance": 1.185069574838399, "on_path": 0, "source": 3, "target": 8}, {"distance": 1.3102026796874773, "on_path": 0, "source": 3, "target": 18}, {"distance": 1.4926096457545692, "on_path": 0, "source": 4, "target": 13}, {"distance": 1.5008960484503784, "on_path": 0, "source": 4, "target": 5}, {"distance": 0.7997465488322926, "on_path": 0, "source": 5, "target": 16}, {"distance": 1.6746659290369432, "on_path": 0, "source": 5, "target": 12}, {"distance": 0.5630945045222753, "on_path": 0, "source": 5, "target": 9}, {"distance": 1.173284472369359, "on_path": 0, "source": 5, "target": 19}, {"distance": 1.3228517330992322, "on_path": 0, "source": 6, "target": 15}, {"distance": 1.5587588768091982, "on_path": 0, "source": 6, "target": 10}, {"distance": 1.441422889880947, "on_path": 0, "source": 7, "target": 16}, {"distance": 1.2754628362864298, "on_path": 0, "source": 7, "target": 11}, {"distance": 1.8201991151547534, "on_path": 0, "source": 7, "target": 14}, {"distance": 0.7278566614662577, "on_path": 0, "source": 8, "target": 15}, {"distance": 2.2567918897724493, "on_path": 0, "source": 8, "target": 14}, {"distance": 1.844973585896539, "on_path": 0, "source": 8, "target": 16}, {"distance": 1.6056034018728063, "on_path": 0, "source": 9, "target": 18}, {"distance": 1.0697782993955878, "on_path": 0, "source": 9, "target": 13}, {"distance": 1.4886073780847262, "on_path": 0, "source": 9, "target": 14}, {"distance": 1.3360198803119836, "on_path": 0, "source": 9, "target": 11}, {"distance": 1.6635687549677871, "on_path": 0, "source": 10, "target": 19}, {"distance": 1.2431388574468971, "on_path": 1, "source": 10, "target": 17}, {"distance": 0.5661304284534338, "on_path": 0, "source": 11, "target": 19}, {"distance": 1.0920012016830698, "on_path": 1, "source": 12, "target": 16}, {"distance": 1.6957195660546915, "on_path": 1, "source": 13, "target": 17}, {"distance": 0.37074872646559714, "on_path": 1, "source": 13, "target": 16}, {"distance": 2.3991553309162286, "on_path": 0, "source": 14, "target": 18}, {"distance": 1.9677078287223524, "on_path": 0, "source": 14, "target": 17}, {"distance": 1.2429985987188032, "on_path": 0, "source": 15, "target": 16}]}