{"directed": false, "multigraph": false, "graph": {}, "nodes": [{"node_features": [0.0, 0.0], "id": 0}, {"node_features": [0.0, 0.0], "id": 1}, {"node_features": [0.0, 0.0], "id": 2}, {"node_features": [0.0, 0.0], "id": 3}, {"node_features": [0.0, 1.0], "id": 4}, {"node_features": [0.0, 0.0], "id": 5}, {"node_features": [0.0, 0.0], "id": 6}, {"node_features": [0.0, 0.0], "id": 7}, {"node_features": [0.0, 0.0], "id": 8}, {"node_features": [0.0, 0.0], "id": 9}, {"node_features": [0.0, 0.0], "id": 10}, {"node_features": [0.0, 0.0], "id": 11}, {"node_features": [0.0, 0.0], "id": 12}, {"node_features": [0.0, 0.0], "id": 13}, {"node_features": [0.0, 0.0], "id": 14}, {"node_features": [0.0, 0.0], "id": 15}, {"node_features": [0.0, 0.0], "id": 16}, {"node_features": [0.0, 0.0], "id": 17}, {"node_features": [0.0, 0.0], "id": 18}, {"node_features": [0.0, 0.0], "id": 19}, {"node_features": [0.0, 0.0], "id": 20}, {"node_features": [0.0, 0.0], "id": 21}, {"node_features": [0.0, 0.0], "id": 22}, {"node_features": [0.0, 0.0], "id": 23}, {"node_features": [1.0, 0.0], "id": 24}, {"node_features": [0.0, 0.0], "id": 25}, {"node_features": [0.0, 0.0], "id": 26}, {"node_features": [0.0, 0.0], "id": 27}, {"node_features": [0.0, 0.0], "id": 28}, {"node_features": [0.0, 0.0], "id": 29}, {"node_features": [0.0, 0.0], "id": 30}, {"node_features": [0.0, 0.0], "id": 31}, {"node_features": [0.0, 0.0], "id": 32}], "links": [{"distance": 0.4236903845970143, "on_path": 0, "source": 0, "target": 16}, {"distance": 1.0381073225515736, "on_path": 0, "source": 0, "target": 25}, {"distance": 1.1911502085571695, "on_path": 0, "source": 1, "target": 20}, {"distance": 1.524616582878888, "on_path": 0, "source": 1, "target": 14}, {"distance": 1.1016917753646942, "on_path": 0, "source": 1, "target": 31}, {"distance": 1.7773290979224527, "on_path": 0, "source": 2, "target": 17}, {"distance": 1.3210828470565001, "on_path": 0, "source": 2, "target": 10}, {"distance": 1.3743968673386462, "on_path": 0, "source": 3, "target": 30}, {"distance": 1.3990930651982394, "on_path": 0, "source": 3, "target": 19}, {"distance": 0.35681498050682225, "on_path": 0, "source": 3, "target": 13}, {"distance": 1.842173301778521, "on_path": 0, "source": 4, "target": 21}, {"distance": 1.097998437254182, "on_path": 0, "source": 4, "target": 23}, {"distance": 1.8510855547657195, "on_path": 0, "source": 4, "target": 9}, {"distance": 0.25153863541681065, "on_path": 1, "source": 4, "target": 7}, {"distance": 1.5165395461720546, "on_path": 0, "source": 5, "target": 22}, {"distance": 1.5964417150059511, "on_path": 0, "source": 5, "target": 8}, {"distance": 0.640475291577793, "on_path": 0, "source": 5, "target": 20}, {"distance": 1.8686879326832688, "on_path": 1, "source": 5, "target": 24}, {"distance": 0.4190639782617355, "on_path": 1, "source": 5, "target": 25}, {"distance": 0.25524649198988203, "on_path": 0, "source": 5, "target": 30}, {"distance": 1.3328211920319395, "on_path": 0, "source": 6, "target": 9}, {"distance": 1.135243315016306, "on_path": 0, "source": 6, "target": 24}, {"distance": 0.9097590092095772, "on_path": 0, "source": 6, "target": 10}, {"distance": 0.8129589091409771, "on_path": 1, "source": 7, "target": 25}, {"distance": 1.6936431049934155, "on_path": 0, "source": 7, "target": 21}, {"distance": 1.0785785148171516, "on_path": 0, "source": 8, "target": 19}, {"distance": 1.674114385888187, "on_path": 0, "source": 8, "target": 30}, {"distance": 0.022335055188830395, "on_path": 0, "source": 8, "target": 32}, {"distance": 1.5954592792286078, "on_path": 0, "source": 8, "target": 15}, {"distance": 1.7529429121222286, "on_path": 0, "source": 8, "target": 28}, {"distance": 1.510011169655709, "on_path": 0, "source": 9, "target": 16}, {"distance": 1.9706761301405886, "on_path": 0, "source": 9, "target": 18}, {"distance": 0.37333237436078814, "on_path": 0, "source": 9, "target": 27}, {"distance": 1.642944445527464, "on_path": 0, "source": 9, "target": 24}, {"distance": 1.6672201968742537, "on_path": 0, "source": 10, "target": 14}, {"distance": 1.2371844991035559, "on_path": 0, "source": 10, "target": 28}, {"distance": 0.9446809710509064, "on_path": 0, "source": 10, "target": 17}, {"distance": 1.7308988518857715, "on_path": 0, "source": 10, "target": 30}, {"distance": 0.801872799135435, "on_path": 0, "source": 11, "target": 29}, {"distance": 0.9841787466600341, "on_path": 0, "source": 11, "target": 19}, {"distance": 1.5934309942837674, "on_path": 0, "source": 12, "target": 19}, {"distance": 1.4940430906408904, "on_path": 0, "source": 12, "target": 32}, {"distance": 0.7272522875562039, "on_path": 0, "source": 12, "target": 25}, {"distance": 0.7539002208195966, "on_path": 0, "source": 13, "target": 26}, {"distance": 0.5155692992843883, "on_path": 0, "source": 13, "target": 17}, {"distance": 1.5349331450085, "on_path": 0, "source": 13, "target": 19}, {"distance": 0.8849619510347387, "on_path": 0, "source": 14, "target": 24}, {"distance": 0.94887182636284, "on_path": 0, "source": 14, "target": 16}, {"distance": 1.231234207065531, "on_path": 0, "source": 15, "target": 29}, {"distance": 1.1932111156011767, "on_path": 0, "source": 16, "target": 24}, {"distance": 0.7052137770378797, "on_path": 0, "source": 16, "target": 32}, {"distance": 0.7634137857099383, "on_path": 0, "source": 17, "target": 22}, {"distance": 0.7917396194878785, "on_path": 0, "source": 17, "target": 23}, {"distance": 0.5290562316887992, "on_path": 0, "source": 18, "target": 22}, {"distance": 1.2904558210927393, "on_path": 0, "source": 18, "target": 30}, {"distance": 1.965765417216537, "on_path": 0, "source": 18, "target": 24}, {"distance": 0.8929709501719458, "on_path": 0, "source": 19, "target": 25}, {"distance": 1.2935986222837859, "on_path": 0, "source": 20, "target": 31}, {"distance": 1.219413132735095, "on_path": 0, "source": 20, "target": 28}, {"distance": 1.68659963175468, "on_path": 0, "source": 21, "target": 26}, {"distance": 1.530657103071578, "on_path": 0, "source": 21, "target": 29}, {"distance": 1.0795362912409139, "on_path": 0, "source": 23, "target": 26}, {"distance": 1.638405909989953, "on_path": 0, "source": 26, "target": 27}, {"distance": 1.5871552474551802, "on_path": 0, "source": 26, "target": 31}, {"distance": 1.6240978554531194, "on_path": 0, "source": 27, "target": 31}, {"distance": 0.6373476851169694, "on_path": 0, "source": 29, "target": 32}]}