{"directed": false, "multigraph": false, "graph": {}, "nodes": [{"node_features": [0.0, 0.0], "id": 0}, {"node_features": [0.0, 0.0], "id": 1}, {"node_features": [0.0, 0.0], "id": 2}, {"node_features": [0.0, 0.0], "id": 3}, {"node_features": [0.0, 0.0], "id": 4}, {"node_features": [0.0, 0.0], "id": 5}, {"node_features": [0.0, 0.0], "id": 6}, {"node_features": [0.0, 0.0], "id": 7}, {"node_features": [0.0, 0.0], "id": 8}, {"node_features": [0.0, 0.0], "id": 9}, {"node_features": [0.0, 0.0], "id": 10}, {"node_features": [0.0, 0.0], "id": 11}, {"node_features": [0.0, 0.0], "id": 12}, {"node_features": [0.0, 0.0], "id": 13}, {"node_features": [1.0, 0.0], "id": 14}, {"node_features": [0.0, 0.0], "id": 15}, {"node_features": [0.0, 0.0], "id": 16}, {"node_features": [0.0, 1.0], "id": 17}, {"node_features": [0.0, 0.0], "id": 18}, {"node_features": [0.0, 0.0], "id": 19}, {"node_features": [0.0, 0.0], "id": 20}, {"node_features": [0.0, 0.0], "id": 21}, {"node_features": [0.0, 0.0], "id": 22}, {"node_features": [0.0, 0.0], "id": 23}, {"node_features": [0.0, 0.0], "id": 24}, {"node_features": [0.0, 0.0], "id": 25}, {"node_features": [0.0, 0.0], "id": 26}, {"node_features": [0.0, 0.0], "id": 27}, {"node_features": [0.0, 0.0], "id": 28}], "links": [{"distance": 0.7867788598451274, "on_path": 0, "source": 0, "target": 4}, {"distance": 0.9079549979777926, "on_path": 0, "source": 0, "target": 3}, {"distance": 1.0511341592607844, "on_path": 0, "source": 0, "target": 18}, {"distance": 0.8879457881202356, "on_path": 0, "source": 0, "target": 21}, {"distance": 0.21362889493716947, "on_path": 0, "source": 0, "target": 11}, {"distance": 0.6221986995204395, "on_path": 0, "source": 1, "target": 27}, {"distance": 0.5070510640054775, "on_path": 0, "source": 1, "target": 6}, {"distance": 0.57429233336143, "on_path": 0, "source": 1, "target": 16}, {"distance": 1.1080662353751638, "on_path": 0, "source": 1, "target": 14}, {"distance": 0.8590912293291622, "on_path": 0, "source": 1, "target": 13}, {"distance": 1.4014032278970314, "on_path": 0, "source": 2, "target": 5}, {"distance": 0.4574166642090155, "on_path": 0, "source": 2, "target": 8}, {"distance": 0.35621369848479634, "on_path": 0, "source": 2, "target": 24}, {"distance": 1.072942955887345, "on_path": 0, "source": 3, "target": 10}, {"distance": 0.7235025431943668, "on_path": 0, "source": 3, "target": 28}, {"distance": 0.8255461254935532, "on_path": 0, "source": 3, "target": 17}, {"distance": 0.6261819299483048, "on_path": 0, "source": 4, "target": 15}, {"distance": 1.261765243256379, "on_path": 0, "source": 4, "target": 22}, {"distance": 0.7200198681351717, "on_path": 0, "source": 4, "target": 16}, {"distance": 0.5319644678374339, "on_path": 0, "source": 4, "target": 6}, {"distance": 0.4011666578247097, "on_path": 0, "source": 5, "target": 20}, {"distance": 1.9045232685969091, "on_path": 0, "source": 5, "target": 27}, {"distance": 0.5971434061742142, "on_path": 0, "source": 6, "target": 19}, {"distance": 1.2281343918310492, "on_path": 0, "source": 7, "target": 11}, {"distance": 0.2550582030449108, "on_path": 0, "source": 7, "target": 8}, {"distance": 0.8505846877014953, "on_path": 0, "source": 7, "target": 23}, {"distance": 0.5156626396438638, "on_path": 0, "source": 7, "target": 18}, {"distance": 1.6160617652886555, "on_path": 0, "source": 8, "target": 9}, {"distance": 1.0274871766539022, "on_path": 0, "source": 8, "target": 16}, {"distance": 1.0591711805503206, "on_path": 0, "source": 9, "target": 21}, {"distance": 1.735700653567928, "on_path": 0, "source": 9, "target": 19}, {"distance": 1.7010236709132087, "on_path": 0, "source": 9, "target": 17}, {"distance": 0.5585734961023112, "on_path": 0, "source": 10, "target": 24}, {"distance": 1.2267713177793413, "on_path": 0, "source": 10, "target": 28}, {"distance": 0.8656671512899556, "on_path": 0, "source": 10, "target": 20}, {"distance": 1.8376996550991094, "on_path": 0, "source": 11, "target": 22}, {"distance": 1.6392487363173465, "on_path": 0, "source": 11, "target": 20}, {"distance": 0.10367643565325733, "on_path": 0, "source": 12, "target": 22}, {"distance": 0.8496730583671268, "on_path": 0, "source": 12, "target": 19}, {"distance": 0.27129525423204565, "on_path": 0, "source": 13, "target": 27}, {"distance": 1.3236524462973263, "on_path": 0, "source": 13, "target": 25}, {"distance": 0.5305058350299053, "on_path": 1, "source": 14, "target": 27}, {"distance": 0.9060468042114161, "on_path": 0, "source": 14, "target": 15}, {"distance": 1.947307339860406, "on_path": 0, "source": 14, "target": 18}, {"distance": 1.341177922948064, "on_path": 0, "source": 14, "target": 22}, {"distance": 1.280669813685874, "on_path": 0, "source": 15, "target": 18}, {"distance": 0.18412405222457603, "on_path": 0, "source": 15, "target": 21}, {"distance": 0.43752683383735547, "on_path": 1, "source": 16, "target": 17}, {"distance": 0.4546607965955189, "on_path": 1, "source": 16, "target": 19}, {"distance": 1.1854217914130742, "on_path": 0, "source": 16, "target": 22}, {"distance": 1.429334189986656, "on_path": 0, "source": 18, "target": 27}, {"distance": 1.56771373867378, "on_path": 0, "source": 18, "target": 28}, {"distance": 0.40351571613643467, "on_path": 1, "source": 19, "target": 27}, {"distance": 0.4099447180175631, "on_path": 0, "source": 20, "target": 26}, {"distance": 1.31966028493724, "on_path": 0, "source": 21, "target": 26}, {"distance": 0.4484444708596017, "on_path": 0, "source": 21, "target": 27}, {"distance": 1.5611035906538187, "on_path": 0, "source": 21, "target": 23}, {"distance": 0.24768915359506144, "on_path": 0, "source": 22, "target": 25}]}