{"directed": false, "multigraph": false, "graph": {}, "nodes": [{"node_features": [0.0, 0.0], "id": 0}, {"node_features": [0.0, 0.0], "id": 1}, {"node_features": [0.0, 0.0], "id": 2}, {"node_features": [0.0, 0.0], "id": 3}, {"node_features": [0.0, 0.0], "id": 4}, {"node_features": [0.0, 0.0], "id": 5}, {"node_features": [0.0, 0.0], "id": 6}, {"node_features": [0.0, 0.0], "id": 7}, {"node_features": [0.0, 1.0], "id": 8}, {"node_features": [0.0, 0.0], "id": 9}, {"node_features": [0.0, 0.0], "id": 10}, {"node_features": [0.0, 0.0], "id": 11}, {"node_features": [0.0, 0.0], "id": 12}, {"node_features": [0.0, 0.0], "id": 13}, {"node_features": [0.0, 0.0], "id": 14}, {"node_features": [0.0, 0.0], "id": 15}, {"node_features": [0.0, 0.0], "id": 16}, {"node_features": [0.0, 0.0], "id": 17}, {"node_features": [1.0, 0.0], "id": 18}, {"node_features": [0.0, 0.0], "id": 19}, {"node_features": [0.0, 0.0], "id": 20}, {"node_features": [0.0, 0.0], "id": 21}], "links": [{"distance": 1.1607317067628617, "on_path": 1, "source": 0, "target": 8}, {"distance": 0.8030608417052763, "on_path": 0, "source": 0, "target": 5}, {"distance": 0.5000901551517275, "on_path": 1, "source": 0, "target": 10}, {"distance": 1.54765472366945, "on_path": 0, "source": 1, "target": 15}, {"distance": 1.4089061149729745, "on_path": 0, "source": 1, "target": 18}, {"distance": 1.2209564524307812, "on_path": 0, "source": 1, "target": 6}, {"distance": 1.753061344092164, "on_path": 0, "source": 1, "target": 16}, {"distance": 1.5934548428544317, "on_path": 0, "source": 2, "target": 17}, {"distance": 1.7079667613122933, "on_path": 0, "source": 2, "target": 8}, {"distance": 0.525515432164652, "on_path": 0, "source": 2, "target": 6}, {"distance": 0.5924420829049757, "on_path": 0, "source": 2, "target": 14}, {"distance": 0.021887075100441685, "on_path": 0, "source": 3, "target": 15}, {"distance": 1.2218809296379989, "on_path": 0, "source": 3, "target": 11}, {"distance": 0.644610004427641, "on_path": 0, "source": 4, "target": 8}, {"distance": 0.8793936799932695, "on_path": 0, "source": 4, "target": 16}, {"distance": 0.9397568687719927, "on_path": 0, "source": 4, "target": 7}, {"distance": 1.157643468602443, "on_path": 0, "source": 5, "target": 9}, {"distance": 0.38370506056796005, "on_path": 0, "source": 5, "target": 19}, {"distance": 1.0123150709221709, "on_path": 0, "source": 5, "target": 21}, {"distance": 1.4808496029063067, "on_path": 0, "source": 5, "target": 17}, {"distance": 1.1216702459386019, "on_path": 0, "source": 6, "target": 19}, {"distance": 0.917946817555538, "on_path": 0, "source": 6, "target": 20}, {"distance": 0.8013332796274694, "on_path": 0, "source": 7, "target": 21}, {"distance": 1.0799040176431776, "on_path": 0, "source": 7, "target": 8}, {"distance": 1.3744569553620303, "on_path": 0, "source": 7, "target": 14}, {"distance": 2.0486575151216657, "on_path": 0, "source": 8, "target": 19}, {"distance": 2.063885375619224, "on_path": 0, "source": 8, "target": 20}, {"distance": 1.0428148303098534, "on_path": 0, "source": 9, "target": 17}, {"distance": 0.6859007608750225, "on_path": 0, "source": 10, "target": 19}, {"distance": 0.8887101273546324, "on_path": 1, "source": 10, "target": 15}, {"distance": 0.7141285506657669, "on_path": 0, "source": 11, "target": 21}, {"distance": 1.9460393353446814, "on_path": 0, "source": 11, "target": 12}, {"distance": 0.370118708499962, "on_path": 0, "source": 11, "target": 17}, {"distance": 1.7059192792166016, "on_path": 0, "source": 12, "target": 16}, {"distance": 2.3035765627512093, "on_path": 0, "source": 12, "target": 21}, {"distance": 1.531897954040495, "on_path": 0, "source": 12, "target": 13}, {"distance": 0.7559778035678211, "on_path": 0, "source": 12, "target": 15}, {"distance": 0.47797106700265596, "on_path": 0, "source": 13, "target": 19}, {"distance": 1.3680037742613913, "on_path": 0, "source": 14, "target": 18}, {"distance": 0.07877791486518629, "on_path": 0, "source": 14, "target": 19}, {"distance": 1.5458725051216733, "on_path": 0, "source": 15, "target": 19}, {"distance": 0.44738633100016656, "on_path": 1, "source": 15, "target": 18}, {"distance": 1.6444449384954207, "on_path": 0, "source": 15, "target": 21}, {"distance": 1.0808120411670523, "on_path": 0, "source": 17, "target": 21}]}