{"directed": false, "multigraph": false, "graph": {}, "nodes": [{"node_features": [0.0, 0.0], "id": 0}, {"node_features": [0.0, 0.0], "id": 1}, {"node_features": [0.0, 0.0], "id": 2}, {"node_features": [0.0, 0.0], "id": 3}, {"node_features": [0.0, 0.0], "id": 4}, {"node_features": [0.0, 0.0], "id": 5}, {"node_features": [0.0, 0.0], "id": 6}, {"node_features": [0.0, 0.0], "id": 7}, {"node_features": [0.0, 0.0], "id": 8}, {"node_features": [0.0, 0.0], "id": 9}, {"node_features": [0.0, 0.0], "id": 10}, {"node_features": [1.0, 0.0], "id": 11}, {"node_features": [0.0, 1.0], "id": 12}, {"node_features": [0.0, 0.0], "id": 13}, {"node_features": [0.0, 0.0], "id": 14}, {"node_features": [0.0, 0.0], "id": 15}], "links": [{"distance": 1.859191148713538, "on_path": 0, "source": 0, "target": 4}, {"distance": 1.4698716319368577, "on_path": 0, "source": 0, "target": 6}, {"distance": 0.026414895900287873, "on_path": 0, "source": 0, "target": 12}, {"distance": 0.7102353926021383, "on_path": 0, "source": 0, "target": 9}, {"distance": 0.8225022814034839, "on_path": 0, "source": 0, "target": 10}, {"distance": 1.6602832317480785, "on_path": 0, "source": 1, "target": 12}, {"distance": 1.5870331658884018, "on_path": 0, "source": 1, "target": 5}, {"distance": 0.9560641518490948, "on_path": 0, "source": 1, "target": 10}, {"distance": 0.9417191970532599, "on_path": 0, "source": 1, "target": 14}, {"distance": 0.8697342322382408, "on_path": 0, "source": 1, "target": 2}, {"distance": 0.4450347620260685, "on_path": 0, "source": 2, "target": 7}, {"distance": 1.2130269611341364, "on_path": 0, "source": 2, "target": 9}, {"distance": 0.7540904389985434, "on_path": 0, "source": 2, "target": 4}, {"distance": 1.6762443641813378, "on_path": 0, "source": 2, "target": 12}, {"distance": 1.115590189341529, "on_path": 0, "source": 2, "target": 13}, {"distance": 0.23711565589007447, "on_path": 1, "source": 3, "target": 15}, {"distance": 0.22211764051462904, "on_path": 0, "source": 3, "target": 13}, {"distance": 0.27098993656603, "on_path": 1, "source": 3, "target": 9}, {"distance": 1.177317143867311, "on_path": 0, "source": 4, "target": 10}, {"distance": 1.560331120834773, "on_path": 0, "source": 4, "target": 5}, {"distance": 1.2688517510670738, "on_path": 0, "source": 4, "target": 8}, {"distance": 1.411648747066651, "on_path": 0, "source": 5, "target": 12}, {"distance": 0.6558849458706695, "on_path": 0, "source": 6, "target": 10}, {"distance": 0.976862903592957, "on_path": 0, "source": 7, "target": 10}, {"distance": 0.8154878996904573, "on_path": 0, "source": 7, "target": 11}, {"distance": 0.5868693572213629, "on_path": 0, "source": 7, "target": 14}, {"distance": 0.7534419652703133, "on_path": 0, "source": 8, "target": 13}, {"distance": 0.6878429263323186, "on_path": 1, "source": 9, "target": 12}, {"distance": 1.1278820494801907, "on_path": 0, "source": 11, "target": 14}, {"distance": 0.9652592829078533, "on_path": 1, "source": 11, "target": 15}, {"distance": 1.8186987535254426, "on_path": 0, "source": 12, "target": 14}, {"distance": 0.9891049811871209, "on_path": 0, "source": 14, "target": 15}]}