{"directed": false, "multigraph": false, "graph": {}, "nodes": [{"node_features": [0.0, 0.0], "id": 0}, {"node_features": [0.0, 0.0], "id": 1}, {"node_features": [0.0, 0.0], "id": 2}, {"node_features": [0.0, 0.0], "id": 3}, {"node_features": [0.0, 0.0], "id": 4}, {"node_features": [0.0, 0.0], "id": 5}, {"node_features": [0.0, 0.0], "id": 6}, {"node_features": [0.0, 0.0], "id": 7}, {"node_features": [0.0, 0.0], "id": 8}, {"node_features": [0.0, 0.0], "id": 9}, {"node_features": [0.0, 0.0], "id": 10}, {"node_features": [0.0, 0.0], "id": 11}, {"node_features": [0.0, 0.0], "id": 12}, {"node_features": [0.0, 0.0], "id": 13}, {"node_features": [1.0, 0.0], "id": 14}, {"node_features": [0.0, 0.0], "id": 15}, {"node_features": [0.0, 0.0], "id": 16}, {"node_features": [0.0, 0.0], "id": 17}, {"node_features": [0.0, 0.0], "id": 18}, {"node_features": [0.0, 0.0], "id": 19}, {"node_features": [0.0, 1.0], "id": 20}, {"node_features": [0.0, 0.0], "id": 21}, {"node_features": [0.0, 0.0], "id": 22}, {"node_features": [0.0, 0.0], "id": 23}], "links": [{"distance": 0.748168706881579, "on_path": 0, "source": 0, "target": 14}, {"distance": 0.48623916680696855, "on_path": 0, "source": 0, "target": 10}, {"distance": 1.7334518723045802, "on_path": 0, "source": 0, "target": 12}, {"distance": 0.8655822718023375, "on_path": 0, "source": 0, "target": 18}, {"distance": 2.012967333133538, "on_path": 0, "source": 0, "target": 8}, {"distance": 0.9962507242617947, "on_path": 0, "source": 0, "target": 6}, {"distance": 0.9135527699480328, "on_path": 0, "source": 0, "target": 16}, {"distance": 0.934103645852017, "on_path": 0, "source": 1, "target": 22}, {"distance": 1.740178544782194, "on_path": 0, "source": 1, "target": 9}, {"distance": 1.840406483327162, "on_path": 0, "source": 1, "target": 17}, {"distance": 1.4160185129538387, "on_path": 0, "source": 1, "target": 2}, {"distance": 1.1520812900594417, "on_path": 0, "source": 2, "target": 16}, {"distance": 1.5798004625202455, "on_path": 0, "source": 3, "target": 6}, {"distance": 1.8981705488951914, "on_path": 0, "source": 3, "target": 22}, {"distance": 1.5384412330294317, "on_path": 0, "source": 3, "target": 20}, {"distance": 0.5698514774967105, "on_path": 0, "source": 4, "target": 15}, {"distance": 0.6686953739789218, "on_path": 0, "source": 4, "target": 23}, {"distance": 1.9568709759458438, "on_path": 0, "source": 4, "target": 16}, {"distance": 1.4062958164266754, "on_path": 0, "source": 5, "target": 11}, {"distance": 0.992660583397677, "on_path": 0, "source": 5, "target": 22}, {"distance": 1.2076180857890484, "on_path": 0, "source": 6, "target": 14}, {"distance": 0.7927203910402524, "on_path": 0, "source": 6, "target": 12}, {"distance": 2.113225257907469, "on_path": 0, "source": 6, "target": 21}, {"distance": 1.3251220492018307, "on_path": 0, "source": 7, "target": 23}, {"distance": 2.193767489105142, "on_path": 0, "source": 7, "target": 11}, {"distance": 1.0291459704873744, "on_path": 0, "source": 7, "target": 13}, {"distance": 1.6353129095714334, "on_path": 0, "source": 7, "target": 18}, {"distance": 1.9835352445067662, "on_path": 0, "source": 8, "target": 21}, {"distance": 0.399593447239226, "on_path": 0, "source": 8, "target": 22}, {"distance": 1.5303394926716827, "on_path": 0, "source": 8, "target": 10}, {"distance": 0.7120076036109704, "on_path": 0, "source": 9, "target": 19}, {"distance": 0.893365252134655, "on_path": 0, "source": 9, "target": 21}, {"distance": 0.10540328955978763, "on_path": 1, "source": 9, "target": 17}, {"distance": 0.794915797007899, "on_path": 1, "source": 9, "target": 13}, {"distance": 0.7694041876627947, "on_path": 0, "source": 9, "target": 23}, {"distance": 1.3174257134410796, "on_path": 0, "source": 10, "target": 11}, {"distance": 1.3111939715675331, "on_path": 0, "source": 10, "target": 19}, {"distance": 1.7451379016610584, "on_path": 0, "source": 11, "target": 17}, {"distance": 0.8112219483068601, "on_path": 0, "source": 12, "target": 22}, {"distance": 0.9646501929401069, "on_path": 1, "source": 13, "target": 14}, {"distance": 1.122887992282133, "on_path": 0, "source": 14, "target": 18}, {"distance": 0.34923808905247034, "on_path": 0, "source": 15, "target": 22}, {"distance": 0.7581866443144597, "on_path": 0, "source": 15, "target": 23}, {"distance": 1.5622356328762714, "on_path": 0, "source": 16, "target": 20}, {"distance": 0.7993098227211701, "on_path": 0, "source": 17, "target": 21}, {"distance": 1.1289067973967033, "on_path": 1, "source": 17, "target": 20}, {"distance": 2.026981617274597, "on_path": 0, "source": 18, "target": 21}, {"distance": 1.3870454708409083, "on_path": 0, "source": 19, "target": 20}]}