{"directed": false, "multigraph": false, "graph": {}, "nodes": [{"node_features": [0.0, 0.0], "id": 0}, {"node_features": [1.0, 0.0], "id": 1}, {"node_features": [0.0, 1.0], "id": 2}, {"node_features": [0.0, 0.0], "id": 3}, {"node_features": [0.0, 0.0], "id": 4}, {"node_features": [0.0, 0.0], "id": 5}, {"node_features": [0.0, 0.0], "id": 6}, {"node_features": [0.0, 0.0], "id": 7}, {"node_features": [0.0, 0.0], "id": 8}, {"node_features": [0.0, 0.0], "id": 9}, {"node_features": [0.0, 0.0], "id": 10}, {"node_features": [0.0, 0.0], "id": 11}, {"node_features": [0.0, 0.0], "id": 12}, {"node_features": [0.0, 0.0], "id": 13}, {"node_features": [0.0, 0.0], "id": 14}, {"node_features": [0.0, 0.0], "id": 15}, {"node_features": [0.0, 0.0], "id": 16}, {"node_features": [0.0, 0.0], "id": 17}, {"node_features": [0.0, 0.0], "id": 18}], "links": [{"distance": 1.3879946185126837, "on_path": 0, "source": 0, "target": 10}, {"distance": 0.5732508405770664, "on_path": 1, "source": 0, "target": 1}, {"distance": 1.1945803022196368, "on_path": 0, "source": 0, "target": 9}, {"distance": 1.1453571915640917, "on_path": 0, "source": 0, "target": 12}, {"distance": 0.45402051162686136, "on_path": 1, "source": 0, "target": 11}, {"distance": 0.33334737445159485, "on_path": 0, "source": 0, "target": 3}, {"distance": 1.1467441125902043, "on_path": 0, "source": 0, "target": 18}, {"distance": 0.2586646954346169, "on_path": 0, "source": 1, "target": 4}, {"distance": 1.0859076434371653, "on_path": 0, "source": 1, "target": 6}, {"distance": 0.6882670997810332, "on_path": 0, "source": 1, "target": 9}, {"distance": 1.679221178723798, "on_path": 0, "source": 2, "target": 18}, {"distance": 1.3611524358549107, "on_path": 0, "source": 2, "target": 7}, {"distance": 1.3154068420100657, "on_path": 1, "source": 2, "target": 15}, {"distance": 1.9353754572123192, "on_path": 0, "source": 2, "target": 10}, {"distance": 1.2864591485282002, "on_path": 0, "source": 3, "target": 8}, {"distance": 0.09460265585980802, "on_path": 0, "source": 3, "target": 13}, {"distance": 0.6571678210775066, "on_path": 0, "source": 4, "target": 13}, {"distance": 0.669731628145743, "on_path": 0, "source": 5, "target": 15}, {"distance": 0.9246238068512947, "on_path": 0, "source": 5, "target": 17}, {"distance": 0.6239382375226338, "on_path": 0, "source": 5, "target": 16}, {"distance": 0.6203120747690261, "on_path": 0, "source": 6, "target": 12}, {"distance": 0.4944199107572949, "on_path": 0, "source": 6, "target": 11}, {"distance": 1.6141347194598301, "on_path": 0, "source": 6, "target": 9}, {"distance": 0.5794783380018121, "on_path": 0, "source": 7, "target": 18}, {"distance": 0.6759957157168829, "on_path": 0, "source": 7, "target": 13}, {"distance": 0.9066655229544536, "on_path": 0, "source": 8, "target": 11}, {"distance": 1.4088581060744887, "on_path": 0, "source": 8, "target": 16}, {"distance": 0.22855605942350843, "on_path": 0, "source": 8, "target": 17}, {"distance": 1.5740810289562923, "on_path": 0, "source": 9, "target": 10}, {"distance": 1.5991494513853406, "on_path": 0, "source": 10, "target": 16}, {"distance": 0.49806436127290393, "on_path": 1, "source": 11, "target": 15}, {"distance": 0.7009388430045694, "on_path": 0, "source": 11, "target": 18}, {"distance": 0.9090769187806058, "on_path": 0, "source": 11, "target": 12}, {"distance": 1.1560542786468218, "on_path": 0, "source": 14, "target": 18}, {"distance": 0.8019274468209157, "on_path": 0, "source": 14, "target": 17}, {"distance": 0.8714807942395877, "on_path": 0, "source": 14, "target": 16}, {"distance": 0.8389052636014129, "on_path": 0, "source": 15, "target": 16}, {"distance": 0.4592829762804866, "on_path": 0, "source": 17, "target": 18}]}