{"directed": false, "multigraph": false, "graph": {}, "nodes": [{"node_features": [0.0, 0.0], "id": 0}, {"node_features": [0.0, 0.0], "id": 1}, {"node_features": [0.0, 0.0], "id": 2}, {"node_features": [0.0, 0.0], "id": 3}, {"node_features": [0.0, 0.0], "id": 4}, {"node_features": [0.0, 0.0], "id": 5}, {"node_features": [0.0, 0.0], "id": 6}, {"node_features": [0.0, 0.0], "id": 7}, {"node_features": [0.0, 1.0], "id": 8}, {"node_features": [0.0, 0.0], "id": 9}, {"node_features": [0.0, 0.0], "id": 10}, {"node_features": [0.0, 0.0], "id": 11}, {"node_features": [0.0, 0.0], "id": 12}, {"node_features": [0.0, 0.0], "id": 13}, {"node_features": [0.0, 0.0], "id": 14}, {"node_features": [0.0, 0.0], "id": 15}, {"node_features": [0.0, 0.0], "id": 16}, {"node_features": [0.0, 0.0], "id": 17}, {"node_features": [0.0, 0.0], "id": 18}, {"node_features": [0.0, 0.0], "id": 19}, {"node_features": [0.0, 0.0], "id": 20}, {"node_features": [0.0, 0.0], "id": 21}, {"node_features": [0.0, 0.0], "id": 22}, {"node_features": [0.0, 0.0], "id": 23}, {"node_features": [1.0, 0.0], "id": 24}, {"node_features": [0.0, 0.0], "id": 25}, {"node_features": [0.0, 0.0], "id": 26}, {"node_features": [0.0, 0.0], "id": 27}], "links": [{"distance": 0.37059140557358294, "on_path": 0, "source": 0, "target": 22}, {"distance": 0.46700071254644265, "on_path": 0, "source": 0, "target": 15}, {"distance": 0.9053124021819056, "on_path": 0, "source": 0, "target": 16}, {"distance": 1.5554729043907756, "on_path": 0, "source": 0, "target": 6}, {"distance": 1.6889865999736688, "on_path": 0, "source": 0, "target": 9}, {"distance": 1.780516643099356, "on_path": 0, "source": 1, "target": 24}, {"distance": 0.5124167556163335, "on_path": 0, "source": 1, "target": 13}, {"distance": 1.5340011558373317, "on_path": 0, "source": 1, "target": 23}, {"distance": 0.7573329955457634, "on_path": 0, "source": 2, "target": 8}, {"distance": 0.7600307984841299, "on_path": 0, "source": 2, "target": 21}, {"distance": 1.3168350282205747, "on_path": 0, "source": 2, "target": 22}, {"distance": 1.2019641446634903, "on_path": 0, "source": 2, "target": 11}, {"distance": 1.5149351364726105, "on_path": 0, "source": 2, "target": 17}, {"distance": 0.6244868874546184, "on_path": 0, "source": 3, "target": 21}, {"distance": 0.7515375886465403, "on_path": 0, "source": 3, "target": 9}, {"distance": 1.54353511624285, "on_path": 0, "source": 4, "target": 25}, {"distance": 0.4027904836483921, "on_path": 0, "source": 4, "target": 20}, {"distance": 1.6553160191889411, "on_path": 0, "source": 5, "target": 9}, {"distance": 1.7577810092889012, "on_path": 0, "source": 5, "target": 22}, {"distance": 1.2288236162778774, "on_path": 0, "source": 5, "target": 21}, {"distance": 1.4913926992138933, "on_path": 0, "source": 6, "target": 16}, {"distance": 0.7109848919847817, "on_path": 0, "source": 6, "target": 26}, {"distance": 1.0061775682757417, "on_path": 0, "source": 6, "target": 21}, {"distance": 0.2558709614971747, "on_path": 0, "source": 6, "target": 10}, {"distance": 1.405358927037138, "on_path": 0, "source": 7, "target": 17}, {"distance": 1.1516227235893066, "on_path": 1, "source": 7, "target": 24}, {"distance": 0.10178038601157224, "on_path": 1, "source": 7, "target": 27}, {"distance": 1.1288422039933577, "on_path": 0, "source": 7, "target": 26}, {"distance": 1.0896977351555401, "on_path": 0, "source": 8, "target": 18}, {"distance": 1.6272461828973481, "on_path": 0, "source": 8, "target": 11}, {"distance": 0.9633202258856781, "on_path": 0, "source": 8, "target": 19}, {"distance": 0.834853181950801, "on_path": 1, "source": 8, "target": 21}, {"distance": 1.5537605029638482, "on_path": 0, "source": 9, "target": 27}, {"distance": 0.9021372687740945, "on_path": 0, "source": 10, "target": 13}, {"distance": 1.1956945890706812, "on_path": 0, "source": 10, "target": 21}, {"distance": 1.2797298077101682, "on_path": 0, "source": 12, "target": 21}, {"distance": 1.22523899060478, "on_path": 0, "source": 12, "target": 25}, {"distance": 2.005809507253921, "on_path": 0, "source": 12, "target": 20}, {"distance": 1.654981171938322, "on_path": 0, "source": 13, "target": 20}, {"distance": 1.3882996280732767, "on_path": 0, "source": 13, "target": 27}, {"distance": 1.0234806554647309, "on_path": 0, "source": 14, "target": 21}, {"distance": 0.2953787953557563, "on_path": 0, "source": 14, "target": 18}, {"distance": 1.7411972157988858, "on_path": 0, "source": 14, "target": 20}, {"distance": 1.284020931451356, "on_path": 0, "source": 15, "target": 24}, {"distance": 1.1161443835812737, "on_path": 0, "source": 15, "target": 19}, {"distance": 0.9123847806061721, "on_path": 0, "source": 16, "target": 26}, {"distance": 1.4244150214118314, "on_path": 0, "source": 16, "target": 25}, {"distance": 0.9826994265591655, "on_path": 0, "source": 17, "target": 21}, {"distance": 0.9985241458114716, "on_path": 0, "source": 18, "target": 23}, {"distance": 0.7159806334955195, "on_path": 0, "source": 18, "target": 19}, {"distance": 0.9018143682799502, "on_path": 0, "source": 19, "target": 20}, {"distance": 0.37664381383310025, "on_path": 0, "source": 19, "target": 23}, {"distance": 0.4964260867618569, "on_path": 1, "source": 21, "target": 27}, {"distance": 0.5053728296355865, "on_path": 0, "source": 21, "target": 23}, {"distance": 1.4685755900566082, "on_path": 0, "source": 22, "target": 25}, {"distance": 2.0006272733791395, "on_path": 0, "source": 24, "target": 25}]}