{"directed": false, "multigraph": false, "graph": {}, "nodes": [{"node_features": [0.0, 0.0], "id": 0}, {"node_features": [0.0, 0.0], "id": 1}, {"node_features": [0.0, 0.0], "id": 2}, {"node_features": [0.0, 0.0], "id": 3}, {"node_features": [0.0, 0.0], "id": 4}, {"node_features": [0.0, 0.0], "id": 5}, {"node_features": [0.0, 0.0], "id": 6}, {"node_features": [0.0, 0.0], "id": 7}, {"node_features": [0.0, 0.0], "id": 8}, {"node_features": [0.0, 0.0], "id": 9}, {"node_features": [0.0, 0.0], "id": 10}, {"node_features": [0.0, 0.0], "id": 11}, {"node_features": [0.0, 0.0], "id": 12}, {"node_features": [0.0, 0.0], "id": 13}, {"node_features": [0.0, 0.0], "id": 14}, {"node_features": [0.0, 0.0], "id": 15}, {"node_features": [0.0, 0.0], "id": 16}, {"node_features": [0.0, 0.0], "id": 17}, {"node_features": [0.0, 0.0], "id": 18}, {"node_features": [0.0, 0.0], "id": 19}, {"node_features": [0.0, 0.0], "id": 20}, {"node_features": [0.0, 0.0], "id": 21}, {"node_features": [0.0, 1.0], "id": 22}, {"node_features": [1.0, 0.0], "id": 23}, {"node_features": [0.0, 0.0], "id": 24}, {"node_features": [0.0, 0.0], "id": 25}, {"node_features": [0.0, 0.0], "id": 26}, {"node_features": [0.0, 0.0], "id": 27}, {"node_features": [0.0, 0.0], "id": 28}, {"node_features": [0.0, 0.0], "id": 29}, {"node_features": [0.0, 0.0], "id": 30}, {"node_features": [0.0, 0.0], "id": 31}, {"node_features": [0.0, 0.0], "id": 32}, {"node_features": [0.0, 0.0], "id": 33}, {"node_features": [0.0, 0.0], "id": 34}, {"node_features": [0.0, 0.0], "id": 35}, {"node_features": [0.0, 0.0], "id": 36}, {"node_features": [0.0, 0.0], "id": 37}, {"node_features": [0.0, 0.0], "id": 38}, {"node_features": [0.0, 0.0], "id": 39}, {"node_features": [0.0, 0.0], "id": 40}, {"node_features": [0.0, 0.0], "id": 41}, {"node_features": [0.0, 0.0], "id": 42}, {"node_features": [0.0, 0.0], "id": 43}, {"node_features": [0.0, 0.0], "id": 44}, {"node_features": [0.0, 0.0], "id": 45}, {"node_features": [0.0, 0.0], "id": 46}, {"node_features": [0.0, 0.0], "id": 47}], "links": [{"distance": 0.9448790520715995, "on_path": 0, "source": 0, "target": 6}, {"distance": 1.5804451315118573, "on_path": 0, "source": 0, "target": 5}, {"distance": 1.5069757360391358, "on_path": 0, "source": 0, "target": 10}, {"distance": 1.3743535405820817, "on_path": 0, "source": 0, "target": 14}, {"distance": 1.529081241452495, "on_path": 0, "source": 0, "target": 42}, {"distance": 1.5977457972120956, "on_path": 0, "source": 1, "target": 29}, {"distance": 1.1061777419982972, "on_path": 0, "source": 1, "target": 35}, {"distance": 1.0689092612841942, "on_path": 0, "source": 1, "target": 18}, {"distance": 1.4481365487620708, "on_path": 0, "source": 1, "target": 20}, {"distance": 0.7053166080660976, "on_path": 0, "source": 2, "target": 14}, {"distance": 1.0736176695592285, "on_path": 0, "source": 2, "target": 3}, {"distance": 0.6251299862461, "on_path": 0, "source": 2, "target": 27}, {"distance": 0.7189229980495392, "on_path": 0, "source": 2, "target": 44}, {"distance": 1.2958247423883085, "on_path": 0, "source": 3, "target": 45}, {"distance": 0.7629698259559162, "on_path": 0, "source": 3, "target": 12}, {"distance": 1.402780518605093, "on_path": 0, "source": 3, "target": 46}, {"distance": 1.5756298404164044, "on_path": 0, "source": 4, "target": 39}, {"distance": 1.28868139257303, "on_path": 0, "source": 4, "target": 11}, {"distance": 1.6872123502289282, "on_path": 0, "source": 4, "target": 7}, {"distance": 0.9927781060707808, "on_path": 0, "source": 5, "target": 33}, {"distance": 1.4664641094020632, "on_path": 0, "source": 5, "target": 15}, {"distance": 0.9036233898767605, "on_path": 0, "source": 6, "target": 27}, {"distance": 0.6629810514934222, "on_path": 0, "source": 6, "target": 37}, {"distance": 1.467905304454984, "on_path": 0, "source": 7, "target": 11}, {"distance": 1.7523926436715065, "on_path": 0, "source": 7, "target": 22}, {"distance": 1.0932595408649095, "on_path": 0, "source": 7, "target": 44}, {"distance": 0.6657691040417066, "on_path": 0, "source": 7, "target": 20}, {"distance": 0.41607689228809913, "on_path": 0, "source": 7, "target": 19}, {"distance": 1.1695389023218996, "on_path": 0, "source": 7, "target": 26}, {"distance": 1.394856801167387, "on_path": 0, "source": 7, "target": 37}, {"distance": 1.5883179945314538, "on_path": 0, "source": 8, "target": 19}, {"distance": 0.33184517906879446, "on_path": 0, "source": 8, "target": 9}, {"distance": 1.5404789239337346, "on_path": 0, "source": 8, "target": 16}, {"distance": 1.4312879530002336, "on_path": 0, "source": 8, "target": 39}, {"distance": 0.9529744485733928, "on_path": 0, "source": 9, "target": 25}, {"distance": 0.5397932686449218, "on_path": 0, "source": 9, "target": 18}, {"distance": 0.5351586890162935, "on_path": 0, "source": 9, "target": 34}, {"distance": 0.4230484121912862, "on_path": 0, "source": 10, "target": 18}, {"distance": 0.6997356090181727, "on_path": 0, "source": 10, "target": 43}, {"distance": 0.4216991664970019, "on_path": 0, "source": 10, "target": 29}, {"distance": 1.1818124522179871, "on_path": 0, "source": 10, "target": 25}, {"distance": 1.880270558557935, "on_path": 0, "source": 11, "target": 20}, {"distance": 2.183970933449434, "on_path": 0, "source": 11, "target": 45}, {"distance": 0.3258798480385234, "on_path": 0, "source": 12, "target": 28}, {"distance": 1.0028463237020826, "on_path": 0, "source": 12, "target": 32}, {"distance": 0.7426243519843321, "on_path": 0, "source": 12, "target": 29}, {"distance": 1.774688961818489, "on_path": 0, "source": 13, "target": 20}, {"distance": 2.1082522677785027, "on_path": 0, "source": 13, "target": 45}, {"distance": 1.160840908642747, "on_path": 0, "source": 13, "target": 21}, {"distance": 0.3358367763107879, "on_path": 0, "source": 13, "target": 28}, {"distance": 0.21139220856872257, "on_path": 1, "source": 14, "target": 31}, {"distance": 0.4776413037080141, "on_path": 1, "source": 14, "target": 23}, {"distance": 1.2876569285323984, "on_path": 0, "source": 14, "target": 45}, {"distance": 1.6177664642908636, "on_path": 0, "source": 15, "target": 22}, {"distance": 1.051628636526829, "on_path": 0, "source": 15, "target": 35}, {"distance": 0.1063942900618712, "on_path": 0, "source": 15, "target": 38}, {"distance": 0.9736915276339959, "on_path": 0, "source": 16, "target": 39}, {"distance": 0.9118706599615236, "on_path": 0, "source": 17, "target": 39}, {"distance": 1.6380521048201853, "on_path": 0, "source": 17, "target": 42}, {"distance": 0.5102254591290046, "on_path": 0, "source": 18, "target": 28}, {"distance": 1.000496666695174, "on_path": 0, "source": 18, "target": 40}, {"distance": 0.49268052291892134, "on_path": 0, "source": 19, "target": 33}, {"distance": 1.8415726714733436, "on_path": 0, "source": 21, "target": 38}, {"distance": 1.0886530432380193, "on_path": 0, "source": 21, "target": 29}, {"distance": 0.883109378512034, "on_path": 0, "source": 21, "target": 27}, {"distance": 1.0503118476588873, "on_path": 0, "source": 21, "target": 35}, {"distance": 0.48558110411629946, "on_path": 1, "source": 22, "target": 36}, {"distance": 1.4697424227855391, "on_path": 0, "source": 22, "target": 29}, {"distance": 1.3027067907617018, "on_path": 0, "source": 23, "target": 33}, {"distance": 1.380632488074404, "on_path": 0, "source": 23, "target": 46}, {"distance": 0.5291062556487867, "on_path": 1, "source": 24, "target": 36}, {"distance": 1.8035440951816324, "on_path": 0, "source": 24, "target": 38}, {"distance": 1.2454176204781287, "on_path": 1, "source": 24, "target": 31}, {"distance": 1.2747443549157067, "on_path": 0, "source": 25, "target": 42}, {"distance": 1.250389329756623, "on_path": 0, "source": 26, "target": 33}, {"distance": 1.1531692106890752, "on_path": 0, "source": 26, "target": 39}, {"distance": 0.3820992001108953, "on_path": 0, "source": 26, "target": 43}, {"distance": 1.3327362842518466, "on_path": 0, "source": 27, "target": 31}, {"distance": 0.3157568202300288, "on_path": 0, "source": 27, "target": 47}, {"distance": 1.4726444635836775, "on_path": 0, "source": 27, "target": 32}, {"distance": 0.823119227262349, "on_path": 0, "source": 27, "target": 44}, {"distance": 1.2312091462267465, "on_path": 0, "source": 28, "target": 39}, {"distance": 0.4181274942562508, "on_path": 0, "source": 28, "target": 29}, {"distance": 0.8914003320942111, "on_path": 0, "source": 30, "target": 36}, {"distance": 0.5794513407867602, "on_path": 0, "source": 30, "target": 37}, {"distance": 0.24372022657964051, "on_path": 0, "source": 32, "target": 39}, {"distance": 1.209232976873995, "on_path": 0, "source": 33, "target": 42}, {"distance": 0.4256273233941062, "on_path": 0, "source": 33, "target": 39}, {"distance": 1.6600936389561347, "on_path": 0, "source": 34, "target": 38}, {"distance": 0.6228043952881485, "on_path": 0, "source": 36, "target": 40}, {"distance": 0.4277083951123898, "on_path": 0, "source": 36, "target": 41}, {"distance": 1.2760804551595877, "on_path": 0, "source": 37, "target": 47}, {"distance": 1.337313316580651, "on_path": 0, "source": 38, "target": 43}, {"distance": 1.7273918530240915, "on_path": 0, "source": 38, "target": 41}, {"distance": 1.4778747862636061, "on_path": 0, "source": 39, "target": 41}, {"distance": 0.7330612278726701, "on_path": 0, "source": 40, "target": 47}]}