{"directed": false, "multigraph": false, "graph": {}, "nodes": [{"node_features": [0.0, 0.0], "id": 0}, {"node_features": [0.0, 0.0], "id": 1}, {"node_features": [0.0, 0.0], "id": 2}, {"node_features": [1.0, 0.0], "id": 3}, {"node_features": [0.0, 0.0], "id": 4}, {"node_features": [0.0, 0.0], "id": 5}, {"node_features": [0.0, 0.0], "id": 6}, {"node_features": [0.0, 0.0], "id": 7}, {"node_features": [0.0, 0.0], "id": 8}, {"node_features": [0.0, 0.0], "id": 9}, {"node_features": [0.0, 0.0], "id": 10}, {"node_features": [0.0, 0.0], "id": 11}, {"node_features": [0.0, 1.0], "id": 12}, {"node_features": [0.0, 0.0], "id": 13}, {"node_features": [0.0, 0.0], "id": 14}, {"node_features": [0.0, 0.0], "id": 15}, {"node_features": [0.0, 0.0], "id": 16}, {"node_features": [0.0, 0.0], "id": 17}, {"node_features": [0.0, 0.0], "id": 18}, {"node_features": [0.0, 0.0], "id": 19}, {"node_features": [0.0, 0.0], "id": 20}, {"node_features": [0.0, 0.0], "id": 21}, {"node_features": [0.0, 0.0], "id": 22}], "links": [{"distance": 1.3785185396526265, "on_path": 0, "source": 0, "target": 4}, {"distance": 0.5804315136396156, "on_path": 0, "source": 0, "target": 11}, {"distance": 2.1897626248883904, "on_path": 0, "source": 0, "target": 13}, {"distance": 1.5504812964349783, "on_path": 0, "source": 1, "target": 5}, {"distance": 1.377083465877469, "on_path": 0, "source": 1, "target": 14}, {"distance": 0.7987307358163551, "on_path": 0, "source": 1, "target": 21}, {"distance": 0.5161136245911501, "on_path": 0, "source": 1, "target": 15}, {"distance": 0.9102035255647003, "on_path": 0, "source": 2, "target": 18}, {"distance": 1.4259578471093186, "on_path": 0, "source": 2, "target": 6}, {"distance": 0.35321844196060836, "on_path": 0, "source": 2, "target": 11}, {"distance": 2.090749565532318, "on_path": 0, "source": 2, "target": 5}, {"distance": 1.153701485386185, "on_path": 1, "source": 3, "target": 20}, {"distance": 1.4179202926067078, "on_path": 0, "source": 3, "target": 9}, {"distance": 0.9192632100165056, "on_path": 0, "source": 3, "target": 10}, {"distance": 0.7476955324522715, "on_path": 0, "source": 4, "target": 21}, {"distance": 0.6801077226114184, "on_path": 1, "source": 4, "target": 20}, {"distance": 0.7324774597669597, "on_path": 1, "source": 4, "target": 22}, {"distance": 1.049519925488614, "on_path": 0, "source": 4, "target": 18}, {"distance": 1.0936282032873321, "on_path": 0, "source": 5, "target": 10}, {"distance": 0.5776233023847898, "on_path": 0, "source": 5, "target": 14}, {"distance": 1.5602379409040992, "on_path": 0, "source": 5, "target": 15}, {"distance": 1.5946842435774973, "on_path": 0, "source": 6, "target": 13}, {"distance": 1.2678468106440026, "on_path": 0, "source": 6, "target": 14}, {"distance": 1.2261436035084783, "on_path": 0, "source": 6, "target": 11}, {"distance": 1.1054383344901904, "on_path": 0, "source": 6, "target": 20}, {"distance": 0.5997861244291576, "on_path": 0, "source": 7, "target": 10}, {"distance": 1.5599459217394183, "on_path": 0, "source": 7, "target": 17}, {"distance": 1.2595034627069324, "on_path": 0, "source": 7, "target": 22}, {"distance": 1.2770168083141753, "on_path": 0, "source": 7, "target": 21}, {"distance": 1.8115301033864388, "on_path": 0, "source": 8, "target": 13}, {"distance": 0.798518525351493, "on_path": 0, "source": 8, "target": 9}, {"distance": 0.35382630677923366, "on_path": 0, "source": 8, "target": 18}, {"distance": 0.589750607848456, "on_path": 0, "source": 9, "target": 17}, {"distance": 0.9049663969805728, "on_path": 0, "source": 10, "target": 16}, {"distance": 1.1358724208943118, "on_path": 0, "source": 10, "target": 15}, {"distance": 0.8020278448124348, "on_path": 0, "source": 11, "target": 12}, {"distance": 1.0736082734234653, "on_path": 0, "source": 11, "target": 16}, {"distance": 1.3369736296888424, "on_path": 0, "source": 11, "target": 19}, {"distance": 0.5420620969920076, "on_path": 1, "source": 12, "target": 22}, {"distance": 0.5345941839619114, "on_path": 0, "source": 13, "target": 19}, {"distance": 1.8928737843146877, "on_path": 0, "source": 13, "target": 17}, {"distance": 1.1566457960767418, "on_path": 0, "source": 14, "target": 16}, {"distance": 1.5003938846721383, "on_path": 0, "source": 15, "target": 22}, {"distance": 1.4770427785116098, "on_path": 0, "source": 16, "target": 22}, {"distance": 1.3058845899280753, "on_path": 0, "source": 17, "target": 18}, {"distance": 1.259564361852564, "on_path": 0, "source": 18, "target": 22}]}