{"directed": false, "multigraph": false, "graph": {}, "nodes": [{"node_features": [0.0, 0.0], "id": 0}, {"node_features": [0.0, 0.0], "id": 1}, {"node_features": [0.0, 0.0], "id": 2}, {"node_features": [0.0, 0.0], "id": 3}, {"node_features": [0.0, 0.0], "id": 4}, {"node_features": [0.0, 0.0], "id": 5}, {"node_features": [0.0, 0.0], "id": 6}, {"node_features": [1.0, 0.0], "id": 7}, {"node_features": [0.0, 0.0], "id": 8}, {"node_features": [0.0, 0.0], "id": 9}, {"node_features": [0.0, 0.0], "id": 10}, {"node_features": [0.0, 0.0], "id": 11}, {"node_features": [0.0, 0.0], "id": 12}, {"node_features": [0.0, 0.0], "id": 13}, {"node_features": [0.0, 0.0], "id": 14}, {"node_features": [0.0, 0.0], "id": 15}, {"node_features": [0.0, 0.0], "id": 16}, {"node_features": [0.0, 1.0], "id": 17}, {"node_features": [0.0, 0.0], "id": 18}, {"node_features": [0.0, 0.0], "id": 19}, {"node_features": [0.0, 0.0], "id": 20}, {"node_features": [0.0, 0.0], "id": 21}, {"node_features": [0.0, 0.0], "id": 22}, {"node_features": [0.0, 0.0], "id": 23}, {"node_features": [0.0, 0.0], "id": 24}, {"node_features": [0.0, 0.0], "id": 25}, {"node_features": [0.0, 0.0], "id": 26}, {"node_features": [0.0, 0.0], "id": 27}, {"node_features": [0.0, 0.0], "id": 28}], "links": [{"distance": 1.279768153852068, "on_path": 0, "source": 0, "target": 12}, {"distance": 1.2685182854126362, "on_path": 0, "source": 0, "target": 9}, {"distance": 1.4874387069618138, "on_path": 0, "source": 0, "target": 13}, {"distance": 0.429601662883207, "on_path": 0, "source": 0, "target": 25}, {"distance": 1.501207756987447, "on_path": 0, "source": 0, "target": 26}, {"distance": 1.0925222158668388, "on_path": 0, "source": 1, "target": 18}, {"distance": 0.5076336826450242, "on_path": 0, "source": 1, "target": 10}, {"distance": 0.9833964531607036, "on_path": 0, "source": 1, "target": 5}, {"distance": 1.5777504224813157, "on_path": 0, "source": 2, "target": 5}, {"distance": 0.6753833644437927, "on_path": 0, "source": 2, "target": 24}, {"distance": 1.8592459393414742, "on_path": 0, "source": 2, "target": 23}, {"distance": 0.4624826174064991, "on_path": 0, "source": 3, "target": 24}, {"distance": 0.4206951490209308, "on_path": 0, "source": 3, "target": 10}, {"distance": 0.6607056906654417, "on_path": 0, "source": 3, "target": 5}, {"distance": 0.17210633451593413, "on_path": 1, "source": 3, "target": 18}, {"distance": 0.482178328047869, "on_path": 1, "source": 3, "target": 28}, {"distance": 1.4965937961091378, "on_path": 0, "source": 4, "target": 21}, {"distance": 0.9326765945222193, "on_path": 0, "source": 4, "target": 10}, {"distance": 1.879293786466814, "on_path": 0, "source": 4, "target": 27}, {"distance": 1.5266517438268592, "on_path": 0, "source": 5, "target": 27}, {"distance": 1.3012791858942088, "on_path": 0, "source": 6, "target": 21}, {"distance": 1.4067991036111054, "on_path": 0, "source": 6, "target": 17}, {"distance": 0.2593813386101379, "on_path": 0, "source": 6, "target": 10}, {"distance": 0.45940141447794475, "on_path": 0, "source": 6, "target": 20}, {"distance": 0.3334367009175584, "on_path": 1, "source": 7, "target": 18}, {"distance": 1.4484092572565652, "on_path": 0, "source": 7, "target": 11}, {"distance": 1.2687996830648323, "on_path": 0, "source": 8, "target": 28}, {"distance": 1.2717182583489204, "on_path": 0, "source": 8, "target": 24}, {"distance": 1.3769942302879503, "on_path": 0, "source": 9, "target": 22}, {"distance": 1.1049544194533891, "on_path": 0, "source": 9, "target": 19}, {"distance": 0.29328350491792443, "on_path": 0, "source": 10, "target": 24}, {"distance": 0.660923864893293, "on_path": 0, "source": 11, "target": 15}, {"distance": 0.9633826134153465, "on_path": 0, "source": 11, "target": 20}, {"distance": 1.5557308010585498, "on_path": 0, "source": 11, "target": 28}, {"distance": 2.020019527911516, "on_path": 0, "source": 12, "target": 26}, {"distance": 0.7608496803547357, "on_path": 1, "source": 12, "target": 17}, {"distance": 1.5160043056406418, "on_path": 0, "source": 12, "target": 27}, {"distance": 0.6621120561141202, "on_path": 1, "source": 12, "target": 28}, {"distance": 0.7180611252844494, "on_path": 0, "source": 12, "target": 24}, {"distance": 0.8951652885883871, "on_path": 0, "source": 13, "target": 16}, {"distance": 0.6967313058547286, "on_path": 0, "source": 13, "target": 22}, {"distance": 1.328950806231584, "on_path": 0, "source": 14, "target": 28}, {"distance": 1.5373610851608153, "on_path": 0, "source": 14, "target": 23}, {"distance": 0.9367411839417, "on_path": 0, "source": 14, "target": 20}, {"distance": 1.6823470620580447, "on_path": 0, "source": 15, "target": 23}, {"distance": 1.1535058256911697, "on_path": 0, "source": 15, "target": 28}, {"distance": 0.9581681339557283, "on_path": 0, "source": 16, "target": 19}, {"distance": 1.348103634718758, "on_path": 0, "source": 16, "target": 26}, {"distance": 1.2955090323797718, "on_path": 0, "source": 16, "target": 25}, {"distance": 1.3148728663642577, "on_path": 0, "source": 17, "target": 27}, {"distance": 0.6279527894712668, "on_path": 0, "source": 18, "target": 24}, {"distance": 0.9552091322784044, "on_path": 0, "source": 18, "target": 21}, {"distance": 1.698161108169838, "on_path": 0, "source": 18, "target": 25}, {"distance": 2.2550003240211023, "on_path": 0, "source": 19, "target": 22}, {"distance": 1.2594767763932497, "on_path": 0, "source": 21, "target": 25}, {"distance": 0.04081930900546489, "on_path": 0, "source": 22, "target": 26}, {"distance": 1.244962076872648, "on_path": 0, "source": 23, "target": 28}, {"distance": 1.1075750929362287, "on_path": 0, "source": 24, "target": 25}]}