{"directed": false, "multigraph": false, "graph": {}, "nodes": [{"node_features": [0.0, 0.0], "id": 0}, {"node_features": [1.0, 0.0], "id": 1}, {"node_features": [0.0, 0.0], "id": 2}, {"node_features": [0.0, 0.0], "id": 3}, {"node_features": [0.0, 0.0], "id": 4}, {"node_features": [0.0, 0.0], "id": 5}, {"node_features": [0.0, 0.0], "id": 6}, {"node_features": [0.0, 0.0], "id": 7}, {"node_features": [0.0, 0.0], "id": 8}, {"node_features": [0.0, 0.0], "id": 9}, {"node_features": [0.0, 0.0], "id": 10}, {"node_features": [0.0, 0.0], "id": 11}, {"node_features": [0.0, 0.0], "id": 12}, {"node_features": [0.0, 0.0], "id": 13}, {"node_features": [0.0, 0.0], "id": 14}, {"node_features": [0.0, 0.0], "id": 15}, {"node_features": [0.0, 0.0], "id": 16}, {"node_features": [0.0, 1.0], "id": 17}, {"node_features": [0.0, 0.0], "id": 18}, {"node_features": [0.0, 0.0], "id": 19}, {"node_features": [0.0, 0.0], "id": 20}, {"node_features": [0.0, 0.0], "id": 21}], "links": [{"distance": 0.8833131442290674, "on_path": 0, "source": 0, "target": 12}, {"distance": 1.0042728493795146, "on_path": 0, "source": 0, "target": 6}, {"distance": 1.5941150977946714, "on_path": 0, "source": 0, "target": 10}, {"distance": 0.6101009285701919, "on_path": 0, "source": 0, "target": 11}, {"distance": 1.0850502676342972, "on_path": 0, "source": 0, "target": 7}, {"distance": 2.253215264560436, "on_path": 0, "source": 0, "target": 21}, {"distance": 0.8654789238054357, "on_path": 0, "source": 1, "target": 6}, {"distance": 1.036457537762541, "on_path": 0, "source": 1, "target": 18}, {"distance": 1.7706596043105813, "on_path": 0, "source": 1, "target": 13}, {"distance": 0.3171773979738437, "on_path": 1, "source": 1, "target": 2}, {"distance": 1.1418136687635918, "on_path": 0, "source": 2, "target": 7}, {"distance": 1.0080438308766315, "on_path": 0, "source": 2, "target": 3}, {"distance": 0.6106889503962398, "on_path": 1, "source": 2, "target": 12}, {"distance": 1.006773384050298, "on_path": 0, "source": 3, "target": 13}, {"distance": 1.1941083797466578, "on_path": 0, "source": 3, "target": 16}, {"distance": 1.2783279939666707, "on_path": 0, "source": 3, "target": 21}, {"distance": 0.6264905650741239, "on_path": 0, "source": 3, "target": 10}, {"distance": 1.001187818450889, "on_path": 0, "source": 4, "target": 13}, {"distance": 1.4719444084363842, "on_path": 0, "source": 4, "target": 15}, {"distance": 1.7352416537414517, "on_path": 0, "source": 5, "target": 20}, {"distance": 1.9545742573128213, "on_path": 0, "source": 5, "target": 17}, {"distance": 1.1247937963569583, "on_path": 0, "source": 5, "target": 6}, {"distance": 0.9553676073877206, "on_path": 0, "source": 6, "target": 15}, {"distance": 1.456718155129499, "on_path": 0, "source": 7, "target": 14}, {"distance": 1.4317228010137875, "on_path": 0, "source": 7, "target": 12}, {"distance": 1.7018814067725885, "on_path": 0, "source": 7, "target": 9}, {"distance": 1.4320146845968742, "on_path": 0, "source": 7, "target": 13}, {"distance": 1.6939356192140642, "on_path": 0, "source": 8, "target": 21}, {"distance": 1.791433567126874, "on_path": 0, "source": 8, "target": 9}, {"distance": 1.4361646592542927, "on_path": 0, "source": 8, "target": 20}, {"distance": 1.4815176475783032, "on_path": 0, "source": 8, "target": 15}, {"distance": 0.7229291661659601, "on_path": 0, "source": 8, "target": 17}, {"distance": 0.25966157132787626, "on_path": 0, "source": 10, "target": 20}, {"distance": 0.963872382831105, "on_path": 0, "source": 11, "target": 12}, {"distance": 0.8030056283090355, "on_path": 0, "source": 11, "target": 18}, {"distance": 1.4433137607767625, "on_path": 1, "source": 12, "target": 19}, {"distance": 0.5459990736783172, "on_path": 0, "source": 14, "target": 18}, {"distance": 1.4757969344430666, "on_path": 0, "source": 14, "target": 21}, {"distance": 0.8359178495094536, "on_path": 0, "source": 14, "target": 20}, {"distance": 0.9680258341832759, "on_path": 0, "source": 15, "target": 19}, {"distance": 0.4764194355773263, "on_path": 0, "source": 16, "target": 20}, {"distance": 1.0762848387035235, "on_path": 0, "source": 17, "target": 21}, {"distance": 1.1241345901146849, "on_path": 1, "source": 17, "target": 19}, {"distance": 1.4318705663330966, "on_path": 0, "source": 19, "target": 20}]}