{"directed": false, "multigraph": false, "graph": {}, "nodes": [{"node_features": [0.0, 0.0], "id": 0}, {"node_features": [0.0, 0.0], "id": 1}, {"node_features": [0.0, 0.0], "id": 2}, {"node_features": [0.0, 0.0], "id": 3}, {"node_features": [0.0, 0.0], "id": 4}, {"node_features": [0.0, 0.0], "id": 5}, {"node_features": [0.0, 0.0], "id": 6}, {"node_features": [0.0, 0.0], "id": 7}, {"node_features": [0.0, 0.0], "id": 8}, {"node_features": [0.0, 0.0], "id": 9}, {"node_features": [0.0, 0.0], "id": 10}, {"node_features": [0.0, 0.0], "id": 11}, {"node_features": [0.0, 1.0], "id": 12}, {"node_features": [0.0, 0.0], "id": 13}, {"node_features": [0.0, 0.0], "id": 14}, {"node_features": [1.0, 0.0], "id": 15}, {"node_features": [0.0, 0.0], "id": 16}, {"node_features": [0.0, 0.0], "id": 17}, {"node_features": [0.0, 0.0], "id": 18}, {"node_features": [0.0, 0.0], "id": 19}, {"node_features": [0.0, 0.0], "id": 20}, {"node_features": [0.0, 0.0], "id": 21}, {"node_features": [0.0, 0.0], "id": 22}, {"node_features": [0.0, 0.0], "id": 23}, {"node_features": [0.0, 0.0], "id": 24}, {"node_features": [0.0, 0.0], "id": 25}, {"node_features": [0.0, 0.0], "id": 26}, {"node_features": [0.0, 0.0], "id": 27}, {"node_features": [0.0, 0.0], "id": 28}, {"node_features": [0.0, 0.0], "id": 29}, {"node_features": [0.0, 0.0], "id": 30}, {"node_features": [0.0, 0.0], "id": 31}, {"node_features": [0.0, 0.0], "id": 32}, {"node_features": [0.0, 0.0], "id": 33}, {"node_features": [0.0, 0.0], "id": 34}, {"node_features": [0.0, 0.0], "id": 35}, {"node_features": [0.0, 0.0], "id": 36}], "links": [{"distance": 1.5807473955356006, "on_path": 0, "source": 0, "target": 31}, {"distance": 1.885254726679197, "on_path": 0, "source": 0, "target": 34}, {"distance": 1.2159352857007568, "on_path": 0, "source": 0, "target": 5}, {"distance": 1.88362299004874, "on_path": 0, "source": 0, "target": 25}, {"distance": 0.4846872733720714, "on_path": 0, "source": 1, "target": 10}, {"distance": 1.101133570701679, "on_path": 0, "source": 1, "target": 31}, {"distance": 0.6269995530575672, "on_path": 0, "source": 1, "target": 17}, {"distance": 0.9656952262868391, "on_path": 0, "source": 2, "target": 35}, {"distance": 1.668103688445794, "on_path": 0, "source": 2, "target": 25}, {"distance": 1.7504606636862896, "on_path": 0, "source": 2, "target": 11}, {"distance": 1.1629634212918185, "on_path": 0, "source": 3, "target": 28}, {"distance": 0.7456422312041563, "on_path": 0, "source": 3, "target": 30}, {"distance": 2.217757085064848, "on_path": 0, "source": 3, "target": 22}, {"distance": 1.0283657998045201, "on_path": 0, "source": 3, "target": 13}, {"distance": 0.9694168461428825, "on_path": 0, "source": 4, "target": 11}, {"distance": 0.8588088969263995, "on_path": 0, "source": 4, "target": 35}, {"distance": 0.9895257268963951, "on_path": 0, "source": 4, "target": 28}, {"distance": 1.4223007717835445, "on_path": 0, "source": 5, "target": 27}, {"distance": 0.4900213507002835, "on_path": 0, "source": 5, "target": 32}, {"distance": 0.7140500472253475, "on_path": 0, "source": 5, "target": 20}, {"distance": 0.7608447763629568, "on_path": 0, "source": 5, "target": 36}, {"distance": 1.4950083467653568, "on_path": 0, "source": 6, "target": 11}, {"distance": 0.4502983560192374, "on_path": 0, "source": 6, "target": 21}, {"distance": 1.5031031441963432, "on_path": 0, "source": 6, "target": 34}, {"distance": 0.1490371089857504, "on_path": 0, "source": 7, "target": 36}, {"distance": 0.6389404735950347, "on_path": 0, "source": 7, "target": 10}, {"distance": 0.4082535093838293, "on_path": 0, "source": 7, "target": 20}, {"distance": 0.9657399802768447, "on_path": 0, "source": 7, "target": 22}, {"distance": 1.0328242398403722, "on_path": 0, "source": 7, "target": 16}, {"distance": 0.31310192587281466, "on_path": 0, "source": 8, "target": 19}, {"distance": 1.3108392930642478, "on_path": 0, "source": 8, "target": 13}, {"distance": 1.6880600127879866, "on_path": 0, "source": 8, "target": 30}, {"distance": 1.4483788944199458, "on_path": 0, "source": 9, "target": 14}, {"distance": 0.8970248461668036, "on_path": 0, "source": 9, "target": 30}, {"distance": 0.5878982444222323, "on_path": 0, "source": 9, "target": 32}, {"distance": 1.3954083610817023, "on_path": 0, "source": 10, "target": 29}, {"distance": 0.5006326438968267, "on_path": 0, "source": 10, "target": 36}, {"distance": 1.1425601086253256, "on_path": 0, "source": 11, "target": 32}, {"distance": 1.165212069375286, "on_path": 0, "source": 11, "target": 24}, {"distance": 1.675547351952671, "on_path": 0, "source": 11, "target": 26}, {"distance": 0.540771659272147, "on_path": 0, "source": 11, "target": 31}, {"distance": 0.9083474153260926, "on_path": 0, "source": 11, "target": 12}, {"distance": 1.4716239303051948, "on_path": 0, "source": 12, "target": 28}, {"distance": 0.9959203669274102, "on_path": 1, "source": 12, "target": 16}, {"distance": 0.5512460645454658, "on_path": 0, "source": 12, "target": 31}, {"distance": 0.6099865142478125, "on_path": 0, "source": 13, "target": 34}, {"distance": 1.4796061738094648, "on_path": 0, "source": 14, "target": 24}, {"distance": 0.5577705995870175, "on_path": 1, "source": 14, "target": 23}, {"distance": 1.6676359739716673, "on_path": 1, "source": 14, "target": 15}, {"distance": 2.2230504689416835, "on_path": 0, "source": 14, "target": 26}, {"distance": 1.717461935162443, "on_path": 0, "source": 15, "target": 36}, {"distance": 1.650912626199792, "on_path": 0, "source": 15, "target": 27}, {"distance": 1.7109415192323112, "on_path": 0, "source": 16, "target": 19}, {"distance": 0.4682328003840701, "on_path": 0, "source": 16, "target": 35}, {"distance": 1.2180011679103504, "on_path": 0, "source": 16, "target": 24}, {"distance": 1.2003188765152681, "on_path": 0, "source": 16, "target": 18}, {"distance": 0.5905607270473257, "on_path": 1, "source": 16, "target": 23}, {"distance": 0.3516093035354594, "on_path": 0, "source": 17, "target": 24}, {"distance": 0.9776129797217223, "on_path": 0, "source": 17, "target": 33}, {"distance": 0.7941291302168274, "on_path": 0, "source": 18, "target": 35}, {"distance": 0.19069061381852892, "on_path": 0, "source": 19, "target": 33}, {"distance": 0.8369866351984269, "on_path": 0, "source": 19, "target": 29}, {"distance": 0.36876214703457294, "on_path": 0, "source": 21, "target": 36}, {"distance": 0.4624909406583656, "on_path": 0, "source": 21, "target": 27}, {"distance": 0.3622356521318391, "on_path": 0, "source": 21, "target": 24}, {"distance": 1.0812713153445768, "on_path": 0, "source": 22, "target": 29}, {"distance": 1.797262438610758, "on_path": 0, "source": 22, "target": 35}, {"distance": 0.6117787599015274, "on_path": 0, "source": 23, "target": 32}, {"distance": 1.155666299457645, "on_path": 0, "source": 24, "target": 28}, {"distance": 1.136614954260645, "on_path": 0, "source": 24, "target": 34}, {"distance": 1.7718441991382106, "on_path": 0, "source": 26, "target": 31}, {"distance": 0.49707082236719274, "on_path": 0, "source": 26, "target": 27}, {"distance": 0.8312132906701203, "on_path": 0, "source": 27, "target": 36}, {"distance": 0.2574974470277981, "on_path": 0, "source": 27, "target": 33}]}