{"directed": false, "multigraph": false, "graph": {}, "nodes": [{"node_features": [0.0, 0.0], "id": 0}, {"node_features": [0.0, 1.0], "id": 1}, {"node_features": [0.0, 0.0], "id": 2}, {"node_features": [0.0, 0.0], "id": 3}, {"node_features": [0.0, 0.0], "id": 4}, {"node_features": [0.0, 0.0], "id": 5}, {"node_features": [0.0, 0.0], "id": 6}, {"node_features": [0.0, 0.0], "id": 7}, {"node_features": [0.0, 0.0], "id": 8}, {"node_features": [0.0, 0.0], "id": 9}, {"node_features": [0.0, 0.0], "id": 10}, {"node_features": [0.0, 0.0], "id": 11}, {"node_features": [0.0, 0.0], "id": 12}, {"node_features": [0.0, 0.0], "id": 13}, {"node_features": [0.0, 0.0], "id": 14}, {"node_features": [0.0, 0.0], "id": 15}, {"node_features": [0.0, 0.0], "id": 16}, {"node_features": [0.0, 0.0], "id": 17}, {"node_features": [0.0, 0.0], "id": 18}, {"node_features": [0.0, 0.0], "id": 19}, {"node_features": [0.0, 0.0], "id": 20}, {"node_features": [1.0, 0.0], "id": 21}, {"node_features": [0.0, 0.0], "id": 22}, {"node_features": [0.0, 0.0], "id": 23}, {"node_features": [0.0, 0.0], "id": 24}, {"node_features": [0.0, 0.0], "id": 25}], "links": [{"distance": 0.6061496375402742, "on_path": 0, "source": 0, "target": 11}, {"distance": 0.8484931286387618, "on_path": 0, "source": 0, "target": 3}, {"distance": 0.8983519975204417, "on_path": 0, "source": 0, "target": 10}, {"distance": 0.72693269245081, "on_path": 0, "source": 1, "target": 22}, {"distance": 1.392954038410877, "on_path": 0, "source": 1, "target": 19}, {"distance": 0.7388818872307126, "on_path": 0, "source": 1, "target": 7}, {"distance": 0.31110650669713114, "on_path": 1, "source": 1, "target": 24}, {"distance": 1.0549733869847795, "on_path": 0, "source": 2, "target": 14}, {"distance": 0.8113616763249715, "on_path": 0, "source": 2, "target": 19}, {"distance": 0.7459926325281488, "on_path": 0, "source": 2, "target": 24}, {"distance": 1.5802185609324821, "on_path": 0, "source": 2, "target": 3}, {"distance": 0.9862074816688635, "on_path": 0, "source": 2, "target": 6}, {"distance": 0.8683192406801088, "on_path": 0, "source": 2, "target": 12}, {"distance": 0.6011530116341758, "on_path": 0, "source": 3, "target": 11}, {"distance": 1.3084102491517196, "on_path": 0, "source": 3, "target": 21}, {"distance": 0.8136033844132751, "on_path": 0, "source": 4, "target": 23}, {"distance": 0.5412057843477889, "on_path": 0, "source": 4, "target": 14}, {"distance": 0.21442619947389896, "on_path": 0, "source": 4, "target": 16}, {"distance": 1.1399336667356734, "on_path": 0, "source": 5, "target": 13}, {"distance": 0.5463811490549078, "on_path": 0, "source": 5, "target": 12}, {"distance": 1.561135701432089, "on_path": 0, "source": 6, "target": 11}, {"distance": 0.9853147191721837, "on_path": 0, "source": 6, "target": 14}, {"distance": 1.0636759094608066, "on_path": 0, "source": 6, "target": 15}, {"distance": 0.7838004513839224, "on_path": 0, "source": 7, "target": 15}, {"distance": 0.8643857222969612, "on_path": 0, "source": 8, "target": 14}, {"distance": 0.47869307657566307, "on_path": 0, "source": 8, "target": 23}, {"distance": 1.5179662732808865, "on_path": 0, "source": 9, "target": 13}, {"distance": 0.7939746816626382, "on_path": 0, "source": 9, "target": 24}, {"distance": 0.19627836244654714, "on_path": 0, "source": 10, "target": 22}, {"distance": 0.27689062982970436, "on_path": 0, "source": 10, "target": 23}, {"distance": 1.2775348489635534, "on_path": 0, "source": 10, "target": 17}, {"distance": 0.9148591773553498, "on_path": 0, "source": 11, "target": 21}, {"distance": 0.5465527127272455, "on_path": 0, "source": 11, "target": 20}, {"distance": 0.7249556847179822, "on_path": 0, "source": 11, "target": 14}, {"distance": 1.1717075194956883, "on_path": 0, "source": 12, "target": 20}, {"distance": 0.6851385569317124, "on_path": 1, "source": 13, "target": 16}, {"distance": 0.7244427424272449, "on_path": 1, "source": 13, "target": 24}, {"distance": 0.20343552742415927, "on_path": 0, "source": 13, "target": 17}, {"distance": 1.2676821421788915, "on_path": 0, "source": 13, "target": 25}, {"distance": 1.0163898541630327, "on_path": 0, "source": 14, "target": 18}, {"distance": 0.42071511668707434, "on_path": 0, "source": 15, "target": 24}, {"distance": 0.7269144590962903, "on_path": 1, "source": 16, "target": 21}, {"distance": 0.7195202893737541, "on_path": 0, "source": 16, "target": 17}, {"distance": 0.48222330122525786, "on_path": 0, "source": 18, "target": 25}, {"distance": 0.38272117604026307, "on_path": 0, "source": 18, "target": 22}, {"distance": 0.6445386419900535, "on_path": 0, "source": 18, "target": 23}, {"distance": 2.0225232544211225, "on_path": 0, "source": 19, "target": 20}, {"distance": 1.5570210122952948, "on_path": 0, "source": 19, "target": 22}, {"distance": 1.2031810299418988, "on_path": 0, "source": 20, "target": 25}, {"distance": 1.2721392268902791, "on_path": 0, "source": 20, "target": 23}, {"distance": 0.39413494908202584, "on_path": 0, "source": 22, "target": 23}, {"distance": 0.24272114568522907, "on_path": 0, "source": 22, "target": 25}]}