{"directed": false, "multigraph": false, "graph": {}, "nodes": [{"node_features": [1.0, 0.0], "id": 0}, {"node_features": [0.0, 0.0], "id": 1}, {"node_features": [0.0, 0.0], "id": 2}, {"node_features": [0.0, 1.0], "id": 3}, {"node_features": [0.0, 0.0], "id": 4}, {"node_features": [0.0, 0.0], "id": 5}, {"node_features": [0.0, 0.0], "id": 6}, {"node_features": [0.0, 0.0], "id": 7}, {"node_features": [0.0, 0.0], "id": 8}, {"node_features": [0.0, 0.0], "id": 9}, {"node_features": [0.0, 0.0], "id": 10}, {"node_features": [0.0, 0.0], "id": 11}, {"node_features": [0.0, 0.0], "id": 12}, {"node_features": [0.0, 0.0], "id": 13}, {"node_features": [0.0, 0.0], "id": 14}, {"node_features": [0.0, 0.0], "id": 15}, {"node_features": [0.0, 0.0], "id": 16}, {"node_features": [0.0, 0.0], "id": 17}, {"node_features": [0.0, 0.0], "id": 18}, {"node_features": [0.0, 0.0], "id": 19}, {"node_features": [0.0, 0.0], "id": 20}, {"node_features": [0.0, 0.0], "id": 21}, {"node_features": [0.0, 0.0], "id": 22}, {"node_features": [0.0, 0.0], "id": 23}, {"node_features": [0.0, 0.0], "id": 24}, {"node_features": [0.0, 0.0], "id": 25}], "links": [{"distance": 1.8092905650958808, "on_path": 0, "source": 0, "target": 21}, {"distance": 0.539305819713692, "on_path": 1, "source": 0, "target": 8}, {"distance": 1.0356575803411119, "on_path": 0, "source": 1, "target": 22}, {"distance": 0.4635924997482839, "on_path": 0, "source": 1, "target": 6}, {"distance": 0.9827574473918578, "on_path": 0, "source": 1, "target": 14}, {"distance": 1.9669981637632992, "on_path": 0, "source": 1, "target": 3}, {"distance": 1.408493820518838, "on_path": 0, "source": 1, "target": 24}, {"distance": 1.5085880018785993, "on_path": 0, "source": 2, "target": 21}, {"distance": 0.2336370411369054, "on_path": 0, "source": 2, "target": 10}, {"distance": 1.3208027118210262, "on_path": 0, "source": 2, "target": 4}, {"distance": 0.7490691338650337, "on_path": 1, "source": 3, "target": 9}, {"distance": 1.4624804784630585, "on_path": 0, "source": 4, "target": 25}, {"distance": 0.9047651819845981, "on_path": 0, "source": 4, "target": 23}, {"distance": 1.8226734587846094, "on_path": 0, "source": 5, "target": 21}, {"distance": 1.5373412991326443, "on_path": 0, "source": 5, "target": 6}, {"distance": 0.6971380474960504, "on_path": 0, "source": 6, "target": 7}, {"distance": 0.8712440187000519, "on_path": 0, "source": 6, "target": 14}, {"distance": 1.2301727567298506, "on_path": 0, "source": 7, "target": 21}, {"distance": 0.6183097146157177, "on_path": 0, "source": 7, "target": 16}, {"distance": 1.330533539059872, "on_path": 0, "source": 7, "target": 25}, {"distance": 1.0571004731876568, "on_path": 0, "source": 7, "target": 22}, {"distance": 1.4555623579748067, "on_path": 0, "source": 8, "target": 25}, {"distance": 1.459785582272656, "on_path": 0, "source": 8, "target": 21}, {"distance": 0.844427421323423, "on_path": 1, "source": 8, "target": 14}, {"distance": 0.9621664190342952, "on_path": 0, "source": 9, "target": 20}, {"distance": 0.8438377063924787, "on_path": 1, "source": 9, "target": 14}, {"distance": 1.2141693059354177, "on_path": 0, "source": 9, "target": 10}, {"distance": 1.0470566061885154, "on_path": 0, "source": 9, "target": 25}, {"distance": 0.669700793655734, "on_path": 0, "source": 10, "target": 14}, {"distance": 1.1335026593741704, "on_path": 0, "source": 10, "target": 17}, {"distance": 0.47662887519108627, "on_path": 0, "source": 10, "target": 11}, {"distance": 0.10453989284641675, "on_path": 0, "source": 10, "target": 19}, {"distance": 0.38407197069964527, "on_path": 0, "source": 11, "target": 19}, {"distance": 1.3852177657963494, "on_path": 0, "source": 12, "target": 23}, {"distance": 1.3572142168706969, "on_path": 0, "source": 12, "target": 15}, {"distance": 0.5195081860884958, "on_path": 0, "source": 13, "target": 24}, {"distance": 1.4180488390039028, "on_path": 0, "source": 13, "target": 22}, {"distance": 1.243389732079482, "on_path": 0, "source": 13, "target": 20}, {"distance": 0.5417802102454665, "on_path": 0, "source": 13, "target": 18}, {"distance": 1.0504979152414782, "on_path": 0, "source": 13, "target": 23}, {"distance": 0.27318691552505825, "on_path": 0, "source": 14, "target": 15}, {"distance": 1.1742301072396173, "on_path": 0, "source": 14, "target": 20}, {"distance": 1.1875236865790506, "on_path": 0, "source": 15, "target": 25}, {"distance": 0.6752484193948076, "on_path": 0, "source": 16, "target": 17}, {"distance": 1.902814375431379, "on_path": 0, "source": 17, "target": 21}, {"distance": 1.4574583504194234, "on_path": 0, "source": 17, "target": 24}, {"distance": 0.5420781033420247, "on_path": 0, "source": 18, "target": 23}, {"distance": 1.185114428733995, "on_path": 0, "source": 19, "target": 23}, {"distance": 1.8836108511896403, "on_path": 0, "source": 20, "target": 23}, {"distance": 1.9843030935419959, "on_path": 0, "source": 20, "target": 22}, {"distance": 1.8588063197053797, "on_path": 0, "source": 21, "target": 24}, {"distance": 2.551895055699696, "on_path": 0, "source": 21, "target": 25}]}