{"directed": false, "multigraph": false, "graph": {}, "nodes": [{"node_features": [0.0, 0.0], "id": 0}, {"node_features": [0.0, 0.0], "id": 1}, {"node_features": [0.0, 0.0], "id": 2}, {"node_features": [0.0, 0.0], "id": 3}, {"node_features": [0.0, 0.0], "id": 4}, {"node_features": [0.0, 0.0], "id": 5}, {"node_features": [0.0, 0.0], "id": 6}, {"node_features": [0.0, 0.0], "id": 7}, {"node_features": [1.0, 0.0], "id": 8}, {"node_features": [0.0, 0.0], "id": 9}, {"node_features": [0.0, 0.0], "id": 10}, {"node_features": [0.0, 0.0], "id": 11}, {"node_features": [0.0, 0.0], "id": 12}, {"node_features": [0.0, 0.0], "id": 13}, {"node_features": [0.0, 0.0], "id": 14}, {"node_features": [0.0, 0.0], "id": 15}, {"node_features": [0.0, 0.0], "id": 16}, {"node_features": [0.0, 0.0], "id": 17}, {"node_features": [0.0, 0.0], "id": 18}, {"node_features": [0.0, 0.0], "id": 19}, {"node_features": [0.0, 0.0], "id": 20}, {"node_features": [0.0, 0.0], "id": 21}, {"node_features": [0.0, 0.0], "id": 22}, {"node_features": [0.0, 0.0], "id": 23}, {"node_features": [0.0, 0.0], "id": 24}, {"node_features": [0.0, 0.0], "id": 25}, {"node_features": [0.0, 0.0], "id": 26}, {"node_features": [0.0, 0.0], "id": 27}, {"node_features": [0.0, 0.0], "id": 28}, {"node_features": [0.0, 0.0], "id": 29}, {"node_features": [0.0, 0.0], "id": 30}, {"node_features": [0.0, 0.0], "id": 31}, {"node_features": [0.0, 0.0], "id": 32}, {"node_features": [0.0, 0.0], "id": 33}, {"node_features": [0.0, 0.0], "id": 34}, {"node_features": [0.0, 0.0], "id": 35}, {"node_features": [0.0, 1.0], "id": 36}, {"node_features": [0.0, 0.0], "id": 37}], "links": [{"distance": 0.8643528314768985, "on_path": 0, "source": 0, "target": 7}, {"distance": 0.8573278493350501, "on_path": 0, "source": 0, "target": 28}, {"distance": 1.1597883950686538, "on_path": 0, "source": 0, "target": 14}, {"distance": 0.8740536143288152, "on_path": 0, "source": 1, "target": 15}, {"distance": 0.7600279408941563, "on_path": 0, "source": 1, "target": 2}, {"distance": 1.1324255436595263, "on_path": 0, "source": 1, "target": 12}, {"distance": 0.7794645838384405, "on_path": 0, "source": 1, "target": 26}, {"distance": 0.9833294560411958, "on_path": 0, "source": 2, "target": 32}, {"distance": 0.7413331236982857, "on_path": 0, "source": 2, "target": 13}, {"distance": 1.1472691225646923, "on_path": 0, "source": 2, "target": 24}, {"distance": 1.3140685857145196, "on_path": 0, "source": 3, "target": 22}, {"distance": 0.42637701652557763, "on_path": 0, "source": 3, "target": 27}, {"distance": 0.23344951910131687, "on_path": 0, "source": 3, "target": 11}, {"distance": 1.076662139520386, "on_path": 0, "source": 3, "target": 29}, {"distance": 0.8116245875489556, "on_path": 0, "source": 4, "target": 35}, {"distance": 1.0370597957684395, "on_path": 0, "source": 4, "target": 12}, {"distance": 1.1442278885687556, "on_path": 0, "source": 5, "target": 16}, {"distance": 0.6719095571494641, "on_path": 0, "source": 5, "target": 6}, {"distance": 0.4633053334387787, "on_path": 0, "source": 5, "target": 11}, {"distance": 0.5513009797023366, "on_path": 0, "source": 5, "target": 37}, {"distance": 0.8868046869663634, "on_path": 0, "source": 5, "target": 14}, {"distance": 0.6908653407039438, "on_path": 0, "source": 5, "target": 18}, {"distance": 0.9340260248743157, "on_path": 0, "source": 6, "target": 16}, {"distance": 1.64026044961849, "on_path": 0, "source": 6, "target": 34}, {"distance": 0.8944933998014004, "on_path": 0, "source": 7, "target": 10}, {"distance": 0.6456293194890749, "on_path": 0, "source": 7, "target": 12}, {"distance": 0.4122799862053661, "on_path": 0, "source": 7, "target": 35}, {"distance": 1.9799053795708395, "on_path": 0, "source": 8, "target": 25}, {"distance": 2.1725649486954657, "on_path": 0, "source": 8, "target": 22}, {"distance": 0.497307734729203, "on_path": 1, "source": 8, "target": 16}, {"distance": 1.6224874913562746, "on_path": 0, "source": 8, "target": 23}, {"distance": 1.730161015904033, "on_path": 0, "source": 9, "target": 32}, {"distance": 0.46487030247051014, "on_path": 0, "source": 9, "target": 14}, {"distance": 1.586013639193019, "on_path": 0, "source": 9, "target": 25}, {"distance": 1.7788762911296807, "on_path": 0, "source": 9, "target": 33}, {"distance": 1.0120249069443048, "on_path": 0, "source": 9, "target": 31}, {"distance": 0.3419031907011781, "on_path": 0, "source": 9, "target": 37}, {"distance": 0.9293802493935309, "on_path": 0, "source": 10, "target": 37}, {"distance": 1.578485339455991, "on_path": 1, "source": 10, "target": 16}, {"distance": 0.2565264504687113, "on_path": 1, "source": 10, "target": 18}, {"distance": 1.6744711489955868, "on_path": 0, "source": 11, "target": 33}, {"distance": 1.5855149888467412, "on_path": 0, "source": 11, "target": 34}, {"distance": 1.470927495131058, "on_path": 0, "source": 11, "target": 26}, {"distance": 1.9112136320750917, "on_path": 0, "source": 12, "target": 26}, {"distance": 0.7447032997182774, "on_path": 0, "source": 13, "target": 34}, {"distance": 1.717196405916083, "on_path": 0, "source": 13, "target": 37}, {"distance": 1.4811484092190503, "on_path": 0, "source": 13, "target": 27}, {"distance": 1.4541190754772646, "on_path": 0, "source": 14, "target": 30}, {"distance": 0.5467499824325273, "on_path": 0, "source": 14, "target": 15}, {"distance": 1.0055712033885462, "on_path": 0, "source": 15, "target": 28}, {"distance": 0.5218029447992047, "on_path": 0, "source": 16, "target": 21}, {"distance": 1.941009256856484, "on_path": 0, "source": 16, "target": 23}, {"distance": 1.1200321720108637, "on_path": 0, "source": 17, "target": 34}, {"distance": 1.178079464060694, "on_path": 0, "source": 17, "target": 23}, {"distance": 0.8956565723537993, "on_path": 0, "source": 17, "target": 22}, {"distance": 0.6701718026583889, "on_path": 0, "source": 17, "target": 27}, {"distance": 0.7096706216702588, "on_path": 1, "source": 18, "target": 28}, {"distance": 0.9184686475348891, "on_path": 0, "source": 18, "target": 29}, {"distance": 0.8726297737040767, "on_path": 0, "source": 19, "target": 32}, {"distance": 0.6808139620299314, "on_path": 0, "source": 19, "target": 31}, {"distance": 1.514011836875375, "on_path": 0, "source": 20, "target": 30}, {"distance": 0.833862209672098, "on_path": 0, "source": 20, "target": 36}, {"distance": 1.7115850283066274, "on_path": 0, "source": 20, "target": 25}, {"distance": 1.9532837915074663, "on_path": 0, "source": 21, "target": 32}, {"distance": 0.9326236295612799, "on_path": 0, "source": 22, "target": 28}, {"distance": 0.9060454110851651, "on_path": 0, "source": 24, "target": 29}, {"distance": 0.8560770854970555, "on_path": 0, "source": 24, "target": 31}, {"distance": 0.9811839582409908, "on_path": 0, "source": 24, "target": 36}, {"distance": 0.5979653946762564, "on_path": 0, "source": 24, "target": 33}, {"distance": 0.5067515368601841, "on_path": 0, "source": 25, "target": 30}, {"distance": 1.9351127885913901, "on_path": 0, "source": 26, "target": 34}, {"distance": 0.8862410785683872, "on_path": 0, "source": 27, "target": 35}, {"distance": 0.544383744704757, "on_path": 0, "source": 28, "target": 33}, {"distance": 0.6949188768780151, "on_path": 1, "source": 28, "target": 36}, {"distance": 0.7943984741393022, "on_path": 0, "source": 29, "target": 32}, {"distance": 0.9706274927413563, "on_path": 0, "source": 33, "target": 34}]}