{"directed": false, "multigraph": false, "graph": {}, "nodes": [{"node_features": [1.0, 0.0], "id": 0}, {"node_features": [0.0, 0.0], "id": 1}, {"node_features": [0.0, 0.0], "id": 2}, {"node_features": [0.0, 0.0], "id": 3}, {"node_features": [0.0, 0.0], "id": 4}, {"node_features": [0.0, 0.0], "id": 5}, {"node_features": [0.0, 0.0], "id": 6}, {"node_features": [0.0, 0.0], "id": 7}, {"node_features": [0.0, 0.0], "id": 8}, {"node_features": [0.0, 0.0], "id": 9}, {"node_features": [0.0, 0.0], "id": 10}, {"node_features": [0.0, 1.0], "id": 11}, {"node_features": [0.0, 0.0], "id": 12}, {"node_features": [0.0, 0.0], "id": 13}, {"node_features": [0.0, 0.0], "id": 14}, {"node_features": [0.0, 0.0], "id": 15}, {"node_features": [0.0, 0.0], "id": 16}, {"node_features": [0.0, 0.0], "id": 17}, {"node_features": [0.0, 0.0], "id": 18}, {"node_features": [0.0, 0.0], "id": 19}, {"node_features": [0.0, 0.0], "id": 20}, {"node_features": [0.0, 0.0], "id": 21}, {"node_features": [0.0, 0.0], "id": 22}, {"node_features": [0.0, 0.0], "id": 23}, {"node_features": [0.0, 0.0], "id": 24}, {"node_features": [0.0, 0.0], "id": 25}, {"node_features": [0.0, 0.0], "id": 26}, {"node_features": [0.0, 0.0], "id": 27}, {"node_features": [0.0, 0.0], "id": 28}, {"node_features": [0.0, 0.0], "id": 29}, {"node_features": [0.0, 0.0], "id": 30}, {"node_features": [0.0, 0.0], "id": 31}, {"node_features": [0.0, 0.0], "id": 32}, {"node_features": [0.0, 0.0], "id": 33}], "links": [{"distance": 0.5916164890914757, "on_path": 0, "source": 0, "target": 14}, {"distance": 0.4913559986633714, "on_path": 0, "source": 0, "target": 3}, {"distance": 1.1507254653581087, "on_path": 0, "source": 0, "target": 24}, {"distance": 0.5381080994066, "on_path": 1, "source": 0, "target": 27}, {"distance": 1.3367630498742673, "on_path": 0, "source": 0, "target": 33}, {"distance": 0.5345976900714302, "on_path": 0, "source": 0, "target": 30}, {"distance": 0.5710679563590869, "on_path": 0, "source": 1, "target": 5}, {"distance": 1.0698553061804543, "on_path": 0, "source": 1, "target": 6}, {"distance": 0.47162531303881633, "on_path": 0, "source": 1, "target": 27}, {"distance": 1.0551195582969035, "on_path": 0, "source": 2, "target": 9}, {"distance": 1.0971462098190672, "on_path": 0, "source": 2, "target": 6}, {"distance": 0.7372803925387452, "on_path": 0, "source": 2, "target": 23}, {"distance": 0.9411201394093968, "on_path": 0, "source": 3, "target": 30}, {"distance": 0.6473315920498809, "on_path": 0, "source": 3, "target": 9}, {"distance": 1.229809843964828, "on_path": 0, "source": 4, "target": 29}, {"distance": 1.4902121380707163, "on_path": 0, "source": 4, "target": 10}, {"distance": 1.383299108063788, "on_path": 0, "source": 4, "target": 21}, {"distance": 1.9241195346292947, "on_path": 0, "source": 4, "target": 14}, {"distance": 1.7847648926444102, "on_path": 0, "source": 5, "target": 20}, {"distance": 1.6526889919028438, "on_path": 1, "source": 5, "target": 11}, {"distance": 1.5098942697186215, "on_path": 0, "source": 5, "target": 17}, {"distance": 1.261218585939708, "on_path": 0, "source": 5, "target": 19}, {"distance": 1.3595788511690807, "on_path": 0, "source": 5, "target": 29}, {"distance": 0.11870228327869721, "on_path": 1, "source": 5, "target": 25}, {"distance": 1.4302462646784482, "on_path": 0, "source": 6, "target": 23}, {"distance": 1.1026396326649979, "on_path": 0, "source": 6, "target": 16}, {"distance": 1.4604682668917512, "on_path": 0, "source": 7, "target": 13}, {"distance": 2.2276132442799277, "on_path": 0, "source": 7, "target": 8}, {"distance": 1.4973880327245213, "on_path": 0, "source": 8, "target": 13}, {"distance": 2.201924959126685, "on_path": 0, "source": 8, "target": 33}, {"distance": 1.302238342736241, "on_path": 0, "source": 8, "target": 29}, {"distance": 0.85692067781468, "on_path": 0, "source": 9, "target": 19}, {"distance": 0.8555933913193325, "on_path": 0, "source": 9, "target": 18}, {"distance": 0.3663449319942847, "on_path": 1, "source": 9, "target": 27}, {"distance": 0.46636488859266917, "on_path": 0, "source": 9, "target": 15}, {"distance": 0.3817485946466613, "on_path": 1, "source": 9, "target": 25}, {"distance": 1.5013878682513495, "on_path": 0, "source": 10, "target": 21}, {"distance": 1.4546299062052888, "on_path": 0, "source": 11, "target": 12}, {"distance": 1.9620662576003323, "on_path": 0, "source": 11, "target": 28}, {"distance": 1.8019325563684552, "on_path": 0, "source": 11, "target": 16}, {"distance": 1.6248300040433465, "on_path": 0, "source": 11, "target": 31}, {"distance": 1.964853304355336, "on_path": 0, "source": 12, "target": 15}, {"distance": 1.3008833399006996, "on_path": 0, "source": 12, "target": 27}, {"distance": 0.5042357807468462, "on_path": 0, "source": 12, "target": 32}, {"distance": 0.42317051194014854, "on_path": 0, "source": 13, "target": 19}, {"distance": 1.091491653865784, "on_path": 0, "source": 13, "target": 22}, {"distance": 0.45844677474172646, "on_path": 0, "source": 13, "target": 31}, {"distance": 0.3556842297296887, "on_path": 0, "source": 13, "target": 32}, {"distance": 0.6660565938031703, "on_path": 0, "source": 13, "target": 16}, {"distance": 0.7286807765750916, "on_path": 0, "source": 14, "target": 29}, {"distance": 0.5757755629959367, "on_path": 0, "source": 14, "target": 23}, {"distance": 0.8705482868996978, "on_path": 0, "source": 15, "target": 21}, {"distance": 1.1794948453257774, "on_path": 0, "source": 15, "target": 28}, {"distance": 1.6438699189375805, "on_path": 0, "source": 16, "target": 24}, {"distance": 0.6738744632871255, "on_path": 0, "source": 16, "target": 18}, {"distance": 0.8165005714424778, "on_path": 0, "source": 17, "target": 21}, {"distance": 1.3290496225532065, "on_path": 0, "source": 18, "target": 33}, {"distance": 0.6821639390017601, "on_path": 0, "source": 19, "target": 20}, {"distance": 0.18039784403405634, "on_path": 0, "source": 19, "target": 29}, {"distance": 0.12876595287112208, "on_path": 0, "source": 19, "target": 23}, {"distance": 0.5998917733177432, "on_path": 0, "source": 20, "target": 23}, {"distance": 0.5925015431529359, "on_path": 0, "source": 21, "target": 25}, {"distance": 0.3940430746293481, "on_path": 0, "source": 22, "target": 27}, {"distance": 1.422231634386925, "on_path": 0, "source": 22, "target": 26}, {"distance": 0.8097306305787025, "on_path": 0, "source": 23, "target": 31}, {"distance": 0.5538029425999077, "on_path": 0, "source": 23, "target": 26}, {"distance": 1.5435651430262674, "on_path": 0, "source": 23, "target": 33}, {"distance": 0.931491095247865, "on_path": 0, "source": 24, "target": 27}]}