{"directed": false, "multigraph": false, "graph": {}, "nodes": [{"node_features": [0.0, 0.0], "id": 0}, {"node_features": [0.0, 0.0], "id": 1}, {"node_features": [0.0, 0.0], "id": 2}, {"node_features": [0.0, 0.0], "id": 3}, {"node_features": [0.0, 0.0], "id": 4}, {"node_features": [0.0, 0.0], "id": 5}, {"node_features": [0.0, 0.0], "id": 6}, {"node_features": [0.0, 0.0], "id": 7}, {"node_features": [1.0, 0.0], "id": 8}, {"node_features": [0.0, 0.0], "id": 9}, {"node_features": [0.0, 0.0], "id": 10}, {"node_features": [0.0, 0.0], "id": 11}, {"node_features": [0.0, 0.0], "id": 12}, {"node_features": [0.0, 0.0], "id": 13}, {"node_features": [0.0, 0.0], "id": 14}, {"node_features": [0.0, 0.0], "id": 15}, {"node_features": [0.0, 0.0], "id": 16}, {"node_features": [0.0, 0.0], "id": 17}, {"node_features": [0.0, 0.0], "id": 18}, {"node_features": [0.0, 0.0], "id": 19}, {"node_features": [0.0, 0.0], "id": 20}, {"node_features": [0.0, 0.0], "id": 21}, {"node_features": [0.0, 0.0], "id": 22}, {"node_features": [0.0, 0.0], "id": 23}, {"node_features": [0.0, 0.0], "id": 24}, {"node_features": [0.0, 0.0], "id": 25}, {"node_features": [0.0, 0.0], "id": 26}, {"node_features": [0.0, 0.0], "id": 27}, {"node_features": [0.0, 1.0], "id": 28}, {"node_features": [0.0, 0.0], "id": 29}, {"node_features": [0.0, 0.0], "id": 30}, {"node_features": [0.0, 0.0], "id": 31}, {"node_features": [0.0, 0.0], "id": 32}], "links": [{"distance": 1.1934075811476856, "on_path": 0, "source": 0, "target": 3}, {"distance": 1.529598691569643, "on_path": 0, "source": 0, "target": 4}, {"distance": 0.6431431243413588, "on_path": 0, "source": 0, "target": 28}, {"distance": 0.5648644507256703, "on_path": 0, "source": 1, "target": 31}, {"distance": 1.2026309948793612, "on_path": 0, "source": 1, "target": 15}, {"distance": 1.7229989939041324, "on_path": 0, "source": 1, "target": 24}, {"distance": 0.9748278853528133, "on_path": 0, "source": 1, "target": 21}, {"distance": 0.17010305382425786, "on_path": 0, "source": 2, "target": 22}, {"distance": 1.3164867171738792, "on_path": 0, "source": 2, "target": 30}, {"distance": 0.5692444524715793, "on_path": 0, "source": 2, "target": 24}, {"distance": 0.7724838890083794, "on_path": 0, "source": 2, "target": 21}, {"distance": 1.7775916272223475, "on_path": 0, "source": 3, "target": 30}, {"distance": 0.4360272933355119, "on_path": 0, "source": 3, "target": 10}, {"distance": 2.261409935140774, "on_path": 0, "source": 3, "target": 17}, {"distance": 1.3508726037780228, "on_path": 0, "source": 3, "target": 14}, {"distance": 0.7007105053104326, "on_path": 0, "source": 3, "target": 27}, {"distance": 2.0013213958581977, "on_path": 0, "source": 4, "target": 20}, {"distance": 0.7450513020135033, "on_path": 0, "source": 4, "target": 15}, {"distance": 0.2623454706754304, "on_path": 0, "source": 5, "target": 29}, {"distance": 0.9287097914811548, "on_path": 0, "source": 5, "target": 11}, {"distance": 1.099510148020988, "on_path": 0, "source": 5, "target": 9}, {"distance": 1.339475316965845, "on_path": 0, "source": 6, "target": 30}, {"distance": 0.7892123834311353, "on_path": 0, "source": 6, "target": 12}, {"distance": 1.8962570631690314, "on_path": 0, "source": 6, "target": 17}, {"distance": 0.4246755454561413, "on_path": 0, "source": 6, "target": 22}, {"distance": 0.6622316444869649, "on_path": 0, "source": 7, "target": 10}, {"distance": 1.8943071906289684, "on_path": 0, "source": 7, "target": 18}, {"distance": 0.4156143328745841, "on_path": 0, "source": 7, "target": 27}, {"distance": 1.7003930679685169, "on_path": 0, "source": 7, "target": 13}, {"distance": 1.4828470050513496, "on_path": 0, "source": 7, "target": 20}, {"distance": 0.8077697879939348, "on_path": 0, "source": 8, "target": 16}, {"distance": 0.745167675427755, "on_path": 0, "source": 8, "target": 23}, {"distance": 0.7344920646183234, "on_path": 0, "source": 8, "target": 20}, {"distance": 0.8764858765211039, "on_path": 1, "source": 8, "target": 9}, {"distance": 0.5635254468861391, "on_path": 0, "source": 8, "target": 31}, {"distance": 0.1429693893010382, "on_path": 0, "source": 9, "target": 20}, {"distance": 2.1299333240235976, "on_path": 0, "source": 9, "target": 13}, {"distance": 1.7960900953232821, "on_path": 0, "source": 9, "target": 19}, {"distance": 0.1880692143248677, "on_path": 1, "source": 9, "target": 11}, {"distance": 0.5180628479657492, "on_path": 1, "source": 10, "target": 25}, {"distance": 0.444604892779138, "on_path": 1, "source": 10, "target": 28}, {"distance": 0.7208433670713535, "on_path": 0, "source": 11, "target": 14}, {"distance": 1.3863410542095804, "on_path": 0, "source": 11, "target": 22}, {"distance": 1.702232204779763, "on_path": 0, "source": 11, "target": 12}, {"distance": 1.1330957280928164, "on_path": 0, "source": 11, "target": 23}, {"distance": 0.289365985700331, "on_path": 1, "source": 11, "target": 25}, {"distance": 1.0176851201550516, "on_path": 0, "source": 12, "target": 31}, {"distance": 1.1663438990116848, "on_path": 0, "source": 14, "target": 32}, {"distance": 0.8196633482296167, "on_path": 0, "source": 14, "target": 18}, {"distance": 1.2706713719007159, "on_path": 0, "source": 16, "target": 20}, {"distance": 0.4310998878835577, "on_path": 0, "source": 16, "target": 31}, {"distance": 1.1051314378613253, "on_path": 0, "source": 17, "target": 31}, {"distance": 0.9641840567526756, "on_path": 0, "source": 17, "target": 29}, {"distance": 1.3029544085872038, "on_path": 0, "source": 18, "target": 25}, {"distance": 1.4572264730011955, "on_path": 0, "source": 19, "target": 29}, {"distance": 0.4009270857684056, "on_path": 0, "source": 19, "target": 32}, {"distance": 1.8968607016078696, "on_path": 0, "source": 20, "target": 24}, {"distance": 0.8124443854874057, "on_path": 0, "source": 20, "target": 29}, {"distance": 0.6716472938795778, "on_path": 0, "source": 21, "target": 28}, {"distance": 1.1573690062571236, "on_path": 0, "source": 23, "target": 26}, {"distance": 0.7570661662839908, "on_path": 0, "source": 23, "target": 30}, {"distance": 1.497375996681637, "on_path": 0, "source": 24, "target": 31}, {"distance": 1.0471189397469156, "on_path": 0, "source": 24, "target": 28}, {"distance": 1.256558430011893, "on_path": 0, "source": 26, "target": 30}, {"distance": 1.341427587603885, "on_path": 0, "source": 27, "target": 31}, {"distance": 0.46083055500863207, "on_path": 0, "source": 28, "target": 32}]}