{"directed": false, "multigraph": false, "graph": {}, "nodes": [{"node_features": [0.0, 0.0], "id": 0}, {"node_features": [0.0, 0.0], "id": 1}, {"node_features": [0.0, 0.0], "id": 2}, {"node_features": [0.0, 0.0], "id": 3}, {"node_features": [0.0, 0.0], "id": 4}, {"node_features": [0.0, 0.0], "id": 5}, {"node_features": [0.0, 0.0], "id": 6}, {"node_features": [0.0, 0.0], "id": 7}, {"node_features": [0.0, 0.0], "id": 8}, {"node_features": [0.0, 0.0], "id": 9}, {"node_features": [0.0, 0.0], "id": 10}, {"node_features": [0.0, 1.0], "id": 11}, {"node_features": [0.0, 0.0], "id": 12}, {"node_features": [0.0, 0.0], "id": 13}, {"node_features": [0.0, 0.0], "id": 14}, {"node_features": [0.0, 0.0], "id": 15}, {"node_features": [0.0, 0.0], "id": 16}, {"node_features": [0.0, 0.0], "id": 17}, {"node_features": [0.0, 0.0], "id": 18}, {"node_features": [0.0, 0.0], "id": 19}, {"node_features": [0.0, 0.0], "id": 20}, {"node_features": [0.0, 0.0], "id": 21}, {"node_features": [0.0, 0.0], "id": 22}, {"node_features": [1.0, 0.0], "id": 23}, {"node_features": [0.0, 0.0], "id": 24}, {"node_features": [0.0, 0.0], "id": 25}, {"node_features": [0.0, 0.0], "id": 26}, {"node_features": [0.0, 0.0], "id": 27}, {"node_features": [0.0, 0.0], "id": 28}, {"node_features": [0.0, 0.0], "id": 29}, {"node_features": [0.0, 0.0], "id": 30}, {"node_features": [0.0, 0.0], "id": 31}, {"node_features": [0.0, 0.0], "id": 32}, {"node_features": [0.0, 0.0], "id": 33}, {"node_features": [0.0, 0.0], "id": 34}, {"node_features": [0.0, 0.0], "id": 35}, {"node_features": [0.0, 0.0], "id": 36}, {"node_features": [0.0, 0.0], "id": 37}, {"node_features": [0.0, 0.0], "id": 38}, {"node_features": [0.0, 0.0], "id": 39}, {"node_features": [0.0, 0.0], "id": 40}, {"node_features": [0.0, 0.0], "id": 41}], "links": [{"distance": 1.3278067534419944, "on_path": 0, "source": 0, "target": 36}, {"distance": 0.5068261875787066, "on_path": 0, "source": 0, "target": 19}, {"distance": 0.8229047147964014, "on_path": 0, "source": 0, "target": 30}, {"distance": 0.5295775083513604, "on_path": 0, "source": 0, "target": 34}, {"distance": 0.9333719198951307, "on_path": 0, "source": 1, "target": 10}, {"distance": 1.835952713881664, "on_path": 0, "source": 1, "target": 32}, {"distance": 1.2969232555152772, "on_path": 0, "source": 1, "target": 17}, {"distance": 1.0720621013703766, "on_path": 1, "source": 2, "target": 16}, {"distance": 0.4174452813649184, "on_path": 1, "source": 2, "target": 11}, {"distance": 1.103330236479171, "on_path": 0, "source": 2, "target": 7}, {"distance": 1.3866923985422202, "on_path": 0, "source": 2, "target": 15}, {"distance": 1.0733719251143283, "on_path": 0, "source": 3, "target": 41}, {"distance": 1.1505671738256744, "on_path": 0, "source": 3, "target": 12}, {"distance": 0.12617830820739087, "on_path": 0, "source": 3, "target": 7}, {"distance": 0.28051784837002164, "on_path": 0, "source": 3, "target": 25}, {"distance": 1.7260188165417834, "on_path": 0, "source": 4, "target": 8}, {"distance": 1.3457886369251437, "on_path": 0, "source": 4, "target": 27}, {"distance": 0.49942580657575547, "on_path": 0, "source": 4, "target": 41}, {"distance": 1.360044504266673, "on_path": 0, "source": 5, "target": 10}, {"distance": 0.6068630746000353, "on_path": 0, "source": 5, "target": 18}, {"distance": 0.29665802415953857, "on_path": 0, "source": 5, "target": 29}, {"distance": 1.5340497475777402, "on_path": 0, "source": 5, "target": 31}, {"distance": 0.9176475156935805, "on_path": 0, "source": 5, "target": 16}, {"distance": 0.9181222062084797, "on_path": 0, "source": 5, "target": 40}, {"distance": 0.8794960545134387, "on_path": 0, "source": 6, "target": 18}, {"distance": 0.540075221247538, "on_path": 1, "source": 6, "target": 27}, {"distance": 0.7442496044058756, "on_path": 0, "source": 6, "target": 28}, {"distance": 0.18579518071199752, "on_path": 1, "source": 6, "target": 13}, {"distance": 0.6959821224344781, "on_path": 0, "source": 7, "target": 11}, {"distance": 1.378376299529236, "on_path": 0, "source": 7, "target": 33}, {"distance": 0.5101551039162165, "on_path": 0, "source": 7, "target": 40}, {"distance": 1.6921840092438627, "on_path": 0, "source": 8, "target": 25}, {"distance": 1.8131810364881424, "on_path": 0, "source": 8, "target": 20}, {"distance": 1.5327730708084668, "on_path": 0, "source": 9, "target": 35}, {"distance": 1.438872158952098, "on_path": 0, "source": 9, "target": 38}, {"distance": 0.6496187458801594, "on_path": 0, "source": 9, "target": 21}, {"distance": 1.2366923836672834, "on_path": 0, "source": 9, "target": 17}, {"distance": 0.12883790872434195, "on_path": 0, "source": 9, "target": 27}, {"distance": 0.6480300515612928, "on_path": 0, "source": 10, "target": 37}, {"distance": 0.25743930541716914, "on_path": 0, "source": 10, "target": 21}, {"distance": 0.583995254602254, "on_path": 0, "source": 11, "target": 19}, {"distance": 1.4124247005993757, "on_path": 0, "source": 12, "target": 25}, {"distance": 0.9376371129757997, "on_path": 0, "source": 12, "target": 19}, {"distance": 1.1771175596658359, "on_path": 0, "source": 12, "target": 28}, {"distance": 1.082138884449812, "on_path": 0, "source": 12, "target": 36}, {"distance": 0.4837259363277189, "on_path": 0, "source": 12, "target": 37}, {"distance": 1.5151142272033804, "on_path": 0, "source": 13, "target": 36}, {"distance": 0.2379577316393463, "on_path": 1, "source": 13, "target": 16}, {"distance": 1.2898856546175432, "on_path": 0, "source": 14, "target": 18}, {"distance": 1.7656303360114276, "on_path": 0, "source": 14, "target": 28}, {"distance": 0.947605446728105, "on_path": 0, "source": 15, "target": 35}, {"distance": 0.31440826587818793, "on_path": 0, "source": 15, "target": 18}, {"distance": 1.805252721022717, "on_path": 0, "source": 16, "target": 41}, {"distance": 1.318817285850354, "on_path": 0, "source": 16, "target": 36}, {"distance": 1.6356140425391166, "on_path": 0, "source": 16, "target": 35}, {"distance": 1.2840586290789664, "on_path": 0, "source": 17, "target": 24}, {"distance": 1.416115669210282, "on_path": 0, "source": 17, "target": 40}, {"distance": 1.634084678284963, "on_path": 0, "source": 17, "target": 38}, {"distance": 0.5991666674424575, "on_path": 0, "source": 17, "target": 39}, {"distance": 1.636879205020028, "on_path": 0, "source": 19, "target": 32}, {"distance": 0.7143495919605821, "on_path": 0, "source": 19, "target": 20}, {"distance": 1.787899981448338, "on_path": 0, "source": 19, "target": 35}, {"distance": 2.1883343597750575, "on_path": 0, "source": 20, "target": 40}, {"distance": 0.259367612553753, "on_path": 0, "source": 20, "target": 30}, {"distance": 1.5531152781586441, "on_path": 0, "source": 20, "target": 37}, {"distance": 1.327167082478494, "on_path": 0, "source": 21, "target": 25}, {"distance": 1.5597308412851565, "on_path": 0, "source": 21, "target": 41}, {"distance": 1.391277107895041, "on_path": 0, "source": 21, "target": 40}, {"distance": 1.0376060808165743, "on_path": 0, "source": 21, "target": 24}, {"distance": 2.068933826921104, "on_path": 0, "source": 22, "target": 30}, {"distance": 0.3603124798768055, "on_path": 0, "source": 22, "target": 35}, {"distance": 1.0326411208116233, "on_path": 0, "source": 22, "target": 37}, {"distance": 1.0392012068634282, "on_path": 0, "source": 22, "target": 29}, {"distance": 1.184445261674472, "on_path": 0, "source": 23, "target": 38}, {"distance": 0.22065547791400622, "on_path": 1, "source": 23, "target": 27}, {"distance": 1.9281321049994051, "on_path": 0, "source": 24, "target": 38}, {"distance": 1.4917440401887536, "on_path": 0, "source": 24, "target": 25}, {"distance": 0.5684427336392117, "on_path": 0, "source": 25, "target": 26}, {"distance": 1.4829105895144976, "on_path": 0, "source": 25, "target": 33}, {"distance": 1.419481374273623, "on_path": 0, "source": 26, "target": 36}, {"distance": 1.8207005868111843, "on_path": 0, "source": 29, "target": 31}, {"distance": 1.0359256947887767, "on_path": 0, "source": 29, "target": 32}, {"distance": 1.6972964930837564, "on_path": 0, "source": 31, "target": 39}, {"distance": 1.643180922302749, "on_path": 0, "source": 34, "target": 38}]}