{"directed": false, "multigraph": false, "graph": {}, "nodes": [{"node_features": [0.0, 0.0], "id": 0}, {"node_features": [1.0, 0.0], "id": 1}, {"node_features": [0.0, 0.0], "id": 2}, {"node_features": [0.0, 0.0], "id": 3}, {"node_features": [0.0, 0.0], "id": 4}, {"node_features": [0.0, 0.0], "id": 5}, {"node_features": [0.0, 0.0], "id": 6}, {"node_features": [0.0, 0.0], "id": 7}, {"node_features": [0.0, 0.0], "id": 8}, {"node_features": [0.0, 0.0], "id": 9}, {"node_features": [0.0, 0.0], "id": 10}, {"node_features": [0.0, 0.0], "id": 11}, {"node_features": [0.0, 0.0], "id": 12}, {"node_features": [0.0, 0.0], "id": 13}, {"node_features": [0.0, 0.0], "id": 14}, {"node_features": [0.0, 1.0], "id": 15}, {"node_features": [0.0, 0.0], "id": 16}, {"node_features": [0.0, 0.0], "id": 17}, {"node_features": [0.0, 0.0], "id": 18}, {"node_features": [0.0, 0.0], "id": 19}, {"node_features": [0.0, 0.0], "id": 20}, {"node_features": [0.0, 0.0], "id": 21}, {"node_features": [0.0, 0.0], "id": 22}, {"node_features": [0.0, 0.0], "id": 23}, {"node_features": [0.0, 0.0], "id": 24}], "links": [{"distance": 1.1237573905987686, "on_path": 0, "source": 0, "target": 8}, {"distance": 1.3862936734331435, "on_path": 0, "source": 0, "target": 12}, {"distance": 1.3700083222821677, "on_path": 0, "source": 0, "target": 14}, {"distance": 1.350871985017696, "on_path": 0, "source": 1, "target": 13}, {"distance": 1.5254119718109562, "on_path": 0, "source": 1, "target": 12}, {"distance": 0.9384351943005151, "on_path": 1, "source": 1, "target": 7}, {"distance": 0.5202193232049372, "on_path": 0, "source": 2, "target": 9}, {"distance": 1.7354606566624167, "on_path": 0, "source": 2, "target": 17}, {"distance": 1.2329545386899408, "on_path": 0, "source": 2, "target": 19}, {"distance": 1.9305438479666972, "on_path": 0, "source": 2, "target": 21}, {"distance": 1.634683524000811, "on_path": 0, "source": 2, "target": 22}, {"distance": 1.487846466369361, "on_path": 0, "source": 3, "target": 21}, {"distance": 1.5200008565171481, "on_path": 0, "source": 3, "target": 10}, {"distance": 1.261164488211223, "on_path": 0, "source": 3, "target": 16}, {"distance": 1.3922029285187827, "on_path": 0, "source": 3, "target": 24}, {"distance": 0.21130541667195277, "on_path": 0, "source": 3, "target": 9}, {"distance": 1.027928282549985, "on_path": 0, "source": 4, "target": 22}, {"distance": 0.2854719916315306, "on_path": 1, "source": 4, "target": 7}, {"distance": 0.5936157410468919, "on_path": 1, "source": 4, "target": 8}, {"distance": 0.8776354180304469, "on_path": 0, "source": 4, "target": 23}, {"distance": 0.06465100188234359, "on_path": 0, "source": 4, "target": 19}, {"distance": 1.6389365547867631, "on_path": 0, "source": 5, "target": 23}, {"distance": 1.2185030406530941, "on_path": 0, "source": 5, "target": 18}, {"distance": 1.7526871389703185, "on_path": 0, "source": 5, "target": 24}, {"distance": 1.8053933501991477, "on_path": 0, "source": 6, "target": 10}, {"distance": 1.3741835331297316, "on_path": 0, "source": 6, "target": 21}, {"distance": 0.5204401519449232, "on_path": 0, "source": 6, "target": 16}, {"distance": 1.6602937717615938, "on_path": 0, "source": 6, "target": 23}, {"distance": 1.5127583946983505, "on_path": 1, "source": 8, "target": 15}, {"distance": 1.3783877313019655, "on_path": 0, "source": 8, "target": 9}, {"distance": 0.31872030936560547, "on_path": 0, "source": 8, "target": 11}, {"distance": 1.222177442040142, "on_path": 0, "source": 8, "target": 13}, {"distance": 0.31806340394210797, "on_path": 0, "source": 8, "target": 16}, {"distance": 1.4158556224936687, "on_path": 0, "source": 9, "target": 21}, {"distance": 1.54927187940286, "on_path": 0, "source": 9, "target": 17}, {"distance": 2.029371795449789, "on_path": 0, "source": 10, "target": 17}, {"distance": 1.0906740918352378, "on_path": 0, "source": 11, "target": 23}, {"distance": 1.3520238375857814, "on_path": 0, "source": 11, "target": 15}, {"distance": 0.783558459377622, "on_path": 0, "source": 12, "target": 19}, {"distance": 1.2779970326881833, "on_path": 0, "source": 12, "target": 16}, {"distance": 1.1581843318973493, "on_path": 0, "source": 13, "target": 16}, {"distance": 0.3457393567315512, "on_path": 0, "source": 13, "target": 14}, {"distance": 0.7531275596492703, "on_path": 0, "source": 13, "target": 18}, {"distance": 1.1021724976899723, "on_path": 0, "source": 14, "target": 20}, {"distance": 1.1473529644549747, "on_path": 0, "source": 14, "target": 22}, {"distance": 0.46172147543747755, "on_path": 0, "source": 16, "target": 24}, {"distance": 0.6614205683276047, "on_path": 0, "source": 19, "target": 24}, {"distance": 1.462219304421737, "on_path": 0, "source": 20, "target": 23}, {"distance": 0.852357717906936, "on_path": 0, "source": 20, "target": 24}, {"distance": 1.9055628329559888, "on_path": 0, "source": 22, "target": 23}]}