{"directed": false, "multigraph": false, "graph": {}, "nodes": [{"node_features": [0.0, 0.0], "id": 0}, {"node_features": [0.0, 0.0], "id": 1}, {"node_features": [0.0, 0.0], "id": 2}, {"node_features": [0.0, 0.0], "id": 3}, {"node_features": [0.0, 0.0], "id": 4}, {"node_features": [0.0, 0.0], "id": 5}, {"node_features": [0.0, 0.0], "id": 6}, {"node_features": [0.0, 0.0], "id": 7}, {"node_features": [0.0, 0.0], "id": 8}, {"node_features": [0.0, 0.0], "id": 9}, {"node_features": [0.0, 0.0], "id": 10}, {"node_features": [0.0, 0.0], "id": 11}, {"node_features": [0.0, 0.0], "id": 12}, {"node_features": [0.0, 0.0], "id": 13}, {"node_features": [0.0, 0.0], "id": 14}, {"node_features": [0.0, 0.0], "id": 15}, {"node_features": [0.0, 0.0], "id": 16}, {"node_features": [0.0, 0.0], "id": 17}, {"node_features": [0.0, 0.0], "id": 18}, {"node_features": [0.0, 0.0], "id": 19}, {"node_features": [0.0, 0.0], "id": 20}, {"node_features": [0.0, 0.0], "id": 21}, {"node_features": [0.0, 0.0], "id": 22}, {"node_features": [0.0, 0.0], "id": 23}, {"node_features": [0.0, 0.0], "id": 24}, {"node_features": [0.0, 0.0], "id": 25}, {"node_features": [0.0, 0.0], "id": 26}, {"node_features": [1.0, 0.0], "id": 27}, {"node_features": [0.0, 0.0], "id": 28}, {"node_features": [0.0, 0.0], "id": 29}, {"node_features": [0.0, 0.0], "id": 30}, {"node_features": [0.0, 0.0], "id": 31}, {"node_features": [0.0, 0.0], "id": 32}, {"node_features": [0.0, 0.0], "id": 33}, {"node_features": [0.0, 0.0], "id": 34}, {"node_features": [0.0, 0.0], "id": 35}, {"node_features": [0.0, 0.0], "id": 36}, {"node_features": [0.0, 0.0], "id": 37}, {"node_features": [0.0, 0.0], "id": 38}, {"node_features": [0.0, 0.0], "id": 39}, {"node_features": [0.0, 1.0], "id": 40}, {"node_features": [0.0, 0.0], "id": 41}, {"node_features": [0.0, 0.0], "id": 42}], "links": [{"distance": 0.7649986384472282, "on_path": 0, "source": 0, "target": 9}, {"distance": 0.7748518851378524, "on_path": 0, "source": 0, "target": 22}, {"distance": 0.8219302154644261, "on_path": 0, "source": 0, "target": 38}, {"distance": 0.4988810618653584, "on_path": 0, "source": 0, "target": 37}, {"distance": 1.5146942884120473, "on_path": 0, "source": 0, "target": 42}, {"distance": 0.7858757479683929, "on_path": 0, "source": 1, "target": 25}, {"distance": 0.561165620051924, "on_path": 0, "source": 1, "target": 4}, {"distance": 1.431782369251804, "on_path": 0, "source": 1, "target": 5}, {"distance": 1.072532579819563, "on_path": 0, "source": 1, "target": 18}, {"distance": 0.9811741060641399, "on_path": 1, "source": 2, "target": 34}, {"distance": 1.216874279851751, "on_path": 0, "source": 2, "target": 23}, {"distance": 1.3798576622627379, "on_path": 1, "source": 2, "target": 40}, {"distance": 0.8145098100434081, "on_path": 0, "source": 3, "target": 36}, {"distance": 1.412755741705815, "on_path": 0, "source": 3, "target": 7}, {"distance": 0.3290232391059614, "on_path": 0, "source": 3, "target": 32}, {"distance": 0.544592520302194, "on_path": 0, "source": 4, "target": 7}, {"distance": 0.9400394332851795, "on_path": 0, "source": 4, "target": 26}, {"distance": 0.9791536980193968, "on_path": 0, "source": 4, "target": 20}, {"distance": 0.5501610641817288, "on_path": 0, "source": 4, "target": 22}, {"distance": 0.7648250871553375, "on_path": 0, "source": 4, "target": 27}, {"distance": 0.8987613574229018, "on_path": 0, "source": 4, "target": 29}, {"distance": 1.8670521551281218, "on_path": 0, "source": 5, "target": 13}, {"distance": 1.7067396864185223, "on_path": 0, "source": 5, "target": 35}, {"distance": 1.2250872452672614, "on_path": 0, "source": 5, "target": 38}, {"distance": 1.622599057191341, "on_path": 0, "source": 5, "target": 14}, {"distance": 0.8740512018201856, "on_path": 0, "source": 6, "target": 27}, {"distance": 1.4393868663159501, "on_path": 0, "source": 6, "target": 28}, {"distance": 0.54080261830108, "on_path": 0, "source": 6, "target": 7}, {"distance": 1.0493959098217143, "on_path": 0, "source": 6, "target": 15}, {"distance": 0.5321600448058385, "on_path": 0, "source": 7, "target": 16}, {"distance": 0.9083545522157668, "on_path": 0, "source": 8, "target": 13}, {"distance": 1.6602815046138026, "on_path": 0, "source": 8, "target": 40}, {"distance": 1.271288047677821, "on_path": 0, "source": 8, "target": 12}, {"distance": 0.9115090836734354, "on_path": 0, "source": 9, "target": 32}, {"distance": 0.7435119194914729, "on_path": 0, "source": 9, "target": 13}, {"distance": 0.2999455686937885, "on_path": 0, "source": 9, "target": 15}, {"distance": 1.1549674721685315, "on_path": 0, "source": 10, "target": 33}, {"distance": 1.167169254961573, "on_path": 0, "source": 10, "target": 34}, {"distance": 1.4486528724219188, "on_path": 0, "source": 10, "target": 14}, {"distance": 0.8786878070478183, "on_path": 0, "source": 10, "target": 24}, {"distance": 0.45175457760010085, "on_path": 0, "source": 11, "target": 27}, {"distance": 1.3491146697641763, "on_path": 0, "source": 11, "target": 21}, {"distance": 1.9273215982675327, "on_path": 0, "source": 12, "target": 41}, {"distance": 1.1798057505571575, "on_path": 0, "source": 12, "target": 18}, {"distance": 0.5010800650524289, "on_path": 0, "source": 12, "target": 19}, {"distance": 1.5131418855234153, "on_path": 0, "source": 12, "target": 42}, {"distance": 0.7683491156074319, "on_path": 0, "source": 12, "target": 23}, {"distance": 1.2966488826472196, "on_path": 0, "source": 12, "target": 25}, {"distance": 1.761530884415213, "on_path": 0, "source": 13, "target": 16}, {"distance": 0.4530713927497052, "on_path": 0, "source": 14, "target": 23}, {"distance": 1.4448263987571024, "on_path": 0, "source": 14, "target": 27}, {"distance": 0.9162209552516563, "on_path": 0, "source": 14, "target": 39}, {"distance": 0.8262129122054983, "on_path": 0, "source": 15, "target": 21}, {"distance": 0.5785567878457917, "on_path": 0, "source": 15, "target": 23}, {"distance": 1.719566948469474, "on_path": 0, "source": 16, "target": 41}, {"distance": 0.17159330091527242, "on_path": 0, "source": 16, "target": 29}, {"distance": 0.9443117895265414, "on_path": 0, "source": 17, "target": 34}, {"distance": 0.6356541365514113, "on_path": 0, "source": 17, "target": 23}, {"distance": 0.8758035428045691, "on_path": 0, "source": 17, "target": 25}, {"distance": 0.6486038351156022, "on_path": 0, "source": 18, "target": 34}, {"distance": 0.3944871368647664, "on_path": 0, "source": 18, "target": 30}, {"distance": 1.1286995399746311, "on_path": 0, "source": 19, "target": 38}, {"distance": 1.084207874838035, "on_path": 0, "source": 20, "target": 25}, {"distance": 1.649379503702019, "on_path": 0, "source": 20, "target": 37}, {"distance": 1.3959600374153691, "on_path": 0, "source": 20, "target": 26}, {"distance": 1.908890907651993, "on_path": 0, "source": 20, "target": 41}, {"distance": 1.075032048033352, "on_path": 0, "source": 21, "target": 36}, {"distance": 1.6489139191753872, "on_path": 0, "source": 21, "target": 37}, {"distance": 1.0176467182034188, "on_path": 0, "source": 21, "target": 34}, {"distance": 0.26696039028135304, "on_path": 0, "source": 23, "target": 31}, {"distance": 1.3051323672582409, "on_path": 0, "source": 23, "target": 28}, {"distance": 0.5635967799808168, "on_path": 0, "source": 23, "target": 39}, {"distance": 1.026217616896184, "on_path": 0, "source": 24, "target": 37}, {"distance": 1.3198251025643168, "on_path": 0, "source": 25, "target": 30}, {"distance": 1.3583977691872469, "on_path": 0, "source": 27, "target": 32}, {"distance": 1.21733503397894, "on_path": 1, "source": 27, "target": 36}, {"distance": 1.5143976383953262, "on_path": 0, "source": 28, "target": 36}, {"distance": 0.8825909903684966, "on_path": 0, "source": 29, "target": 33}, {"distance": 1.1078763125574498, "on_path": 0, "source": 29, "target": 31}, {"distance": 0.5510672946871013, "on_path": 0, "source": 30, "target": 35}, {"distance": 0.41047237576852286, "on_path": 1, "source": 31, "target": 34}, {"distance": 0.11377287373708206, "on_path": 1, "source": 31, "target": 36}, {"distance": 0.5351143734672248, "on_path": 0, "source": 33, "target": 36}, {"distance": 0.11247410055734766, "on_path": 0, "source": 35, "target": 42}, {"distance": 1.3130232369015526, "on_path": 0, "source": 37, "target": 38}, {"distance": 2.4166266317818543, "on_path": 0, "source": 40, "target": 41}]}