{"directed": false, "multigraph": false, "graph": {}, "nodes": [{"node_features": [0.0, 0.0], "id": 0}, {"node_features": [0.0, 0.0], "id": 1}, {"node_features": [0.0, 0.0], "id": 2}, {"node_features": [0.0, 0.0], "id": 3}, {"node_features": [0.0, 1.0], "id": 4}, {"node_features": [0.0, 0.0], "id": 5}, {"node_features": [0.0, 0.0], "id": 6}, {"node_features": [0.0, 0.0], "id": 7}, {"node_features": [0.0, 0.0], "id": 8}, {"node_features": [0.0, 0.0], "id": 9}, {"node_features": [1.0, 0.0], "id": 10}, {"node_features": [0.0, 0.0], "id": 11}, {"node_features": [0.0, 0.0], "id": 12}, {"node_features": [0.0, 0.0], "id": 13}, {"node_features": [0.0, 0.0], "id": 14}], "links": [{"distance": 1.5384898440203159, "on_path": 0, "source": 0, "target": 3}, {"distance": 0.8738355039341168, "on_path": 0, "source": 0, "target": 14}, {"distance": 0.42108053590153327, "on_path": 1, "source": 0, "target": 1}, {"distance": 0.7831172484904833, "on_path": 1, "source": 0, "target": 7}, {"distance": 1.2209720185369959, "on_path": 1, "source": 1, "target": 10}, {"distance": 1.1485369293811771, "on_path": 0, "source": 1, "target": 5}, {"distance": 1.052256465578882, "on_path": 0, "source": 2, "target": 6}, {"distance": 0.957120782489843, "on_path": 0, "source": 2, "target": 10}, {"distance": 0.8449712889128819, "on_path": 0, "source": 2, "target": 12}, {"distance": 0.07871179505444692, "on_path": 0, "source": 2, "target": 11}, {"distance": 1.4506615014051225, "on_path": 0, "source": 2, "target": 5}, {"distance": 0.6717356632184509, "on_path": 0, "source": 3, "target": 6}, {"distance": 2.0202447065627003, "on_path": 0, "source": 3, "target": 14}, {"distance": 1.465337527331988, "on_path": 0, "source": 3, "target": 8}, {"distance": 1.509717796128524, "on_path": 0, "source": 3, "target": 12}, {"distance": 1.2102585210155752, "on_path": 1, "source": 4, "target": 7}, {"distance": 1.7718510313454838, "on_path": 0, "source": 4, "target": 14}, {"distance": 1.853946960105844, "on_path": 0, "source": 4, "target": 9}, {"distance": 0.9979620903786278, "on_path": 0, "source": 6, "target": 11}, {"distance": 0.49591280145922645, "on_path": 0, "source": 6, "target": 13}, {"distance": 1.3994895796648206, "on_path": 0, "source": 6, "target": 12}, {"distance": 1.547441546326345, "on_path": 0, "source": 7, "target": 13}, {"distance": 1.6383558395082862, "on_path": 0, "source": 7, "target": 14}, {"distance": 0.8439331018934845, "on_path": 0, "source": 8, "target": 12}, {"distance": 0.665286268893088, "on_path": 0, "source": 8, "target": 10}, {"distance": 1.1454248652507912, "on_path": 0, "source": 8, "target": 11}, {"distance": 1.1625157154384642, "on_path": 0, "source": 9, "target": 13}, {"distance": 0.887464049553955, "on_path": 0, "source": 10, "target": 11}, {"distance": 1.7757913379377348, "on_path": 0, "source": 11, "target": 14}, {"distance": 1.3790629699707353, "on_path": 0, "source": 11, "target": 13}]}