{"directed": false, "multigraph": false, "graph": {}, "nodes": [{"node_features": [0.0, 0.0], "id": 0}, {"node_features": [0.0, 0.0], "id": 1}, {"node_features": [0.0, 0.0], "id": 2}, {"node_features": [0.0, 0.0], "id": 3}, {"node_features": [0.0, 0.0], "id": 4}, {"node_features": [0.0, 1.0], "id": 5}, {"node_features": [0.0, 0.0], "id": 6}, {"node_features": [0.0, 0.0], "id": 7}, {"node_features": [0.0, 0.0], "id": 8}, {"node_features": [0.0, 0.0], "id": 9}, {"node_features": [0.0, 0.0], "id": 10}, {"node_features": [0.0, 0.0], "id": 11}, {"node_features": [0.0, 0.0], "id": 12}, {"node_features": [0.0, 0.0], "id": 13}, {"node_features": [0.0, 0.0], "id": 14}, {"node_features": [0.0, 0.0], "id": 15}, {"node_features": [0.0, 0.0], "id": 16}, {"node_features": [0.0, 0.0], "id": 17}, {"node_features": [0.0, 0.0], "id": 18}, {"node_features": [0.0, 0.0], "id": 19}, {"node_features": [0.0, 0.0], "id": 20}, {"node_features": [0.0, 0.0], "id": 21}, {"node_features": [0.0, 0.0], "id": 22}, {"node_features": [0.0, 0.0], "id": 23}, {"node_features": [0.0, 0.0], "id": 24}, {"node_features": [0.0, 0.0], "id": 25}, {"node_features": [0.0, 0.0], "id": 26}, {"node_features": [0.0, 0.0], "id": 27}, {"node_features": [0.0, 0.0], "id": 28}, {"node_features": [0.0, 0.0], "id": 29}, {"node_features": [0.0, 0.0], "id": 30}, {"node_features": [0.0, 0.0], "id": 31}, {"node_features": [0.0, 0.0], "id": 32}, {"node_features": [1.0, 0.0], "id": 33}, {"node_features": [0.0, 0.0], "id": 34}], "links": [{"distance": 1.8186196598222355, "on_path": 0, "source": 0, "target": 28}, {"distance": 0.45004883437788884, "on_path": 0, "source": 0, "target": 6}, {"distance": 2.2600869719543715, "on_path": 0, "source": 0, "target": 9}, {"distance": 0.8215706500747242, "on_path": 0, "source": 0, "target": 25}, {"distance": 0.9104049366460581, "on_path": 0, "source": 0, "target": 14}, {"distance": 1.2243527581961884, "on_path": 0, "source": 1, "target": 28}, {"distance": 1.0893318072112406, "on_path": 1, "source": 1, "target": 5}, {"distance": 1.1230964223382576, "on_path": 0, "source": 1, "target": 11}, {"distance": 0.44761308587230025, "on_path": 1, "source": 1, "target": 24}, {"distance": 1.0963868570301551, "on_path": 0, "source": 2, "target": 28}, {"distance": 0.5145625864792933, "on_path": 0, "source": 2, "target": 24}, {"distance": 0.6242319148760495, "on_path": 0, "source": 2, "target": 34}, {"distance": 1.2778292010639014, "on_path": 0, "source": 3, "target": 7}, {"distance": 0.6532943043662164, "on_path": 0, "source": 3, "target": 8}, {"distance": 0.5948376917541528, "on_path": 0, "source": 3, "target": 15}, {"distance": 1.8433634288102811, "on_path": 0, "source": 3, "target": 23}, {"distance": 1.0068607442600552, "on_path": 0, "source": 3, "target": 24}, {"distance": 0.6414900532465931, "on_path": 0, "source": 3, "target": 4}, {"distance": 1.67764975971048, "on_path": 0, "source": 3, "target": 21}, {"distance": 0.6988178773484531, "on_path": 0, "source": 4, "target": 12}, {"distance": 0.842657612224136, "on_path": 0, "source": 4, "target": 5}, {"distance": 1.0088611050677547, "on_path": 0, "source": 4, "target": 14}, {"distance": 1.7747128576810751, "on_path": 0, "source": 5, "target": 34}, {"distance": 1.5349019398689159, "on_path": 0, "source": 6, "target": 34}, {"distance": 0.7302502577076264, "on_path": 0, "source": 6, "target": 25}, {"distance": 0.6115706572454955, "on_path": 0, "source": 6, "target": 30}, {"distance": 0.29600782699274614, "on_path": 0, "source": 7, "target": 29}, {"distance": 0.7575898626280948, "on_path": 0, "source": 7, "target": 10}, {"distance": 1.194067522960293, "on_path": 0, "source": 7, "target": 12}, {"distance": 0.44343050243179966, "on_path": 0, "source": 7, "target": 13}, {"distance": 0.8146203043222873, "on_path": 0, "source": 8, "target": 17}, {"distance": 0.8369034002942336, "on_path": 0, "source": 8, "target": 26}, {"distance": 1.2891888702222667, "on_path": 0, "source": 8, "target": 28}, {"distance": 1.3783265304003967, "on_path": 0, "source": 9, "target": 33}, {"distance": 0.9137511080282233, "on_path": 0, "source": 9, "target": 13}, {"distance": 1.9947282325678706, "on_path": 0, "source": 9, "target": 15}, {"distance": 1.764149026508769, "on_path": 0, "source": 9, "target": 32}, {"distance": 0.8546259047314344, "on_path": 0, "source": 10, "target": 29}, {"distance": 0.6797022516670591, "on_path": 0, "source": 10, "target": 30}, {"distance": 1.077935138060307, "on_path": 0, "source": 10, "target": 24}, {"distance": 1.5879263421403618, "on_path": 0, "source": 11, "target": 34}, {"distance": 0.3335106808718807, "on_path": 0, "source": 11, "target": 27}, {"distance": 1.5920762884458572, "on_path": 0, "source": 11, "target": 16}, {"distance": 0.977232370724869, "on_path": 0, "source": 12, "target": 13}, {"distance": 1.1119321907040973, "on_path": 0, "source": 12, "target": 24}, {"distance": 1.3154206258767946, "on_path": 0, "source": 14, "target": 24}, {"distance": 0.5053383646650513, "on_path": 0, "source": 14, "target": 32}, {"distance": 1.5706576551329006, "on_path": 0, "source": 16, "target": 20}, {"distance": 0.9415648454534109, "on_path": 0, "source": 16, "target": 33}, {"distance": 1.2941076650538033, "on_path": 0, "source": 16, "target": 19}, {"distance": 0.8056367274559713, "on_path": 0, "source": 17, "target": 25}, {"distance": 0.1981704436731976, "on_path": 1, "source": 18, "target": 33}, {"distance": 1.1086491599934611, "on_path": 1, "source": 18, "target": 24}, {"distance": 0.778380352670299, "on_path": 0, "source": 18, "target": 27}, {"distance": 0.3189035577556603, "on_path": 0, "source": 18, "target": 31}, {"distance": 0.6907088605254835, "on_path": 0, "source": 19, "target": 33}, {"distance": 0.6307663691094615, "on_path": 0, "source": 19, "target": 25}, {"distance": 0.7023104074040408, "on_path": 0, "source": 20, "target": 33}, {"distance": 0.09814256893282358, "on_path": 0, "source": 20, "target": 27}, {"distance": 1.121282927337589, "on_path": 0, "source": 21, "target": 30}, {"distance": 1.1146491980071647, "on_path": 0, "source": 21, "target": 28}, {"distance": 1.6539236191451214, "on_path": 0, "source": 22, "target": 30}, {"distance": 1.0503652351754658, "on_path": 0, "source": 22, "target": 31}, {"distance": 0.4409817665156849, "on_path": 0, "source": 23, "target": 34}, {"distance": 1.2421349758516294, "on_path": 0, "source": 24, "target": 32}, {"distance": 0.12156878154857387, "on_path": 0, "source": 25, "target": 33}, {"distance": 1.9341432170079638, "on_path": 0, "source": 26, "target": 29}, {"distance": 0.6715431295475186, "on_path": 0, "source": 26, "target": 27}, {"distance": 1.714778785110373, "on_path": 0, "source": 27, "target": 29}, {"distance": 0.8834085279892906, "on_path": 0, "source": 30, "target": 31}]}