{"directed": false, "multigraph": false, "graph": {}, "nodes": [{"node_features": [0.0, 0.0], "id": 0}, {"node_features": [0.0, 0.0], "id": 1}, {"node_features": [0.0, 0.0], "id": 2}, {"node_features": [0.0, 0.0], "id": 3}, {"node_features": [0.0, 0.0], "id": 4}, {"node_features": [0.0, 0.0], "id": 5}, {"node_features": [0.0, 0.0], "id": 6}, {"node_features": [0.0, 0.0], "id": 7}, {"node_features": [0.0, 0.0], "id": 8}, {"node_features": [0.0, 0.0], "id": 9}, {"node_features": [0.0, 1.0], "id": 10}, {"node_features": [0.0, 0.0], "id": 11}, {"node_features": [0.0, 0.0], "id": 12}, {"node_features": [0.0, 0.0], "id": 13}, {"node_features": [0.0, 0.0], "id": 14}, {"node_features": [0.0, 0.0], "id": 15}, {"node_features": [0.0, 0.0], "id": 16}, {"node_features": [1.0, 0.0], "id": 17}, {"node_features": [0.0, 0.0], "id": 18}, {"node_features": [0.0, 0.0], "id": 19}, {"node_features": [0.0, 0.0], "id": 20}, {"node_features": [0.0, 0.0], "id": 21}], "links": [{"distance": 0.3209550864424075, "on_path": 0, "source": 0, "target": 5}, {"distance": 1.2178573923025562, "on_path": 0, "source": 0, "target": 15}, {"distance": 0.24691074128404755, "on_path": 1, "source": 1, "target": 10}, {"distance": 1.0121031482433014, "on_path": 0, "source": 1, "target": 2}, {"distance": 1.489995632527056, "on_path": 0, "source": 1, "target": 7}, {"distance": 0.20618574282678193, "on_path": 1, "source": 1, "target": 3}, {"distance": 1.9190553322308233, "on_path": 0, "source": 1, "target": 9}, {"distance": 0.6004965416293863, "on_path": 0, "source": 2, "target": 12}, {"distance": 0.9867457827463046, "on_path": 0, "source": 2, "target": 14}, {"distance": 1.1467814750243108, "on_path": 0, "source": 2, "target": 10}, {"distance": 1.4971272842787986, "on_path": 0, "source": 2, "target": 21}, {"distance": 0.6798082435824255, "on_path": 1, "source": 3, "target": 13}, {"distance": 0.93131732019134, "on_path": 0, "source": 3, "target": 4}, {"distance": 0.9530086689171109, "on_path": 0, "source": 3, "target": 8}, {"distance": 0.8412939923418695, "on_path": 0, "source": 3, "target": 20}, {"distance": 1.3166237053080474, "on_path": 0, "source": 4, "target": 10}, {"distance": 1.4967858086513395, "on_path": 0, "source": 4, "target": 20}, {"distance": 0.9653146263961297, "on_path": 0, "source": 5, "target": 11}, {"distance": 0.9725283489890634, "on_path": 0, "source": 5, "target": 20}, {"distance": 1.2513780190992543, "on_path": 0, "source": 5, "target": 21}, {"distance": 1.3433681290086288, "on_path": 0, "source": 5, "target": 6}, {"distance": 2.012061966018797, "on_path": 1, "source": 6, "target": 13}, {"distance": 0.31453633421956967, "on_path": 1, "source": 6, "target": 17}, {"distance": 1.073707991308516, "on_path": 0, "source": 7, "target": 12}, {"distance": 0.1676142554302247, "on_path": 0, "source": 7, "target": 11}, {"distance": 0.6175929956819248, "on_path": 0, "source": 7, "target": 15}, {"distance": 0.06303852468179279, "on_path": 0, "source": 7, "target": 18}, {"distance": 1.591336885527116, "on_path": 0, "source": 8, "target": 13}, {"distance": 0.4901483857803153, "on_path": 0, "source": 8, "target": 16}, {"distance": 2.569936768618737, "on_path": 0, "source": 9, "target": 20}, {"distance": 1.2290092263157357, "on_path": 0, "source": 9, "target": 18}, {"distance": 1.330025847296996, "on_path": 0, "source": 9, "target": 11}, {"distance": 0.7163191210301685, "on_path": 0, "source": 9, "target": 15}, {"distance": 1.4379223294401966, "on_path": 0, "source": 10, "target": 21}, {"distance": 1.703162917507325, "on_path": 0, "source": 10, "target": 18}, {"distance": 1.8156366999459523, "on_path": 0, "source": 11, "target": 17}, {"distance": 0.7579810630893145, "on_path": 0, "source": 12, "target": 13}, {"distance": 1.1078086196731856, "on_path": 0, "source": 12, "target": 18}, {"distance": 1.8808490210065378, "on_path": 0, "source": 13, "target": 21}, {"distance": 1.1862424386495412, "on_path": 0, "source": 13, "target": 16}, {"distance": 1.0330428377888163, "on_path": 0, "source": 13, "target": 19}, {"distance": 0.5200274986082757, "on_path": 0, "source": 14, "target": 21}, {"distance": 0.6699415629592084, "on_path": 0, "source": 15, "target": 19}, {"distance": 0.7180491423601086, "on_path": 0, "source": 18, "target": 19}]}