{"directed": false, "multigraph": false, "graph": {}, "nodes": [{"node_features": [0.0, 0.0], "id": 0}, {"node_features": [0.0, 0.0], "id": 1}, {"node_features": [0.0, 0.0], "id": 2}, {"node_features": [0.0, 0.0], "id": 3}, {"node_features": [0.0, 0.0], "id": 4}, {"node_features": [0.0, 0.0], "id": 5}, {"node_features": [0.0, 0.0], "id": 6}, {"node_features": [0.0, 0.0], "id": 7}, {"node_features": [0.0, 0.0], "id": 8}, {"node_features": [0.0, 0.0], "id": 9}, {"node_features": [0.0, 0.0], "id": 10}, {"node_features": [0.0, 0.0], "id": 11}, {"node_features": [0.0, 0.0], "id": 12}, {"node_features": [0.0, 1.0], "id": 13}, {"node_features": [0.0, 0.0], "id": 14}, {"node_features": [0.0, 0.0], "id": 15}, {"node_features": [0.0, 0.0], "id": 16}, {"node_features": [1.0, 0.0], "id": 17}, {"node_features": [0.0, 0.0], "id": 18}, {"node_features": [0.0, 0.0], "id": 19}, {"node_features": [0.0, 0.0], "id": 20}, {"node_features": [0.0, 0.0], "id": 21}, {"node_features": [0.0, 0.0], "id": 22}, {"node_features": [0.0, 0.0], "id": 23}, {"node_features": [0.0, 0.0], "id": 24}, {"node_features": [0.0, 0.0], "id": 25}, {"node_features": [0.0, 0.0], "id": 26}, {"node_features": [0.0, 0.0], "id": 27}, {"node_features": [0.0, 0.0], "id": 28}, {"node_features": [0.0, 0.0], "id": 29}, {"node_features": [0.0, 0.0], "id": 30}], "links": [{"distance": 0.7321279336569793, "on_path": 1, "source": 0, "target": 14}, {"distance": 0.33842535195176654, "on_path": 0, "source": 0, "target": 9}, {"distance": 1.5241796490576038, "on_path": 0, "source": 0, "target": 18}, {"distance": 1.3197266223835726, "on_path": 0, "source": 0, "target": 5}, {"distance": 0.6187588520720365, "on_path": 1, "source": 0, "target": 13}, {"distance": 1.6051230295028882, "on_path": 0, "source": 1, "target": 21}, {"distance": 1.1170752362160035, "on_path": 0, "source": 1, "target": 17}, {"distance": 1.6791233396843013, "on_path": 0, "source": 1, "target": 19}, {"distance": 1.4920433861043845, "on_path": 0, "source": 2, "target": 10}, {"distance": 0.5486661627103898, "on_path": 0, "source": 2, "target": 24}, {"distance": 1.0531611186195788, "on_path": 0, "source": 2, "target": 9}, {"distance": 0.7182236075494753, "on_path": 0, "source": 2, "target": 15}, {"distance": 0.7131428161167574, "on_path": 0, "source": 2, "target": 20}, {"distance": 0.8855325035884097, "on_path": 0, "source": 2, "target": 22}, {"distance": 0.698626018972321, "on_path": 0, "source": 3, "target": 19}, {"distance": 0.7513208995299153, "on_path": 0, "source": 3, "target": 30}, {"distance": 0.5629802866060685, "on_path": 0, "source": 3, "target": 26}, {"distance": 1.3971710652432778, "on_path": 0, "source": 3, "target": 10}, {"distance": 0.8764551887299844, "on_path": 0, "source": 4, "target": 20}, {"distance": 1.2231847735608266, "on_path": 0, "source": 4, "target": 11}, {"distance": 1.0380135089650522, "on_path": 0, "source": 4, "target": 12}, {"distance": 0.6177383130675836, "on_path": 0, "source": 4, "target": 26}, {"distance": 0.7969720509502553, "on_path": 0, "source": 4, "target": 28}, {"distance": 0.2852459994738326, "on_path": 0, "source": 5, "target": 18}, {"distance": 0.7934736217703897, "on_path": 0, "source": 5, "target": 20}, {"distance": 0.8920957256509374, "on_path": 0, "source": 5, "target": 26}, {"distance": 1.5828755758143067, "on_path": 0, "source": 5, "target": 6}, {"distance": 1.1775407141642535, "on_path": 0, "source": 6, "target": 15}, {"distance": 1.0173435959151869, "on_path": 0, "source": 7, "target": 21}, {"distance": 1.3933526284110123, "on_path": 0, "source": 7, "target": 20}, {"distance": 1.2098539453290547, "on_path": 0, "source": 8, "target": 15}, {"distance": 1.454888990436045, "on_path": 0, "source": 8, "target": 22}, {"distance": 0.4405795527519542, "on_path": 0, "source": 8, "target": 27}, {"distance": 1.016493115697314, "on_path": 0, "source": 8, "target": 12}, {"distance": 1.9409052100987099, "on_path": 0, "source": 8, "target": 17}, {"distance": 1.0206900575553455, "on_path": 0, "source": 8, "target": 21}, {"distance": 1.110208494038399, "on_path": 0, "source": 8, "target": 29}, {"distance": 0.6200441067642908, "on_path": 0, "source": 9, "target": 21}, {"distance": 1.0934054208146036, "on_path": 0, "source": 9, "target": 28}, {"distance": 1.2154829906467708, "on_path": 0, "source": 10, "target": 13}, {"distance": 1.7849894054624442, "on_path": 0, "source": 11, "target": 29}, {"distance": 1.5894354133463109, "on_path": 0, "source": 11, "target": 20}, {"distance": 1.6982832602668587, "on_path": 0, "source": 12, "target": 17}, {"distance": 0.3952113845945917, "on_path": 0, "source": 12, "target": 19}, {"distance": 1.1867976768203568, "on_path": 0, "source": 13, "target": 29}, {"distance": 0.8704396605981282, "on_path": 0, "source": 14, "target": 28}, {"distance": 0.8669219412448315, "on_path": 0, "source": 14, "target": 24}, {"distance": 0.8803628319928537, "on_path": 1, "source": 14, "target": 25}, {"distance": 0.9906542631157911, "on_path": 0, "source": 14, "target": 23}, {"distance": 0.7966018525498758, "on_path": 0, "source": 14, "target": 18}, {"distance": 0.31939928011319574, "on_path": 0, "source": 15, "target": 21}, {"distance": 0.5981788221239254, "on_path": 0, "source": 16, "target": 22}, {"distance": 1.4142486988750718, "on_path": 0, "source": 16, "target": 30}, {"distance": 1.2363413802659136, "on_path": 0, "source": 16, "target": 19}, {"distance": 1.2262910635691366, "on_path": 1, "source": 17, "target": 25}, {"distance": 1.1718994440980675, "on_path": 0, "source": 18, "target": 26}, {"distance": 1.1166956818446152, "on_path": 0, "source": 19, "target": 29}, {"distance": 1.7642560129543285, "on_path": 0, "source": 20, "target": 30}, {"distance": 1.0298303587211943, "on_path": 0, "source": 22, "target": 27}, {"distance": 1.1538557918222268, "on_path": 0, "source": 23, "target": 30}, {"distance": 1.675492622524488, "on_path": 0, "source": 23, "target": 26}, {"distance": 0.8345986536253306, "on_path": 0, "source": 24, "target": 30}]}