{"directed": false, "multigraph": false, "graph": {}, "nodes": [{"node_features": [0.0, 0.0], "id": 0}, {"node_features": [0.0, 0.0], "id": 1}, {"node_features": [1.0, 0.0], "id": 2}, {"node_features": [0.0, 0.0], "id": 3}, {"node_features": [0.0, 0.0], "id": 4}, {"node_features": [0.0, 0.0], "id": 5}, {"node_features": [0.0, 0.0], "id": 6}, {"node_features": [0.0, 0.0], "id": 7}, {"node_features": [0.0, 0.0], "id": 8}, {"node_features": [0.0, 0.0], "id": 9}, {"node_features": [0.0, 0.0], "id": 10}, {"node_features": [0.0, 0.0], "id": 11}, {"node_features": [0.0, 0.0], "id": 12}, {"node_features": [0.0, 0.0], "id": 13}, {"node_features": [0.0, 0.0], "id": 14}, {"node_features": [0.0, 1.0], "id": 15}, {"node_features": [0.0, 0.0], "id": 16}, {"node_features": [0.0, 0.0], "id": 17}, {"node_features": [0.0, 0.0], "id": 18}, {"node_features": [0.0, 0.0], "id": 19}, {"node_features": [0.0, 0.0], "id": 20}, {"node_features": [0.0, 0.0], "id": 21}, {"node_features": [0.0, 0.0], "id": 22}, {"node_features": [0.0, 0.0], "id": 23}, {"node_features": [0.0, 0.0], "id": 24}, {"node_features": [0.0, 0.0], "id": 25}, {"node_features": [0.0, 0.0], "id": 26}, {"node_features": [0.0, 0.0], "id": 27}, {"node_features": [0.0, 0.0], "id": 28}, {"node_features": [0.0, 0.0], "id": 29}, {"node_features": [0.0, 0.0], "id": 30}, {"node_features": [0.0, 0.0], "id": 31}], "links": [{"distance": 1.8105916359736831, "on_path": 0, "source": 0, "target": 25}, {"distance": 1.2538820567583027, "on_path": 0, "source": 0, "target": 13}, {"distance": 0.23167239925349897, "on_path": 0, "source": 0, "target": 5}, {"distance": 1.298594014583812, "on_path": 0, "source": 1, "target": 11}, {"distance": 1.3032742085011182, "on_path": 0, "source": 1, "target": 5}, {"distance": 0.6774927135150929, "on_path": 0, "source": 1, "target": 14}, {"distance": 1.3717341873127298, "on_path": 0, "source": 1, "target": 4}, {"distance": 1.5426077018899425, "on_path": 0, "source": 1, "target": 22}, {"distance": 1.6573369861468399, "on_path": 0, "source": 1, "target": 29}, {"distance": 0.6781853568733577, "on_path": 1, "source": 2, "target": 20}, {"distance": 1.546196179087028, "on_path": 0, "source": 2, "target": 9}, {"distance": 1.602758174343169, "on_path": 0, "source": 2, "target": 17}, {"distance": 1.4914007239738922, "on_path": 0, "source": 2, "target": 23}, {"distance": 2.003470351099225, "on_path": 0, "source": 3, "target": 21}, {"distance": 1.1941096900372474, "on_path": 0, "source": 3, "target": 12}, {"distance": 1.8006198118516947, "on_path": 0, "source": 3, "target": 15}, {"distance": 1.3126495536193397, "on_path": 0, "source": 3, "target": 25}, {"distance": 0.5803135034801886, "on_path": 0, "source": 3, "target": 13}, {"distance": 1.2890269284862104, "on_path": 0, "source": 3, "target": 27}, {"distance": 0.15587080615197557, "on_path": 0, "source": 4, "target": 25}, {"distance": 1.031835343257249, "on_path": 0, "source": 4, "target": 23}, {"distance": 0.462706749828182, "on_path": 0, "source": 4, "target": 26}, {"distance": 2.173059708894157, "on_path": 0, "source": 5, "target": 22}, {"distance": 0.2684917932090606, "on_path": 0, "source": 5, "target": 15}, {"distance": 1.3003617368474172, "on_path": 0, "source": 5, "target": 19}, {"distance": 1.3999173730704442, "on_path": 0, "source": 5, "target": 30}, {"distance": 0.7463922788182106, "on_path": 0, "source": 6, "target": 24}, {"distance": 1.5704428674813133, "on_path": 0, "source": 6, "target": 29}, {"distance": 0.8488181024329081, "on_path": 0, "source": 6, "target": 14}, {"distance": 0.5027173462253913, "on_path": 0, "source": 6, "target": 13}, {"distance": 0.7932919355318641, "on_path": 0, "source": 6, "target": 18}, {"distance": 1.9050590252426554, "on_path": 0, "source": 7, "target": 29}, {"distance": 0.842805549055346, "on_path": 0, "source": 7, "target": 21}, {"distance": 0.8842625898328385, "on_path": 0, "source": 7, "target": 24}, {"distance": 1.203103241147285, "on_path": 0, "source": 7, "target": 18}, {"distance": 0.9707473010151676, "on_path": 0, "source": 7, "target": 31}, {"distance": 1.4989393797138861, "on_path": 0, "source": 8, "target": 17}, {"distance": 0.39885663571812563, "on_path": 1, "source": 8, "target": 20}, {"distance": 0.808542546334082, "on_path": 0, "source": 8, "target": 30}, {"distance": 0.7425112218071332, "on_path": 1, "source": 8, "target": 26}, {"distance": 1.9075966567923826, "on_path": 0, "source": 8, "target": 14}, {"distance": 1.4153024163856105, "on_path": 0, "source": 8, "target": 23}, {"distance": 1.6793778073504462, "on_path": 0, "source": 9, "target": 13}, {"distance": 0.9107895183367345, "on_path": 0, "source": 9, "target": 21}, {"distance": 1.5533820838908707, "on_path": 0, "source": 10, "target": 20}, {"distance": 1.1662838208829438, "on_path": 0, "source": 10, "target": 30}, {"distance": 1.2073763360185852, "on_path": 0, "source": 10, "target": 26}, {"distance": 0.4940078317017586, "on_path": 0, "source": 11, "target": 18}, {"distance": 0.792762654682053, "on_path": 0, "source": 11, "target": 24}, {"distance": 1.4912191216543773, "on_path": 0, "source": 12, "target": 25}, {"distance": 0.5107338226112244, "on_path": 0, "source": 13, "target": 18}, {"distance": 0.8423329146034408, "on_path": 0, "source": 13, "target": 27}, {"distance": 1.0028443371071731, "on_path": 0, "source": 13, "target": 20}, {"distance": 1.1942325435823586, "on_path": 1, "source": 15, "target": 26}, {"distance": 0.41561935209550044, "on_path": 0, "source": 16, "target": 24}, {"distance": 0.7593395519503625, "on_path": 0, "source": 16, "target": 31}, {"distance": 1.0584787371035105, "on_path": 0, "source": 16, "target": 28}, {"distance": 0.7250917546766383, "on_path": 0, "source": 17, "target": 31}, {"distance": 1.0887589945095215, "on_path": 0, "source": 18, "target": 28}, {"distance": 0.3288033404128644, "on_path": 0, "source": 18, "target": 24}, {"distance": 0.5149654514498976, "on_path": 0, "source": 19, "target": 27}, {"distance": 0.7746415469809644, "on_path": 0, "source": 19, "target": 25}, {"distance": 0.7658327883661966, "on_path": 0, "source": 22, "target": 26}, {"distance": 0.8573869990206175, "on_path": 0, "source": 27, "target": 31}]}