{"directed": false, "multigraph": false, "graph": {}, "nodes": [{"node_features": [0.0, 0.0], "id": 0}, {"node_features": [0.0, 0.0], "id": 1}, {"node_features": [0.0, 0.0], "id": 2}, {"node_features": [0.0, 0.0], "id": 3}, {"node_features": [0.0, 0.0], "id": 4}, {"node_features": [0.0, 0.0], "id": 5}, {"node_features": [0.0, 0.0], "id": 6}, {"node_features": [0.0, 0.0], "id": 7}, {"node_features": [0.0, 0.0], "id": 8}, {"node_features": [0.0, 0.0], "id": 9}, {"node_features": [0.0, 0.0], "id": 10}, {"node_features": [0.0, 0.0], "id": 11}, {"node_features": [0.0, 0.0], "id": 12}, {"node_features": [0.0, 0.0], "id": 13}, {"node_features": [0.0, 0.0], "id": 14}, {"node_features": [0.0, 0.0], "id": 15}, {"node_features": [0.0, 0.0], "id": 16}, {"node_features": [0.0, 0.0], "id": 17}, {"node_features": [0.0, 0.0], "id": 18}, {"node_features": [0.0, 0.0], "id": 19}, {"node_features": [0.0, 0.0], "id": 20}, {"node_features": [0.0, 0.0], "id": 21}, {"node_features": [0.0, 0.0], "id": 22}, {"node_features": [0.0, 0.0], "id": 23}, {"node_features": [0.0, 0.0], "id": 24}, {"node_features": [0.0, 1.0], "id": 25}, {"node_features": [0.0, 0.0], "id": 26}, {"node_features": [0.0, 0.0], "id": 27}, {"node_features": [0.0, 0.0], "id": 28}, {"node_features": [0.0, 0.0], "id": 29}, {"node_features": [0.0, 0.0], "id": 30}, {"node_features": [0.0, 0.0], "id": 31}, {"node_features": [0.0, 0.0], "id": 32}, {"node_features": [1.0, 0.0], "id": 33}, {"node_features": [0.0, 0.0], "id": 34}, {"node_features": [0.0, 0.0], "id": 35}, {"node_features": [0.0, 0.0], "id": 36}, {"node_features": [0.0, 0.0], "id": 37}, {"node_features": [0.0, 0.0], "id": 38}, {"node_features": [0.0, 0.0], "id": 39}], "links": [{"distance": 0.6860584312436907, "on_path": 0, "source": 0, "target": 29}, {"distance": 0.6809390695903459, "on_path": 0, "source": 0, "target": 32}, {"distance": 0.10552852545337749, "on_path": 0, "source": 0, "target": 12}, {"distance": 1.0637434567751811, "on_path": 0, "source": 0, "target": 21}, {"distance": 0.9989570057642061, "on_path": 0, "source": 0, "target": 31}, {"distance": 1.2966470817744504, "on_path": 0, "source": 1, "target": 7}, {"distance": 1.3705292187059106, "on_path": 0, "source": 1, "target": 31}, {"distance": 0.9947582906560003, "on_path": 0, "source": 2, "target": 9}, {"distance": 1.6247885677300977, "on_path": 0, "source": 2, "target": 21}, {"distance": 0.9450111525547304, "on_path": 0, "source": 2, "target": 33}, {"distance": 0.886217186778482, "on_path": 0, "source": 2, "target": 10}, {"distance": 1.391254721560758, "on_path": 0, "source": 2, "target": 14}, {"distance": 0.5756315021391953, "on_path": 1, "source": 3, "target": 10}, {"distance": 0.4027150027244098, "on_path": 0, "source": 3, "target": 8}, {"distance": 0.5387577938819458, "on_path": 0, "source": 3, "target": 23}, {"distance": 0.38661214271108385, "on_path": 0, "source": 3, "target": 29}, {"distance": 0.7317551035829678, "on_path": 1, "source": 3, "target": 9}, {"distance": 0.6569819630525611, "on_path": 0, "source": 4, "target": 25}, {"distance": 1.5610427801354974, "on_path": 0, "source": 4, "target": 5}, {"distance": 1.408985194000142, "on_path": 0, "source": 4, "target": 35}, {"distance": 1.0031417183495914, "on_path": 0, "source": 4, "target": 9}, {"distance": 1.5373238160526377, "on_path": 0, "source": 5, "target": 15}, {"distance": 0.17066639845217516, "on_path": 0, "source": 5, "target": 23}, {"distance": 0.8000278298937591, "on_path": 0, "source": 5, "target": 27}, {"distance": 0.35836213377952414, "on_path": 0, "source": 6, "target": 22}, {"distance": 0.842124521657713, "on_path": 0, "source": 6, "target": 12}, {"distance": 0.6051146314337348, "on_path": 0, "source": 6, "target": 10}, {"distance": 1.0708110866305878, "on_path": 0, "source": 6, "target": 34}, {"distance": 1.3110939341403516, "on_path": 0, "source": 7, "target": 33}, {"distance": 1.3601448030822552, "on_path": 0, "source": 7, "target": 28}, {"distance": 1.2905424833270425, "on_path": 0, "source": 7, "target": 10}, {"distance": 0.4345253118352467, "on_path": 0, "source": 8, "target": 35}, {"distance": 0.8834972887861565, "on_path": 0, "source": 8, "target": 15}, {"distance": 0.5520523943930017, "on_path": 0, "source": 9, "target": 15}, {"distance": 1.1875590156056117, "on_path": 0, "source": 9, "target": 20}, {"distance": 0.6356372398444982, "on_path": 1, "source": 9, "target": 25}, {"distance": 0.7118916025628973, "on_path": 0, "source": 9, "target": 35}, {"distance": 0.7680381222808145, "on_path": 0, "source": 10, "target": 31}, {"distance": 0.6237122347227773, "on_path": 0, "source": 10, "target": 27}, {"distance": 0.8327969259674636, "on_path": 0, "source": 10, "target": 20}, {"distance": 1.210435331887146, "on_path": 0, "source": 10, "target": 17}, {"distance": 0.15510075248805327, "on_path": 1, "source": 10, "target": 19}, {"distance": 0.6300374494852444, "on_path": 0, "source": 11, "target": 27}, {"distance": 0.8887047333054217, "on_path": 0, "source": 11, "target": 18}, {"distance": 0.5880083939792141, "on_path": 0, "source": 11, "target": 39}, {"distance": 1.99738117068871, "on_path": 0, "source": 11, "target": 30}, {"distance": 0.6462269540889098, "on_path": 0, "source": 11, "target": 37}, {"distance": 0.5212177083603187, "on_path": 0, "source": 13, "target": 32}, {"distance": 1.4201909592519908, "on_path": 0, "source": 13, "target": 20}, {"distance": 1.5055147928789008, "on_path": 0, "source": 13, "target": 36}, {"distance": 1.5594241645592148, "on_path": 0, "source": 14, "target": 26}, {"distance": 1.6088296809767033, "on_path": 0, "source": 15, "target": 37}, {"distance": 0.9705560574295978, "on_path": 0, "source": 15, "target": 16}, {"distance": 1.883278526079643, "on_path": 0, "source": 16, "target": 20}, {"distance": 0.12689892250442855, "on_path": 0, "source": 17, "target": 24}, {"distance": 1.9002062230307732, "on_path": 0, "source": 17, "target": 36}, {"distance": 1.739804775279277, "on_path": 0, "source": 17, "target": 37}, {"distance": 0.7936038302050938, "on_path": 0, "source": 18, "target": 29}, {"distance": 1.111035220529569, "on_path": 0, "source": 18, "target": 20}, {"distance": 0.6654923974986261, "on_path": 0, "source": 18, "target": 22}, {"distance": 0.6426982742226675, "on_path": 0, "source": 19, "target": 22}, {"distance": 0.19019683817594676, "on_path": 1, "source": 19, "target": 33}, {"distance": 0.41011616013625435, "on_path": 0, "source": 22, "target": 27}, {"distance": 1.585642167683218, "on_path": 0, "source": 23, "target": 38}, {"distance": 1.7883614644370238, "on_path": 0, "source": 24, "target": 36}, {"distance": 1.6228024103979977, "on_path": 0, "source": 24, "target": 37}, {"distance": 1.001961829538777, "on_path": 0, "source": 25, "target": 30}, {"distance": 1.7452102211995058, "on_path": 0, "source": 26, "target": 31}, {"distance": 1.0908169155568026, "on_path": 0, "source": 26, "target": 32}, {"distance": 0.45886505143685596, "on_path": 0, "source": 27, "target": 39}, {"distance": 1.3573396065308545, "on_path": 0, "source": 28, "target": 34}, {"distance": 0.2093026433280432, "on_path": 0, "source": 28, "target": 29}, {"distance": 1.8602386799496118, "on_path": 0, "source": 30, "target": 36}, {"distance": 0.4048260553196885, "on_path": 0, "source": 30, "target": 31}, {"distance": 1.6434913903411597, "on_path": 0, "source": 30, "target": 39}, {"distance": 1.2062508144783073, "on_path": 0, "source": 30, "target": 35}, {"distance": 0.9615215928061394, "on_path": 0, "source": 32, "target": 37}, {"distance": 1.0270875379190234, "on_path": 0, "source": 32, "target": 36}, {"distance": 1.5677439043534405, "on_path": 0, "source": 34, "target": 37}, {"distance": 1.343543807147816, "on_path": 0, "source": 35, "target": 38}]}