{"directed": false, "multigraph": false, "graph": {}, "nodes": [{"node_features": [0.0, 0.0], "id": 0}, {"node_features": [0.0, 0.0], "id": 1}, {"node_features": [0.0, 0.0], "id": 2}, {"node_features": [0.0, 0.0], "id": 3}, {"node_features": [0.0, 0.0], "id": 4}, {"node_features": [0.0, 0.0], "id": 5}, {"node_features": [0.0, 0.0], "id": 6}, {"node_features": [0.0, 0.0], "id": 7}, {"node_features": [0.0, 0.0], "id": 8}, {"node_features": [0.0, 0.0], "id": 9}, {"node_features": [0.0, 0.0], "id": 10}, {"node_features": [1.0, 0.0], "id": 11}, {"node_features": [0.0, 0.0], "id": 12}, {"node_features": [0.0, 0.0], "id": 13}, {"node_features": [0.0, 0.0], "id": 14}, {"node_features": [0.0, 0.0], "id": 15}, {"node_features": [0.0, 0.0], "id": 16}, {"node_features": [0.0, 0.0], "id": 17}, {"node_features": [0.0, 0.0], "id": 18}, {"node_features": [0.0, 0.0], "id": 19}, {"node_features": [0.0, 0.0], "id": 20}, {"node_features": [0.0, 0.0], "id": 21}, {"node_features": [0.0, 0.0], "id": 22}, {"node_features": [0.0, 0.0], "id": 23}, {"node_features": [0.0, 0.0], "id": 24}, {"node_features": [0.0, 0.0], "id": 25}, {"node_features": [0.0, 1.0], "id": 26}, {"node_features": [0.0, 0.0], "id": 27}, {"node_features": [0.0, 0.0], "id": 28}, {"node_features": [0.0, 0.0], "id": 29}, {"node_features": [0.0, 0.0], "id": 30}, {"node_features": [0.0, 0.0], "id": 31}, {"node_features": [0.0, 0.0], "id": 32}, {"node_features": [0.0, 0.0], "id": 33}, {"node_features": [0.0, 0.0], "id": 34}, {"node_features": [0.0, 0.0], "id": 35}, {"node_features": [0.0, 0.0], "id": 36}, {"node_features": [0.0, 0.0], "id": 37}, {"node_features": [0.0, 0.0], "id": 38}, {"node_features": [0.0, 0.0], "id": 39}, {"node_features": [0.0, 0.0], "id": 40}, {"node_features": [0.0, 0.0], "id": 41}, {"node_features": [0.0, 0.0], "id": 42}, {"node_features": [0.0, 0.0], "id": 43}, {"node_features": [0.0, 0.0], "id": 44}, {"node_features": [0.0, 0.0], "id": 45}], "links": [{"distance": 1.3675233135583262, "on_path": 0, "source": 0, "target": 31}, {"distance": 0.7193477751160982, "on_path": 0, "source": 0, "target": 6}, {"distance": 1.0666205776297202, "on_path": 0, "source": 0, "target": 41}, {"distance": 1.7924172797219715, "on_path": 0, "source": 0, "target": 4}, {"distance": 0.8261266465385568, "on_path": 0, "source": 0, "target": 9}, {"distance": 0.8084571448463007, "on_path": 0, "source": 0, "target": 45}, {"distance": 0.31681189861253795, "on_path": 0, "source": 1, "target": 36}, {"distance": 1.014088039914661, "on_path": 0, "source": 1, "target": 42}, {"distance": 1.4082601538969062, "on_path": 0, "source": 1, "target": 29}, {"distance": 1.300515342687327, "on_path": 0, "source": 1, "target": 5}, {"distance": 0.9035385038220403, "on_path": 0, "source": 2, "target": 30}, {"distance": 0.6444178288978605, "on_path": 0, "source": 2, "target": 14}, {"distance": 0.4225151321114623, "on_path": 1, "source": 2, "target": 21}, {"distance": 1.0413052243191139, "on_path": 0, "source": 2, "target": 10}, {"distance": 0.23363758928622497, "on_path": 1, "source": 2, "target": 41}, {"distance": 1.7691966662493055, "on_path": 0, "source": 3, "target": 33}, {"distance": 1.6517133056857078, "on_path": 0, "source": 3, "target": 26}, {"distance": 1.5264500353368289, "on_path": 0, "source": 4, "target": 21}, {"distance": 0.3533673187547669, "on_path": 0, "source": 4, "target": 33}, {"distance": 1.1039294584067707, "on_path": 0, "source": 4, "target": 8}, {"distance": 1.112641696025407, "on_path": 0, "source": 5, "target": 40}, {"distance": 0.6271236535385327, "on_path": 0, "source": 6, "target": 10}, {"distance": 0.2232897444545205, "on_path": 0, "source": 6, "target": 9}, {"distance": 0.46063210900879664, "on_path": 0, "source": 7, "target": 41}, {"distance": 1.081043691590013, "on_path": 0, "source": 7, "target": 16}, {"distance": 0.5168961794916846, "on_path": 0, "source": 7, "target": 39}, {"distance": 1.3564929335092104, "on_path": 0, "source": 7, "target": 27}, {"distance": 1.322421128627796, "on_path": 0, "source": 8, "target": 36}, {"distance": 1.5245681688866901, "on_path": 0, "source": 8, "target": 26}, {"distance": 1.6246992947958832, "on_path": 0, "source": 9, "target": 29}, {"distance": 0.5462318196389696, "on_path": 0, "source": 9, "target": 23}, {"distance": 1.3136989367382546, "on_path": 0, "source": 9, "target": 18}, {"distance": 0.6023168648109563, "on_path": 0, "source": 10, "target": 44}, {"distance": 0.7480495863574734, "on_path": 1, "source": 11, "target": 24}, {"distance": 1.537198745499672, "on_path": 0, "source": 11, "target": 37}, {"distance": 1.5226150455300014, "on_path": 0, "source": 11, "target": 42}, {"distance": 1.3906519979849976, "on_path": 0, "source": 12, "target": 20}, {"distance": 0.9951384635551256, "on_path": 0, "source": 12, "target": 39}, {"distance": 0.27921472927362706, "on_path": 0, "source": 12, "target": 16}, {"distance": 0.9457267573856237, "on_path": 0, "source": 13, "target": 32}, {"distance": 0.5034355750466644, "on_path": 0, "source": 13, "target": 20}, {"distance": 0.7842700361760984, "on_path": 0, "source": 13, "target": 27}, {"distance": 1.1309036518335045, "on_path": 0, "source": 14, "target": 31}, {"distance": 1.007926175030984, "on_path": 0, "source": 14, "target": 29}, {"distance": 1.010225212562341, "on_path": 0, "source": 15, "target": 32}, {"distance": 0.5618173533929598, "on_path": 0, "source": 15, "target": 31}, {"distance": 1.078972720827893, "on_path": 0, "source": 15, "target": 38}, {"distance": 1.2213384278153685, "on_path": 0, "source": 17, "target": 29}, {"distance": 1.147582667702082, "on_path": 0, "source": 17, "target": 24}, {"distance": 1.8721431107585915, "on_path": 0, "source": 17, "target": 37}, {"distance": 0.9177587751408903, "on_path": 0, "source": 17, "target": 43}, {"distance": 0.9425012572265848, "on_path": 0, "source": 18, "target": 33}, {"distance": 0.1306565632862981, "on_path": 0, "source": 19, "target": 27}, {"distance": 1.331809777566795, "on_path": 0, "source": 19, "target": 25}, {"distance": 1.269204317281009, "on_path": 0, "source": 20, "target": 27}, {"distance": 1.5928903391497014, "on_path": 0, "source": 20, "target": 33}, {"distance": 1.2242308006074298, "on_path": 0, "source": 20, "target": 38}, {"distance": 0.7705518407531621, "on_path": 0, "source": 20, "target": 40}, {"distance": 1.1059700848397231, "on_path": 0, "source": 21, "target": 30}, {"distance": 1.012404361933441, "on_path": 1, "source": 21, "target": 38}, {"distance": 1.0934775930149057, "on_path": 0, "source": 22, "target": 26}, {"distance": 1.0468577008925912, "on_path": 0, "source": 22, "target": 25}, {"distance": 0.17125932298232024, "on_path": 0, "source": 22, "target": 45}, {"distance": 1.1129903257717635, "on_path": 0, "source": 22, "target": 37}, {"distance": 1.3045199091610071, "on_path": 0, "source": 22, "target": 33}, {"distance": 0.5024062099898269, "on_path": 0, "source": 23, "target": 44}, {"distance": 1.3046171743351933, "on_path": 0, "source": 23, "target": 36}, {"distance": 0.28826596424007916, "on_path": 0, "source": 23, "target": 37}, {"distance": 0.5771702952514322, "on_path": 1, "source": 24, "target": 41}, {"distance": 0.5951072360596071, "on_path": 0, "source": 25, "target": 28}, {"distance": 0.8390062337672998, "on_path": 0, "source": 25, "target": 41}, {"distance": 0.520337765343421, "on_path": 0, "source": 25, "target": 31}, {"distance": 0.43378876848856457, "on_path": 1, "source": 26, "target": 38}, {"distance": 1.6235699929566088, "on_path": 0, "source": 26, "target": 40}, {"distance": 1.7566006193601755, "on_path": 0, "source": 27, "target": 39}, {"distance": 0.8090785032147051, "on_path": 0, "source": 28, "target": 41}, {"distance": 1.8176036516977958, "on_path": 0, "source": 29, "target": 37}, {"distance": 0.46983583293235925, "on_path": 0, "source": 30, "target": 37}, {"distance": 0.8238493343467395, "on_path": 0, "source": 30, "target": 34}, {"distance": 0.5329160826865984, "on_path": 0, "source": 30, "target": 35}, {"distance": 1.9069211945653382, "on_path": 0, "source": 30, "target": 40}, {"distance": 1.3026709499832718, "on_path": 0, "source": 32, "target": 36}, {"distance": 1.4308968250059826, "on_path": 0, "source": 32, "target": 38}, {"distance": 0.845218740123277, "on_path": 0, "source": 34, "target": 45}, {"distance": 1.7104497458657577, "on_path": 0, "source": 34, "target": 40}, {"distance": 0.3475021028961177, "on_path": 0, "source": 35, "target": 36}, {"distance": 1.9027542022682895, "on_path": 0, "source": 35, "target": 40}, {"distance": 1.0457526771647185, "on_path": 0, "source": 36, "target": 43}, {"distance": 0.7623551714784522, "on_path": 0, "source": 37, "target": 44}, {"distance": 1.055823886503522, "on_path": 0, "source": 39, "target": 43}, {"distance": 1.7555933139399222, "on_path": 0, "source": 39, "target": 40}, {"distance": 0.8086799699889449, "on_path": 0, "source": 44, "target": 45}]}