{"directed": false, "multigraph": false, "graph": {}, "nodes": [{"node_features": [0.0, 0.0], "id": 0}, {"node_features": [0.0, 0.0], "id": 1}, {"node_features": [0.0, 0.0], "id": 2}, {"node_features": [0.0, 0.0], "id": 3}, {"node_features": [0.0, 0.0], "id": 4}, {"node_features": [0.0, 0.0], "id": 5}, {"node_features": [0.0, 0.0], "id": 6}, {"node_features": [0.0, 0.0], "id": 7}, {"node_features": [0.0, 0.0], "id": 8}, {"node_features": [0.0, 0.0], "id": 9}, {"node_features": [0.0, 0.0], "id": 10}, {"node_features": [0.0, 0.0], "id": 11}, {"node_features": [0.0, 1.0], "id": 12}, {"node_features": [0.0, 0.0], "id": 13}, {"node_features": [0.0, 0.0], "id": 14}, {"node_features": [0.0, 0.0], "id": 15}, {"node_features": [0.0, 0.0], "id": 16}, {"node_features": [0.0, 0.0], "id": 17}, {"node_features": [0.0, 0.0], "id": 18}, {"node_features": [0.0, 0.0], "id": 19}, {"node_features": [0.0, 0.0], "id": 20}, {"node_features": [0.0, 0.0], "id": 21}, {"node_features": [1.0, 0.0], "id": 22}, {"node_features": [0.0, 0.0], "id": 23}, {"node_features": [0.0, 0.0], "id": 24}, {"node_features": [0.0, 0.0], "id": 25}, {"node_features": [0.0, 0.0], "id": 26}, {"node_features": [0.0, 0.0], "id": 27}, {"node_features": [0.0, 0.0], "id": 28}], "links": [{"distance": 1.2481765642410498, "on_path": 0, "source": 0, "target": 23}, {"distance": 0.5550764801415405, "on_path": 1, "source": 0, "target": 22}, {"distance": 1.081320643713403, "on_path": 1, "source": 0, "target": 9}, {"distance": 1.6609032449542254, "on_path": 0, "source": 1, "target": 24}, {"distance": 0.6295885718685592, "on_path": 0, "source": 1, "target": 12}, {"distance": 1.4654552830815721, "on_path": 0, "source": 2, "target": 17}, {"distance": 0.8172732310261963, "on_path": 0, "source": 2, "target": 9}, {"distance": 0.40451050548950973, "on_path": 0, "source": 2, "target": 12}, {"distance": 0.5598229608347661, "on_path": 0, "source": 2, "target": 20}, {"distance": 0.7374592173224993, "on_path": 0, "source": 2, "target": 26}, {"distance": 0.8881363963483045, "on_path": 0, "source": 3, "target": 12}, {"distance": 1.58188599214685, "on_path": 0, "source": 3, "target": 8}, {"distance": 1.5560475306134567, "on_path": 0, "source": 3, "target": 23}, {"distance": 2.2454520538198106, "on_path": 0, "source": 4, "target": 8}, {"distance": 1.5382188396488081, "on_path": 0, "source": 4, "target": 22}, {"distance": 1.5049145795554026, "on_path": 0, "source": 4, "target": 14}, {"distance": 0.5081890792390269, "on_path": 0, "source": 5, "target": 23}, {"distance": 1.2346412928683062, "on_path": 0, "source": 5, "target": 6}, {"distance": 0.7991567048419235, "on_path": 1, "source": 6, "target": 9}, {"distance": 0.7119908359122497, "on_path": 0, "source": 6, "target": 17}, {"distance": 0.35158341809812665, "on_path": 0, "source": 6, "target": 28}, {"distance": 0.8672999140383718, "on_path": 0, "source": 6, "target": 23}, {"distance": 0.9313794598855114, "on_path": 0, "source": 6, "target": 11}, {"distance": 0.3822017390073195, "on_path": 1, "source": 6, "target": 12}, {"distance": 0.8676387485875368, "on_path": 0, "source": 6, "target": 13}, {"distance": 0.13357986281823958, "on_path": 0, "source": 7, "target": 22}, {"distance": 1.0445819988018736, "on_path": 0, "source": 7, "target": 19}, {"distance": 1.7561618640545205, "on_path": 0, "source": 7, "target": 17}, {"distance": 0.554688681182375, "on_path": 0, "source": 7, "target": 18}, {"distance": 1.5012458215234392, "on_path": 0, "source": 8, "target": 24}, {"distance": 0.7089988671131999, "on_path": 0, "source": 8, "target": 21}, {"distance": 0.8991042528174209, "on_path": 0, "source": 8, "target": 25}, {"distance": 1.9683042768090284, "on_path": 0, "source": 8, "target": 10}, {"distance": 1.7762603472999825, "on_path": 0, "source": 9, "target": 19}, {"distance": 1.061146200795304, "on_path": 0, "source": 9, "target": 28}, {"distance": 0.6891315394173001, "on_path": 0, "source": 10, "target": 27}, {"distance": 1.6359687098539406, "on_path": 0, "source": 10, "target": 11}, {"distance": 0.7357543577384484, "on_path": 0, "source": 12, "target": 25}, {"distance": 1.244493534373127, "on_path": 0, "source": 12, "target": 15}, {"distance": 0.6321438946048792, "on_path": 0, "source": 13, "target": 28}, {"distance": 2.2687574732068896, "on_path": 0, "source": 13, "target": 24}, {"distance": 1.0327099279341445, "on_path": 0, "source": 13, "target": 25}, {"distance": 1.7983044023772736, "on_path": 0, "source": 14, "target": 28}, {"distance": 0.9066823566833667, "on_path": 0, "source": 14, "target": 18}, {"distance": 1.3262186542862076, "on_path": 0, "source": 14, "target": 16}, {"distance": 2.0118056501329606, "on_path": 0, "source": 15, "target": 23}, {"distance": 1.1178350657341303, "on_path": 0, "source": 15, "target": 20}, {"distance": 1.147915829154181, "on_path": 0, "source": 15, "target": 26}, {"distance": 0.5548916509036514, "on_path": 0, "source": 16, "target": 23}, {"distance": 0.9478569378234909, "on_path": 0, "source": 17, "target": 23}, {"distance": 0.4535936100469703, "on_path": 0, "source": 17, "target": 28}, {"distance": 0.837085161836929, "on_path": 0, "source": 18, "target": 24}, {"distance": 0.9255749360832357, "on_path": 0, "source": 19, "target": 27}, {"distance": 1.8752775598857794, "on_path": 0, "source": 19, "target": 23}, {"distance": 0.9982561390116462, "on_path": 0, "source": 19, "target": 22}, {"distance": 0.5933194368382038, "on_path": 0, "source": 20, "target": 21}, {"distance": 0.41065197062290815, "on_path": 0, "source": 25, "target": 28}, {"distance": 0.40518046927272916, "on_path": 0, "source": 25, "target": 27}]}