{"directed": false, "multigraph": false, "graph": {}, "nodes": [{"node_features": [0.0, 0.0], "id": 0}, {"node_features": [0.0, 0.0], "id": 1}, {"node_features": [0.0, 0.0], "id": 2}, {"node_features": [0.0, 0.0], "id": 3}, {"node_features": [0.0, 0.0], "id": 4}, {"node_features": [0.0, 0.0], "id": 5}, {"node_features": [0.0, 0.0], "id": 6}, {"node_features": [0.0, 0.0], "id": 7}, {"node_features": [0.0, 0.0], "id": 8}, {"node_features": [0.0, 0.0], "id": 9}, {"node_features": [0.0, 0.0], "id": 10}, {"node_features": [0.0, 0.0], "id": 11}, {"node_features": [0.0, 0.0], "id": 12}, {"node_features": [0.0, 0.0], "id": 13}, {"node_features": [0.0, 0.0], "id": 14}, {"node_features": [0.0, 0.0], "id": 15}, {"node_features": [0.0, 0.0], "id": 16}, {"node_features": [0.0, 0.0], "id": 17}, {"node_features": [0.0, 0.0], "id": 18}, {"node_features": [0.0, 0.0], "id": 19}, {"node_features": [0.0, 0.0], "id": 20}, {"node_features": [0.0, 0.0], "id": 21}, {"node_features": [0.0, 0.0], "id": 22}, {"node_features": [0.0, 0.0], "id": 23}, {"node_features": [0.0, 0.0], "id": 24}, {"node_features": [0.0, 0.0], "id": 25}, {"node_features": [0.0, 0.0], "id": 26}, {"node_features": [0.0, 0.0], "id": 27}, {"node_features": [1.0, 0.0], "id": 28}, {"node_features": [0.0, 1.0], "id": 29}, {"node_features": [0.0, 0.0], "id": 30}, {"node_features": [0.0, 0.0], "id": 31}, {"node_features": [0.0, 0.0], "id": 32}, {"node_features": [0.0, 0.0], "id": 33}, {"node_features": [0.0, 0.0], "id": 34}, {"node_features": [0.0, 0.0], "id": 35}, {"node_features": [0.0, 0.0], "id": 36}, {"node_features": [0.0, 0.0], "id": 37}, {"node_features": [0.0, 0.0], "id": 38}], "links": [{"distance": 0.502217740772587, "on_path": 0, "source": 0, "target": 33}, {"distance": 0.8825584538672562, "on_path": 0, "source": 0, "target": 7}, {"distance": 0.18951923446831026, "on_path": 0, "source": 0, "target": 34}, {"distance": 0.620234712451854, "on_path": 0, "source": 0, "target": 19}, {"distance": 1.4261435057343332, "on_path": 0, "source": 0, "target": 25}, {"distance": 1.2148197116688184, "on_path": 0, "source": 1, "target": 16}, {"distance": 1.5667337024798553, "on_path": 0, "source": 1, "target": 31}, {"distance": 2.3284398415244287, "on_path": 0, "source": 1, "target": 12}, {"distance": 1.1753108258862723, "on_path": 0, "source": 1, "target": 22}, {"distance": 0.25084752925008574, "on_path": 0, "source": 2, "target": 37}, {"distance": 1.8273252685664518, "on_path": 0, "source": 2, "target": 13}, {"distance": 1.790337870733286, "on_path": 0, "source": 2, "target": 28}, {"distance": 0.6398157022768383, "on_path": 0, "source": 3, "target": 27}, {"distance": 1.2083312986592174, "on_path": 0, "source": 3, "target": 34}, {"distance": 0.3167178975798992, "on_path": 0, "source": 4, "target": 27}, {"distance": 1.0400879678697634, "on_path": 0, "source": 4, "target": 11}, {"distance": 0.9421166816165761, "on_path": 0, "source": 4, "target": 7}, {"distance": 1.142230773969682, "on_path": 0, "source": 4, "target": 32}, {"distance": 1.1211700316889994, "on_path": 0, "source": 5, "target": 24}, {"distance": 0.9844143565408211, "on_path": 0, "source": 5, "target": 19}, {"distance": 0.7894043869959709, "on_path": 0, "source": 6, "target": 30}, {"distance": 0.5515696416958656, "on_path": 0, "source": 6, "target": 21}, {"distance": 0.9361550000630375, "on_path": 0, "source": 7, "target": 29}, {"distance": 1.1644622313633797, "on_path": 0, "source": 8, "target": 21}, {"distance": 0.6284175697267768, "on_path": 1, "source": 8, "target": 28}, {"distance": 1.0057295598554328, "on_path": 1, "source": 8, "target": 24}, {"distance": 0.7074993574108932, "on_path": 0, "source": 8, "target": 30}, {"distance": 0.7946156997941889, "on_path": 0, "source": 9, "target": 17}, {"distance": 0.37640326528082524, "on_path": 0, "source": 9, "target": 18}, {"distance": 0.5756670816927156, "on_path": 0, "source": 10, "target": 14}, {"distance": 1.4029415295729557, "on_path": 0, "source": 10, "target": 21}, {"distance": 0.8066165581038205, "on_path": 0, "source": 10, "target": 24}, {"distance": 0.14121274764507805, "on_path": 1, "source": 11, "target": 29}, {"distance": 0.8644379897179943, "on_path": 1, "source": 11, "target": 24}, {"distance": 0.9647746871662161, "on_path": 0, "source": 11, "target": 33}, {"distance": 1.3600753873422242, "on_path": 0, "source": 11, "target": 21}, {"distance": 0.8450681903451492, "on_path": 0, "source": 12, "target": 20}, {"distance": 0.9260107157127955, "on_path": 0, "source": 12, "target": 23}, {"distance": 0.6362196919763982, "on_path": 0, "source": 13, "target": 34}, {"distance": 0.6234619450112378, "on_path": 0, "source": 13, "target": 20}, {"distance": 0.9932212421663654, "on_path": 0, "source": 13, "target": 30}, {"distance": 1.0239301980729683, "on_path": 0, "source": 13, "target": 16}, {"distance": 0.42194416855321293, "on_path": 0, "source": 14, "target": 20}, {"distance": 0.6145209264553418, "on_path": 0, "source": 14, "target": 38}, {"distance": 1.0411079462901631, "on_path": 0, "source": 14, "target": 37}, {"distance": 1.736661091796547, "on_path": 0, "source": 15, "target": 21}, {"distance": 1.1852522993773082, "on_path": 0, "source": 15, "target": 36}, {"distance": 1.2848027102736317, "on_path": 0, "source": 15, "target": 18}, {"distance": 0.5407099667446953, "on_path": 0, "source": 16, "target": 24}, {"distance": 0.6326386671816102, "on_path": 0, "source": 16, "target": 29}, {"distance": 0.2002684027338177, "on_path": 0, "source": 16, "target": 17}, {"distance": 1.251095836694265, "on_path": 0, "source": 17, "target": 35}, {"distance": 0.44801713983572883, "on_path": 0, "source": 18, "target": 27}, {"distance": 0.3506368820691545, "on_path": 0, "source": 18, "target": 37}, {"distance": 1.5442189216436872, "on_path": 0, "source": 18, "target": 29}, {"distance": 0.9997751689193609, "on_path": 0, "source": 19, "target": 23}, {"distance": 0.3625669637359443, "on_path": 0, "source": 19, "target": 24}, {"distance": 1.2440342840822358, "on_path": 0, "source": 20, "target": 35}, {"distance": 1.787535850122581, "on_path": 0, "source": 21, "target": 28}, {"distance": 0.8478756467789105, "on_path": 0, "source": 21, "target": 26}, {"distance": 0.9982864926850556, "on_path": 0, "source": 21, "target": 23}, {"distance": 0.41320262003399605, "on_path": 0, "source": 22, "target": 31}, {"distance": 0.9089717685916964, "on_path": 0, "source": 22, "target": 36}, {"distance": 1.1530601788125527, "on_path": 0, "source": 23, "target": 33}, {"distance": 1.5171147477824207, "on_path": 0, "source": 24, "target": 32}, {"distance": 0.8198035539638965, "on_path": 0, "source": 25, "target": 37}, {"distance": 0.9504623013344635, "on_path": 0, "source": 25, "target": 38}, {"distance": 0.9227732390663744, "on_path": 0, "source": 26, "target": 29}, {"distance": 0.7193888299324935, "on_path": 0, "source": 26, "target": 35}, {"distance": 1.181823041685326, "on_path": 0, "source": 27, "target": 34}, {"distance": 1.286104707483016, "on_path": 0, "source": 27, "target": 32}, {"distance": 1.4581919029204342, "on_path": 0, "source": 29, "target": 37}, {"distance": 0.7595668498246317, "on_path": 0, "source": 30, "target": 36}, {"distance": 0.9900758189518408, "on_path": 0, "source": 30, "target": 35}, {"distance": 0.5927485092955039, "on_path": 0, "source": 31, "target": 38}, {"distance": 1.5070816373738682, "on_path": 0, "source": 31, "target": 37}, {"distance": 1.6198767910524616, "on_path": 0, "source": 32, "target": 33}, {"distance": 1.0491458762470898, "on_path": 0, "source": 32, "target": 34}]}