{"directed": false, "multigraph": false, "graph": {}, "nodes": [{"node_features": [0.0, 0.0], "id": 0}, {"node_features": [0.0, 0.0], "id": 1}, {"node_features": [0.0, 0.0], "id": 2}, {"node_features": [0.0, 0.0], "id": 3}, {"node_features": [0.0, 0.0], "id": 4}, {"node_features": [0.0, 0.0], "id": 5}, {"node_features": [1.0, 0.0], "id": 6}, {"node_features": [0.0, 0.0], "id": 7}, {"node_features": [0.0, 0.0], "id": 8}, {"node_features": [0.0, 0.0], "id": 9}, {"node_features": [0.0, 0.0], "id": 10}, {"node_features": [0.0, 0.0], "id": 11}, {"node_features": [0.0, 0.0], "id": 12}, {"node_features": [0.0, 0.0], "id": 13}, {"node_features": [0.0, 1.0], "id": 14}, {"node_features": [0.0, 0.0], "id": 15}, {"node_features": [0.0, 0.0], "id": 16}, {"node_features": [0.0, 0.0], "id": 17}, {"node_features": [0.0, 0.0], "id": 18}, {"node_features": [0.0, 0.0], "id": 19}, {"node_features": [0.0, 0.0], "id": 20}, {"node_features": [0.0, 0.0], "id": 21}, {"node_features": [0.0, 0.0], "id": 22}, {"node_features": [0.0, 0.0], "id": 23}, {"node_features": [0.0, 0.0], "id": 24}, {"node_features": [0.0, 0.0], "id": 25}, {"node_features": [0.0, 0.0], "id": 26}, {"node_features": [0.0, 0.0], "id": 27}, {"node_features": [0.0, 0.0], "id": 28}, {"node_features": [0.0, 0.0], "id": 29}, {"node_features": [0.0, 0.0], "id": 30}, {"node_features": [0.0, 0.0], "id": 31}, {"node_features": [0.0, 0.0], "id": 32}, {"node_features": [0.0, 0.0], "id": 33}, {"node_features": [0.0, 0.0], "id": 34}, {"node_features": [0.0, 0.0], "id": 35}, {"node_features": [0.0, 0.0], "id": 36}, {"node_features": [0.0, 0.0], "id": 37}, {"node_features": [0.0, 0.0], "id": 38}, {"node_features": [0.0, 0.0], "id": 39}, {"node_features": [0.0, 0.0], "id": 40}, {"node_features": [0.0, 0.0], "id": 41}, {"node_features": [0.0, 0.0], "id": 42}, {"node_features": [0.0, 0.0], "id": 43}], "links": [{"distance": 0.5253526000481922, "on_path": 0, "source": 0, "target": 8}, {"distance": 0.3094198442789, "on_path": 0, "source": 0, "target": 43}, {"distance": 1.4262882356419009, "on_path": 0, "source": 0, "target": 17}, {"distance": 1.1277949340395743, "on_path": 0, "source": 0, "target": 21}, {"distance": 0.5085182017691336, "on_path": 0, "source": 0, "target": 32}, {"distance": 0.44616324125723394, "on_path": 0, "source": 0, "target": 36}, {"distance": 1.3941928987769507, "on_path": 0, "source": 1, "target": 35}, {"distance": 1.0444070007172739, "on_path": 0, "source": 1, "target": 18}, {"distance": 0.41926309768635694, "on_path": 0, "source": 1, "target": 2}, {"distance": 1.0886303059981592, "on_path": 0, "source": 1, "target": 19}, {"distance": 1.0663624744769151, "on_path": 0, "source": 1, "target": 28}, {"distance": 1.601751308773447, "on_path": 0, "source": 1, "target": 38}, {"distance": 0.8691307178569426, "on_path": 0, "source": 2, "target": 5}, {"distance": 0.8423517533877146, "on_path": 0, "source": 2, "target": 10}, {"distance": 0.953769506767078, "on_path": 0, "source": 3, "target": 7}, {"distance": 0.31432867326799613, "on_path": 0, "source": 3, "target": 27}, {"distance": 0.9900741351042925, "on_path": 0, "source": 3, "target": 8}, {"distance": 0.5488303625187176, "on_path": 0, "source": 4, "target": 28}, {"distance": 0.8286809775898505, "on_path": 0, "source": 4, "target": 26}, {"distance": 0.2942399988679754, "on_path": 0, "source": 4, "target": 8}, {"distance": 0.8975186509161109, "on_path": 0, "source": 4, "target": 27}, {"distance": 1.158883110122312, "on_path": 0, "source": 5, "target": 37}, {"distance": 0.17261768804908173, "on_path": 0, "source": 5, "target": 28}, {"distance": 1.0686602016706555, "on_path": 0, "source": 5, "target": 40}, {"distance": 0.7184038416190325, "on_path": 0, "source": 5, "target": 36}, {"distance": 1.3160223623745424, "on_path": 0, "source": 6, "target": 35}, {"distance": 1.4933710164050065, "on_path": 1, "source": 6, "target": 33}, {"distance": 0.4823926291492204, "on_path": 0, "source": 7, "target": 36}, {"distance": 0.40396392032683026, "on_path": 0, "source": 7, "target": 10}, {"distance": 1.0000822969633814, "on_path": 0, "source": 7, "target": 34}, {"distance": 0.6860201808764164, "on_path": 0, "source": 8, "target": 27}, {"distance": 0.7702805033235988, "on_path": 0, "source": 8, "target": 12}, {"distance": 0.8954260090774999, "on_path": 0, "source": 8, "target": 41}, {"distance": 1.107537405262861, "on_path": 0, "source": 9, "target": 33}, {"distance": 1.5394012018865162, "on_path": 0, "source": 9, "target": 25}, {"distance": 0.6314933896722282, "on_path": 0, "source": 10, "target": 33}, {"distance": 1.4555304661074617, "on_path": 0, "source": 11, "target": 42}, {"distance": 0.8988409553925185, "on_path": 0, "source": 11, "target": 39}, {"distance": 1.3605603616066821, "on_path": 0, "source": 11, "target": 29}, {"distance": 1.2453289314512446, "on_path": 0, "source": 12, "target": 25}, {"distance": 0.5250484646218612, "on_path": 1, "source": 12, "target": 29}, {"distance": 1.178404823181637, "on_path": 0, "source": 12, "target": 32}, {"distance": 0.5726853228356246, "on_path": 0, "source": 12, "target": 20}, {"distance": 0.13091975850255905, "on_path": 1, "source": 12, "target": 23}, {"distance": 2.1181047256998085, "on_path": 0, "source": 13, "target": 34}, {"distance": 2.072361811209199, "on_path": 0, "source": 13, "target": 28}, {"distance": 1.559712114296152, "on_path": 0, "source": 13, "target": 37}, {"distance": 2.383962354906901, "on_path": 0, "source": 13, "target": 41}, {"distance": 1.9179838304323573, "on_path": 0, "source": 14, "target": 37}, {"distance": 1.385869954315494, "on_path": 1, "source": 14, "target": 23}, {"distance": 1.6516086804252117, "on_path": 0, "source": 15, "target": 41}, {"distance": 1.5569136422294574, "on_path": 0, "source": 15, "target": 21}, {"distance": 1.104909632883444, "on_path": 0, "source": 15, "target": 40}, {"distance": 1.7119704824775848, "on_path": 0, "source": 16, "target": 37}, {"distance": 1.4915434327850339, "on_path": 0, "source": 16, "target": 17}, {"distance": 1.2248270161571164, "on_path": 0, "source": 16, "target": 26}, {"distance": 1.2385868789069312, "on_path": 0, "source": 18, "target": 38}, {"distance": 0.39321079898008005, "on_path": 0, "source": 18, "target": 32}, {"distance": 1.2006919383374868, "on_path": 0, "source": 19, "target": 34}, {"distance": 1.0665972417578098, "on_path": 0, "source": 19, "target": 22}, {"distance": 1.8762105397311817, "on_path": 0, "source": 20, "target": 26}, {"distance": 0.09247687081410379, "on_path": 0, "source": 22, "target": 30}, {"distance": 0.9302100337367641, "on_path": 0, "source": 22, "target": 34}, {"distance": 1.5682861662255012, "on_path": 0, "source": 22, "target": 38}, {"distance": 1.4543626759116914, "on_path": 0, "source": 22, "target": 27}, {"distance": 0.6946946757980906, "on_path": 0, "source": 22, "target": 33}, {"distance": 1.5739203496389542, "on_path": 0, "source": 23, "target": 43}, {"distance": 1.6073335897935195, "on_path": 0, "source": 24, "target": 42}, {"distance": 0.7922595749039862, "on_path": 0, "source": 24, "target": 25}, {"distance": 0.9650846502378522, "on_path": 0, "source": 25, "target": 40}, {"distance": 0.09075981033883647, "on_path": 0, "source": 26, "target": 31}, {"distance": 0.17882343461902045, "on_path": 0, "source": 26, "target": 43}, {"distance": 1.69527345774765, "on_path": 0, "source": 27, "target": 42}, {"distance": 0.24728728570154274, "on_path": 0, "source": 27, "target": 31}, {"distance": 0.2975585913275663, "on_path": 0, "source": 28, "target": 32}, {"distance": 1.0567382994305237, "on_path": 1, "source": 29, "target": 33}, {"distance": 1.34902771930531, "on_path": 0, "source": 29, "target": 36}, {"distance": 0.8292349245098876, "on_path": 0, "source": 29, "target": 37}, {"distance": 1.5059941204726208, "on_path": 0, "source": 30, "target": 35}, {"distance": 1.0145935726956372, "on_path": 0, "source": 30, "target": 34}, {"distance": 0.9905080370386661, "on_path": 0, "source": 30, "target": 40}, {"distance": 0.48001506848087744, "on_path": 0, "source": 31, "target": 36}, {"distance": 1.2764523310038434, "on_path": 0, "source": 31, "target": 39}, {"distance": 1.6547739836905893, "on_path": 0, "source": 34, "target": 42}, {"distance": 0.7112180934942244, "on_path": 0, "source": 35, "target": 38}, {"distance": 0.6638736491250159, "on_path": 0, "source": 38, "target": 39}, {"distance": 1.138321244714347, "on_path": 0, "source": 40, "target": 43}, {"distance": 1.943896860664984, "on_path": 0, "source": 42, "target": 43}]}