{"directed": false, "multigraph": false, "graph": {}, "nodes": [{"node_features": [0.0, 0.0], "id": 0}, {"node_features": [0.0, 0.0], "id": 1}, {"node_features": [0.0, 0.0], "id": 2}, {"node_features": [1.0, 0.0], "id": 3}, {"node_features": [0.0, 0.0], "id": 4}, {"node_features": [0.0, 1.0], "id": 5}, {"node_features": [0.0, 0.0], "id": 6}, {"node_features": [0.0, 0.0], "id": 7}, {"node_features": [0.0, 0.0], "id": 8}, {"node_features": [0.0, 0.0], "id": 9}, {"node_features": [0.0, 0.0], "id": 10}, {"node_features": [0.0, 0.0], "id": 11}, {"node_features": [0.0, 0.0], "id": 12}, {"node_features": [0.0, 0.0], "id": 13}, {"node_features": [0.0, 0.0], "id": 14}, {"node_features": [0.0, 0.0], "id": 15}, {"node_features": [0.0, 0.0], "id": 16}, {"node_features": [0.0, 0.0], "id": 17}, {"node_features": [0.0, 0.0], "id": 18}, {"node_features": [0.0, 0.0], "id": 19}, {"node_features": [0.0, 0.0], "id": 20}, {"node_features": [0.0, 0.0], "id": 21}, {"node_features": [0.0, 0.0], "id": 22}, {"node_features": [0.0, 0.0], "id": 23}, {"node_features": [0.0, 0.0], "id": 24}, {"node_features": [0.0, 0.0], "id": 25}, {"node_features": [0.0, 0.0], "id": 26}, {"node_features": [0.0, 0.0], "id": 27}, {"node_features": [0.0, 0.0], "id": 28}, {"node_features": [0.0, 0.0], "id": 29}, {"node_features": [0.0, 0.0], "id": 30}, {"node_features": [0.0, 0.0], "id": 31}, {"node_features": [0.0, 0.0], "id": 32}, {"node_features": [0.0, 0.0], "id": 33}, {"node_features": [0.0, 0.0], "id": 34}, {"node_features": [0.0, 0.0], "id": 35}, {"node_features": [0.0, 0.0], "id": 36}, {"node_features": [0.0, 0.0], "id": 37}, {"node_features": [0.0, 0.0], "id": 38}], "links": [{"distance": 0.18373979980703187, "on_path": 0, "source": 0, "target": 21}, {"distance": 2.0063874402940027, "on_path": 0, "source": 0, "target": 26}, {"distance": 1.6509420488669055, "on_path": 0, "source": 0, "target": 4}, {"distance": 1.2889418470675942, "on_path": 0, "source": 1, "target": 22}, {"distance": 1.1386225069531346, "on_path": 0, "source": 1, "target": 9}, {"distance": 1.8685083117521033, "on_path": 0, "source": 1, "target": 13}, {"distance": 2.164213845363216, "on_path": 0, "source": 1, "target": 16}, {"distance": 1.7798356019074242, "on_path": 0, "source": 2, "target": 22}, {"distance": 1.301387752140427, "on_path": 0, "source": 2, "target": 8}, {"distance": 0.3509203683142863, "on_path": 0, "source": 2, "target": 16}, {"distance": 2.3129906877650126, "on_path": 0, "source": 2, "target": 29}, {"distance": 1.6260001964216437, "on_path": 0, "source": 2, "target": 17}, {"distance": 0.46051538890765686, "on_path": 1, "source": 2, "target": 3}, {"distance": 2.2717640767640837, "on_path": 1, "source": 2, "target": 12}, {"distance": 1.519362521561771, "on_path": 0, "source": 3, "target": 23}, {"distance": 0.1493980505224202, "on_path": 0, "source": 4, "target": 31}, {"distance": 0.1543814208493025, "on_path": 0, "source": 4, "target": 23}, {"distance": 1.5748124852023027, "on_path": 0, "source": 4, "target": 17}, {"distance": 0.6405373305764674, "on_path": 1, "source": 5, "target": 34}, {"distance": 1.9342046215886466, "on_path": 0, "source": 5, "target": 19}, {"distance": 1.5221983384991578, "on_path": 0, "source": 5, "target": 13}, {"distance": 1.8315819382433787, "on_path": 0, "source": 5, "target": 27}, {"distance": 1.1075737880739496, "on_path": 0, "source": 6, "target": 14}, {"distance": 0.8372690980520364, "on_path": 0, "source": 6, "target": 10}, {"distance": 0.6999860857557276, "on_path": 0, "source": 6, "target": 37}, {"distance": 0.9484796285027657, "on_path": 0, "source": 6, "target": 8}, {"distance": 1.3983785053743405, "on_path": 0, "source": 6, "target": 22}, {"distance": 1.590303013029539, "on_path": 0, "source": 7, "target": 14}, {"distance": 1.7076586844574433, "on_path": 0, "source": 7, "target": 22}, {"distance": 1.3060217413390223, "on_path": 0, "source": 8, "target": 20}, {"distance": 0.5972934714543104, "on_path": 0, "source": 8, "target": 25}, {"distance": 0.5149030945354862, "on_path": 0, "source": 9, "target": 32}, {"distance": 1.2931319336029885, "on_path": 0, "source": 9, "target": 12}, {"distance": 0.3370075087069521, "on_path": 0, "source": 9, "target": 23}, {"distance": 1.2681163884578681, "on_path": 0, "source": 9, "target": 19}, {"distance": 0.6156015972913794, "on_path": 0, "source": 9, "target": 36}, {"distance": 1.6552950286893566, "on_path": 0, "source": 9, "target": 38}, {"distance": 1.0273360784251355, "on_path": 0, "source": 10, "target": 35}, {"distance": 0.3045661079522999, "on_path": 0, "source": 10, "target": 17}, {"distance": 0.6186171865814065, "on_path": 0, "source": 11, "target": 38}, {"distance": 0.6664939430355887, "on_path": 0, "source": 11, "target": 34}, {"distance": 1.1504522545630886, "on_path": 0, "source": 12, "target": 17}, {"distance": 0.2792352970105609, "on_path": 0, "source": 12, "target": 28}, {"distance": 1.1145050118617221, "on_path": 1, "source": 12, "target": 34}, {"distance": 0.36034597756104125, "on_path": 0, "source": 12, "target": 19}, {"distance": 1.9648845745729842, "on_path": 0, "source": 12, "target": 25}, {"distance": 2.005292456927261, "on_path": 0, "source": 13, "target": 19}, {"distance": 0.24182553125058598, "on_path": 0, "source": 13, "target": 24}, {"distance": 0.4148698121354431, "on_path": 0, "source": 14, "target": 33}, {"distance": 0.9674705716165606, "on_path": 0, "source": 14, "target": 21}, {"distance": 0.7442035710020756, "on_path": 0, "source": 15, "target": 28}, {"distance": 1.6187389203816336, "on_path": 0, "source": 15, "target": 36}, {"distance": 0.036929368942095045, "on_path": 0, "source": 15, "target": 18}, {"distance": 1.8168688995501194, "on_path": 0, "source": 15, "target": 26}, {"distance": 0.992485696541008, "on_path": 0, "source": 15, "target": 33}, {"distance": 1.7148385694786379, "on_path": 0, "source": 17, "target": 31}, {"distance": 1.9548075773030953, "on_path": 0, "source": 18, "target": 37}, {"distance": 2.171880690232154, "on_path": 0, "source": 19, "target": 37}, {"distance": 1.678979566626178, "on_path": 0, "source": 19, "target": 20}, {"distance": 1.4606093323496656, "on_path": 0, "source": 19, "target": 34}, {"distance": 1.2676944333811069, "on_path": 0, "source": 20, "target": 37}, {"distance": 0.33868922983829525, "on_path": 0, "source": 21, "target": 34}, {"distance": 1.7593209508303465, "on_path": 0, "source": 21, "target": 24}, {"distance": 1.9172722868669747, "on_path": 0, "source": 21, "target": 31}, {"distance": 1.5586549516436308, "on_path": 0, "source": 22, "target": 30}, {"distance": 0.9804957180527514, "on_path": 0, "source": 22, "target": 29}, {"distance": 0.898327124313522, "on_path": 0, "source": 23, "target": 36}, {"distance": 1.4067385421825325, "on_path": 0, "source": 23, "target": 37}, {"distance": 1.4571926003201596, "on_path": 0, "source": 24, "target": 28}, {"distance": 1.5122535357397666, "on_path": 0, "source": 24, "target": 30}, {"distance": 1.7021035781964127, "on_path": 0, "source": 25, "target": 28}, {"distance": 1.4594023487816927, "on_path": 0, "source": 26, "target": 30}, {"distance": 1.138360008474545, "on_path": 0, "source": 27, "target": 35}, {"distance": 0.9849139003641956, "on_path": 0, "source": 28, "target": 38}, {"distance": 2.0636197146937243, "on_path": 0, "source": 32, "target": 38}, {"distance": 1.1538046356718157, "on_path": 0, "source": 32, "target": 35}, {"distance": 1.431144487733697, "on_path": 0, "source": 33, "target": 37}, {"distance": 0.16914315399903637, "on_path": 0, "source": 33, "target": 35}]}