{"directed": false, "multigraph": false, "graph": {}, "nodes": [{"node_features": [0.0, 0.0], "id": 0}, {"node_features": [0.0, 0.0], "id": 1}, {"node_features": [0.0, 0.0], "id": 2}, {"node_features": [0.0, 0.0], "id": 3}, {"node_features": [0.0, 0.0], "id": 4}, {"node_features": [0.0, 0.0], "id": 5}, {"node_features": [1.0, 0.0], "id": 6}, {"node_features": [0.0, 0.0], "id": 7}, {"node_features": [0.0, 0.0], "id": 8}, {"node_features": [0.0, 0.0], "id": 9}, {"node_features": [0.0, 0.0], "id": 10}, {"node_features": [0.0, 0.0], "id": 11}, {"node_features": [0.0, 0.0], "id": 12}, {"node_features": [0.0, 0.0], "id": 13}, {"node_features": [0.0, 0.0], "id": 14}, {"node_features": [0.0, 0.0], "id": 15}, {"node_features": [0.0, 0.0], "id": 16}, {"node_features": [0.0, 1.0], "id": 17}, {"node_features": [0.0, 0.0], "id": 18}, {"node_features": [0.0, 0.0], "id": 19}], "links": [{"distance": 1.4802770176860172, "on_path": 0, "source": 0, "target": 13}, {"distance": 0.7069849942637514, "on_path": 0, "source": 0, "target": 1}, {"distance": 1.5179498487319791, "on_path": 0, "source": 0, "target": 19}, {"distance": 1.9813560091931588, "on_path": 0, "source": 1, "target": 15}, {"distance": 1.3802068419540907, "on_path": 0, "source": 1, "target": 12}, {"distance": 1.81295195277588, "on_path": 0, "source": 2, "target": 5}, {"distance": 0.9258833375283817, "on_path": 0, "source": 2, "target": 3}, {"distance": 0.4217572729136444, "on_path": 0, "source": 2, "target": 6}, {"distance": 0.5399899535905636, "on_path": 0, "source": 3, "target": 6}, {"distance": 1.3378954074676304, "on_path": 0, "source": 3, "target": 19}, {"distance": 1.3074194891113968, "on_path": 0, "source": 4, "target": 8}, {"distance": 0.44251095538266755, "on_path": 0, "source": 4, "target": 12}, {"distance": 0.7076902060097268, "on_path": 0, "source": 5, "target": 13}, {"distance": 1.7602897260574633, "on_path": 0, "source": 5, "target": 9}, {"distance": 0.9748096019123356, "on_path": 0, "source": 5, "target": 17}, {"distance": 0.848271995938623, "on_path": 0, "source": 5, "target": 12}, {"distance": 1.8401663866183706, "on_path": 0, "source": 6, "target": 15}, {"distance": 1.885260168742848, "on_path": 0, "source": 6, "target": 18}, {"distance": 0.4821561031860816, "on_path": 1, "source": 6, "target": 10}, {"distance": 1.4234255713868476, "on_path": 0, "source": 7, "target": 12}, {"distance": 1.3911226144110038, "on_path": 0, "source": 7, "target": 13}, {"distance": 0.7151970661018784, "on_path": 1, "source": 8, "target": 19}, {"distance": 0.5841254495630731, "on_path": 1, "source": 8, "target": 17}, {"distance": 1.273330900740201, "on_path": 0, "source": 9, "target": 17}, {"distance": 1.514623283927696, "on_path": 0, "source": 10, "target": 15}, {"distance": 0.7256871584471275, "on_path": 1, "source": 10, "target": 19}, {"distance": 1.014214976844725, "on_path": 0, "source": 10, "target": 11}, {"distance": 2.013878751351749, "on_path": 0, "source": 10, "target": 18}, {"distance": 1.2064395879815, "on_path": 0, "source": 11, "target": 17}, {"distance": 1.1941012442686207, "on_path": 0, "source": 11, "target": 14}, {"distance": 1.2106383764910889, "on_path": 0, "source": 11, "target": 13}, {"distance": 1.1037664246371226, "on_path": 0, "source": 12, "target": 15}, {"distance": 1.1670040933803334, "on_path": 0, "source": 12, "target": 17}, {"distance": 0.36861860957097364, "on_path": 0, "source": 13, "target": 17}, {"distance": 1.8205136234837234, "on_path": 0, "source": 14, "target": 18}, {"distance": 0.07110974723810773, "on_path": 0, "source": 14, "target": 17}, {"distance": 0.8912088001509492, "on_path": 0, "source": 15, "target": 16}, {"distance": 0.8637377356754575, "on_path": 0, "source": 15, "target": 19}, {"distance": 0.45271694960960346, "on_path": 0, "source": 16, "target": 17}, {"distance": 1.519673364905939, "on_path": 0, "source": 18, "target": 19}]}