{"directed": false, "multigraph": false, "graph": {}, "nodes": [{"node_features": [0.0, 0.0], "id": 0}, {"node_features": [0.0, 0.0], "id": 1}, {"node_features": [0.0, 0.0], "id": 2}, {"node_features": [0.0, 0.0], "id": 3}, {"node_features": [0.0, 0.0], "id": 4}, {"node_features": [0.0, 0.0], "id": 5}, {"node_features": [0.0, 0.0], "id": 6}, {"node_features": [0.0, 0.0], "id": 7}, {"node_features": [0.0, 0.0], "id": 8}, {"node_features": [0.0, 0.0], "id": 9}, {"node_features": [0.0, 0.0], "id": 10}, {"node_features": [0.0, 0.0], "id": 11}, {"node_features": [0.0, 0.0], "id": 12}, {"node_features": [0.0, 0.0], "id": 13}, {"node_features": [0.0, 0.0], "id": 14}, {"node_features": [0.0, 1.0], "id": 15}, {"node_features": [0.0, 0.0], "id": 16}, {"node_features": [0.0, 0.0], "id": 17}, {"node_features": [0.0, 0.0], "id": 18}, {"node_features": [0.0, 0.0], "id": 19}, {"node_features": [0.0, 0.0], "id": 20}, {"node_features": [0.0, 0.0], "id": 21}, {"node_features": [0.0, 0.0], "id": 22}, {"node_features": [1.0, 0.0], "id": 23}, {"node_features": [0.0, 0.0], "id": 24}, {"node_features": [0.0, 0.0], "id": 25}, {"node_features": [0.0, 0.0], "id": 26}, {"node_features": [0.0, 0.0], "id": 27}, {"node_features": [0.0, 0.0], "id": 28}, {"node_features": [0.0, 0.0], "id": 29}, {"node_features": [0.0, 0.0], "id": 30}, {"node_features": [0.0, 0.0], "id": 31}, {"node_features": [0.0, 0.0], "id": 32}, {"node_features": [0.0, 0.0], "id": 33}, {"node_features": [0.0, 0.0], "id": 34}, {"node_features": [0.0, 0.0], "id": 35}, {"node_features": [0.0, 0.0], "id": 36}, {"node_features": [0.0, 0.0], "id": 37}, {"node_features": [0.0, 0.0], "id": 38}, {"node_features": [0.0, 0.0], "id": 39}, {"node_features": [0.0, 0.0], "id": 40}, {"node_features": [0.0, 0.0], "id": 41}, {"node_features": [0.0, 0.0], "id": 42}, {"node_features": [0.0, 0.0], "id": 43}, {"node_features": [0.0, 0.0], "id": 44}], "links": [{"distance": 1.4141107604735899, "on_path": 0, "source": 0, "target": 27}, {"distance": 1.541617412430005, "on_path": 0, "source": 0, "target": 21}, {"distance": 0.7156843446660568, "on_path": 0, "source": 0, "target": 4}, {"distance": 1.6867567769907925, "on_path": 0, "source": 0, "target": 28}, {"distance": 1.78708668241414, "on_path": 0, "source": 1, "target": 16}, {"distance": 0.5408238995431056, "on_path": 0, "source": 1, "target": 25}, {"distance": 1.960358083668619, "on_path": 0, "source": 1, "target": 2}, {"distance": 1.0299226783861837, "on_path": 1, "source": 2, "target": 32}, {"distance": 0.6036055934427823, "on_path": 1, "source": 2, "target": 22}, {"distance": 0.44705306973341774, "on_path": 0, "source": 2, "target": 27}, {"distance": 1.3468714285902368, "on_path": 0, "source": 2, "target": 8}, {"distance": 1.9071647924505817, "on_path": 0, "source": 3, "target": 28}, {"distance": 1.3566910891827133, "on_path": 0, "source": 3, "target": 36}, {"distance": 1.3046664044008083, "on_path": 0, "source": 4, "target": 26}, {"distance": 1.9920495989990816, "on_path": 0, "source": 4, "target": 12}, {"distance": 0.7944925692914865, "on_path": 0, "source": 4, "target": 29}, {"distance": 1.1707692159580714, "on_path": 0, "source": 4, "target": 35}, {"distance": 0.769817059627267, "on_path": 0, "source": 5, "target": 35}, {"distance": 1.5089929207214952, "on_path": 0, "source": 5, "target": 39}, {"distance": 1.5360816993435962, "on_path": 0, "source": 5, "target": 10}, {"distance": 1.4134505477487622, "on_path": 0, "source": 6, "target": 23}, {"distance": 0.3015115206773415, "on_path": 0, "source": 6, "target": 35}, {"distance": 0.7362376370878195, "on_path": 0, "source": 7, "target": 28}, {"distance": 1.0609834224724648, "on_path": 0, "source": 7, "target": 10}, {"distance": 0.6255554070740192, "on_path": 0, "source": 7, "target": 33}, {"distance": 0.7384974813916937, "on_path": 0, "source": 7, "target": 16}, {"distance": 1.3112003211216747, "on_path": 0, "source": 8, "target": 17}, {"distance": 0.5261719131421362, "on_path": 0, "source": 9, "target": 35}, {"distance": 1.5741040169665526, "on_path": 0, "source": 9, "target": 16}, {"distance": 1.413785225972089, "on_path": 0, "source": 9, "target": 32}, {"distance": 1.4937067565681297, "on_path": 0, "source": 9, "target": 38}, {"distance": 0.9724000522354899, "on_path": 0, "source": 9, "target": 43}, {"distance": 0.7922543428420863, "on_path": 0, "source": 9, "target": 20}, {"distance": 1.4446504607895496, "on_path": 0, "source": 9, "target": 12}, {"distance": 1.267558372612231, "on_path": 0, "source": 9, "target": 30}, {"distance": 1.3713295246040045, "on_path": 0, "source": 10, "target": 41}, {"distance": 0.5391121385597869, "on_path": 0, "source": 10, "target": 31}, {"distance": 1.4580087630900624, "on_path": 0, "source": 10, "target": 40}, {"distance": 1.0206146279689492, "on_path": 0, "source": 11, "target": 34}, {"distance": 0.4599141373400342, "on_path": 0, "source": 11, "target": 30}, {"distance": 0.8956316112639886, "on_path": 0, "source": 11, "target": 26}, {"distance": 1.2967139293955188, "on_path": 0, "source": 12, "target": 34}, {"distance": 1.4921562368442056, "on_path": 0, "source": 13, "target": 42}, {"distance": 0.21482576396020572, "on_path": 0, "source": 13, "target": 20}, {"distance": 0.9431542614693273, "on_path": 0, "source": 13, "target": 35}, {"distance": 1.9907043210640207, "on_path": 0, "source": 13, "target": 38}, {"distance": 0.7384542882297509, "on_path": 0, "source": 13, "target": 41}, {"distance": 1.8537450149485117, "on_path": 0, "source": 13, "target": 44}, {"distance": 0.35137044950810126, "on_path": 0, "source": 14, "target": 18}, {"distance": 0.9880626078071831, "on_path": 0, "source": 14, "target": 15}, {"distance": 1.0735016518180924, "on_path": 0, "source": 14, "target": 30}, {"distance": 1.1730287376183144, "on_path": 0, "source": 14, "target": 34}, {"distance": 0.23240067415662477, "on_path": 1, "source": 15, "target": 32}, {"distance": 0.28998019910155354, "on_path": 0, "source": 15, "target": 36}, {"distance": 1.2533827324070852, "on_path": 0, "source": 16, "target": 24}, {"distance": 2.124076236919229, "on_path": 0, "source": 16, "target": 40}, {"distance": 1.8085652666316405, "on_path": 0, "source": 16, "target": 42}, {"distance": 1.5724779457517577, "on_path": 0, "source": 16, "target": 29}, {"distance": 1.3635294025287477, "on_path": 0, "source": 16, "target": 33}, {"distance": 1.5911176944309366, "on_path": 0, "source": 17, "target": 23}, {"distance": 0.746074518719603, "on_path": 0, "source": 17, "target": 42}, {"distance": 1.3549139801755736, "on_path": 0, "source": 17, "target": 39}, {"distance": 0.9662996823703656, "on_path": 0, "source": 18, "target": 36}, {"distance": 1.1497645599858353, "on_path": 0, "source": 18, "target": 32}, {"distance": 1.026662984710567, "on_path": 0, "source": 18, "target": 39}, {"distance": 1.011305159933819, "on_path": 0, "source": 19, "target": 28}, {"distance": 0.33464949434707075, "on_path": 0, "source": 19, "target": 26}, {"distance": 0.4126618337725353, "on_path": 0, "source": 19, "target": 27}, {"distance": 0.6767918472910667, "on_path": 0, "source": 20, "target": 28}, {"distance": 1.8710511586222442, "on_path": 0, "source": 21, "target": 26}, {"distance": 1.3697539283447662, "on_path": 0, "source": 21, "target": 31}, {"distance": 1.3242995697832243, "on_path": 0, "source": 21, "target": 22}, {"distance": 1.2435830499205713, "on_path": 0, "source": 22, "target": 37}, {"distance": 1.3134930219307464, "on_path": 0, "source": 22, "target": 38}, {"distance": 1.0114118793068905, "on_path": 1, "source": 22, "target": 23}, {"distance": 1.2670290037336487, "on_path": 0, "source": 22, "target": 25}, {"distance": 0.20374744029687786, "on_path": 0, "source": 22, "target": 35}, {"distance": 1.36500272469439, "on_path": 0, "source": 23, "target": 30}, {"distance": 1.34998404251112, "on_path": 0, "source": 23, "target": 28}, {"distance": 0.6830613984287307, "on_path": 0, "source": 24, "target": 39}, {"distance": 1.493519389702964, "on_path": 0, "source": 25, "target": 36}, {"distance": 1.1491099429042588, "on_path": 0, "source": 26, "target": 42}, {"distance": 0.6814767815409745, "on_path": 0, "source": 27, "target": 36}, {"distance": 1.8065309759607695, "on_path": 0, "source": 28, "target": 34}, {"distance": 1.1222652390456958, "on_path": 0, "source": 30, "target": 39}, {"distance": 1.7293237063452265, "on_path": 0, "source": 30, "target": 32}, {"distance": 1.4597705360365236, "on_path": 0, "source": 33, "target": 37}, {"distance": 1.7405973034921276, "on_path": 0, "source": 38, "target": 43}, {"distance": 0.8243405436733326, "on_path": 0, "source": 39, "target": 43}, {"distance": 0.30618261926366297, "on_path": 0, "source": 40, "target": 44}]}