{"directed": false, "multigraph": false, "graph": {}, "nodes": [{"node_features": [0.0, 0.0], "id": 0}, {"node_features": [0.0, 0.0], "id": 1}, {"node_features": [0.0, 1.0], "id": 2}, {"node_features": [0.0, 0.0], "id": 3}, {"node_features": [0.0, 0.0], "id": 4}, {"node_features": [0.0, 0.0], "id": 5}, {"node_features": [0.0, 0.0], "id": 6}, {"node_features": [0.0, 0.0], "id": 7}, {"node_features": [0.0, 0.0], "id": 8}, {"node_features": [0.0, 0.0], "id": 9}, {"node_features": [0.0, 0.0], "id": 10}, {"node_features": [0.0, 0.0], "id": 11}, {"node_features": [0.0, 0.0], "id": 12}, {"node_features": [1.0, 0.0], "id": 13}, {"node_features": [0.0, 0.0], "id": 14}, {"node_features": [0.0, 0.0], "id": 15}, {"node_features": [0.0, 0.0], "id": 16}, {"node_features": [0.0, 0.0], "id": 17}, {"node_features": [0.0, 0.0], "id": 18}, {"node_features": [0.0, 0.0], "id": 19}, {"node_features": [0.0, 0.0], "id": 20}, {"node_features": [0.0, 0.0], "id": 21}, {"node_features": [0.0, 0.0], "id": 22}, {"node_features": [0.0, 0.0], "id": 23}, {"node_features": [0.0, 0.0], "id": 24}, {"node_features": [0.0, 0.0], "id": 25}, {"node_features": [0.0, 0.0], "id": 26}, {"node_features": [0.0, 0.0], "id": 27}, {"node_features": [0.0, 0.0], "id": 28}, {"node_features": [0.0, 0.0], "id": 29}, {"node_features": [0.0, 0.0], "id": 30}, {"node_features": [0.0, 0.0], "id": 31}, {"node_features": [0.0, 0.0], "id": 32}, {"node_features": [0.0, 0.0], "id": 33}, {"node_features": [0.0, 0.0], "id": 34}], "links": [{"distance": 1.1878330648291477, "on_path": 0, "source": 0, "target": 24}, {"distance": 0.6904465064724771, "on_path": 0, "source": 0, "target": 19}, {"distance": 0.8567981985481836, "on_path": 0, "source": 0, "target": 1}, {"distance": 0.9197540949287704, "on_path": 0, "source": 0, "target": 22}, {"distance": 1.39437554819263, "on_path": 0, "source": 1, "target": 24}, {"distance": 0.9593085937863292, "on_path": 0, "source": 1, "target": 14}, {"distance": 1.238278832807617, "on_path": 0, "source": 1, "target": 28}, {"distance": 1.1250147895717346, "on_path": 0, "source": 1, "target": 20}, {"distance": 0.9705251700122214, "on_path": 1, "source": 2, "target": 14}, {"distance": 1.2620661585463675, "on_path": 0, "source": 2, "target": 6}, {"distance": 0.5300634014298438, "on_path": 0, "source": 2, "target": 10}, {"distance": 0.9371226789912223, "on_path": 0, "source": 2, "target": 17}, {"distance": 0.6065580667276159, "on_path": 0, "source": 2, "target": 23}, {"distance": 0.7106944858104113, "on_path": 0, "source": 2, "target": 25}, {"distance": 0.6648088096518158, "on_path": 0, "source": 3, "target": 22}, {"distance": 0.92698775410147, "on_path": 0, "source": 3, "target": 24}, {"distance": 0.19988421863951802, "on_path": 0, "source": 3, "target": 30}, {"distance": 1.297178595682336, "on_path": 0, "source": 3, "target": 25}, {"distance": 1.2351718870892419, "on_path": 0, "source": 3, "target": 12}, {"distance": 0.4680681284271159, "on_path": 0, "source": 4, "target": 19}, {"distance": 1.2098228073128408, "on_path": 0, "source": 4, "target": 34}, {"distance": 1.5608484585423117, "on_path": 0, "source": 4, "target": 27}, {"distance": 0.6530458423767355, "on_path": 0, "source": 4, "target": 6}, {"distance": 0.7168138092628414, "on_path": 0, "source": 5, "target": 16}, {"distance": 0.41304895472057057, "on_path": 0, "source": 5, "target": 29}, {"distance": 0.7853863741692402, "on_path": 0, "source": 6, "target": 18}, {"distance": 1.5065484126898565, "on_path": 0, "source": 6, "target": 20}, {"distance": 1.0918906889913471, "on_path": 0, "source": 7, "target": 17}, {"distance": 1.4918357247530485, "on_path": 0, "source": 7, "target": 26}, {"distance": 1.8063501719300512, "on_path": 0, "source": 7, "target": 31}, {"distance": 0.9392565645080349, "on_path": 1, "source": 7, "target": 20}, {"distance": 0.433424947618573, "on_path": 1, "source": 7, "target": 14}, {"distance": 0.31262878522481363, "on_path": 0, "source": 8, "target": 22}, {"distance": 1.1640621476225423, "on_path": 0, "source": 8, "target": 23}, {"distance": 0.4458106385041233, "on_path": 0, "source": 9, "target": 24}, {"distance": 1.6245544178691098, "on_path": 0, "source": 9, "target": 15}, {"distance": 0.21687738318279837, "on_path": 0, "source": 10, "target": 16}, {"distance": 1.6611319678612075, "on_path": 0, "source": 10, "target": 24}, {"distance": 1.0547891310096442, "on_path": 0, "source": 11, "target": 34}, {"distance": 0.32614307771468737, "on_path": 0, "source": 11, "target": 25}, {"distance": 0.2550609254392765, "on_path": 0, "source": 11, "target": 16}, {"distance": 0.2828619517102736, "on_path": 0, "source": 11, "target": 23}, {"distance": 1.5733479782536546, "on_path": 0, "source": 12, "target": 21}, {"distance": 0.6616949908954347, "on_path": 0, "source": 12, "target": 13}, {"distance": 1.349572406224636, "on_path": 0, "source": 12, "target": 28}, {"distance": 0.670505392911486, "on_path": 1, "source": 13, "target": 20}, {"distance": 0.9765674135858307, "on_path": 0, "source": 13, "target": 30}, {"distance": 0.8037602139769506, "on_path": 0, "source": 14, "target": 15}, {"distance": 1.0005646827367733, "on_path": 0, "source": 15, "target": 33}, {"distance": 0.6567007415916044, "on_path": 0, "source": 15, "target": 32}, {"distance": 1.1323229157000576, "on_path": 0, "source": 16, "target": 27}, {"distance": 0.6130303613656599, "on_path": 0, "source": 16, "target": 17}, {"distance": 0.8247279199765373, "on_path": 0, "source": 18, "target": 33}, {"distance": 0.5927171820753275, "on_path": 0, "source": 18, "target": 27}, {"distance": 0.06622003059915783, "on_path": 0, "source": 18, "target": 29}, {"distance": 1.8364650451965854, "on_path": 0, "source": 19, "target": 25}, {"distance": 2.271225288365283, "on_path": 0, "source": 19, "target": 31}, {"distance": 0.8908528274025783, "on_path": 0, "source": 20, "target": 29}, {"distance": 1.669688922675133, "on_path": 0, "source": 21, "target": 25}, {"distance": 1.5401857550708091, "on_path": 0, "source": 21, "target": 26}, {"distance": 0.47650378806103094, "on_path": 0, "source": 22, "target": 34}, {"distance": 1.5196836471724597, "on_path": 0, "source": 22, "target": 25}, {"distance": 0.9587354541120857, "on_path": 0, "source": 25, "target": 29}, {"distance": 1.1004586779168632, "on_path": 0, "source": 26, "target": 27}, {"distance": 0.6283087056169419, "on_path": 0, "source": 26, "target": 31}, {"distance": 1.4101608661719014, "on_path": 0, "source": 27, "target": 33}, {"distance": 1.6812658148595772, "on_path": 0, "source": 28, "target": 33}, {"distance": 0.6065647521789097, "on_path": 0, "source": 29, "target": 32}, {"distance": 0.2555124401968612, "on_path": 0, "source": 29, "target": 34}, {"distance": 1.0425966660575277, "on_path": 0, "source": 33, "target": 34}]}