{"directed": false, "multigraph": false, "graph": {}, "nodes": [{"node_features": [0.0, 0.0], "id": 0}, {"node_features": [0.0, 0.0], "id": 1}, {"node_features": [0.0, 1.0], "id": 2}, {"node_features": [0.0, 0.0], "id": 3}, {"node_features": [0.0, 0.0], "id": 4}, {"node_features": [1.0, 0.0], "id": 5}, {"node_features": [0.0, 0.0], "id": 6}, {"node_features": [0.0, 0.0], "id": 7}, {"node_features": [0.0, 0.0], "id": 8}, {"node_features": [0.0, 0.0], "id": 9}, {"node_features": [0.0, 0.0], "id": 10}, {"node_features": [0.0, 0.0], "id": 11}, {"node_features": [0.0, 0.0], "id": 12}, {"node_features": [0.0, 0.0], "id": 13}, {"node_features": [0.0, 0.0], "id": 14}, {"node_features": [0.0, 0.0], "id": 15}, {"node_features": [0.0, 0.0], "id": 16}, {"node_features": [0.0, 0.0], "id": 17}, {"node_features": [0.0, 0.0], "id": 18}, {"node_features": [0.0, 0.0], "id": 19}, {"node_features": [0.0, 0.0], "id": 20}, {"node_features": [0.0, 0.0], "id": 21}, {"node_features": [0.0, 0.0], "id": 22}, {"node_features": [0.0, 0.0], "id": 23}, {"node_features": [0.0, 0.0], "id": 24}, {"node_features": [0.0, 0.0], "id": 25}, {"node_features": [0.0, 0.0], "id": 26}, {"node_features": [0.0, 0.0], "id": 27}, {"node_features": [0.0, 0.0], "id": 28}, {"node_features": [0.0, 0.0], "id": 29}, {"node_features": [0.0, 0.0], "id": 30}, {"node_features": [0.0, 0.0], "id": 31}, {"node_features": [0.0, 0.0], "id": 32}, {"node_features": [0.0, 0.0], "id": 33}, {"node_features": [0.0, 0.0], "id": 34}, {"node_features": [0.0, 0.0], "id": 35}, {"node_features": [0.0, 0.0], "id": 36}, {"node_features": [0.0, 0.0], "id": 37}, {"node_features": [0.0, 0.0], "id": 38}], "links": [{"distance": 1.3802504128620643, "on_path": 0, "source": 0, "target": 9}, {"distance": 0.6943768482585932, "on_path": 0, "source": 0, "target": 1}, {"distance": 0.6816334016444863, "on_path": 0, "source": 0, "target": 13}, {"distance": 0.5190552819374559, "on_path": 0, "source": 0, "target": 18}, {"distance": 0.8773379436438343, "on_path": 0, "source": 0, "target": 21}, {"distance": 0.7746638465809106, "on_path": 0, "source": 1, "target": 17}, {"distance": 2.142907301531565, "on_path": 0, "source": 1, "target": 35}, {"distance": 1.8357135194867638, "on_path": 0, "source": 1, "target": 16}, {"distance": 1.3437723121310738, "on_path": 0, "source": 1, "target": 5}, {"distance": 0.46252336948269207, "on_path": 1, "source": 2, "target": 34}, {"distance": 1.313220169556594, "on_path": 0, "source": 2, "target": 22}, {"distance": 1.5637956043192462, "on_path": 0, "source": 3, "target": 6}, {"distance": 1.4649414594109398, "on_path": 0, "source": 3, "target": 27}, {"distance": 1.1246927907217892, "on_path": 0, "source": 4, "target": 19}, {"distance": 1.6378922872779553, "on_path": 0, "source": 4, "target": 30}, {"distance": 1.490050584247593, "on_path": 0, "source": 4, "target": 31}, {"distance": 0.9755099447220894, "on_path": 1, "source": 5, "target": 18}, {"distance": 1.0500113323837048, "on_path": 0, "source": 5, "target": 16}, {"distance": 0.9968934003434089, "on_path": 0, "source": 6, "target": 15}, {"distance": 0.1911272275251226, "on_path": 0, "source": 6, "target": 33}, {"distance": 0.45139511611316036, "on_path": 0, "source": 6, "target": 13}, {"distance": 1.5573864960582995, "on_path": 0, "source": 6, "target": 12}, {"distance": 0.41540129920967933, "on_path": 0, "source": 7, "target": 17}, {"distance": 0.21780861746557062, "on_path": 0, "source": 7, "target": 11}, {"distance": 1.1595187107981964, "on_path": 0, "source": 7, "target": 29}, {"distance": 1.2340998389507394, "on_path": 0, "source": 8, "target": 20}, {"distance": 1.5118788828024767, "on_path": 0, "source": 8, "target": 13}, {"distance": 0.13800107407010523, "on_path": 0, "source": 8, "target": 16}, {"distance": 1.5245645067444327, "on_path": 0, "source": 9, "target": 26}, {"distance": 0.5067729604365583, "on_path": 0, "source": 9, "target": 35}, {"distance": 1.1356660963399174, "on_path": 0, "source": 9, "target": 15}, {"distance": 0.6302244196173783, "on_path": 0, "source": 10, "target": 17}, {"distance": 0.8966329539187209, "on_path": 0, "source": 10, "target": 25}, {"distance": 0.9368365724042262, "on_path": 0, "source": 10, "target": 33}, {"distance": 0.9325159090035406, "on_path": 0, "source": 11, "target": 35}, {"distance": 0.5435932304251835, "on_path": 0, "source": 11, "target": 30}, {"distance": 1.740073788961398, "on_path": 0, "source": 12, "target": 26}, {"distance": 0.09020924075658163, "on_path": 1, "source": 12, "target": 18}, {"distance": 0.5350401072372105, "on_path": 1, "source": 12, "target": 34}, {"distance": 1.1634822128178692, "on_path": 0, "source": 12, "target": 13}, {"distance": 0.340560761122058, "on_path": 0, "source": 13, "target": 20}, {"distance": 1.2750202227600465, "on_path": 0, "source": 13, "target": 24}, {"distance": 0.7552566759681981, "on_path": 0, "source": 13, "target": 28}, {"distance": 1.5028975169769359, "on_path": 0, "source": 14, "target": 33}, {"distance": 0.36986678785689625, "on_path": 0, "source": 14, "target": 31}, {"distance": 1.2514677722221907, "on_path": 0, "source": 14, "target": 23}, {"distance": 1.4380176363812889, "on_path": 0, "source": 14, "target": 25}, {"distance": 0.38938768006977803, "on_path": 0, "source": 15, "target": 25}, {"distance": 0.38285679555879226, "on_path": 0, "source": 16, "target": 24}, {"distance": 0.571602985860823, "on_path": 0, "source": 16, "target": 27}, {"distance": 1.689405820631131, "on_path": 0, "source": 16, "target": 32}, {"distance": 0.5673326263928501, "on_path": 0, "source": 16, "target": 31}, {"distance": 1.2184306312620605, "on_path": 0, "source": 17, "target": 21}, {"distance": 1.2699241271799802, "on_path": 0, "source": 17, "target": 37}, {"distance": 0.7373076137320729, "on_path": 0, "source": 17, "target": 33}, {"distance": 0.9289759351345153, "on_path": 0, "source": 17, "target": 26}, {"distance": 1.6054431244936693, "on_path": 0, "source": 18, "target": 24}, {"distance": 0.7322210242689402, "on_path": 0, "source": 19, "target": 25}, {"distance": 0.937094223080657, "on_path": 0, "source": 19, "target": 35}, {"distance": 0.1847083020293224, "on_path": 0, "source": 20, "target": 33}, {"distance": 2.074483294101615, "on_path": 0, "source": 21, "target": 26}, {"distance": 1.7972119170281668, "on_path": 0, "source": 21, "target": 22}, {"distance": 0.8533266945539721, "on_path": 0, "source": 21, "target": 34}, {"distance": 1.1397272041589301, "on_path": 0, "source": 22, "target": 28}, {"distance": 0.5039116653258954, "on_path": 0, "source": 23, "target": 36}, {"distance": 1.259407780925788, "on_path": 0, "source": 24, "target": 28}, {"distance": 0.9488910665257582, "on_path": 0, "source": 24, "target": 38}, {"distance": 1.2119277470851688, "on_path": 0, "source": 25, "target": 29}, {"distance": 1.0236238834403697, "on_path": 0, "source": 27, "target": 34}, {"distance": 1.465259438584211, "on_path": 0, "source": 28, "target": 29}, {"distance": 1.2290627575019848, "on_path": 0, "source": 28, "target": 36}, {"distance": 1.315509233119935, "on_path": 0, "source": 29, "target": 32}, {"distance": 0.35274825915221575, "on_path": 0, "source": 30, "target": 31}, {"distance": 1.1545031482458197, "on_path": 0, "source": 30, "target": 34}, {"distance": 0.8204959791119202, "on_path": 0, "source": 30, "target": 36}, {"distance": 1.7081819699544776, "on_path": 0, "source": 33, "target": 38}, {"distance": 1.5201275551583333, "on_path": 0, "source": 34, "target": 37}, {"distance": 0.36704940791402746, "on_path": 0, "source": 35, "target": 36}]}