{"directed": false, "multigraph": false, "graph": {}, "nodes": [{"node_features": [0.0, 0.0], "id": 0}, {"node_features": [0.0, 0.0], "id": 1}, {"node_features": [0.0, 0.0], "id": 2}, {"node_features": [0.0, 0.0], "id": 3}, {"node_features": [0.0, 0.0], "id": 4}, {"node_features": [0.0, 0.0], "id": 5}, {"node_features": [0.0, 0.0], "id": 6}, {"node_features": [0.0, 0.0], "id": 7}, {"node_features": [0.0, 0.0], "id": 8}, {"node_features": [0.0, 0.0], "id": 9}, {"node_features": [0.0, 0.0], "id": 10}, {"node_features": [0.0, 1.0], "id": 11}, {"node_features": [0.0, 0.0], "id": 12}, {"node_features": [0.0, 0.0], "id": 13}, {"node_features": [0.0, 0.0], "id": 14}, {"node_features": [0.0, 0.0], "id": 15}, {"node_features": [0.0, 0.0], "id": 16}, {"node_features": [0.0, 0.0], "id": 17}, {"node_features": [1.0, 0.0], "id": 18}, {"node_features": [0.0, 0.0], "id": 19}, {"node_features": [0.0, 0.0], "id": 20}, {"node_features": [0.0, 0.0], "id": 21}, {"node_features": [0.0, 0.0], "id": 22}, {"node_features": [0.0, 0.0], "id": 23}, {"node_features": [0.0, 0.0], "id": 24}, {"node_features": [0.0, 0.0], "id": 25}, {"node_features": [0.0, 0.0], "id": 26}, {"node_features": [0.0, 0.0], "id": 27}, {"node_features": [0.0, 0.0], "id": 28}], "links": [{"distance": 1.7034939931691995, "on_path": 0, "source": 0, "target": 4}, {"distance": 2.1918191064674635, "on_path": 0, "source": 0, "target": 21}, {"distance": 0.720677422798887, "on_path": 0, "source": 0, "target": 16}, {"distance": 1.227011225885121, "on_path": 0, "source": 1, "target": 16}, {"distance": 0.6255085516957432, "on_path": 0, "source": 1, "target": 4}, {"distance": 1.1192009627021096, "on_path": 0, "source": 1, "target": 17}, {"distance": 0.9519029629094801, "on_path": 0, "source": 1, "target": 7}, {"distance": 1.7680758327928607, "on_path": 0, "source": 1, "target": 14}, {"distance": 0.8519542713178669, "on_path": 0, "source": 2, "target": 21}, {"distance": 1.369916788731108, "on_path": 0, "source": 2, "target": 25}, {"distance": 0.985027053816918, "on_path": 0, "source": 2, "target": 24}, {"distance": 1.8297871045897272, "on_path": 0, "source": 3, "target": 8}, {"distance": 0.9113862490398558, "on_path": 0, "source": 3, "target": 19}, {"distance": 1.5608270090064122, "on_path": 0, "source": 3, "target": 18}, {"distance": 0.753689533081764, "on_path": 0, "source": 3, "target": 15}, {"distance": 1.3878026223652609, "on_path": 0, "source": 4, "target": 11}, {"distance": 1.2147060808600918, "on_path": 0, "source": 4, "target": 18}, {"distance": 0.13287296602766976, "on_path": 0, "source": 5, "target": 15}, {"distance": 0.7320686555573414, "on_path": 0, "source": 5, "target": 20}, {"distance": 1.1902901905991423, "on_path": 0, "source": 5, "target": 21}, {"distance": 0.10715223423269063, "on_path": 1, "source": 6, "target": 11}, {"distance": 0.4586638457821935, "on_path": 1, "source": 6, "target": 23}, {"distance": 0.36350962617522115, "on_path": 0, "source": 6, "target": 15}, {"distance": 1.0501432845995773, "on_path": 0, "source": 6, "target": 10}, {"distance": 1.355132157858746, "on_path": 0, "source": 6, "target": 24}, {"distance": 1.738036555311191, "on_path": 0, "source": 7, "target": 16}, {"distance": 0.3216686795623485, "on_path": 0, "source": 7, "target": 24}, {"distance": 1.8132704184453214, "on_path": 0, "source": 8, "target": 24}, {"distance": 0.23488850572461964, "on_path": 0, "source": 8, "target": 9}, {"distance": 1.0367229190016145, "on_path": 0, "source": 8, "target": 11}, {"distance": 1.190401339423166, "on_path": 0, "source": 8, "target": 16}, {"distance": 1.8101833358019292, "on_path": 0, "source": 8, "target": 25}, {"distance": 0.555102025995528, "on_path": 0, "source": 9, "target": 18}, {"distance": 1.891215494939152, "on_path": 0, "source": 9, "target": 12}, {"distance": 1.4289148251399773, "on_path": 0, "source": 10, "target": 26}, {"distance": 0.6276418280257727, "on_path": 0, "source": 10, "target": 20}, {"distance": 0.7578460847542723, "on_path": 0, "source": 11, "target": 28}, {"distance": 0.6085398260562034, "on_path": 0, "source": 11, "target": 27}, {"distance": 0.8273286684188, "on_path": 0, "source": 12, "target": 15}, {"distance": 0.7618123504293336, "on_path": 0, "source": 12, "target": 19}, {"distance": 1.454025431033638, "on_path": 0, "source": 13, "target": 24}, {"distance": 0.2539459378620442, "on_path": 1, "source": 13, "target": 18}, {"distance": 0.706440583923464, "on_path": 1, "source": 13, "target": 23}, {"distance": 0.4877810939594723, "on_path": 0, "source": 14, "target": 26}, {"distance": 1.1794633973298767, "on_path": 0, "source": 15, "target": 21}, {"distance": 0.13731586784252334, "on_path": 0, "source": 15, "target": 23}, {"distance": 0.786272754509408, "on_path": 0, "source": 15, "target": 25}, {"distance": 0.3738929540899525, "on_path": 0, "source": 15, "target": 27}, {"distance": 1.0578121628416708, "on_path": 0, "source": 16, "target": 27}, {"distance": 1.5951153952130053, "on_path": 0, "source": 17, "target": 26}, {"distance": 0.40646124808827305, "on_path": 0, "source": 17, "target": 24}, {"distance": 1.8411183739666854, "on_path": 0, "source": 21, "target": 22}, {"distance": 0.2460686607809681, "on_path": 0, "source": 21, "target": 24}, {"distance": 0.9534512429979582, "on_path": 0, "source": 21, "target": 27}, {"distance": 1.0339446481336525, "on_path": 0, "source": 22, "target": 23}, {"distance": 1.6604496154210138, "on_path": 0, "source": 22, "target": 28}, {"distance": 1.3046230744997478, "on_path": 0, "source": 24, "target": 26}, {"distance": 0.5783574310023266, "on_path": 0, "source": 26, "target": 27}]}