{"directed": false, "multigraph": false, "graph": {}, "nodes": [{"node_features": [0.0, 0.0], "id": 0}, {"node_features": [0.0, 0.0], "id": 1}, {"node_features": [0.0, 0.0], "id": 2}, {"node_features": [0.0, 0.0], "id": 3}, {"node_features": [0.0, 0.0], "id": 4}, {"node_features": [0.0, 0.0], "id": 5}, {"node_features": [0.0, 0.0], "id": 6}, {"node_features": [0.0, 0.0], "id": 7}, {"node_features": [0.0, 0.0], "id": 8}, {"node_features": [0.0, 0.0], "id": 9}, {"node_features": [0.0, 0.0], "id": 10}, {"node_features": [0.0, 0.0], "id": 11}, {"node_features": [0.0, 0.0], "id": 12}, {"node_features": [0.0, 0.0], "id": 13}, {"node_features": [0.0, 0.0], "id": 14}, {"node_features": [0.0, 0.0], "id": 15}, {"node_features": [0.0, 0.0], "id": 16}, {"node_features": [0.0, 1.0], "id": 17}, {"node_features": [0.0, 0.0], "id": 18}, {"node_features": [1.0, 0.0], "id": 19}, {"node_features": [0.0, 0.0], "id": 20}, {"node_features": [0.0, 0.0], "id": 21}, {"node_features": [0.0, 0.0], "id": 22}, {"node_features": [0.0, 0.0], "id": 23}, {"node_features": [0.0, 0.0], "id": 24}, {"node_features": [0.0, 0.0], "id": 25}, {"node_features": [0.0, 0.0], "id": 26}, {"node_features": [0.0, 0.0], "id": 27}, {"node_features": [0.0, 0.0], "id": 28}, {"node_features": [0.0, 0.0], "id": 29}, {"node_features": [0.0, 0.0], "id": 30}, {"node_features": [0.0, 0.0], "id": 31}, {"node_features": [0.0, 0.0], "id": 32}, {"node_features": [0.0, 0.0], "id": 33}, {"node_features": [0.0, 0.0], "id": 34}, {"node_features": [0.0, 0.0], "id": 35}, {"node_features": [0.0, 0.0], "id": 36}, {"node_features": [0.0, 0.0], "id": 37}, {"node_features": [0.0, 0.0], "id": 38}, {"node_features": [0.0, 0.0], "id": 39}, {"node_features": [0.0, 0.0], "id": 40}, {"node_features": [0.0, 0.0], "id": 41}, {"node_features": [0.0, 0.0], "id": 42}, {"node_features": [0.0, 0.0], "id": 43}, {"node_features": [0.0, 0.0], "id": 44}, {"node_features": [0.0, 0.0], "id": 45}, {"node_features": [0.0, 0.0], "id": 46}], "links": [{"distance": 0.1653285415064082, "on_path": 0, "source": 0, "target": 6}, {"distance": 1.447834831233008, "on_path": 0, "source": 0, "target": 34}, {"distance": 0.90448464114131, "on_path": 0, "source": 0, "target": 38}, {"distance": 1.1486638785997536, "on_path": 0, "source": 0, "target": 10}, {"distance": 0.8506930081842082, "on_path": 0, "source": 1, "target": 17}, {"distance": 1.097174373323147, "on_path": 0, "source": 1, "target": 9}, {"distance": 1.3921489810808698, "on_path": 0, "source": 1, "target": 2}, {"distance": 0.2870323173683231, "on_path": 0, "source": 1, "target": 11}, {"distance": 1.0288733036810052, "on_path": 0, "source": 2, "target": 36}, {"distance": 1.5599990358139757, "on_path": 0, "source": 2, "target": 11}, {"distance": 1.5682385958773488, "on_path": 0, "source": 2, "target": 22}, {"distance": 1.1329506729785326, "on_path": 0, "source": 3, "target": 6}, {"distance": 1.2751945020246331, "on_path": 0, "source": 3, "target": 12}, {"distance": 0.5380951726392369, "on_path": 0, "source": 3, "target": 28}, {"distance": 0.4203666701033588, "on_path": 0, "source": 4, "target": 32}, {"distance": 0.4494468473226256, "on_path": 0, "source": 4, "target": 13}, {"distance": 1.465390874114845, "on_path": 0, "source": 4, "target": 33}, {"distance": 1.7831548686425265, "on_path": 0, "source": 4, "target": 44}, {"distance": 0.9307192799075694, "on_path": 0, "source": 5, "target": 37}, {"distance": 0.8523116777978462, "on_path": 0, "source": 5, "target": 43}, {"distance": 0.33893165021001453, "on_path": 0, "source": 5, "target": 25}, {"distance": 0.9622061589873849, "on_path": 0, "source": 5, "target": 34}, {"distance": 1.3463953963853637, "on_path": 0, "source": 6, "target": 34}, {"distance": 0.987933715896117, "on_path": 0, "source": 6, "target": 19}, {"distance": 0.9847197013214123, "on_path": 0, "source": 6, "target": 16}, {"distance": 1.0237870246450935, "on_path": 0, "source": 6, "target": 42}, {"distance": 1.387541142044337, "on_path": 0, "source": 7, "target": 19}, {"distance": 1.1600208192235995, "on_path": 0, "source": 7, "target": 8}, {"distance": 0.7303247845997184, "on_path": 0, "source": 7, "target": 36}, {"distance": 1.081354372778446, "on_path": 0, "source": 8, "target": 20}, {"distance": 0.17057139578719993, "on_path": 0, "source": 8, "target": 43}, {"distance": 1.0014399607346507, "on_path": 0, "source": 9, "target": 16}, {"distance": 1.0833654541279536, "on_path": 0, "source": 9, "target": 40}, {"distance": 0.6954266262950957, "on_path": 0, "source": 9, "target": 41}, {"distance": 1.5840819441106124, "on_path": 0, "source": 9, "target": 32}, {"distance": 1.2074014178703614, "on_path": 0, "source": 9, "target": 37}, {"distance": 1.3487478912304227, "on_path": 0, "source": 10, "target": 42}, {"distance": 1.698842005919687, "on_path": 0, "source": 10, "target": 37}, {"distance": 0.9789303605124315, "on_path": 0, "source": 10, "target": 15}, {"distance": 1.292242101361853, "on_path": 0, "source": 11, "target": 23}, {"distance": 0.7834270111290507, "on_path": 0, "source": 11, "target": 28}, {"distance": 1.4218726525082819, "on_path": 0, "source": 11, "target": 45}, {"distance": 1.2990160314111616, "on_path": 0, "source": 12, "target": 31}, {"distance": 0.3026682423925258, "on_path": 0, "source": 12, "target": 37}, {"distance": 0.4584305617239405, "on_path": 0, "source": 12, "target": 42}, {"distance": 0.901128778018937, "on_path": 0, "source": 12, "target": 46}, {"distance": 0.5565750420989866, "on_path": 0, "source": 12, "target": 24}, {"distance": 0.5471774179352797, "on_path": 0, "source": 12, "target": 39}, {"distance": 1.3378359522719547, "on_path": 0, "source": 13, "target": 24}, {"distance": 1.3280781802260515, "on_path": 0, "source": 13, "target": 36}, {"distance": 0.7147369847528166, "on_path": 0, "source": 13, "target": 14}, {"distance": 1.3268624714231996, "on_path": 0, "source": 13, "target": 38}, {"distance": 0.7528728613405983, "on_path": 0, "source": 14, "target": 42}, {"distance": 1.5644533504306064, "on_path": 0, "source": 14, "target": 35}, {"distance": 1.0019099391604223, "on_path": 0, "source": 14, "target": 36}, {"distance": 0.7747538247935394, "on_path": 0, "source": 15, "target": 41}, {"distance": 0.5861738179178905, "on_path": 0, "source": 16, "target": 19}, {"distance": 0.43437842130399174, "on_path": 0, "source": 16, "target": 35}, {"distance": 0.716753601408637, "on_path": 0, "source": 17, "target": 40}, {"distance": 0.8941222491541218, "on_path": 0, "source": 17, "target": 26}, {"distance": 0.8078177152678172, "on_path": 0, "source": 17, "target": 27}, {"distance": 0.20983229030934022, "on_path": 1, "source": 17, "target": 36}, {"distance": 1.5636290498572185, "on_path": 0, "source": 18, "target": 30}, {"distance": 1.3459278470761358, "on_path": 0, "source": 18, "target": 33}, {"distance": 0.7433311432092106, "on_path": 0, "source": 18, "target": 29}, {"distance": 0.5693401068703478, "on_path": 1, "source": 19, "target": 41}, {"distance": 1.9192110403766105, "on_path": 0, "source": 19, "target": 45}, {"distance": 0.4475035023095666, "on_path": 0, "source": 20, "target": 34}, {"distance": 1.1730597603076636, "on_path": 0, "source": 20, "target": 32}, {"distance": 0.7108935161778782, "on_path": 1, "source": 20, "target": 41}, {"distance": 0.5363403197170356, "on_path": 0, "source": 20, "target": 29}, {"distance": 0.5982905566633873, "on_path": 1, "source": 20, "target": 36}, {"distance": 0.8035444678390208, "on_path": 0, "source": 21, "target": 36}, {"distance": 1.4432456688689566, "on_path": 0, "source": 21, "target": 39}, {"distance": 0.4451491496671092, "on_path": 0, "source": 22, "target": 41}, {"distance": 1.6370534793020837, "on_path": 0, "source": 22, "target": 45}, {"distance": 1.1497675720258091, "on_path": 0, "source": 23, "target": 45}, {"distance": 0.17819878632552708, "on_path": 0, "source": 24, "target": 42}, {"distance": 0.9956885218577526, "on_path": 0, "source": 24, "target": 26}, {"distance": 1.1466976418826504, "on_path": 0, "source": 25, "target": 43}, {"distance": 0.9676106638605442, "on_path": 0, "source": 25, "target": 31}, {"distance": 0.5689885442427096, "on_path": 0, "source": 27, "target": 38}, {"distance": 1.249042545420635, "on_path": 0, "source": 28, "target": 31}, {"distance": 1.2012449486185124, "on_path": 0, "source": 29, "target": 45}, {"distance": 1.1949366736100424, "on_path": 0, "source": 29, "target": 39}, {"distance": 1.3522355467794918, "on_path": 0, "source": 30, "target": 41}, {"distance": 1.918060263481835, "on_path": 0, "source": 30, "target": 38}, {"distance": 0.790126749221836, "on_path": 0, "source": 30, "target": 46}, {"distance": 0.6661271380845927, "on_path": 0, "source": 31, "target": 36}, {"distance": 0.7567536472753734, "on_path": 0, "source": 35, "target": 46}, {"distance": 0.8534660034421093, "on_path": 0, "source": 36, "target": 44}, {"distance": 0.0935018701310985, "on_path": 0, "source": 37, "target": 45}, {"distance": 1.0069627254012952, "on_path": 0, "source": 40, "target": 46}, {"distance": 0.9234801296822471, "on_path": 0, "source": 41, "target": 42}]}