{"directed": false, "multigraph": false, "graph": {}, "nodes": [{"node_features": [0.0, 0.0], "id": 0}, {"node_features": [0.0, 0.0], "id": 1}, {"node_features": [0.0, 0.0], "id": 2}, {"node_features": [0.0, 0.0], "id": 3}, {"node_features": [0.0, 0.0], "id": 4}, {"node_features": [0.0, 0.0], "id": 5}, {"node_features": [0.0, 0.0], "id": 6}, {"node_features": [0.0, 0.0], "id": 7}, {"node_features": [0.0, 0.0], "id": 8}, {"node_features": [0.0, 0.0], "id": 9}, {"node_features": [0.0, 0.0], "id": 10}, {"node_features": [0.0, 0.0], "id": 11}, {"node_features": [0.0, 0.0], "id": 12}, {"node_features": [0.0, 0.0], "id": 13}, {"node_features": [0.0, 0.0], "id": 14}, {"node_features": [0.0, 0.0], "id": 15}, {"node_features": [0.0, 0.0], "id": 16}, {"node_features": [0.0, 0.0], "id": 17}, {"node_features": [0.0, 0.0], "id": 18}, {"node_features": [0.0, 0.0], "id": 19}, {"node_features": [0.0, 0.0], "id": 20}, {"node_features": [0.0, 0.0], "id": 21}, {"node_features": [0.0, 0.0], "id": 22}, {"node_features": [0.0, 0.0], "id": 23}, {"node_features": [1.0, 0.0], "id": 24}, {"node_features": [0.0, 0.0], "id": 25}, {"node_features": [0.0, 1.0], "id": 26}, {"node_features": [0.0, 0.0], "id": 27}, {"node_features": [0.0, 0.0], "id": 28}], "links": [{"distance": 1.2385049973051254, "on_path": 0, "source": 0, "target": 17}, {"distance": 1.9412206415223514, "on_path": 0, "source": 0, "target": 28}, {"distance": 0.5618657974691142, "on_path": 0, "source": 1, "target": 23}, {"distance": 0.5202707301103124, "on_path": 0, "source": 1, "target": 21}, {"distance": 0.5205218181950372, "on_path": 0, "source": 1, "target": 18}, {"distance": 1.569025145288838, "on_path": 0, "source": 1, "target": 11}, {"distance": 1.5828114525520325, "on_path": 0, "source": 1, "target": 26}, {"distance": 1.4486402685098156, "on_path": 0, "source": 2, "target": 16}, {"distance": 1.1373377238632565, "on_path": 0, "source": 2, "target": 7}, {"distance": 1.2444622306943123, "on_path": 0, "source": 2, "target": 18}, {"distance": 1.2547297113901565, "on_path": 0, "source": 2, "target": 22}, {"distance": 1.5338403775808647, "on_path": 0, "source": 2, "target": 6}, {"distance": 0.8768013672554905, "on_path": 0, "source": 2, "target": 24}, {"distance": 0.8765236253417945, "on_path": 0, "source": 2, "target": 27}, {"distance": 1.0018507057021573, "on_path": 0, "source": 3, "target": 17}, {"distance": 1.0198409505886985, "on_path": 0, "source": 3, "target": 8}, {"distance": 0.9176924374350434, "on_path": 0, "source": 3, "target": 9}, {"distance": 0.7834729026394555, "on_path": 0, "source": 4, "target": 9}, {"distance": 0.6519412413147713, "on_path": 0, "source": 4, "target": 8}, {"distance": 1.681263087890251, "on_path": 0, "source": 4, "target": 13}, {"distance": 1.350661658320593, "on_path": 0, "source": 5, "target": 15}, {"distance": 0.4444162728053493, "on_path": 0, "source": 5, "target": 25}, {"distance": 0.7256030681943216, "on_path": 0, "source": 5, "target": 26}, {"distance": 0.41701172143189, "on_path": 0, "source": 5, "target": 12}, {"distance": 0.8349082010217075, "on_path": 0, "source": 6, "target": 11}, {"distance": 0.6680709340479947, "on_path": 0, "source": 6, "target": 16}, {"distance": 0.4517912733371748, "on_path": 0, "source": 6, "target": 19}, {"distance": 1.0019295389150853, "on_path": 0, "source": 7, "target": 12}, {"distance": 0.42196405450234703, "on_path": 0, "source": 7, "target": 26}, {"distance": 1.4413413009846212, "on_path": 0, "source": 7, "target": 23}, {"distance": 0.5581405242113632, "on_path": 0, "source": 8, "target": 16}, {"distance": 0.17434921067260914, "on_path": 1, "source": 8, "target": 9}, {"distance": 0.6166881205504207, "on_path": 1, "source": 8, "target": 27}, {"distance": 0.8319402209349345, "on_path": 0, "source": 8, "target": 28}, {"distance": 0.7063722082191035, "on_path": 0, "source": 9, "target": 20}, {"distance": 0.326200748738484, "on_path": 1, "source": 9, "target": 24}, {"distance": 1.2105479699140174, "on_path": 0, "source": 9, "target": 18}, {"distance": 1.0772094933520417, "on_path": 0, "source": 9, "target": 21}, {"distance": 0.3770010035751155, "on_path": 0, "source": 10, "target": 28}, {"distance": 0.9441958460367269, "on_path": 0, "source": 10, "target": 17}, {"distance": 0.4520176526597428, "on_path": 0, "source": 10, "target": 15}, {"distance": 0.18293789220246573, "on_path": 1, "source": 11, "target": 26}, {"distance": 0.49886609311286817, "on_path": 1, "source": 11, "target": 27}, {"distance": 0.809882126215873, "on_path": 0, "source": 11, "target": 20}, {"distance": 0.4141129237150579, "on_path": 0, "source": 13, "target": 21}, {"distance": 0.2348875425693056, "on_path": 0, "source": 14, "target": 27}, {"distance": 1.5151896685132589, "on_path": 0, "source": 14, "target": 18}, {"distance": 1.7712243259043872, "on_path": 0, "source": 15, "target": 25}, {"distance": 0.7169666057929451, "on_path": 0, "source": 15, "target": 23}, {"distance": 0.7861444980630842, "on_path": 0, "source": 16, "target": 27}, {"distance": 0.6923016401919108, "on_path": 0, "source": 16, "target": 24}, {"distance": 0.9765280438282937, "on_path": 0, "source": 17, "target": 21}, {"distance": 0.6993376968856551, "on_path": 0, "source": 17, "target": 27}, {"distance": 0.6844385493085896, "on_path": 0, "source": 19, "target": 25}, {"distance": 1.1735094749946604, "on_path": 0, "source": 20, "target": 22}, {"distance": 0.8517252582187743, "on_path": 0, "source": 20, "target": 25}, {"distance": 1.4137468646971851, "on_path": 0, "source": 23, "target": 27}, {"distance": 1.1592577090292502, "on_path": 0, "source": 25, "target": 28}]}