{"directed": false, "multigraph": false, "graph": {}, "nodes": [{"node_features": [0.0, 0.0], "id": 0}, {"node_features": [0.0, 0.0], "id": 1}, {"node_features": [0.0, 0.0], "id": 2}, {"node_features": [0.0, 0.0], "id": 3}, {"node_features": [0.0, 0.0], "id": 4}, {"node_features": [0.0, 0.0], "id": 5}, {"node_features": [0.0, 0.0], "id": 6}, {"node_features": [0.0, 0.0], "id": 7}, {"node_features": [0.0, 0.0], "id": 8}, {"node_features": [0.0, 0.0], "id": 9}, {"node_features": [0.0, 0.0], "id": 10}, {"node_features": [0.0, 0.0], "id": 11}, {"node_features": [0.0, 0.0], "id": 12}, {"node_features": [0.0, 0.0], "id": 13}, {"node_features": [0.0, 0.0], "id": 14}, {"node_features": [0.0, 0.0], "id": 15}, {"node_features": [0.0, 0.0], "id": 16}, {"node_features": [0.0, 0.0], "id": 17}, {"node_features": [0.0, 0.0], "id": 18}, {"node_features": [0.0, 0.0], "id": 19}, {"node_features": [0.0, 0.0], "id": 20}, {"node_features": [0.0, 0.0], "id": 21}, {"node_features": [0.0, 0.0], "id": 22}, {"node_features": [0.0, 0.0], "id": 23}, {"node_features": [0.0, 0.0], "id": 24}, {"node_features": [0.0, 0.0], "id": 25}, {"node_features": [0.0, 0.0], "id": 26}, {"node_features": [0.0, 0.0], "id": 27}, {"node_features": [0.0, 0.0], "id": 28}, {"node_features": [0.0, 1.0], "id": 29}, {"node_features": [0.0, 0.0], "id": 30}, {"node_features": [0.0, 0.0], "id": 31}, {"node_features": [0.0, 0.0], "id": 32}, {"node_features": [0.0, 0.0], "id": 33}, {"node_features": [0.0, 0.0], "id": 34}, {"node_features": [0.0, 0.0], "id": 35}, {"node_features": [0.0, 0.0], "id": 36}, {"node_features": [0.0, 0.0], "id": 37}, {"node_features": [0.0, 0.0], "id": 38}, {"node_features": [0.0, 0.0], "id": 39}, {"node_features": [0.0, 0.0], "id": 40}, {"node_features": [0.0, 0.0], "id": 41}, {"node_features": [0.0, 0.0], "id": 42}, {"node_features": [0.0, 0.0], "id": 43}, {"node_features": [1.0, 0.0], "id": 44}], "links": [{"distance": 1.510312830870673, "on_path": 0, "source": 0, "target": 22}, {"distance": 1.6877885220942257, "on_path": 0, "source": 0, "target": 29}, {"distance": 2.108033684427271, "on_path": 0, "source": 0, "target": 38}, {"distance": 1.2149509214452183, "on_path": 0, "source": 0, "target": 5}, {"distance": 0.6182027844749706, "on_path": 0, "source": 1, "target": 24}, {"distance": 0.7326339507922432, "on_path": 0, "source": 1, "target": 41}, {"distance": 0.8355271377059278, "on_path": 0, "source": 1, "target": 19}, {"distance": 1.168884289643384, "on_path": 0, "source": 1, "target": 26}, {"distance": 1.0556965120779322, "on_path": 0, "source": 1, "target": 32}, {"distance": 0.8386887730318118, "on_path": 1, "source": 2, "target": 25}, {"distance": 1.2499156278060495, "on_path": 0, "source": 2, "target": 21}, {"distance": 0.7018089350062536, "on_path": 1, "source": 2, "target": 29}, {"distance": 1.626239765688539, "on_path": 0, "source": 3, "target": 38}, {"distance": 1.6214108669597591, "on_path": 0, "source": 3, "target": 12}, {"distance": 1.1228164531724354, "on_path": 0, "source": 3, "target": 16}, {"distance": 0.19665403711206916, "on_path": 0, "source": 3, "target": 23}, {"distance": 1.4129276759768385, "on_path": 0, "source": 3, "target": 37}, {"distance": 1.8899056454417444, "on_path": 0, "source": 4, "target": 12}, {"distance": 1.341735161539875, "on_path": 0, "source": 4, "target": 5}, {"distance": 1.712456519980194, "on_path": 0, "source": 4, "target": 9}, {"distance": 0.24186892685532677, "on_path": 0, "source": 4, "target": 40}, {"distance": 0.7570282386076346, "on_path": 0, "source": 5, "target": 31}, {"distance": 0.3707929663525148, "on_path": 0, "source": 5, "target": 9}, {"distance": 0.521770035833534, "on_path": 0, "source": 5, "target": 28}, {"distance": 1.2737437837297816, "on_path": 0, "source": 6, "target": 18}, {"distance": 1.1154907888111723, "on_path": 0, "source": 6, "target": 44}, {"distance": 1.004062389887444, "on_path": 0, "source": 6, "target": 14}, {"distance": 1.1920727291374178, "on_path": 0, "source": 6, "target": 21}, {"distance": 1.2542367862443673, "on_path": 0, "source": 7, "target": 41}, {"distance": 1.233958524607175, "on_path": 0, "source": 7, "target": 8}, {"distance": 0.556760146343906, "on_path": 0, "source": 8, "target": 15}, {"distance": 0.7780580675984932, "on_path": 0, "source": 8, "target": 11}, {"distance": 0.9572570873852897, "on_path": 0, "source": 8, "target": 16}, {"distance": 0.618996882664552, "on_path": 0, "source": 8, "target": 38}, {"distance": 1.6584579420986678, "on_path": 0, "source": 9, "target": 26}, {"distance": 1.8741700654337903, "on_path": 0, "source": 9, "target": 36}, {"distance": 1.3846078759587832, "on_path": 0, "source": 9, "target": 15}, {"distance": 0.17403372255159985, "on_path": 0, "source": 9, "target": 41}, {"distance": 0.4419641179674966, "on_path": 0, "source": 10, "target": 23}, {"distance": 0.8302020216465772, "on_path": 0, "source": 10, "target": 39}, {"distance": 1.0288067475048508, "on_path": 0, "source": 11, "target": 19}, {"distance": 1.1707649021253383, "on_path": 0, "source": 11, "target": 36}, {"distance": 2.322682995643302, "on_path": 0, "source": 12, "target": 29}, {"distance": 1.6494142967455876, "on_path": 0, "source": 12, "target": 26}, {"distance": 1.1406427717887921, "on_path": 0, "source": 12, "target": 44}, {"distance": 0.3545314667968632, "on_path": 0, "source": 13, "target": 31}, {"distance": 1.7335787689650441, "on_path": 0, "source": 13, "target": 19}, {"distance": 1.3055331954722964, "on_path": 0, "source": 13, "target": 41}, {"distance": 1.6366336100851662, "on_path": 0, "source": 13, "target": 42}, {"distance": 1.6072921561445397, "on_path": 0, "source": 14, "target": 35}, {"distance": 0.5242109661381537, "on_path": 0, "source": 14, "target": 23}, {"distance": 1.1573699961141186, "on_path": 0, "source": 14, "target": 40}, {"distance": 1.1520664897655108, "on_path": 0, "source": 14, "target": 19}, {"distance": 1.564734774288211, "on_path": 0, "source": 14, "target": 29}, {"distance": 0.44550302226661936, "on_path": 0, "source": 14, "target": 31}, {"distance": 0.38602173039756965, "on_path": 1, "source": 15, "target": 44}, {"distance": 0.7549314792066315, "on_path": 0, "source": 15, "target": 22}, {"distance": 1.0711688280532567, "on_path": 1, "source": 15, "target": 25}, {"distance": 1.041833816760955, "on_path": 0, "source": 16, "target": 21}, {"distance": 0.8495735783798899, "on_path": 0, "source": 16, "target": 17}, {"distance": 1.257838442963447, "on_path": 0, "source": 16, "target": 43}, {"distance": 0.8063669486695705, "on_path": 0, "source": 17, "target": 42}, {"distance": 1.1253421637753873, "on_path": 0, "source": 17, "target": 35}, {"distance": 0.9210997173782801, "on_path": 0, "source": 18, "target": 22}, {"distance": 0.7555250267787954, "on_path": 0, "source": 18, "target": 38}, {"distance": 1.4286784169391185, "on_path": 0, "source": 19, "target": 28}, {"distance": 1.006501719993746, "on_path": 0, "source": 20, "target": 44}, {"distance": 1.7043676557493965, "on_path": 0, "source": 20, "target": 37}, {"distance": 1.0627559445279087, "on_path": 0, "source": 20, "target": 30}, {"distance": 0.9742304545861805, "on_path": 0, "source": 20, "target": 39}, {"distance": 1.5128145972529332, "on_path": 0, "source": 21, "target": 22}, {"distance": 1.5130812769010953, "on_path": 0, "source": 21, "target": 34}, {"distance": 1.8474664598429693, "on_path": 0, "source": 21, "target": 35}, {"distance": 1.6415949981901714, "on_path": 0, "source": 24, "target": 38}, {"distance": 1.0948020361219828, "on_path": 0, "source": 24, "target": 44}, {"distance": 1.1537610135264942, "on_path": 0, "source": 25, "target": 42}, {"distance": 1.056500752299718, "on_path": 0, "source": 25, "target": 27}, {"distance": 1.421845900740633, "on_path": 0, "source": 26, "target": 33}, {"distance": 0.9113378117639207, "on_path": 0, "source": 27, "target": 34}, {"distance": 0.7074977954250417, "on_path": 0, "source": 27, "target": 32}, {"distance": 1.0350681238946178, "on_path": 0, "source": 28, "target": 39}, {"distance": 0.6156517376399324, "on_path": 0, "source": 29, "target": 34}, {"distance": 0.8405575253455, "on_path": 0, "source": 29, "target": 43}, {"distance": 0.4412070545572378, "on_path": 0, "source": 30, "target": 44}, {"distance": 0.3793793670105145, "on_path": 0, "source": 32, "target": 38}, {"distance": 1.616620628061045, "on_path": 0, "source": 33, "target": 41}, {"distance": 1.6222416890248905, "on_path": 0, "source": 33, "target": 37}, {"distance": 1.4149676004545906, "on_path": 0, "source": 35, "target": 44}, {"distance": 0.7172077031211987, "on_path": 0, "source": 37, "target": 44}, {"distance": 1.0497785620309061, "on_path": 0, "source": 41, "target": 44}]}