{"directed": false, "multigraph": false, "graph": {}, "nodes": [{"node_features": [0.0, 0.0], "id": 0}, {"node_features": [0.0, 0.0], "id": 1}, {"node_features": [0.0, 0.0], "id": 2}, {"node_features": [0.0, 0.0], "id": 3}, {"node_features": [0.0, 0.0], "id": 4}, {"node_features": [0.0, 0.0], "id": 5}, {"node_features": [0.0, 0.0], "id": 6}, {"node_features": [0.0, 0.0], "id": 7}, {"node_features": [0.0, 0.0], "id": 8}, {"node_features": [0.0, 0.0], "id": 9}, {"node_features": [0.0, 0.0], "id": 10}, {"node_features": [0.0, 0.0], "id": 11}, {"node_features": [0.0, 0.0], "id": 12}, {"node_features": [0.0, 0.0], "id": 13}, {"node_features": [1.0, 0.0], "id": 14}, {"node_features": [0.0, 0.0], "id": 15}, {"node_features": [0.0, 0.0], "id": 16}, {"node_features": [0.0, 0.0], "id": 17}, {"node_features": [0.0, 0.0], "id": 18}, {"node_features": [0.0, 0.0], "id": 19}, {"node_features": [0.0, 0.0], "id": 20}, {"node_features": [0.0, 0.0], "id": 21}, {"node_features": [0.0, 0.0], "id": 22}, {"node_features": [0.0, 0.0], "id": 23}, {"node_features": [0.0, 0.0], "id": 24}, {"node_features": [0.0, 1.0], "id": 25}, {"node_features": [0.0, 0.0], "id": 26}], "links": [{"distance": 0.17826861228169116, "on_path": 0, "source": 0, "target": 20}, {"distance": 0.9086548890171645, "on_path": 0, "source": 0, "target": 16}, {"distance": 1.0913077563877658, "on_path": 0, "source": 0, "target": 18}, {"distance": 0.8545089559068305, "on_path": 0, "source": 1, "target": 11}, {"distance": 0.5273500941947579, "on_path": 0, "source": 1, "target": 16}, {"distance": 1.4681307035590123, "on_path": 0, "source": 1, "target": 23}, {"distance": 0.49696836826588203, "on_path": 0, "source": 1, "target": 19}, {"distance": 0.9844046193867038, "on_path": 0, "source": 2, "target": 22}, {"distance": 1.482977246967845, "on_path": 0, "source": 2, "target": 8}, {"distance": 0.5371351417599781, "on_path": 0, "source": 2, "target": 17}, {"distance": 0.7486695683144521, "on_path": 0, "source": 2, "target": 26}, {"distance": 0.8715350219685049, "on_path": 0, "source": 3, "target": 24}, {"distance": 0.1338155707518087, "on_path": 0, "source": 3, "target": 17}, {"distance": 1.39085881233345, "on_path": 0, "source": 3, "target": 14}, {"distance": 1.445872778854414, "on_path": 0, "source": 4, "target": 23}, {"distance": 1.404809372308258, "on_path": 0, "source": 4, "target": 26}, {"distance": 1.9031632044778126, "on_path": 0, "source": 5, "target": 21}, {"distance": 1.5064987304339663, "on_path": 0, "source": 5, "target": 19}, {"distance": 0.6829665129739091, "on_path": 0, "source": 5, "target": 22}, {"distance": 0.13354926190297547, "on_path": 1, "source": 6, "target": 25}, {"distance": 0.6139339638337283, "on_path": 1, "source": 6, "target": 24}, {"distance": 1.0265377998490477, "on_path": 0, "source": 6, "target": 16}, {"distance": 1.6621714874439024, "on_path": 0, "source": 7, "target": 18}, {"distance": 0.90504972239387, "on_path": 1, "source": 7, "target": 14}, {"distance": 1.0819619553360942, "on_path": 1, "source": 7, "target": 24}, {"distance": 1.6152181803634345, "on_path": 0, "source": 7, "target": 15}, {"distance": 1.5628604356864084, "on_path": 0, "source": 8, "target": 15}, {"distance": 1.4183239698529633, "on_path": 0, "source": 8, "target": 13}, {"distance": 1.9063818168748206, "on_path": 0, "source": 8, "target": 17}, {"distance": 1.5919599431791862, "on_path": 0, "source": 8, "target": 22}, {"distance": 1.474990042149062, "on_path": 0, "source": 9, "target": 21}, {"distance": 0.6746912937595125, "on_path": 0, "source": 9, "target": 26}, {"distance": 0.5434072611474463, "on_path": 0, "source": 9, "target": 13}, {"distance": 0.849603785686011, "on_path": 0, "source": 9, "target": 24}, {"distance": 1.0422791028117395, "on_path": 0, "source": 10, "target": 23}, {"distance": 1.492229497702338, "on_path": 0, "source": 10, "target": 20}, {"distance": 1.2843844128632769, "on_path": 0, "source": 10, "target": 21}, {"distance": 1.3902225838332183, "on_path": 0, "source": 10, "target": 14}, {"distance": 0.3983166092996661, "on_path": 0, "source": 11, "target": 26}, {"distance": 0.838182030312227, "on_path": 0, "source": 11, "target": 18}, {"distance": 1.1962880219729561, "on_path": 0, "source": 11, "target": 23}, {"distance": 0.5577137415803043, "on_path": 0, "source": 11, "target": 24}, {"distance": 1.348822629698824, "on_path": 0, "source": 12, "target": 16}, {"distance": 1.4508757285773088, "on_path": 0, "source": 12, "target": 20}, {"distance": 1.9939607017538354, "on_path": 0, "source": 13, "target": 21}, {"distance": 0.5595955555173172, "on_path": 0, "source": 13, "target": 22}, {"distance": 0.9390002274753471, "on_path": 0, "source": 15, "target": 26}, {"distance": 1.2865881226890796, "on_path": 0, "source": 15, "target": 23}, {"distance": 1.0351512083954375, "on_path": 0, "source": 16, "target": 25}, {"distance": 1.2004075830834686, "on_path": 0, "source": 17, "target": 26}, {"distance": 1.1393304921931895, "on_path": 0, "source": 18, "target": 25}, {"distance": 1.1382347732889946, "on_path": 0, "source": 19, "target": 24}, {"distance": 0.7267713518714644, "on_path": 0, "source": 20, "target": 21}, {"distance": 1.6582614794219424, "on_path": 0, "source": 22, "target": 25}]}