{"directed": false, "multigraph": false, "graph": {}, "nodes": [{"node_features": [0.0, 0.0], "id": 0}, {"node_features": [0.0, 0.0], "id": 1}, {"node_features": [0.0, 0.0], "id": 2}, {"node_features": [0.0, 1.0], "id": 3}, {"node_features": [0.0, 0.0], "id": 4}, {"node_features": [0.0, 0.0], "id": 5}, {"node_features": [0.0, 0.0], "id": 6}, {"node_features": [0.0, 0.0], "id": 7}, {"node_features": [1.0, 0.0], "id": 8}, {"node_features": [0.0, 0.0], "id": 9}, {"node_features": [0.0, 0.0], "id": 10}, {"node_features": [0.0, 0.0], "id": 11}, {"node_features": [0.0, 0.0], "id": 12}, {"node_features": [0.0, 0.0], "id": 13}, {"node_features": [0.0, 0.0], "id": 14}, {"node_features": [0.0, 0.0], "id": 15}, {"node_features": [0.0, 0.0], "id": 16}, {"node_features": [0.0, 0.0], "id": 17}, {"node_features": [0.0, 0.0], "id": 18}, {"node_features": [0.0, 0.0], "id": 19}, {"node_features": [0.0, 0.0], "id": 20}], "links": [{"distance": 1.391967507976905, "on_path": 0, "source": 0, "target": 12}, {"distance": 1.319962756961393, "on_path": 0, "source": 0, "target": 9}, {"distance": 1.6144539607845387, "on_path": 0, "source": 0, "target": 3}, {"distance": 0.7739238813586774, "on_path": 0, "source": 0, "target": 15}, {"distance": 2.0021742781314975, "on_path": 0, "source": 1, "target": 16}, {"distance": 0.9841598331752623, "on_path": 0, "source": 1, "target": 15}, {"distance": 0.9060476943192293, "on_path": 0, "source": 2, "target": 15}, {"distance": 2.0500579045358185, "on_path": 0, "source": 2, "target": 11}, {"distance": 1.6942052930298606, "on_path": 0, "source": 2, "target": 12}, {"distance": 1.1549671675188553, "on_path": 0, "source": 2, "target": 18}, {"distance": 1.7403412768536137, "on_path": 0, "source": 2, "target": 16}, {"distance": 1.367286204830423, "on_path": 0, "source": 3, "target": 9}, {"distance": 1.5709327270005702, "on_path": 1, "source": 3, "target": 14}, {"distance": 0.42780915650825974, "on_path": 0, "source": 4, "target": 14}, {"distance": 1.761231062594509, "on_path": 0, "source": 4, "target": 13}, {"distance": 0.7142919554871204, "on_path": 0, "source": 4, "target": 15}, {"distance": 1.6552970709309387, "on_path": 0, "source": 5, "target": 13}, {"distance": 1.4285597363760183, "on_path": 0, "source": 5, "target": 20}, {"distance": 1.073349606552048, "on_path": 0, "source": 5, "target": 18}, {"distance": 2.1079061347865133, "on_path": 0, "source": 6, "target": 11}, {"distance": 1.067198499333444, "on_path": 0, "source": 6, "target": 7}, {"distance": 0.25655694904351795, "on_path": 1, "source": 6, "target": 14}, {"distance": 1.341591230442898, "on_path": 0, "source": 6, "target": 18}, {"distance": 1.621868793145036, "on_path": 0, "source": 6, "target": 9}, {"distance": 1.4565325259466482, "on_path": 0, "source": 6, "target": 10}, {"distance": 0.3741754267604646, "on_path": 1, "source": 6, "target": 19}, {"distance": 2.0110617771938735, "on_path": 0, "source": 6, "target": 20}, {"distance": 1.7687310385072443, "on_path": 0, "source": 7, "target": 16}, {"distance": 1.2618174892436178, "on_path": 0, "source": 7, "target": 10}, {"distance": 1.3990389276809545, "on_path": 0, "source": 7, "target": 11}, {"distance": 1.2749721853643061, "on_path": 0, "source": 8, "target": 13}, {"distance": 1.3524243628179289, "on_path": 1, "source": 8, "target": 19}, {"distance": 1.8944675981330676, "on_path": 0, "source": 9, "target": 17}, {"distance": 1.4039417801501106, "on_path": 0, "source": 9, "target": 18}, {"distance": 0.47650036391821815, "on_path": 0, "source": 9, "target": 12}, {"distance": 1.3813788702454786, "on_path": 0, "source": 10, "target": 19}, {"distance": 2.1556665092541847, "on_path": 0, "source": 11, "target": 19}, {"distance": 1.6839135801206528, "on_path": 0, "source": 12, "target": 17}, {"distance": 1.1504615127419662, "on_path": 0, "source": 13, "target": 17}, {"distance": 0.7583867382109927, "on_path": 0, "source": 14, "target": 15}, {"distance": 1.6833978889985366, "on_path": 0, "source": 17, "target": 20}, {"distance": 2.0323465829625564, "on_path": 0, "source": 19, "target": 20}]}