{"directed": false, "multigraph": false, "graph": {}, "nodes": [{"node_features": [0.0, 0.0], "id": 0}, {"node_features": [0.0, 0.0], "id": 1}, {"node_features": [0.0, 0.0], "id": 2}, {"node_features": [0.0, 0.0], "id": 3}, {"node_features": [0.0, 0.0], "id": 4}, {"node_features": [0.0, 0.0], "id": 5}, {"node_features": [0.0, 0.0], "id": 6}, {"node_features": [0.0, 1.0], "id": 7}, {"node_features": [0.0, 0.0], "id": 8}, {"node_features": [0.0, 0.0], "id": 9}, {"node_features": [0.0, 0.0], "id": 10}, {"node_features": [0.0, 0.0], "id": 11}, {"node_features": [1.0, 0.0], "id": 12}, {"node_features": [0.0, 0.0], "id": 13}, {"node_features": [0.0, 0.0], "id": 14}, {"node_features": [0.0, 0.0], "id": 15}, {"node_features": [0.0, 0.0], "id": 16}], "links": [{"distance": 1.792803062676453, "on_path": 0, "source": 0, "target": 8}, {"distance": 0.9635251448120963, "on_path": 0, "source": 0, "target": 3}, {"distance": 0.6853976748854332, "on_path": 0, "source": 0, "target": 12}, {"distance": 0.7448919757962201, "on_path": 0, "source": 1, "target": 11}, {"distance": 0.598025930205024, "on_path": 1, "source": 1, "target": 4}, {"distance": 1.3673614373307295, "on_path": 1, "source": 1, "target": 7}, {"distance": 1.7649087952989717, "on_path": 0, "source": 1, "target": 8}, {"distance": 0.16877104037396848, "on_path": 0, "source": 1, "target": 10}, {"distance": 1.0238945686506984, "on_path": 0, "source": 1, "target": 9}, {"distance": 0.5456931404633855, "on_path": 0, "source": 2, "target": 9}, {"distance": 2.125607633181842, "on_path": 0, "source": 2, "target": 12}, {"distance": 1.2244416806635814, "on_path": 0, "source": 3, "target": 12}, {"distance": 1.414945638769361, "on_path": 0, "source": 3, "target": 16}, {"distance": 0.7244985274695003, "on_path": 0, "source": 3, "target": 9}, {"distance": 1.0763980911278708, "on_path": 0, "source": 3, "target": 13}, {"distance": 0.6453801494321976, "on_path": 0, "source": 3, "target": 15}, {"distance": 0.626163799392995, "on_path": 0, "source": 4, "target": 9}, {"distance": 0.576708812096945, "on_path": 0, "source": 4, "target": 13}, {"distance": 0.9017091525020766, "on_path": 1, "source": 4, "target": 15}, {"distance": 1.9289755975897536, "on_path": 0, "source": 5, "target": 16}, {"distance": 1.9859950783130549, "on_path": 0, "source": 5, "target": 11}, {"distance": 0.694845019816763, "on_path": 0, "source": 5, "target": 15}, {"distance": 1.6074264739223723, "on_path": 0, "source": 5, "target": 8}, {"distance": 1.1183201248065693, "on_path": 0, "source": 6, "target": 11}, {"distance": 0.9403747006174469, "on_path": 0, "source": 6, "target": 13}, {"distance": 1.6932744715546475, "on_path": 0, "source": 7, "target": 11}, {"distance": 2.4925338486317843, "on_path": 0, "source": 8, "target": 14}, {"distance": 0.5530834318881387, "on_path": 0, "source": 9, "target": 13}, {"distance": 1.5802907033852245, "on_path": 0, "source": 9, "target": 12}, {"distance": 1.7138857511657313, "on_path": 0, "source": 9, "target": 14}, {"distance": 0.760529183334513, "on_path": 0, "source": 10, "target": 11}, {"distance": 0.4441472250309632, "on_path": 0, "source": 11, "target": 16}, {"distance": 0.8171851915999624, "on_path": 1, "source": 12, "target": 15}, {"distance": 1.9361872282739099, "on_path": 0, "source": 15, "target": 16}]}