{"directed": false, "multigraph": false, "graph": {}, "nodes": [{"node_features": [0.0, 0.0], "id": 0}, {"node_features": [0.0, 0.0], "id": 1}, {"node_features": [0.0, 0.0], "id": 2}, {"node_features": [0.0, 0.0], "id": 3}, {"node_features": [0.0, 0.0], "id": 4}, {"node_features": [0.0, 0.0], "id": 5}, {"node_features": [0.0, 0.0], "id": 6}, {"node_features": [0.0, 0.0], "id": 7}, {"node_features": [0.0, 0.0], "id": 8}, {"node_features": [0.0, 0.0], "id": 9}, {"node_features": [0.0, 0.0], "id": 10}, {"node_features": [0.0, 0.0], "id": 11}, {"node_features": [0.0, 0.0], "id": 12}, {"node_features": [0.0, 0.0], "id": 13}, {"node_features": [0.0, 0.0], "id": 14}, {"node_features": [1.0, 0.0], "id": 15}, {"node_features": [0.0, 0.0], "id": 16}, {"node_features": [0.0, 0.0], "id": 17}, {"node_features": [0.0, 0.0], "id": 18}, {"node_features": [0.0, 0.0], "id": 19}, {"node_features": [0.0, 0.0], "id": 20}, {"node_features": [0.0, 0.0], "id": 21}, {"node_features": [0.0, 0.0], "id": 22}, {"node_features": [0.0, 0.0], "id": 23}, {"node_features": [0.0, 0.0], "id": 24}, {"node_features": [0.0, 0.0], "id": 25}, {"node_features": [0.0, 1.0], "id": 26}], "links": [{"distance": 0.5503171383687202, "on_path": 0, "source": 0, "target": 15}, {"distance": 0.717289296269266, "on_path": 0, "source": 0, "target": 4}, {"distance": 1.323579036185203, "on_path": 0, "source": 0, "target": 9}, {"distance": 0.8606653489291949, "on_path": 0, "source": 0, "target": 18}, {"distance": 0.7956514587075704, "on_path": 0, "source": 0, "target": 10}, {"distance": 2.0491279790662214, "on_path": 0, "source": 1, "target": 22}, {"distance": 1.021621432237498, "on_path": 0, "source": 1, "target": 14}, {"distance": 0.13329295794703852, "on_path": 0, "source": 1, "target": 11}, {"distance": 1.083467592667972, "on_path": 0, "source": 1, "target": 20}, {"distance": 1.5459089220070517, "on_path": 0, "source": 2, "target": 21}, {"distance": 0.5548070984704456, "on_path": 0, "source": 2, "target": 23}, {"distance": 0.5439838468466989, "on_path": 0, "source": 2, "target": 25}, {"distance": 1.4239546272861814, "on_path": 0, "source": 3, "target": 23}, {"distance": 1.0274457695926817, "on_path": 0, "source": 3, "target": 21}, {"distance": 0.9044759438985486, "on_path": 0, "source": 3, "target": 7}, {"distance": 1.5088618233814115, "on_path": 0, "source": 4, "target": 26}, {"distance": 2.0520028750931716, "on_path": 0, "source": 5, "target": 19}, {"distance": 1.741920350909575, "on_path": 0, "source": 5, "target": 10}, {"distance": 0.5856782488536882, "on_path": 0, "source": 5, "target": 9}, {"distance": 0.5432980267608176, "on_path": 0, "source": 5, "target": 8}, {"distance": 0.9826000706028388, "on_path": 0, "source": 5, "target": 18}, {"distance": 0.3409281833626136, "on_path": 1, "source": 6, "target": 14}, {"distance": 1.0901212261506685, "on_path": 0, "source": 6, "target": 17}, {"distance": 0.27428360999819, "on_path": 1, "source": 6, "target": 20}, {"distance": 1.7239182428158966, "on_path": 0, "source": 6, "target": 25}, {"distance": 1.0262418169155936, "on_path": 0, "source": 7, "target": 22}, {"distance": 1.2412234955252985, "on_path": 0, "source": 7, "target": 13}, {"distance": 0.5340780266039371, "on_path": 0, "source": 7, "target": 23}, {"distance": 1.9678295947749087, "on_path": 0, "source": 7, "target": 26}, {"distance": 0.604265468020191, "on_path": 0, "source": 8, "target": 26}, {"distance": 0.25951926453980545, "on_path": 0, "source": 8, "target": 12}, {"distance": 1.031717111405389, "on_path": 0, "source": 9, "target": 16}, {"distance": 0.4076619860086887, "on_path": 0, "source": 9, "target": 24}, {"distance": 1.7961846339134668, "on_path": 0, "source": 9, "target": 15}, {"distance": 1.647350521346233, "on_path": 0, "source": 10, "target": 26}, {"distance": 1.3584109518795189, "on_path": 0, "source": 10, "target": 14}, {"distance": 1.6755623679227605, "on_path": 0, "source": 10, "target": 13}, {"distance": 1.4943636344866107, "on_path": 0, "source": 11, "target": 17}, {"distance": 1.531237572675936, "on_path": 0, "source": 12, "target": 22}, {"distance": 0.37063841970424505, "on_path": 0, "source": 12, "target": 26}, {"distance": 0.6467165045992177, "on_path": 0, "source": 13, "target": 14}, {"distance": 0.7524478133165355, "on_path": 1, "source": 14, "target": 26}, {"distance": 1.588813545995164, "on_path": 0, "source": 14, "target": 22}, {"distance": 0.3483815108454226, "on_path": 0, "source": 15, "target": 25}, {"distance": 1.4035689103095201, "on_path": 1, "source": 15, "target": 20}, {"distance": 1.4825494648098583, "on_path": 0, "source": 15, "target": 24}, {"distance": 0.6387988246910413, "on_path": 0, "source": 16, "target": 17}, {"distance": 0.6700032047833883, "on_path": 0, "source": 17, "target": 23}, {"distance": 1.3012021467922341, "on_path": 0, "source": 17, "target": 19}, {"distance": 1.1715190077612274, "on_path": 0, "source": 18, "target": 25}, {"distance": 1.0130384077849293, "on_path": 0, "source": 18, "target": 21}, {"distance": 1.7904102384574008, "on_path": 0, "source": 19, "target": 24}, {"distance": 1.6886128203404052, "on_path": 0, "source": 20, "target": 25}, {"distance": 1.4209539926776498, "on_path": 0, "source": 21, "target": 25}]}