{"directed": false, "multigraph": false, "graph": {}, "nodes": [{"node_features": [0.0, 0.0], "id": 0}, {"node_features": [0.0, 0.0], "id": 1}, {"node_features": [0.0, 0.0], "id": 2}, {"node_features": [0.0, 0.0], "id": 3}, {"node_features": [0.0, 0.0], "id": 4}, {"node_features": [0.0, 0.0], "id": 5}, {"node_features": [0.0, 0.0], "id": 6}, {"node_features": [0.0, 0.0], "id": 7}, {"node_features": [0.0, 0.0], "id": 8}, {"node_features": [0.0, 0.0], "id": 9}, {"node_features": [0.0, 0.0], "id": 10}, {"node_features": [0.0, 0.0], "id": 11}, {"node_features": [0.0, 0.0], "id": 12}, {"node_features": [0.0, 0.0], "id": 13}, {"node_features": [0.0, 1.0], "id": 14}, {"node_features": [0.0, 0.0], "id": 15}, {"node_features": [0.0, 0.0], "id": 16}, {"node_features": [0.0, 0.0], "id": 17}, {"node_features": [0.0, 0.0], "id": 18}, {"node_features": [1.0, 0.0], "id": 19}], "links": [{"distance": 1.2643637216067871, "on_path": 0, "source": 0, "target": 8}, {"distance": 0.7346320453788863, "on_path": 0, "source": 0, "target": 5}, {"distance": 0.8565256788677562, "on_path": 0, "source": 0, "target": 13}, {"distance": 0.8124295401345599, "on_path": 0, "source": 0, "target": 14}, {"distance": 1.1036798333601303, "on_path": 0, "source": 0, "target": 6}, {"distance": 1.199119567030319, "on_path": 0, "source": 1, "target": 14}, {"distance": 0.6260401350043371, "on_path": 0, "source": 1, "target": 2}, {"distance": 1.6727460950475666, "on_path": 0, "source": 1, "target": 8}, {"distance": 0.544961882125442, "on_path": 0, "source": 2, "target": 12}, {"distance": 2.1076347677089973, "on_path": 0, "source": 2, "target": 16}, {"distance": 1.6954906971108474, "on_path": 0, "source": 2, "target": 18}, {"distance": 1.6383843784568755, "on_path": 0, "source": 2, "target": 17}, {"distance": 1.166947575759137, "on_path": 0, "source": 3, "target": 10}, {"distance": 1.0678520465749692, "on_path": 0, "source": 3, "target": 13}, {"distance": 1.1595795210005204, "on_path": 0, "source": 4, "target": 15}, {"distance": 1.0695185411178731, "on_path": 0, "source": 4, "target": 7}, {"distance": 0.312172387474491, "on_path": 0, "source": 4, "target": 19}, {"distance": 1.4943771122155862, "on_path": 0, "source": 4, "target": 17}, {"distance": 1.2036751047982521, "on_path": 0, "source": 5, "target": 10}, {"distance": 1.3517596138195733, "on_path": 0, "source": 5, "target": 9}, {"distance": 0.8484482314926125, "on_path": 0, "source": 6, "target": 13}, {"distance": 0.139230347094889, "on_path": 0, "source": 6, "target": 10}, {"distance": 1.4054842097830003, "on_path": 0, "source": 6, "target": 14}, {"distance": 0.6237005684428752, "on_path": 0, "source": 6, "target": 17}, {"distance": 0.6537813027428254, "on_path": 1, "source": 7, "target": 11}, {"distance": 0.22286069756281346, "on_path": 1, "source": 7, "target": 15}, {"distance": 0.4392269289826384, "on_path": 0, "source": 7, "target": 17}, {"distance": 1.6104162110385134, "on_path": 0, "source": 8, "target": 18}, {"distance": 1.4454431213431158, "on_path": 0, "source": 8, "target": 11}, {"distance": 0.14596976793774014, "on_path": 0, "source": 8, "target": 16}, {"distance": 1.451878375536402, "on_path": 0, "source": 9, "target": 14}, {"distance": 1.3101082142643623, "on_path": 0, "source": 9, "target": 10}, {"distance": 0.7104477278094897, "on_path": 0, "source": 11, "target": 12}, {"distance": 0.25483068536040404, "on_path": 1, "source": 11, "target": 19}, {"distance": 0.5357638433811535, "on_path": 0, "source": 12, "target": 19}, {"distance": 0.6626423733014308, "on_path": 0, "source": 12, "target": 13}, {"distance": 1.2904448079824407, "on_path": 0, "source": 14, "target": 17}, {"distance": 1.4377118945001897, "on_path": 0, "source": 14, "target": 18}, {"distance": 1.1055947636230206, "on_path": 1, "source": 14, "target": 15}, {"distance": 2.496953934333891, "on_path": 0, "source": 17, "target": 18}]}