{"directed": false, "multigraph": false, "graph": {}, "nodes": [{"node_features": [0.0, 0.0], "id": 0}, {"node_features": [0.0, 0.0], "id": 1}, {"node_features": [0.0, 0.0], "id": 2}, {"node_features": [0.0, 1.0], "id": 3}, {"node_features": [0.0, 0.0], "id": 4}, {"node_features": [0.0, 0.0], "id": 5}, {"node_features": [0.0, 0.0], "id": 6}, {"node_features": [0.0, 0.0], "id": 7}, {"node_features": [0.0, 0.0], "id": 8}, {"node_features": [0.0, 0.0], "id": 9}, {"node_features": [0.0, 0.0], "id": 10}, {"node_features": [0.0, 0.0], "id": 11}, {"node_features": [0.0, 0.0], "id": 12}, {"node_features": [0.0, 0.0], "id": 13}, {"node_features": [0.0, 0.0], "id": 14}, {"node_features": [0.0, 0.0], "id": 15}, {"node_features": [0.0, 0.0], "id": 16}, {"node_features": [0.0, 0.0], "id": 17}, {"node_features": [0.0, 0.0], "id": 18}, {"node_features": [0.0, 0.0], "id": 19}, {"node_features": [0.0, 0.0], "id": 20}, {"node_features": [0.0, 0.0], "id": 21}, {"node_features": [0.0, 0.0], "id": 22}, {"node_features": [0.0, 0.0], "id": 23}, {"node_features": [0.0, 0.0], "id": 24}, {"node_features": [0.0, 0.0], "id": 25}, {"node_features": [0.0, 0.0], "id": 26}, {"node_features": [0.0, 0.0], "id": 27}, {"node_features": [0.0, 0.0], "id": 28}, {"node_features": [0.0, 0.0], "id": 29}, {"node_features": [0.0, 0.0], "id": 30}, {"node_features": [0.0, 0.0], "id": 31}, {"node_features": [0.0, 0.0], "id": 32}, {"node_features": [0.0, 0.0], "id": 33}, {"node_features": [0.0, 0.0], "id": 34}, {"node_features": [0.0, 0.0], "id": 35}, {"node_features": [1.0, 0.0], "id": 36}, {"node_features": [0.0, 0.0], "id": 37}, {"node_features": [0.0, 0.0], "id": 38}, {"node_features": [0.0, 0.0], "id": 39}, {"node_features": [0.0, 0.0], "id": 40}, {"node_features": [0.0, 0.0], "id": 41}, {"node_features": [0.0, 0.0], "id": 42}, {"node_features": [0.0, 0.0], "id": 43}, {"node_features": [0.0, 0.0], "id": 44}, {"node_features": [0.0, 0.0], "id": 45}], "links": [{"distance": 1.282660513904138, "on_path": 0, "source": 0, "target": 12}, {"distance": 1.5155839315592865, "on_path": 0, "source": 0, "target": 5}, {"distance": 1.8615098065995106, "on_path": 0, "source": 1, "target": 11}, {"distance": 1.429424641168364, "on_path": 0, "source": 1, "target": 10}, {"distance": 1.5387453880775526, "on_path": 0, "source": 1, "target": 35}, {"distance": 0.3517810924388408, "on_path": 0, "source": 2, "target": 14}, {"distance": 1.3370148318286912, "on_path": 0, "source": 2, "target": 26}, {"distance": 1.0966755334769551, "on_path": 0, "source": 2, "target": 17}, {"distance": 1.1608501465056287, "on_path": 0, "source": 2, "target": 11}, {"distance": 1.6147904978029832, "on_path": 0, "source": 2, "target": 33}, {"distance": 1.6700211368917965, "on_path": 0, "source": 2, "target": 36}, {"distance": 0.7003879491671873, "on_path": 0, "source": 3, "target": 18}, {"distance": 1.4886953384077304, "on_path": 1, "source": 3, "target": 19}, {"distance": 1.455773875083602, "on_path": 0, "source": 3, "target": 21}, {"distance": 1.2818898606762201, "on_path": 0, "source": 3, "target": 25}, {"distance": 1.4122308589434056, "on_path": 0, "source": 3, "target": 38}, {"distance": 1.5371130883497741, "on_path": 0, "source": 3, "target": 9}, {"distance": 1.2804098547228844, "on_path": 0, "source": 3, "target": 29}, {"distance": 1.2584131690562361, "on_path": 0, "source": 3, "target": 42}, {"distance": 0.3483498501633594, "on_path": 0, "source": 4, "target": 18}, {"distance": 1.6180086501801796, "on_path": 0, "source": 4, "target": 15}, {"distance": 0.46627211538240887, "on_path": 0, "source": 4, "target": 25}, {"distance": 0.24969216173438757, "on_path": 0, "source": 5, "target": 16}, {"distance": 1.3917538818549706, "on_path": 0, "source": 5, "target": 27}, {"distance": 0.7503925270960934, "on_path": 0, "source": 5, "target": 20}, {"distance": 0.8488075279063629, "on_path": 0, "source": 6, "target": 17}, {"distance": 0.7170094715704172, "on_path": 0, "source": 6, "target": 39}, {"distance": 0.7137936062846062, "on_path": 0, "source": 6, "target": 11}, {"distance": 0.568383468363814, "on_path": 0, "source": 7, "target": 17}, {"distance": 1.1741782653819455, "on_path": 0, "source": 7, "target": 29}, {"distance": 1.3920293997238187, "on_path": 0, "source": 7, "target": 14}, {"distance": 1.0989649450123296, "on_path": 0, "source": 8, "target": 24}, {"distance": 1.285935232410174, "on_path": 0, "source": 8, "target": 20}, {"distance": 1.2473442362418372, "on_path": 0, "source": 8, "target": 37}, {"distance": 0.6276585435340153, "on_path": 0, "source": 8, "target": 36}, {"distance": 0.318131394938851, "on_path": 0, "source": 9, "target": 37}, {"distance": 1.5279980165350309, "on_path": 0, "source": 9, "target": 18}, {"distance": 1.8990809679338159, "on_path": 0, "source": 9, "target": 31}, {"distance": 1.2488195410570204, "on_path": 0, "source": 9, "target": 41}, {"distance": 1.1480065566087527, "on_path": 0, "source": 9, "target": 15}, {"distance": 0.9707698291595238, "on_path": 0, "source": 9, "target": 23}, {"distance": 0.3949732887765485, "on_path": 1, "source": 10, "target": 13}, {"distance": 0.575236777096775, "on_path": 1, "source": 10, "target": 19}, {"distance": 0.5144436097942082, "on_path": 0, "source": 11, "target": 26}, {"distance": 1.7297083027035243, "on_path": 0, "source": 11, "target": 15}, {"distance": 0.7895343714786801, "on_path": 0, "source": 12, "target": 26}, {"distance": 1.3709974811005923, "on_path": 0, "source": 12, "target": 24}, {"distance": 0.5751230967160654, "on_path": 0, "source": 12, "target": 13}, {"distance": 0.5496743891706048, "on_path": 1, "source": 13, "target": 36}, {"distance": 1.0428499773225037, "on_path": 0, "source": 13, "target": 16}, {"distance": 0.9534839083424816, "on_path": 0, "source": 14, "target": 27}, {"distance": 1.0413182270969, "on_path": 0, "source": 14, "target": 41}, {"distance": 0.4901535697890535, "on_path": 0, "source": 15, "target": 17}, {"distance": 1.1497290696710871, "on_path": 0, "source": 16, "target": 27}, {"distance": 1.6455380136488762, "on_path": 0, "source": 16, "target": 25}, {"distance": 0.8629228764207807, "on_path": 0, "source": 17, "target": 20}, {"distance": 1.5245175240950202, "on_path": 0, "source": 17, "target": 34}, {"distance": 0.6879765714444626, "on_path": 0, "source": 18, "target": 23}, {"distance": 0.7079007177888313, "on_path": 0, "source": 18, "target": 33}, {"distance": 0.411979278031882, "on_path": 0, "source": 18, "target": 34}, {"distance": 0.9192857598307657, "on_path": 0, "source": 19, "target": 23}, {"distance": 0.7423955078516142, "on_path": 0, "source": 19, "target": 24}, {"distance": 0.7651427009370138, "on_path": 0, "source": 19, "target": 26}, {"distance": 1.6477351721637374, "on_path": 0, "source": 19, "target": 40}, {"distance": 1.0827176525409388, "on_path": 0, "source": 21, "target": 26}, {"distance": 0.716606943348129, "on_path": 0, "source": 21, "target": 22}, {"distance": 1.3167522262420932, "on_path": 0, "source": 22, "target": 25}, {"distance": 0.545640481670034, "on_path": 0, "source": 22, "target": 32}, {"distance": 0.60142950031716, "on_path": 0, "source": 22, "target": 37}, {"distance": 1.1978690148585112, "on_path": 0, "source": 23, "target": 29}, {"distance": 1.0543813881033353, "on_path": 0, "source": 24, "target": 29}, {"distance": 0.643692829643422, "on_path": 0, "source": 25, "target": 42}, {"distance": 1.4270770359035274, "on_path": 0, "source": 25, "target": 27}, {"distance": 0.4450532599198281, "on_path": 0, "source": 26, "target": 28}, {"distance": 0.4963803928662102, "on_path": 0, "source": 27, "target": 38}, {"distance": 1.3298611200177506, "on_path": 0, "source": 28, "target": 41}, {"distance": 2.2037037134038875, "on_path": 0, "source": 29, "target": 34}, {"distance": 1.103966826418668, "on_path": 0, "source": 30, "target": 38}, {"distance": 1.1665716159068353, "on_path": 0, "source": 30, "target": 44}, {"distance": 1.867090176493102, "on_path": 0, "source": 31, "target": 44}, {"distance": 0.4341636439534528, "on_path": 0, "source": 32, "target": 41}, {"distance": 1.8626758754068917, "on_path": 0, "source": 34, "target": 44}, {"distance": 1.2725163790331389, "on_path": 0, "source": 34, "target": 41}, {"distance": 0.9443719957474008, "on_path": 0, "source": 35, "target": 43}, {"distance": 2.0954240383028884, "on_path": 0, "source": 36, "target": 40}, {"distance": 0.6490685902775273, "on_path": 0, "source": 37, "target": 39}, {"distance": 1.337556006676932, "on_path": 0, "source": 38, "target": 43}, {"distance": 0.8477868259577452, "on_path": 0, "source": 40, "target": 45}, {"distance": 0.6559864378821645, "on_path": 0, "source": 40, "target": 43}, {"distance": 0.4580521119312441, "on_path": 0, "source": 41, "target": 45}, {"distance": 1.1852331858659968, "on_path": 0, "source": 41, "target": 44}, {"distance": 0.7497325785929532, "on_path": 0, "source": 43, "target": 45}]}