{"directed": false, "multigraph": false, "graph": {}, "nodes": [{"node_features": [0.0, 0.0], "id": 0}, {"node_features": [0.0, 0.0], "id": 1}, {"node_features": [0.0, 0.0], "id": 2}, {"node_features": [0.0, 0.0], "id": 3}, {"node_features": [0.0, 0.0], "id": 4}, {"node_features": [0.0, 0.0], "id": 5}, {"node_features": [0.0, 0.0], "id": 6}, {"node_features": [0.0, 0.0], "id": 7}, {"node_features": [0.0, 0.0], "id": 8}, {"node_features": [0.0, 0.0], "id": 9}, {"node_features": [0.0, 0.0], "id": 10}, {"node_features": [0.0, 0.0], "id": 11}, {"node_features": [0.0, 0.0], "id": 12}, {"node_features": [0.0, 0.0], "id": 13}, {"node_features": [0.0, 0.0], "id": 14}, {"node_features": [0.0, 0.0], "id": 15}, {"node_features": [0.0, 1.0], "id": 16}, {"node_features": [0.0, 0.0], "id": 17}, {"node_features": [0.0, 0.0], "id": 18}, {"node_features": [0.0, 0.0], "id": 19}, {"node_features": [0.0, 0.0], "id": 20}, {"node_features": [0.0, 0.0], "id": 21}, {"node_features": [0.0, 0.0], "id": 22}, {"node_features": [0.0, 0.0], "id": 23}, {"node_features": [0.0, 0.0], "id": 24}, {"node_features": [0.0, 0.0], "id": 25}, {"node_features": [0.0, 0.0], "id": 26}, {"node_features": [1.0, 0.0], "id": 27}, {"node_features": [0.0, 0.0], "id": 28}, {"node_features": [0.0, 0.0], "id": 29}, {"node_features": [0.0, 0.0], "id": 30}, {"node_features": [0.0, 0.0], "id": 31}, {"node_features": [0.0, 0.0], "id": 32}, {"node_features": [0.0, 0.0], "id": 33}, {"node_features": [0.0, 0.0], "id": 34}, {"node_features": [0.0, 0.0], "id": 35}, {"node_features": [0.0, 0.0], "id": 36}, {"node_features": [0.0, 0.0], "id": 37}, {"node_features": [0.0, 0.0], "id": 38}, {"node_features": [0.0, 0.0], "id": 39}, {"node_features": [0.0, 0.0], "id": 40}, {"node_features": [0.0, 0.0], "id": 41}, {"node_features": [0.0, 0.0], "id": 42}], "links": [{"distance": 1.558317670203216, "on_path": 0, "source": 0, "target": 11}, {"distance": 0.2708649882403516, "on_path": 0, "source": 0, "target": 12}, {"distance": 1.4139516827766039, "on_path": 0, "source": 0, "target": 27}, {"distance": 1.3035486179161766, "on_path": 0, "source": 1, "target": 40}, {"distance": 1.3675485320219791, "on_path": 0, "source": 1, "target": 11}, {"distance": 1.3117307706372332, "on_path": 0, "source": 1, "target": 32}, {"distance": 1.802831073071515, "on_path": 0, "source": 1, "target": 34}, {"distance": 0.4488062307033661, "on_path": 0, "source": 1, "target": 37}, {"distance": 1.507230932357994, "on_path": 0, "source": 2, "target": 32}, {"distance": 1.2128024535298154, "on_path": 0, "source": 2, "target": 5}, {"distance": 1.1040366676459001, "on_path": 0, "source": 2, "target": 10}, {"distance": 0.9665105046653683, "on_path": 0, "source": 3, "target": 24}, {"distance": 1.361006152420744, "on_path": 0, "source": 3, "target": 18}, {"distance": 2.266958963349009, "on_path": 0, "source": 3, "target": 21}, {"distance": 1.53001154172801, "on_path": 0, "source": 3, "target": 8}, {"distance": 0.6819258004779771, "on_path": 0, "source": 4, "target": 18}, {"distance": 0.5489157878856468, "on_path": 0, "source": 4, "target": 9}, {"distance": 1.2000924377356423, "on_path": 0, "source": 4, "target": 14}, {"distance": 1.0399559301225687, "on_path": 0, "source": 4, "target": 30}, {"distance": 0.10582684099487884, "on_path": 0, "source": 5, "target": 38}, {"distance": 0.49243940604977116, "on_path": 0, "source": 5, "target": 30}, {"distance": 1.5221766752662793, "on_path": 0, "source": 5, "target": 33}, {"distance": 0.318206944787923, "on_path": 0, "source": 5, "target": 11}, {"distance": 1.2645292435047084, "on_path": 0, "source": 6, "target": 35}, {"distance": 1.3565057079493172, "on_path": 0, "source": 6, "target": 25}, {"distance": 0.9757791628032755, "on_path": 0, "source": 6, "target": 22}, {"distance": 0.6684142684719313, "on_path": 0, "source": 6, "target": 34}, {"distance": 0.38017650438412237, "on_path": 0, "source": 7, "target": 11}, {"distance": 1.3962056077220373, "on_path": 0, "source": 7, "target": 34}, {"distance": 1.1310723315453681, "on_path": 0, "source": 8, "target": 37}, {"distance": 1.0904620664499305, "on_path": 0, "source": 9, "target": 37}, {"distance": 0.6887625427555379, "on_path": 0, "source": 9, "target": 14}, {"distance": 0.9897267057278261, "on_path": 0, "source": 9, "target": 15}, {"distance": 1.3992750733208426, "on_path": 0, "source": 10, "target": 34}, {"distance": 1.0353163047532778, "on_path": 0, "source": 10, "target": 12}, {"distance": 1.495223749282762, "on_path": 0, "source": 10, "target": 24}, {"distance": 1.776318008763949, "on_path": 0, "source": 11, "target": 22}, {"distance": 1.2162167828104027, "on_path": 0, "source": 11, "target": 24}, {"distance": 1.32951079051815, "on_path": 0, "source": 12, "target": 41}, {"distance": 1.4076723076557145, "on_path": 0, "source": 13, "target": 36}, {"distance": 0.4123119226220985, "on_path": 1, "source": 13, "target": 27}, {"distance": 0.35245027195846745, "on_path": 0, "source": 13, "target": 38}, {"distance": 0.6711129095765705, "on_path": 1, "source": 13, "target": 23}, {"distance": 0.4596548901480829, "on_path": 0, "source": 14, "target": 37}, {"distance": 0.6270460495124908, "on_path": 0, "source": 14, "target": 36}, {"distance": 1.4462563511331539, "on_path": 0, "source": 14, "target": 21}, {"distance": 1.2939125794758348, "on_path": 0, "source": 15, "target": 42}, {"distance": 1.8890811805800152, "on_path": 0, "source": 15, "target": 19}, {"distance": 1.8026964397445346, "on_path": 0, "source": 15, "target": 25}, {"distance": 0.8949083254553817, "on_path": 1, "source": 16, "target": 22}, {"distance": 1.1125016350919934, "on_path": 0, "source": 16, "target": 40}, {"distance": 1.7264993508165576, "on_path": 0, "source": 16, "target": 34}, {"distance": 1.3826941350653532, "on_path": 0, "source": 17, "target": 33}, {"distance": 1.729624231765226, "on_path": 0, "source": 17, "target": 34}, {"distance": 1.2344267929386266, "on_path": 0, "source": 18, "target": 34}, {"distance": 0.6928775571443943, "on_path": 0, "source": 18, "target": 31}, {"distance": 0.3855267217075551, "on_path": 0, "source": 19, "target": 20}, {"distance": 0.9731312857713876, "on_path": 0, "source": 20, "target": 30}, {"distance": 0.6159953910082868, "on_path": 0, "source": 20, "target": 26}, {"distance": 2.080867644851044, "on_path": 0, "source": 20, "target": 34}, {"distance": 1.8364188655295783, "on_path": 0, "source": 21, "target": 28}, {"distance": 1.601172158157362, "on_path": 0, "source": 21, "target": 24}, {"distance": 1.0371210723561448, "on_path": 0, "source": 21, "target": 31}, {"distance": 1.865527596629961, "on_path": 0, "source": 22, "target": 42}, {"distance": 0.9587625831331257, "on_path": 1, "source": 22, "target": 23}, {"distance": 1.0141669461457379, "on_path": 0, "source": 23, "target": 37}, {"distance": 0.8375718383623662, "on_path": 0, "source": 23, "target": 32}, {"distance": 1.278453889823252, "on_path": 0, "source": 25, "target": 38}, {"distance": 0.7937197886558527, "on_path": 0, "source": 26, "target": 38}, {"distance": 1.6123890917774701, "on_path": 0, "source": 26, "target": 33}, {"distance": 1.721792048146147, "on_path": 0, "source": 27, "target": 33}, {"distance": 0.3202047800161525, "on_path": 0, "source": 27, "target": 38}, {"distance": 1.9817040833457011, "on_path": 0, "source": 27, "target": 28}, {"distance": 1.5658600033021626, "on_path": 0, "source": 28, "target": 31}, {"distance": 1.5909352294413932, "on_path": 0, "source": 28, "target": 35}, {"distance": 1.655092462176079, "on_path": 0, "source": 29, "target": 39}, {"distance": 0.9447749977596293, "on_path": 0, "source": 29, "target": 30}, {"distance": 1.5870370866307573, "on_path": 0, "source": 30, "target": 36}, {"distance": 0.9205308979633904, "on_path": 0, "source": 31, "target": 42}, {"distance": 0.3947359405337242, "on_path": 0, "source": 31, "target": 41}, {"distance": 1.5884984338057448, "on_path": 0, "source": 33, "target": 38}, {"distance": 0.2869528602541661, "on_path": 0, "source": 34, "target": 39}, {"distance": 0.8642272271821023, "on_path": 0, "source": 35, "target": 42}, {"distance": 0.4443095710633896, "on_path": 0, "source": 36, "target": 40}, {"distance": 1.5967088478352076, "on_path": 0, "source": 39, "target": 42}, {"distance": 0.8619927966078738, "on_path": 0, "source": 41, "target": 42}]}