{"directed": false, "multigraph": false, "graph": {}, "nodes": [{"node_features": [0.0, 0.0], "id": 0}, {"node_features": [0.0, 0.0], "id": 1}, {"node_features": [0.0, 0.0], "id": 2}, {"node_features": [0.0, 1.0], "id": 3}, {"node_features": [0.0, 0.0], "id": 4}, {"node_features": [0.0, 0.0], "id": 5}, {"node_features": [0.0, 0.0], "id": 6}, {"node_features": [0.0, 0.0], "id": 7}, {"node_features": [0.0, 0.0], "id": 8}, {"node_features": [0.0, 0.0], "id": 9}, {"node_features": [0.0, 0.0], "id": 10}, {"node_features": [0.0, 0.0], "id": 11}, {"node_features": [0.0, 0.0], "id": 12}, {"node_features": [0.0, 0.0], "id": 13}, {"node_features": [0.0, 0.0], "id": 14}, {"node_features": [1.0, 0.0], "id": 15}, {"node_features": [0.0, 0.0], "id": 16}], "links": [{"distance": 0.9111950856882648, "on_path": 0, "source": 0, "target": 10}, {"distance": 0.9634794349863852, "on_path": 0, "source": 0, "target": 4}, {"distance": 0.28011447074469953, "on_path": 0, "source": 0, "target": 7}, {"distance": 0.9110980957572175, "on_path": 0, "source": 0, "target": 1}, {"distance": 0.5289961221008154, "on_path": 0, "source": 0, "target": 13}, {"distance": 1.0283511824137976, "on_path": 0, "source": 1, "target": 5}, {"distance": 0.5525233140645484, "on_path": 0, "source": 1, "target": 15}, {"distance": 0.9654959410656775, "on_path": 0, "source": 2, "target": 11}, {"distance": 0.7396847442402734, "on_path": 0, "source": 2, "target": 14}, {"distance": 1.6575173054241696, "on_path": 0, "source": 2, "target": 5}, {"distance": 1.1170260200911761, "on_path": 0, "source": 2, "target": 16}, {"distance": 1.4439173977105813, "on_path": 0, "source": 3, "target": 12}, {"distance": 1.4075383897773395, "on_path": 0, "source": 3, "target": 6}, {"distance": 1.3603066048010017, "on_path": 0, "source": 3, "target": 16}, {"distance": 1.422353682961735, "on_path": 1, "source": 3, "target": 9}, {"distance": 0.1013505349543976, "on_path": 0, "source": 4, "target": 8}, {"distance": 1.000501708102764, "on_path": 0, "source": 4, "target": 13}, {"distance": 0.7319062254786489, "on_path": 0, "source": 4, "target": 16}, {"distance": 1.7965971108314907, "on_path": 0, "source": 5, "target": 13}, {"distance": 1.1444480023848467, "on_path": 0, "source": 5, "target": 10}, {"distance": 1.8061947840118624, "on_path": 0, "source": 5, "target": 6}, {"distance": 1.1205189301434453, "on_path": 0, "source": 5, "target": 8}, {"distance": 1.1416714846709848, "on_path": 0, "source": 6, "target": 7}, {"distance": 1.7726852458937503, "on_path": 0, "source": 6, "target": 11}, {"distance": 0.08276112570756057, "on_path": 0, "source": 6, "target": 16}, {"distance": 0.6102144213811209, "on_path": 0, "source": 6, "target": 9}, {"distance": 0.10495469757327533, "on_path": 0, "source": 7, "target": 12}, {"distance": 0.65480331155953, "on_path": 0, "source": 7, "target": 11}, {"distance": 1.4432603265371724, "on_path": 0, "source": 8, "target": 11}, {"distance": 0.48111762551757065, "on_path": 1, "source": 9, "target": 14}, {"distance": 0.4861769140019352, "on_path": 1, "source": 10, "target": 14}, {"distance": 0.8517621419968004, "on_path": 1, "source": 10, "target": 15}, {"distance": 1.2111776642120629, "on_path": 0, "source": 12, "target": 16}, {"distance": 0.6365224281057859, "on_path": 0, "source": 12, "target": 14}]}