{"directed": false, "multigraph": false, "graph": {}, "nodes": [{"node_features": [0.0, 0.0], "id": 0}, {"node_features": [0.0, 0.0], "id": 1}, {"node_features": [0.0, 0.0], "id": 2}, {"node_features": [0.0, 0.0], "id": 3}, {"node_features": [1.0, 0.0], "id": 4}, {"node_features": [0.0, 0.0], "id": 5}, {"node_features": [0.0, 0.0], "id": 6}, {"node_features": [0.0, 0.0], "id": 7}, {"node_features": [0.0, 0.0], "id": 8}, {"node_features": [0.0, 0.0], "id": 9}, {"node_features": [0.0, 0.0], "id": 10}, {"node_features": [0.0, 0.0], "id": 11}, {"node_features": [0.0, 0.0], "id": 12}, {"node_features": [0.0, 0.0], "id": 13}, {"node_features": [0.0, 0.0], "id": 14}, {"node_features": [0.0, 0.0], "id": 15}, {"node_features": [0.0, 0.0], "id": 16}, {"node_features": [0.0, 0.0], "id": 17}, {"node_features": [0.0, 0.0], "id": 18}, {"node_features": [0.0, 0.0], "id": 19}, {"node_features": [0.0, 0.0], "id": 20}, {"node_features": [0.0, 0.0], "id": 21}, {"node_features": [0.0, 0.0], "id": 22}, {"node_features": [0.0, 0.0], "id": 23}, {"node_features": [0.0, 0.0], "id": 24}, {"node_features": [0.0, 1.0], "id": 25}, {"node_features": [0.0, 0.0], "id": 26}, {"node_features": [0.0, 0.0], "id": 27}, {"node_features": [0.0, 0.0], "id": 28}, {"node_features": [0.0, 0.0], "id": 29}], "links": [{"distance": 0.40692028428087895, "on_path": 0, "source": 0, "target": 25}, {"distance": 1.083594528335656, "on_path": 0, "source": 0, "target": 9}, {"distance": 0.7874495595993846, "on_path": 0, "source": 0, "target": 10}, {"distance": 0.4153993818643791, "on_path": 0, "source": 1, "target": 26}, {"distance": 1.7588504767417463, "on_path": 0, "source": 1, "target": 6}, {"distance": 1.32009984079618, "on_path": 0, "source": 1, "target": 22}, {"distance": 1.5122560984771867, "on_path": 0, "source": 1, "target": 2}, {"distance": 1.60788403504479, "on_path": 0, "source": 1, "target": 12}, {"distance": 0.0988127130740782, "on_path": 1, "source": 2, "target": 25}, {"distance": 0.7022000711838596, "on_path": 1, "source": 2, "target": 5}, {"distance": 1.0664448167978502, "on_path": 0, "source": 2, "target": 11}, {"distance": 1.3563230509107211, "on_path": 0, "source": 2, "target": 20}, {"distance": 1.2670004437255273, "on_path": 0, "source": 2, "target": 15}, {"distance": 2.4364336721848385, "on_path": 0, "source": 3, "target": 24}, {"distance": 0.229192652461403, "on_path": 0, "source": 3, "target": 14}, {"distance": 1.4069447527686347, "on_path": 0, "source": 3, "target": 23}, {"distance": 0.812969726165139, "on_path": 0, "source": 3, "target": 17}, {"distance": 1.6721176716392765, "on_path": 0, "source": 4, "target": 15}, {"distance": 1.0474050171166562, "on_path": 1, "source": 4, "target": 13}, {"distance": 1.3698217621747364, "on_path": 0, "source": 4, "target": 28}, {"distance": 1.5016753533102716, "on_path": 0, "source": 4, "target": 29}, {"distance": 0.6116974223189646, "on_path": 0, "source": 5, "target": 8}, {"distance": 0.046459718804921, "on_path": 1, "source": 5, "target": 10}, {"distance": 1.3229486260564398, "on_path": 0, "source": 5, "target": 21}, {"distance": 1.4246787050385017, "on_path": 0, "source": 6, "target": 7}, {"distance": 1.5186193653831008, "on_path": 0, "source": 6, "target": 27}, {"distance": 1.1414046188195215, "on_path": 0, "source": 6, "target": 11}, {"distance": 0.7877051664862429, "on_path": 0, "source": 7, "target": 17}, {"distance": 1.8200545784700868, "on_path": 0, "source": 7, "target": 15}, {"distance": 1.3323530950875075, "on_path": 0, "source": 7, "target": 22}, {"distance": 0.8904054494079674, "on_path": 0, "source": 8, "target": 18}, {"distance": 1.0087333798356604, "on_path": 0, "source": 8, "target": 20}, {"distance": 1.2587774012287294, "on_path": 0, "source": 8, "target": 29}, {"distance": 0.47393756785100294, "on_path": 0, "source": 8, "target": 28}, {"distance": 0.49038323463084327, "on_path": 0, "source": 9, "target": 15}, {"distance": 0.9244944225964473, "on_path": 0, "source": 9, "target": 25}, {"distance": 1.2358420624818958, "on_path": 0, "source": 9, "target": 14}, {"distance": 0.4381742181258513, "on_path": 1, "source": 10, "target": 13}, {"distance": 1.2419204424259227, "on_path": 0, "source": 10, "target": 14}, {"distance": 1.4207363536635256, "on_path": 0, "source": 12, "target": 16}, {"distance": 1.6713628233790632, "on_path": 0, "source": 12, "target": 21}, {"distance": 0.5046451010684323, "on_path": 0, "source": 12, "target": 23}, {"distance": 0.668995421262595, "on_path": 0, "source": 12, "target": 24}, {"distance": 0.2482172263454038, "on_path": 0, "source": 13, "target": 19}, {"distance": 0.0918387550646757, "on_path": 0, "source": 14, "target": 21}, {"distance": 0.6157599129327116, "on_path": 0, "source": 14, "target": 19}, {"distance": 1.2859858619879891, "on_path": 0, "source": 16, "target": 21}, {"distance": 1.2407044564039842, "on_path": 0, "source": 16, "target": 23}, {"distance": 1.2321395291376254, "on_path": 0, "source": 16, "target": 26}, {"distance": 0.29964128126174333, "on_path": 0, "source": 18, "target": 23}, {"distance": 1.4759329814633293, "on_path": 0, "source": 18, "target": 27}, {"distance": 1.0385500762242674, "on_path": 0, "source": 18, "target": 25}, {"distance": 0.6293218706776196, "on_path": 0, "source": 19, "target": 22}, {"distance": 0.6008190860570817, "on_path": 0, "source": 19, "target": 20}, {"distance": 1.2650301607404457, "on_path": 0, "source": 20, "target": 25}, {"distance": 0.7707864990593963, "on_path": 0, "source": 23, "target": 26}, {"distance": 1.1072875865763674, "on_path": 0, "source": 24, "target": 28}, {"distance": 0.49237796949057827, "on_path": 0, "source": 26, "target": 27}, {"distance": 0.9453740206588646, "on_path": 0, "source": 26, "target": 28}, {"distance": 0.8491145252214474, "on_path": 0, "source": 28, "target": 29}]}