{"directed": false, "multigraph": false, "graph": {}, "nodes": [{"node_features": [0.0, 0.0], "id": 0}, {"node_features": [1.0, 0.0], "id": 1}, {"node_features": [0.0, 0.0], "id": 2}, {"node_features": [0.0, 0.0], "id": 3}, {"node_features": [0.0, 0.0], "id": 4}, {"node_features": [0.0, 0.0], "id": 5}, {"node_features": [0.0, 0.0], "id": 6}, {"node_features": [0.0, 0.0], "id": 7}, {"node_features": [0.0, 0.0], "id": 8}, {"node_features": [0.0, 0.0], "id": 9}, {"node_features": [0.0, 0.0], "id": 10}, {"node_features": [0.0, 0.0], "id": 11}, {"node_features": [0.0, 1.0], "id": 12}, {"node_features": [0.0, 0.0], "id": 13}, {"node_features": [0.0, 0.0], "id": 14}, {"node_features": [0.0, 0.0], "id": 15}, {"node_features": [0.0, 0.0], "id": 16}, {"node_features": [0.0, 0.0], "id": 17}, {"node_features": [0.0, 0.0], "id": 18}, {"node_features": [0.0, 0.0], "id": 19}, {"node_features": [0.0, 0.0], "id": 20}, {"node_features": [0.0, 0.0], "id": 21}, {"node_features": [0.0, 0.0], "id": 22}, {"node_features": [0.0, 0.0], "id": 23}, {"node_features": [0.0, 0.0], "id": 24}, {"node_features": [0.0, 0.0], "id": 25}, {"node_features": [0.0, 0.0], "id": 26}, {"node_features": [0.0, 0.0], "id": 27}, {"node_features": [0.0, 0.0], "id": 28}, {"node_features": [0.0, 0.0], "id": 29}, {"node_features": [0.0, 0.0], "id": 30}, {"node_features": [0.0, 0.0], "id": 31}, {"node_features": [0.0, 0.0], "id": 32}, {"node_features": [0.0, 0.0], "id": 33}, {"node_features": [0.0, 0.0], "id": 34}, {"node_features": [0.0, 0.0], "id": 35}, {"node_features": [0.0, 0.0], "id": 36}, {"node_features": [0.0, 0.0], "id": 37}, {"node_features": [0.0, 0.0], "id": 38}, {"node_features": [0.0, 0.0], "id": 39}, {"node_features": [0.0, 0.0], "id": 40}, {"node_features": [0.0, 0.0], "id": 41}], "links": [{"distance": 1.4427976018020658, "on_path": 0, "source": 0, "target": 11}, {"distance": 1.4761272418151135, "on_path": 0, "source": 0, "target": 3}, {"distance": 1.7924221858515648, "on_path": 0, "source": 0, "target": 1}, {"distance": 1.1049057915334084, "on_path": 0, "source": 0, "target": 5}, {"distance": 1.9223078804075402, "on_path": 0, "source": 0, "target": 10}, {"distance": 1.5566275411040191, "on_path": 0, "source": 1, "target": 18}, {"distance": 0.7235900275281459, "on_path": 0, "source": 1, "target": 4}, {"distance": 0.6153945327429236, "on_path": 1, "source": 1, "target": 16}, {"distance": 1.5091681573026183, "on_path": 0, "source": 1, "target": 38}, {"distance": 0.8801050558405615, "on_path": 0, "source": 1, "target": 34}, {"distance": 1.3115289294825068, "on_path": 0, "source": 1, "target": 20}, {"distance": 0.6461822023080059, "on_path": 0, "source": 2, "target": 28}, {"distance": 1.351121952956687, "on_path": 0, "source": 2, "target": 17}, {"distance": 0.7073211082534595, "on_path": 0, "source": 2, "target": 32}, {"distance": 0.7394268278445599, "on_path": 0, "source": 2, "target": 7}, {"distance": 0.5978533991428014, "on_path": 0, "source": 2, "target": 4}, {"distance": 1.2209643031261599, "on_path": 0, "source": 3, "target": 18}, {"distance": 0.49836280558997204, "on_path": 0, "source": 3, "target": 7}, {"distance": 1.604295604597606, "on_path": 0, "source": 3, "target": 13}, {"distance": 1.2364384169268956, "on_path": 0, "source": 3, "target": 14}, {"distance": 0.7100592156609399, "on_path": 0, "source": 3, "target": 17}, {"distance": 1.0164164078963756, "on_path": 0, "source": 3, "target": 34}, {"distance": 0.5902746453861357, "on_path": 0, "source": 5, "target": 11}, {"distance": 0.8936740072164905, "on_path": 1, "source": 5, "target": 28}, {"distance": 1.4122157857518063, "on_path": 0, "source": 5, "target": 35}, {"distance": 1.2412569680034022, "on_path": 1, "source": 5, "target": 12}, {"distance": 1.563401686921465, "on_path": 0, "source": 6, "target": 16}, {"distance": 1.3839438309523378, "on_path": 0, "source": 6, "target": 24}, {"distance": 0.22687214866856745, "on_path": 0, "source": 6, "target": 32}, {"distance": 1.9619175545571468, "on_path": 0, "source": 6, "target": 30}, {"distance": 0.907787885971971, "on_path": 0, "source": 7, "target": 38}, {"distance": 0.6690914588380378, "on_path": 0, "source": 7, "target": 17}, {"distance": 1.2883188297074208, "on_path": 0, "source": 7, "target": 22}, {"distance": 0.5343642893021977, "on_path": 0, "source": 7, "target": 24}, {"distance": 0.6432007888318994, "on_path": 0, "source": 8, "target": 37}, {"distance": 1.6395226652389339, "on_path": 0, "source": 8, "target": 19}, {"distance": 0.7241660673592851, "on_path": 0, "source": 8, "target": 26}, {"distance": 1.1609994304288929, "on_path": 0, "source": 8, "target": 35}, {"distance": 0.4225056887586438, "on_path": 0, "source": 8, "target": 41}, {"distance": 1.4849855823162947, "on_path": 0, "source": 9, "target": 38}, {"distance": 0.8533587687008493, "on_path": 0, "source": 9, "target": 29}, {"distance": 1.0107389107013665, "on_path": 0, "source": 9, "target": 25}, {"distance": 1.5397275995152822, "on_path": 0, "source": 10, "target": 15}, {"distance": 0.5924415582432991, "on_path": 0, "source": 11, "target": 28}, {"distance": 0.5345587790411963, "on_path": 0, "source": 11, "target": 36}, {"distance": 0.9617444034142129, "on_path": 0, "source": 11, "target": 39}, {"distance": 0.06021227891517137, "on_path": 0, "source": 11, "target": 23}, {"distance": 1.4404940332263214, "on_path": 0, "source": 12, "target": 27}, {"distance": 1.2739046807798675, "on_path": 0, "source": 12, "target": 21}, {"distance": 0.740801627698829, "on_path": 0, "source": 12, "target": 25}, {"distance": 2.0669351931967506, "on_path": 0, "source": 13, "target": 27}, {"distance": 1.028516855684821, "on_path": 0, "source": 13, "target": 32}, {"distance": 1.0937021191190097, "on_path": 0, "source": 14, "target": 31}, {"distance": 1.5661399722306102, "on_path": 0, "source": 15, "target": 35}, {"distance": 1.2983321748775352, "on_path": 0, "source": 15, "target": 41}, {"distance": 0.7557312241678676, "on_path": 0, "source": 15, "target": 29}, {"distance": 0.20550594979183742, "on_path": 1, "source": 16, "target": 28}, {"distance": 0.23153443266129994, "on_path": 0, "source": 17, "target": 29}, {"distance": 1.1107009909390018, "on_path": 0, "source": 18, "target": 28}, {"distance": 0.46441665213547056, "on_path": 0, "source": 19, "target": 23}, {"distance": 1.3659253483070457, "on_path": 0, "source": 19, "target": 39}, {"distance": 0.33613874563045326, "on_path": 0, "source": 19, "target": 21}, {"distance": 1.3735055423259201, "on_path": 0, "source": 20, "target": 31}, {"distance": 1.0000244519549153, "on_path": 0, "source": 20, "target": 23}, {"distance": 1.1551303634583492, "on_path": 0, "source": 20, "target": 33}, {"distance": 1.563357679377472, "on_path": 0, "source": 21, "target": 22}, {"distance": 2.0979421835177194, "on_path": 0, "source": 22, "target": 34}, {"distance": 0.8794260203245973, "on_path": 0, "source": 22, "target": 37}, {"distance": 1.0918192479272235, "on_path": 0, "source": 22, "target": 29}, {"distance": 1.9521476145496663, "on_path": 0, "source": 23, "target": 31}, {"distance": 1.1731610565683266, "on_path": 0, "source": 23, "target": 38}, {"distance": 1.56480340755415, "on_path": 0, "source": 24, "target": 27}, {"distance": 0.2112272794454451, "on_path": 0, "source": 24, "target": 37}, {"distance": 1.534488671956636, "on_path": 0, "source": 24, "target": 40}, {"distance": 1.6294059260375502, "on_path": 0, "source": 25, "target": 31}, {"distance": 0.47122014128996803, "on_path": 0, "source": 26, "target": 38}, {"distance": 1.4627669996351567, "on_path": 0, "source": 27, "target": 37}, {"distance": 1.394187503104024, "on_path": 0, "source": 28, "target": 31}, {"distance": 0.6707470380188308, "on_path": 0, "source": 30, "target": 34}, {"distance": 0.8413886183083239, "on_path": 0, "source": 30, "target": 36}, {"distance": 1.5810302369732496, "on_path": 0, "source": 31, "target": 38}, {"distance": 1.5302321069658242, "on_path": 0, "source": 32, "target": 40}, {"distance": 1.2588159472779334, "on_path": 0, "source": 33, "target": 36}, {"distance": 1.3148321832986025, "on_path": 0, "source": 38, "target": 39}]}