{"directed": false, "multigraph": false, "graph": {}, "nodes": [{"node_features": [0.0, 0.0], "id": 0}, {"node_features": [0.0, 0.0], "id": 1}, {"node_features": [0.0, 0.0], "id": 2}, {"node_features": [0.0, 0.0], "id": 3}, {"node_features": [0.0, 0.0], "id": 4}, {"node_features": [0.0, 0.0], "id": 5}, {"node_features": [0.0, 0.0], "id": 6}, {"node_features": [0.0, 0.0], "id": 7}, {"node_features": [0.0, 0.0], "id": 8}, {"node_features": [1.0, 0.0], "id": 9}, {"node_features": [0.0, 0.0], "id": 10}, {"node_features": [0.0, 1.0], "id": 11}, {"node_features": [0.0, 0.0], "id": 12}, {"node_features": [0.0, 0.0], "id": 13}, {"node_features": [0.0, 0.0], "id": 14}, {"node_features": [0.0, 0.0], "id": 15}, {"node_features": [0.0, 0.0], "id": 16}, {"node_features": [0.0, 0.0], "id": 17}, {"node_features": [0.0, 0.0], "id": 18}, {"node_features": [0.0, 0.0], "id": 19}, {"node_features": [0.0, 0.0], "id": 20}, {"node_features": [0.0, 0.0], "id": 21}, {"node_features": [0.0, 0.0], "id": 22}, {"node_features": [0.0, 0.0], "id": 23}, {"node_features": [0.0, 0.0], "id": 24}, {"node_features": [0.0, 0.0], "id": 25}, {"node_features": [0.0, 0.0], "id": 26}, {"node_features": [0.0, 0.0], "id": 27}, {"node_features": [0.0, 0.0], "id": 28}, {"node_features": [0.0, 0.0], "id": 29}, {"node_features": [0.0, 0.0], "id": 30}, {"node_features": [0.0, 0.0], "id": 31}, {"node_features": [0.0, 0.0], "id": 32}, {"node_features": [0.0, 0.0], "id": 33}, {"node_features": [0.0, 0.0], "id": 34}, {"node_features": [0.0, 0.0], "id": 35}, {"node_features": [0.0, 0.0], "id": 36}, {"node_features": [0.0, 0.0], "id": 37}, {"node_features": [0.0, 0.0], "id": 38}, {"node_features": [0.0, 0.0], "id": 39}, {"node_features": [0.0, 0.0], "id": 40}, {"node_features": [0.0, 0.0], "id": 41}, {"node_features": [0.0, 0.0], "id": 42}, {"node_features": [0.0, 0.0], "id": 43}, {"node_features": [0.0, 0.0], "id": 44}], "links": [{"distance": 0.09426612877573536, "on_path": 1, "source": 0, "target": 17}, {"distance": 0.6322604209383746, "on_path": 1, "source": 0, "target": 9}, {"distance": 0.8053688999418257, "on_path": 0, "source": 0, "target": 16}, {"distance": 0.7619342362371894, "on_path": 0, "source": 1, "target": 4}, {"distance": 1.1658595546077593, "on_path": 0, "source": 1, "target": 38}, {"distance": 1.5590599581129796, "on_path": 0, "source": 2, "target": 42}, {"distance": 0.22360969085363547, "on_path": 0, "source": 2, "target": 33}, {"distance": 0.9785128408154999, "on_path": 0, "source": 2, "target": 24}, {"distance": 1.0801514495827376, "on_path": 0, "source": 2, "target": 14}, {"distance": 1.889300171621737, "on_path": 0, "source": 3, "target": 36}, {"distance": 1.8216617880350645, "on_path": 0, "source": 3, "target": 19}, {"distance": 1.0583895443298592, "on_path": 0, "source": 3, "target": 27}, {"distance": 1.4540213299260825, "on_path": 0, "source": 3, "target": 13}, {"distance": 1.5114583154376882, "on_path": 0, "source": 3, "target": 29}, {"distance": 1.1571523957453234, "on_path": 0, "source": 4, "target": 14}, {"distance": 1.5868717545248965, "on_path": 0, "source": 4, "target": 18}, {"distance": 0.3100007303661694, "on_path": 0, "source": 4, "target": 40}, {"distance": 0.24330579833659943, "on_path": 0, "source": 4, "target": 41}, {"distance": 1.8414870528511926, "on_path": 0, "source": 4, "target": 12}, {"distance": 0.9237250334932889, "on_path": 0, "source": 5, "target": 35}, {"distance": 0.8172126739959594, "on_path": 0, "source": 5, "target": 25}, {"distance": 0.9336905013945463, "on_path": 0, "source": 5, "target": 37}, {"distance": 0.903987189266383, "on_path": 0, "source": 5, "target": 40}, {"distance": 0.2849876826750157, "on_path": 0, "source": 6, "target": 33}, {"distance": 1.4040077660505264, "on_path": 0, "source": 6, "target": 13}, {"distance": 1.4210451745800057, "on_path": 0, "source": 6, "target": 19}, {"distance": 0.2636726034567245, "on_path": 0, "source": 6, "target": 32}, {"distance": 0.35894447381276123, "on_path": 0, "source": 7, "target": 24}, {"distance": 0.5644148276283992, "on_path": 0, "source": 7, "target": 8}, {"distance": 0.2158394003413306, "on_path": 0, "source": 7, "target": 15}, {"distance": 0.5040398892282806, "on_path": 0, "source": 7, "target": 41}, {"distance": 1.424365144874604, "on_path": 0, "source": 8, "target": 21}, {"distance": 1.1277486191022874, "on_path": 0, "source": 8, "target": 37}, {"distance": 1.0581678549296594, "on_path": 0, "source": 8, "target": 41}, {"distance": 1.0324103576778498, "on_path": 0, "source": 9, "target": 13}, {"distance": 1.5678811476016719, "on_path": 0, "source": 9, "target": 35}, {"distance": 0.9025435064024575, "on_path": 0, "source": 10, "target": 38}, {"distance": 0.8742628502885604, "on_path": 0, "source": 10, "target": 26}, {"distance": 0.5050120321402922, "on_path": 0, "source": 10, "target": 16}, {"distance": 0.721186715920549, "on_path": 0, "source": 10, "target": 24}, {"distance": 1.330680467492194, "on_path": 0, "source": 10, "target": 42}, {"distance": 0.6637803613496654, "on_path": 1, "source": 11, "target": 31}, {"distance": 1.53431521943314, "on_path": 0, "source": 11, "target": 40}, {"distance": 1.0548134492162613, "on_path": 0, "source": 12, "target": 16}, {"distance": 0.8334966553390903, "on_path": 0, "source": 12, "target": 24}, {"distance": 0.8176328784510297, "on_path": 0, "source": 12, "target": 39}, {"distance": 1.7374029528663464, "on_path": 0, "source": 13, "target": 21}, {"distance": 0.7145993860169035, "on_path": 0, "source": 13, "target": 23}, {"distance": 1.1449653871274295, "on_path": 0, "source": 13, "target": 33}, {"distance": 0.9654861363035195, "on_path": 0, "source": 14, "target": 33}, {"distance": 0.9986472341275815, "on_path": 0, "source": 14, "target": 22}, {"distance": 0.45831032819284984, "on_path": 0, "source": 15, "target": 27}, {"distance": 0.9874327828807818, "on_path": 0, "source": 15, "target": 38}, {"distance": 0.9631591680810063, "on_path": 0, "source": 15, "target": 18}, {"distance": 1.1613229651688974, "on_path": 0, "source": 16, "target": 28}, {"distance": 1.3891373941674126, "on_path": 0, "source": 17, "target": 35}, {"distance": 0.5030040632505433, "on_path": 1, "source": 17, "target": 38}, {"distance": 1.9132475248498193, "on_path": 0, "source": 17, "target": 21}, {"distance": 0.37365144443182197, "on_path": 0, "source": 18, "target": 29}, {"distance": 0.9717598543189991, "on_path": 0, "source": 18, "target": 20}, {"distance": 1.4388886811049644, "on_path": 0, "source": 18, "target": 44}, {"distance": 0.9448037571790733, "on_path": 0, "source": 19, "target": 28}, {"distance": 0.1490802478464867, "on_path": 0, "source": 19, "target": 30}, {"distance": 1.5324379772614316, "on_path": 0, "source": 20, "target": 30}, {"distance": 0.0706653336878236, "on_path": 0, "source": 20, "target": 42}, {"distance": 0.36801258458832703, "on_path": 0, "source": 21, "target": 41}, {"distance": 1.1144140282749513, "on_path": 0, "source": 22, "target": 28}, {"distance": 0.9678092970568943, "on_path": 0, "source": 23, "target": 33}, {"distance": 0.5718652367773093, "on_path": 0, "source": 23, "target": 38}, {"distance": 1.2035286471831386, "on_path": 0, "source": 24, "target": 30}, {"distance": 0.3909655246936856, "on_path": 1, "source": 25, "target": 31}, {"distance": 1.3119783292987746, "on_path": 0, "source": 25, "target": 44}, {"distance": 1.1115485440823254, "on_path": 1, "source": 25, "target": 39}, {"distance": 0.7465028263500755, "on_path": 0, "source": 26, "target": 44}, {"distance": 1.4526187395304948, "on_path": 0, "source": 26, "target": 36}, {"distance": 0.7887802090123461, "on_path": 0, "source": 26, "target": 29}, {"distance": 0.06046380234835864, "on_path": 0, "source": 27, "target": 32}, {"distance": 0.9092697443368324, "on_path": 0, "source": 28, "target": 32}, {"distance": 1.643271822805439, "on_path": 0, "source": 29, "target": 40}, {"distance": 0.6792362269269069, "on_path": 0, "source": 29, "target": 39}, {"distance": 0.9688229578501497, "on_path": 0, "source": 31, "target": 32}, {"distance": 1.50252856495885, "on_path": 0, "source": 32, "target": 42}, {"distance": 0.6911105830543703, "on_path": 0, "source": 33, "target": 37}, {"distance": 0.3786286549419143, "on_path": 1, "source": 34, "target": 38}, {"distance": 0.16214458591662984, "on_path": 1, "source": 34, "target": 39}, {"distance": 1.5691516636452227, "on_path": 0, "source": 35, "target": 41}, {"distance": 1.7054028309323754, "on_path": 0, "source": 36, "target": 44}, {"distance": 0.6140882268826019, "on_path": 0, "source": 39, "target": 42}, {"distance": 0.5953719828361267, "on_path": 0, "source": 40, "target": 43}, {"distance": 1.0797111746143901, "on_path": 0, "source": 42, "target": 43}]}