{"directed": false, "multigraph": false, "graph": {}, "nodes": [{"node_features": [0.0, 0.0], "id": 0}, {"node_features": [0.0, 0.0], "id": 1}, {"node_features": [0.0, 0.0], "id": 2}, {"node_features": [0.0, 0.0], "id": 3}, {"node_features": [0.0, 0.0], "id": 4}, {"node_features": [0.0, 0.0], "id": 5}, {"node_features": [0.0, 0.0], "id": 6}, {"node_features": [0.0, 0.0], "id": 7}, {"node_features": [0.0, 0.0], "id": 8}, {"node_features": [0.0, 0.0], "id": 9}, {"node_features": [0.0, 0.0], "id": 10}, {"node_features": [0.0, 0.0], "id": 11}, {"node_features": [0.0, 0.0], "id": 12}, {"node_features": [0.0, 0.0], "id": 13}, {"node_features": [0.0, 0.0], "id": 14}, {"node_features": [0.0, 0.0], "id": 15}, {"node_features": [0.0, 0.0], "id": 16}, {"node_features": [0.0, 0.0], "id": 17}, {"node_features": [0.0, 0.0], "id": 18}, {"node_features": [0.0, 0.0], "id": 19}, {"node_features": [0.0, 0.0], "id": 20}, {"node_features": [0.0, 0.0], "id": 21}, {"node_features": [0.0, 0.0], "id": 22}, {"node_features": [0.0, 0.0], "id": 23}, {"node_features": [0.0, 0.0], "id": 24}, {"node_features": [0.0, 0.0], "id": 25}, {"node_features": [0.0, 0.0], "id": 26}, {"node_features": [0.0, 0.0], "id": 27}, {"node_features": [0.0, 0.0], "id": 28}, {"node_features": [0.0, 1.0], "id": 29}, {"node_features": [0.0, 0.0], "id": 30}, {"node_features": [0.0, 0.0], "id": 31}, {"node_features": [0.0, 0.0], "id": 32}, {"node_features": [0.0, 0.0], "id": 33}, {"node_features": [0.0, 0.0], "id": 34}, {"node_features": [0.0, 0.0], "id": 35}, {"node_features": [0.0, 0.0], "id": 36}, {"node_features": [0.0, 0.0], "id": 37}, {"node_features": [0.0, 0.0], "id": 38}, {"node_features": [0.0, 0.0], "id": 39}, {"node_features": [0.0, 0.0], "id": 40}, {"node_features": [1.0, 0.0], "id": 41}, {"node_features": [0.0, 0.0], "id": 42}, {"node_features": [0.0, 0.0], "id": 43}, {"node_features": [0.0, 0.0], "id": 44}, {"node_features": [0.0, 0.0], "id": 45}], "links": [{"distance": 0.21657091163137535, "on_path": 0, "source": 0, "target": 35}, {"distance": 1.7000569394309404, "on_path": 0, "source": 0, "target": 1}, {"distance": 1.294054637269735, "on_path": 0, "source": 0, "target": 40}, {"distance": 2.1938618192299577, "on_path": 0, "source": 1, "target": 30}, {"distance": 1.1316424063547044, "on_path": 0, "source": 1, "target": 32}, {"distance": 0.9640816255591321, "on_path": 0, "source": 1, "target": 21}, {"distance": 1.4852909750260006, "on_path": 0, "source": 1, "target": 25}, {"distance": 1.56806875554098, "on_path": 0, "source": 1, "target": 26}, {"distance": 1.3374057306749363, "on_path": 0, "source": 2, "target": 23}, {"distance": 0.1983906219968891, "on_path": 0, "source": 2, "target": 40}, {"distance": 0.12506714795105578, "on_path": 1, "source": 3, "target": 18}, {"distance": 0.481016711691549, "on_path": 0, "source": 3, "target": 8}, {"distance": 0.32710373715039676, "on_path": 1, "source": 3, "target": 43}, {"distance": 0.2098825335509392, "on_path": 0, "source": 3, "target": 10}, {"distance": 0.7422295916886907, "on_path": 0, "source": 3, "target": 15}, {"distance": 1.0291188195586132, "on_path": 0, "source": 3, "target": 17}, {"distance": 0.4246638013388153, "on_path": 0, "source": 4, "target": 28}, {"distance": 1.194173563323517, "on_path": 0, "source": 4, "target": 17}, {"distance": 0.0993149569675483, "on_path": 0, "source": 4, "target": 37}, {"distance": 1.7119808999328414, "on_path": 0, "source": 4, "target": 43}, {"distance": 0.971066046576957, "on_path": 0, "source": 4, "target": 15}, {"distance": 0.6525270013317751, "on_path": 0, "source": 5, "target": 36}, {"distance": 1.1768259063637, "on_path": 0, "source": 5, "target": 10}, {"distance": 0.9679321293523746, "on_path": 0, "source": 5, "target": 42}, {"distance": 1.5770488751411584, "on_path": 0, "source": 5, "target": 14}, {"distance": 0.5433234615855084, "on_path": 0, "source": 6, "target": 32}, {"distance": 0.5262101364914533, "on_path": 0, "source": 6, "target": 20}, {"distance": 1.7297323848162207, "on_path": 0, "source": 6, "target": 10}, {"distance": 1.3062795085637886, "on_path": 0, "source": 6, "target": 39}, {"distance": 0.580602353096012, "on_path": 0, "source": 7, "target": 32}, {"distance": 1.8000087945092347, "on_path": 0, "source": 7, "target": 12}, {"distance": 1.2538861025686252, "on_path": 0, "source": 8, "target": 17}, {"distance": 1.3272130924120955, "on_path": 0, "source": 8, "target": 11}, {"distance": 1.6193293033737248, "on_path": 0, "source": 8, "target": 14}, {"distance": 0.48851937928641526, "on_path": 0, "source": 9, "target": 15}, {"distance": 0.4500277918493702, "on_path": 0, "source": 9, "target": 39}, {"distance": 1.078723475467815, "on_path": 0, "source": 9, "target": 18}, {"distance": 0.6439572112084753, "on_path": 0, "source": 9, "target": 24}, {"distance": 0.9844773727684549, "on_path": 0, "source": 10, "target": 27}, {"distance": 0.8048537789167328, "on_path": 0, "source": 11, "target": 27}, {"distance": 1.9750924963218426, "on_path": 0, "source": 12, "target": 32}, {"distance": 1.1607185780438078, "on_path": 0, "source": 12, "target": 39}, {"distance": 1.8613662382765268, "on_path": 0, "source": 13, "target": 41}, {"distance": 1.561588636560072, "on_path": 0, "source": 13, "target": 32}, {"distance": 0.9246488150153014, "on_path": 0, "source": 14, "target": 36}, {"distance": 0.9727570719145305, "on_path": 0, "source": 14, "target": 31}, {"distance": 0.511728422155256, "on_path": 0, "source": 14, "target": 32}, {"distance": 1.843715777347064, "on_path": 0, "source": 14, "target": 30}, {"distance": 0.317955562465427, "on_path": 0, "source": 15, "target": 36}, {"distance": 0.6972013545757857, "on_path": 0, "source": 15, "target": 35}, {"distance": 0.23890005374349318, "on_path": 0, "source": 15, "target": 33}, {"distance": 1.0719810195957231, "on_path": 0, "source": 16, "target": 41}, {"distance": 0.5577295772059117, "on_path": 0, "source": 16, "target": 33}, {"distance": 0.6354895039669171, "on_path": 0, "source": 16, "target": 36}, {"distance": 1.7464380940122977, "on_path": 0, "source": 18, "target": 37}, {"distance": 0.5430816050152236, "on_path": 1, "source": 18, "target": 42}, {"distance": 0.5513505155712325, "on_path": 0, "source": 19, "target": 24}, {"distance": 0.20718489635665113, "on_path": 0, "source": 19, "target": 36}, {"distance": 0.47138035762175656, "on_path": 0, "source": 19, "target": 27}, {"distance": 1.155553725546488, "on_path": 0, "source": 19, "target": 28}, {"distance": 1.042346368929035, "on_path": 0, "source": 19, "target": 40}, {"distance": 1.1073638456467165, "on_path": 1, "source": 20, "target": 41}, {"distance": 0.46372589279334064, "on_path": 0, "source": 20, "target": 45}, {"distance": 1.1074968913601833, "on_path": 1, "source": 20, "target": 43}, {"distance": 0.8048600990808785, "on_path": 0, "source": 21, "target": 35}, {"distance": 0.9126987647902238, "on_path": 0, "source": 21, "target": 29}, {"distance": 1.0904377894417732, "on_path": 0, "source": 22, "target": 31}, {"distance": 1.444902297227467, "on_path": 0, "source": 22, "target": 26}, {"distance": 0.7778099006757395, "on_path": 0, "source": 22, "target": 41}, {"distance": 1.3337071066403194, "on_path": 0, "source": 23, "target": 42}, {"distance": 1.922199821524349, "on_path": 0, "source": 23, "target": 34}, {"distance": 1.170940707091403, "on_path": 0, "source": 23, "target": 44}, {"distance": 0.9622478899121107, "on_path": 0, "source": 23, "target": 38}, {"distance": 1.2477557195347515, "on_path": 0, "source": 24, "target": 44}, {"distance": 0.8092705736210064, "on_path": 0, "source": 24, "target": 28}, {"distance": 0.5958206926027793, "on_path": 0, "source": 24, "target": 32}, {"distance": 0.5070922520275968, "on_path": 0, "source": 25, "target": 38}, {"distance": 0.29122282279729783, "on_path": 0, "source": 25, "target": 35}, {"distance": 0.6013493296582346, "on_path": 0, "source": 26, "target": 36}, {"distance": 0.24294200867159213, "on_path": 0, "source": 27, "target": 45}, {"distance": 0.8895894068958652, "on_path": 0, "source": 29, "target": 30}, {"distance": 0.7396825064342891, "on_path": 1, "source": 29, "target": 42}, {"distance": 0.7948201466064679, "on_path": 0, "source": 31, "target": 39}, {"distance": 1.4970545629049115, "on_path": 0, "source": 34, "target": 40}, {"distance": 1.1912053134507572, "on_path": 0, "source": 34, "target": 42}, {"distance": 0.7761859722376472, "on_path": 0, "source": 35, "target": 38}, {"distance": 0.45714627859021806, "on_path": 0, "source": 36, "target": 45}, {"distance": 0.8055139783372166, "on_path": 0, "source": 37, "target": 45}, {"distance": 1.4768091604775049, "on_path": 0, "source": 37, "target": 38}, {"distance": 1.0328306060258858, "on_path": 0, "source": 37, "target": 41}, {"distance": 0.25298390207093047, "on_path": 0, "source": 40, "target": 44}, {"distance": 0.4575426836499054, "on_path": 0, "source": 42, "target": 44}]}