{"directed": false, "multigraph": false, "graph": {}, "nodes": [{"node_features": [0.0, 0.0], "id": 0}, {"node_features": [0.0, 0.0], "id": 1}, {"node_features": [0.0, 0.0], "id": 2}, {"node_features": [0.0, 0.0], "id": 3}, {"node_features": [0.0, 0.0], "id": 4}, {"node_features": [0.0, 0.0], "id": 5}, {"node_features": [0.0, 0.0], "id": 6}, {"node_features": [0.0, 0.0], "id": 7}, {"node_features": [0.0, 0.0], "id": 8}, {"node_features": [0.0, 0.0], "id": 9}, {"node_features": [0.0, 1.0], "id": 10}, {"node_features": [0.0, 0.0], "id": 11}, {"node_features": [0.0, 0.0], "id": 12}, {"node_features": [0.0, 0.0], "id": 13}, {"node_features": [0.0, 0.0], "id": 14}, {"node_features": [0.0, 0.0], "id": 15}, {"node_features": [0.0, 0.0], "id": 16}, {"node_features": [0.0, 0.0], "id": 17}, {"node_features": [0.0, 0.0], "id": 18}, {"node_features": [0.0, 0.0], "id": 19}, {"node_features": [0.0, 0.0], "id": 20}, {"node_features": [0.0, 0.0], "id": 21}, {"node_features": [0.0, 0.0], "id": 22}, {"node_features": [0.0, 0.0], "id": 23}, {"node_features": [0.0, 0.0], "id": 24}, {"node_features": [1.0, 0.0], "id": 25}, {"node_features": [0.0, 0.0], "id": 26}, {"node_features": [0.0, 0.0], "id": 27}, {"node_features": [0.0, 0.0], "id": 28}, {"node_features": [0.0, 0.0], "id": 29}, {"node_features": [0.0, 0.0], "id": 30}, {"node_features": [0.0, 0.0], "id": 31}, {"node_features": [0.0, 0.0], "id": 32}, {"node_features": [0.0, 0.0], "id": 33}, {"node_features": [0.0, 0.0], "id": 34}, {"node_features": [0.0, 0.0], "id": 35}, {"node_features": [0.0, 0.0], "id": 36}, {"node_features": [0.0, 0.0], "id": 37}, {"node_features": [0.0, 0.0], "id": 38}, {"node_features": [0.0, 0.0], "id": 39}, {"node_features": [0.0, 0.0], "id": 40}, {"node_features": [0.0, 0.0], "id": 41}, {"node_features": [0.0, 0.0], "id": 42}, {"node_features": [0.0, 0.0], "id": 43}, {"node_features": [0.0, 0.0], "id": 44}, {"node_features": [0.0, 0.0], "id": 45}, {"node_features": [0.0, 0.0], "id": 46}], "links": [{"distance": 1.2821629045378728, "on_path": 0, "source": 0, "target": 37}, {"distance": 0.507443136303056, "on_path": 0, "source": 0, "target": 31}, {"distance": 1.8439083907073759, "on_path": 0, "source": 0, "target": 43}, {"distance": 1.1607219369035635, "on_path": 0, "source": 0, "target": 3}, {"distance": 1.2510215497489903, "on_path": 0, "source": 0, "target": 22}, {"distance": 1.043723951373197, "on_path": 0, "source": 0, "target": 46}, {"distance": 1.1116553798712607, "on_path": 0, "source": 1, "target": 33}, {"distance": 1.3042656708517248, "on_path": 0, "source": 1, "target": 19}, {"distance": 0.648113131266007, "on_path": 0, "source": 1, "target": 45}, {"distance": 0.45795304721056546, "on_path": 0, "source": 1, "target": 27}, {"distance": 0.4858038672819916, "on_path": 0, "source": 1, "target": 30}, {"distance": 1.1543899448163444, "on_path": 0, "source": 2, "target": 6}, {"distance": 1.7368139363382669, "on_path": 0, "source": 2, "target": 41}, {"distance": 1.67307287820644, "on_path": 0, "source": 2, "target": 13}, {"distance": 0.6724019566098886, "on_path": 0, "source": 3, "target": 39}, {"distance": 0.8254132885274577, "on_path": 0, "source": 4, "target": 22}, {"distance": 0.31565189866267285, "on_path": 0, "source": 4, "target": 32}, {"distance": 1.3813123848838844, "on_path": 0, "source": 4, "target": 39}, {"distance": 1.382105901274895, "on_path": 0, "source": 4, "target": 19}, {"distance": 0.5681739680839554, "on_path": 0, "source": 4, "target": 42}, {"distance": 1.063717515656476, "on_path": 0, "source": 5, "target": 40}, {"distance": 0.2963167944602229, "on_path": 1, "source": 5, "target": 37}, {"distance": 0.923599851991372, "on_path": 1, "source": 5, "target": 8}, {"distance": 1.251754873287137, "on_path": 0, "source": 6, "target": 33}, {"distance": 0.6827671699081782, "on_path": 0, "source": 6, "target": 31}, {"distance": 0.3726607552201337, "on_path": 0, "source": 7, "target": 27}, {"distance": 0.9555339382731796, "on_path": 0, "source": 7, "target": 14}, {"distance": 1.5263908694590602, "on_path": 0, "source": 8, "target": 19}, {"distance": 0.6384516323898551, "on_path": 0, "source": 8, "target": 44}, {"distance": 0.44689550606372247, "on_path": 1, "source": 8, "target": 25}, {"distance": 1.2061013975946404, "on_path": 0, "source": 9, "target": 43}, {"distance": 1.0607558204198284, "on_path": 0, "source": 9, "target": 23}, {"distance": 0.9482940072898478, "on_path": 0, "source": 10, "target": 27}, {"distance": 0.7146398118047017, "on_path": 1, "source": 10, "target": 34}, {"distance": 1.5227044007661885, "on_path": 0, "source": 11, "target": 38}, {"distance": 0.6923481476445519, "on_path": 0, "source": 11, "target": 22}, {"distance": 1.443516732304332, "on_path": 0, "source": 11, "target": 21}, {"distance": 0.3802235071688304, "on_path": 0, "source": 11, "target": 24}, {"distance": 1.2254990803555077, "on_path": 0, "source": 11, "target": 43}, {"distance": 0.7056096107925454, "on_path": 0, "source": 12, "target": 15}, {"distance": 0.7407631654984028, "on_path": 0, "source": 12, "target": 28}, {"distance": 1.2963099986216542, "on_path": 0, "source": 13, "target": 46}, {"distance": 1.2465439756602001, "on_path": 0, "source": 13, "target": 26}, {"distance": 0.7118844153670197, "on_path": 0, "source": 13, "target": 25}, {"distance": 1.5841736193176554, "on_path": 0, "source": 13, "target": 17}, {"distance": 1.3216733356241357, "on_path": 0, "source": 14, "target": 28}, {"distance": 0.47301292676485374, "on_path": 0, "source": 14, "target": 38}, {"distance": 0.9600561954749867, "on_path": 0, "source": 14, "target": 23}, {"distance": 1.8564145884210046, "on_path": 0, "source": 15, "target": 38}, {"distance": 1.9833474365486916, "on_path": 0, "source": 15, "target": 25}, {"distance": 1.1805922257612946, "on_path": 0, "source": 15, "target": 40}, {"distance": 0.6186770201170282, "on_path": 0, "source": 15, "target": 18}, {"distance": 0.30749492095896486, "on_path": 0, "source": 16, "target": 39}, {"distance": 2.2886424795174456, "on_path": 0, "source": 16, "target": 33}, {"distance": 1.525818356074209, "on_path": 0, "source": 16, "target": 46}, {"distance": 0.7808768830118248, "on_path": 0, "source": 16, "target": 30}, {"distance": 0.9252461498828748, "on_path": 0, "source": 17, "target": 39}, {"distance": 0.3060677509743072, "on_path": 0, "source": 18, "target": 30}, {"distance": 0.6243313311350905, "on_path": 0, "source": 18, "target": 36}, {"distance": 0.6121239188890885, "on_path": 0, "source": 18, "target": 40}, {"distance": 2.053996978306012, "on_path": 0, "source": 18, "target": 41}, {"distance": 1.2130945614067268, "on_path": 0, "source": 19, "target": 23}, {"distance": 0.9984362245330956, "on_path": 0, "source": 19, "target": 29}, {"distance": 0.777950627047556, "on_path": 0, "source": 19, "target": 45}, {"distance": 0.7996380857203801, "on_path": 0, "source": 20, "target": 37}, {"distance": 0.41252426556292143, "on_path": 0, "source": 20, "target": 24}, {"distance": 2.3987501620347973, "on_path": 0, "source": 20, "target": 41}, {"distance": 1.1745908737295647, "on_path": 0, "source": 21, "target": 42}, {"distance": 0.941821170786921, "on_path": 0, "source": 21, "target": 36}, {"distance": 1.5858663480983668, "on_path": 0, "source": 22, "target": 28}, {"distance": 1.2565336548018786, "on_path": 0, "source": 22, "target": 42}, {"distance": 1.4318772993177908, "on_path": 0, "source": 22, "target": 26}, {"distance": 0.1986513066692457, "on_path": 0, "source": 22, "target": 44}, {"distance": 1.4636793035334565, "on_path": 0, "source": 23, "target": 27}, {"distance": 1.5055081179800922, "on_path": 0, "source": 25, "target": 28}, {"distance": 0.29354465890830606, "on_path": 0, "source": 25, "target": 32}, {"distance": 2.0943050728971846, "on_path": 0, "source": 26, "target": 43}, {"distance": 0.5133655838774009, "on_path": 0, "source": 27, "target": 35}, {"distance": 0.38416351050908215, "on_path": 0, "source": 27, "target": 40}, {"distance": 0.1995007414541787, "on_path": 0, "source": 29, "target": 40}, {"distance": 0.3987205227506655, "on_path": 0, "source": 30, "target": 40}, {"distance": 0.39333446413921125, "on_path": 0, "source": 30, "target": 37}, {"distance": 0.24671384843439345, "on_path": 0, "source": 31, "target": 40}, {"distance": 0.4888730199405244, "on_path": 0, "source": 31, "target": 38}, {"distance": 1.2984432384349947, "on_path": 0, "source": 33, "target": 34}, {"distance": 0.6631955021049494, "on_path": 0, "source": 33, "target": 38}, {"distance": 0.45924620117531667, "on_path": 1, "source": 34, "target": 37}, {"distance": 0.9224015141494587, "on_path": 0, "source": 35, "target": 41}, {"distance": 1.6149348470635754, "on_path": 0, "source": 35, "target": 44}, {"distance": 0.3288331645288487, "on_path": 0, "source": 36, "target": 42}, {"distance": 1.0511864770156505, "on_path": 0, "source": 37, "target": 43}, {"distance": 1.7817202098854814, "on_path": 0, "source": 38, "target": 39}, {"distance": 1.1110043621715706, "on_path": 0, "source": 39, "target": 40}, {"distance": 1.6133720818520647, "on_path": 0, "source": 40, "target": 43}]}