{"directed": false, "multigraph": false, "graph": {}, "nodes": [{"node_features": [0.0, 0.0], "id": 0}, {"node_features": [0.0, 0.0], "id": 1}, {"node_features": [0.0, 0.0], "id": 2}, {"node_features": [0.0, 0.0], "id": 3}, {"node_features": [0.0, 0.0], "id": 4}, {"node_features": [0.0, 0.0], "id": 5}, {"node_features": [0.0, 1.0], "id": 6}, {"node_features": [0.0, 0.0], "id": 7}, {"node_features": [0.0, 0.0], "id": 8}, {"node_features": [0.0, 0.0], "id": 9}, {"node_features": [0.0, 0.0], "id": 10}, {"node_features": [0.0, 0.0], "id": 11}, {"node_features": [0.0, 0.0], "id": 12}, {"node_features": [0.0, 0.0], "id": 13}, {"node_features": [0.0, 0.0], "id": 14}, {"node_features": [0.0, 0.0], "id": 15}, {"node_features": [1.0, 0.0], "id": 16}, {"node_features": [0.0, 0.0], "id": 17}, {"node_features": [0.0, 0.0], "id": 18}, {"node_features": [0.0, 0.0], "id": 19}, {"node_features": [0.0, 0.0], "id": 20}, {"node_features": [0.0, 0.0], "id": 21}, {"node_features": [0.0, 0.0], "id": 22}, {"node_features": [0.0, 0.0], "id": 23}, {"node_features": [0.0, 0.0], "id": 24}, {"node_features": [0.0, 0.0], "id": 25}], "links": [{"distance": 0.875298686785063, "on_path": 0, "source": 0, "target": 17}, {"distance": 0.4060086491117999, "on_path": 0, "source": 0, "target": 9}, {"distance": 1.2978696575368591, "on_path": 0, "source": 0, "target": 13}, {"distance": 0.7323959777337062, "on_path": 0, "source": 1, "target": 21}, {"distance": 1.0301091028995377, "on_path": 0, "source": 1, "target": 23}, {"distance": 0.5361476439464425, "on_path": 0, "source": 1, "target": 22}, {"distance": 0.13919183082368466, "on_path": 0, "source": 1, "target": 17}, {"distance": 0.5768620552767056, "on_path": 0, "source": 2, "target": 22}, {"distance": 0.26428961828497444, "on_path": 0, "source": 2, "target": 17}, {"distance": 1.0253932962292125, "on_path": 0, "source": 2, "target": 8}, {"distance": 0.38769642199979093, "on_path": 0, "source": 2, "target": 9}, {"distance": 0.43664513803256216, "on_path": 0, "source": 2, "target": 20}, {"distance": 0.609168538022129, "on_path": 0, "source": 3, "target": 18}, {"distance": 1.1160251751415586, "on_path": 0, "source": 3, "target": 21}, {"distance": 0.8636475077164181, "on_path": 0, "source": 3, "target": 14}, {"distance": 1.0444365795066262, "on_path": 0, "source": 3, "target": 10}, {"distance": 0.7696772404234513, "on_path": 0, "source": 4, "target": 20}, {"distance": 1.5114987600904484, "on_path": 0, "source": 4, "target": 13}, {"distance": 1.8568840556762245, "on_path": 0, "source": 4, "target": 15}, {"distance": 0.9150108456441192, "on_path": 0, "source": 4, "target": 25}, {"distance": 2.0057156217130303, "on_path": 0, "source": 4, "target": 24}, {"distance": 0.9096919075268042, "on_path": 0, "source": 4, "target": 7}, {"distance": 1.1777872995651977, "on_path": 0, "source": 5, "target": 24}, {"distance": 1.0880024281050495, "on_path": 0, "source": 5, "target": 18}, {"distance": 0.32183020311265514, "on_path": 1, "source": 5, "target": 21}, {"distance": 0.10064374056164511, "on_path": 1, "source": 5, "target": 23}, {"distance": 1.3382117898492683, "on_path": 1, "source": 6, "target": 23}, {"distance": 1.151948867780689, "on_path": 0, "source": 6, "target": 10}, {"distance": 0.8233070198395441, "on_path": 0, "source": 6, "target": 12}, {"distance": 1.3005387518225673, "on_path": 0, "source": 6, "target": 22}, {"distance": 1.012565695171705, "on_path": 0, "source": 7, "target": 15}, {"distance": 1.1176997779920348, "on_path": 0, "source": 7, "target": 11}, {"distance": 0.549452542846514, "on_path": 0, "source": 7, "target": 12}, {"distance": 0.795040990993966, "on_path": 0, "source": 7, "target": 8}, {"distance": 1.2646673150503736, "on_path": 0, "source": 7, "target": 13}, {"distance": 1.5001843956116163, "on_path": 0, "source": 8, "target": 11}, {"distance": 0.47642014066594807, "on_path": 0, "source": 9, "target": 10}, {"distance": 0.8365288545586773, "on_path": 0, "source": 9, "target": 16}, {"distance": 0.5153286585890784, "on_path": 0, "source": 10, "target": 15}, {"distance": 0.839385592611988, "on_path": 0, "source": 10, "target": 18}, {"distance": 0.19098367873447744, "on_path": 0, "source": 11, "target": 19}, {"distance": 0.9018695513808718, "on_path": 0, "source": 13, "target": 14}, {"distance": 1.491417281866105, "on_path": 0, "source": 14, "target": 24}, {"distance": 1.3995381158609683, "on_path": 0, "source": 15, "target": 19}, {"distance": 0.6624134304665139, "on_path": 1, "source": 16, "target": 21}, {"distance": 1.058773770057891, "on_path": 0, "source": 19, "target": 22}, {"distance": 0.6523675321515506, "on_path": 0, "source": 19, "target": 20}, {"distance": 0.960782567300787, "on_path": 0, "source": 19, "target": 24}, {"distance": 0.4726086306324976, "on_path": 0, "source": 19, "target": 25}, {"distance": 0.9915366461807708, "on_path": 0, "source": 21, "target": 24}, {"distance": 0.9512074789516161, "on_path": 0, "source": 22, "target": 25}, {"distance": 1.1726681490721764, "on_path": 0, "source": 24, "target": 25}]}