{"directed": false, "multigraph": false, "graph": {}, "nodes": [{"node_features": [0.0, 0.0], "id": 0}, {"node_features": [0.0, 0.0], "id": 1}, {"node_features": [0.0, 0.0], "id": 2}, {"node_features": [0.0, 0.0], "id": 3}, {"node_features": [1.0, 0.0], "id": 4}, {"node_features": [0.0, 0.0], "id": 5}, {"node_features": [0.0, 0.0], "id": 6}, {"node_features": [0.0, 0.0], "id": 7}, {"node_features": [0.0, 0.0], "id": 8}, {"node_features": [0.0, 0.0], "id": 9}, {"node_features": [0.0, 0.0], "id": 10}, {"node_features": [0.0, 0.0], "id": 11}, {"node_features": [0.0, 0.0], "id": 12}, {"node_features": [0.0, 0.0], "id": 13}, {"node_features": [0.0, 1.0], "id": 14}, {"node_features": [0.0, 0.0], "id": 15}, {"node_features": [0.0, 0.0], "id": 16}, {"node_features": [0.0, 0.0], "id": 17}, {"node_features": [0.0, 0.0], "id": 18}, {"node_features": [0.0, 0.0], "id": 19}, {"node_features": [0.0, 0.0], "id": 20}], "links": [{"distance": 1.6652629279677955, "on_path": 0, "source": 0, "target": 5}, {"distance": 1.0686673334099517, "on_path": 0, "source": 0, "target": 11}, {"distance": 0.28241804982491636, "on_path": 0, "source": 0, "target": 16}, {"distance": 0.7710600128202679, "on_path": 0, "source": 0, "target": 20}, {"distance": 1.1104514554674554, "on_path": 0, "source": 1, "target": 5}, {"distance": 0.8499267430372278, "on_path": 0, "source": 1, "target": 13}, {"distance": 0.5374556120959737, "on_path": 0, "source": 1, "target": 18}, {"distance": 1.9853133434300505, "on_path": 0, "source": 2, "target": 13}, {"distance": 1.6718699999241737, "on_path": 0, "source": 2, "target": 15}, {"distance": 0.3385334876835116, "on_path": 0, "source": 2, "target": 12}, {"distance": 0.34027838206528416, "on_path": 0, "source": 2, "target": 17}, {"distance": 0.6806181614902825, "on_path": 0, "source": 3, "target": 16}, {"distance": 0.8891155554635402, "on_path": 0, "source": 3, "target": 11}, {"distance": 1.4287521767073725, "on_path": 0, "source": 3, "target": 4}, {"distance": 0.20491158445240895, "on_path": 0, "source": 3, "target": 12}, {"distance": 1.0541025658515026, "on_path": 1, "source": 4, "target": 17}, {"distance": 1.3475714588191314, "on_path": 0, "source": 4, "target": 12}, {"distance": 0.7628189485957043, "on_path": 1, "source": 5, "target": 17}, {"distance": 0.34258906575401477, "on_path": 1, "source": 5, "target": 10}, {"distance": 1.4470440269676896, "on_path": 0, "source": 5, "target": 15}, {"distance": 1.974788997480163, "on_path": 0, "source": 5, "target": 7}, {"distance": 1.281775846975904, "on_path": 0, "source": 5, "target": 13}, {"distance": 1.2041572122714266, "on_path": 0, "source": 5, "target": 18}, {"distance": 1.1617901280010992, "on_path": 0, "source": 6, "target": 11}, {"distance": 1.308762105318783, "on_path": 0, "source": 6, "target": 20}, {"distance": 1.4042561584690003, "on_path": 0, "source": 6, "target": 14}, {"distance": 0.30398723142989464, "on_path": 0, "source": 6, "target": 16}, {"distance": 1.4179275142777878, "on_path": 0, "source": 7, "target": 13}, {"distance": 1.442590497178463, "on_path": 0, "source": 7, "target": 14}, {"distance": 1.0796672918024997, "on_path": 0, "source": 8, "target": 15}, {"distance": 0.45391009096052265, "on_path": 0, "source": 8, "target": 12}, {"distance": 0.8057400048843052, "on_path": 0, "source": 8, "target": 11}, {"distance": 1.446266369290712, "on_path": 0, "source": 8, "target": 19}, {"distance": 1.9624422320667765, "on_path": 0, "source": 9, "target": 13}, {"distance": 1.1510791528734075, "on_path": 0, "source": 9, "target": 10}, {"distance": 0.40384265127055546, "on_path": 0, "source": 10, "target": 19}, {"distance": 0.2196864667008472, "on_path": 1, "source": 10, "target": 14}, {"distance": 1.4343922037799592, "on_path": 0, "source": 10, "target": 20}, {"distance": 0.5600969109566739, "on_path": 0, "source": 11, "target": 18}, {"distance": 0.2564100118676295, "on_path": 0, "source": 11, "target": 14}, {"distance": 1.709316687634, "on_path": 0, "source": 15, "target": 20}, {"distance": 0.7704928330159531, "on_path": 0, "source": 17, "target": 20}]}