{"directed": false, "multigraph": false, "graph": {}, "nodes": [{"node_features": [0.0, 0.0], "id": 0}, {"node_features": [0.0, 0.0], "id": 1}, {"node_features": [0.0, 0.0], "id": 2}, {"node_features": [0.0, 0.0], "id": 3}, {"node_features": [1.0, 0.0], "id": 4}, {"node_features": [0.0, 0.0], "id": 5}, {"node_features": [0.0, 0.0], "id": 6}, {"node_features": [0.0, 0.0], "id": 7}, {"node_features": [0.0, 0.0], "id": 8}, {"node_features": [0.0, 0.0], "id": 9}, {"node_features": [0.0, 0.0], "id": 10}, {"node_features": [0.0, 0.0], "id": 11}, {"node_features": [0.0, 0.0], "id": 12}, {"node_features": [0.0, 0.0], "id": 13}, {"node_features": [0.0, 0.0], "id": 14}, {"node_features": [0.0, 0.0], "id": 15}, {"node_features": [0.0, 0.0], "id": 16}, {"node_features": [0.0, 0.0], "id": 17}, {"node_features": [0.0, 0.0], "id": 18}, {"node_features": [0.0, 0.0], "id": 19}, {"node_features": [0.0, 0.0], "id": 20}, {"node_features": [0.0, 0.0], "id": 21}, {"node_features": [0.0, 0.0], "id": 22}, {"node_features": [0.0, 0.0], "id": 23}, {"node_features": [0.0, 0.0], "id": 24}, {"node_features": [0.0, 0.0], "id": 25}, {"node_features": [0.0, 0.0], "id": 26}, {"node_features": [0.0, 0.0], "id": 27}, {"node_features": [0.0, 0.0], "id": 28}, {"node_features": [0.0, 0.0], "id": 29}, {"node_features": [0.0, 0.0], "id": 30}, {"node_features": [0.0, 0.0], "id": 31}, {"node_features": [0.0, 0.0], "id": 32}, {"node_features": [0.0, 0.0], "id": 33}, {"node_features": [0.0, 0.0], "id": 34}, {"node_features": [0.0, 0.0], "id": 35}, {"node_features": [0.0, 0.0], "id": 36}, {"node_features": [0.0, 0.0], "id": 37}, {"node_features": [0.0, 0.0], "id": 38}, {"node_features": [0.0, 1.0], "id": 39}, {"node_features": [0.0, 0.0], "id": 40}, {"node_features": [0.0, 0.0], "id": 41}, {"node_features": [0.0, 0.0], "id": 42}, {"node_features": [0.0, 0.0], "id": 43}, {"node_features": [0.0, 0.0], "id": 44}, {"node_features": [0.0, 0.0], "id": 45}, {"node_features": [0.0, 0.0], "id": 46}, {"node_features": [0.0, 0.0], "id": 47}, {"node_features": [0.0, 0.0], "id": 48}], "links": [{"distance": 0.24064165442219543, "on_path": 0, "source": 0, "target": 7}, {"distance": 1.381613473338191, "on_path": 0, "source": 0, "target": 18}, {"distance": 1.829391417389175, "on_path": 0, "source": 0, "target": 35}, {"distance": 0.7904106177834923, "on_path": 0, "source": 1, "target": 46}, {"distance": 0.39099667144273975, "on_path": 0, "source": 1, "target": 40}, {"distance": 0.34372682902539187, "on_path": 1, "source": 2, "target": 16}, {"distance": 0.4316220986343884, "on_path": 1, "source": 2, "target": 38}, {"distance": 1.2246633208733946, "on_path": 0, "source": 2, "target": 42}, {"distance": 0.8698051770449925, "on_path": 0, "source": 2, "target": 18}, {"distance": 0.4472565788472574, "on_path": 0, "source": 3, "target": 34}, {"distance": 1.1990702971983027, "on_path": 0, "source": 3, "target": 23}, {"distance": 0.7749025156438282, "on_path": 0, "source": 3, "target": 41}, {"distance": 1.1304153986874765, "on_path": 0, "source": 3, "target": 18}, {"distance": 0.981782948617044, "on_path": 0, "source": 4, "target": 23}, {"distance": 0.9891389876318591, "on_path": 1, "source": 4, "target": 16}, {"distance": 1.0770943722767894, "on_path": 0, "source": 5, "target": 22}, {"distance": 1.5836794108247967, "on_path": 0, "source": 5, "target": 33}, {"distance": 1.024944084838851, "on_path": 0, "source": 5, "target": 21}, {"distance": 0.8873435067123695, "on_path": 0, "source": 5, "target": 45}, {"distance": 0.13948730230212988, "on_path": 0, "source": 5, "target": 46}, {"distance": 1.4645140989276848, "on_path": 0, "source": 6, "target": 14}, {"distance": 0.19077727363752506, "on_path": 0, "source": 6, "target": 48}, {"distance": 0.37628888230965524, "on_path": 0, "source": 6, "target": 16}, {"distance": 0.9240518795085645, "on_path": 0, "source": 6, "target": 26}, {"distance": 2.044703101540112, "on_path": 0, "source": 6, "target": 32}, {"distance": 0.884522097741724, "on_path": 0, "source": 6, "target": 36}, {"distance": 0.9146837991527027, "on_path": 0, "source": 7, "target": 12}, {"distance": 0.8404382362507986, "on_path": 0, "source": 7, "target": 31}, {"distance": 1.3775859890439308, "on_path": 0, "source": 7, "target": 27}, {"distance": 1.7128075259841278, "on_path": 0, "source": 7, "target": 42}, {"distance": 0.989334315510376, "on_path": 0, "source": 8, "target": 24}, {"distance": 1.5206100447019018, "on_path": 0, "source": 8, "target": 48}, {"distance": 0.4040412753031254, "on_path": 0, "source": 8, "target": 14}, {"distance": 1.125535722020206, "on_path": 0, "source": 9, "target": 12}, {"distance": 0.8264601987197149, "on_path": 0, "source": 9, "target": 46}, {"distance": 0.3599816723244467, "on_path": 0, "source": 9, "target": 44}, {"distance": 0.8732291828737766, "on_path": 0, "source": 10, "target": 19}, {"distance": 0.42281771602276574, "on_path": 0, "source": 10, "target": 14}, {"distance": 0.192263837877457, "on_path": 0, "source": 10, "target": 39}, {"distance": 1.6924139953953625, "on_path": 0, "source": 11, "target": 44}, {"distance": 1.7964722025835724, "on_path": 0, "source": 11, "target": 48}, {"distance": 0.3711636617106752, "on_path": 0, "source": 11, "target": 20}, {"distance": 1.6688777775630006, "on_path": 0, "source": 11, "target": 41}, {"distance": 0.4818190806933759, "on_path": 0, "source": 12, "target": 32}, {"distance": 2.0742150812216296, "on_path": 0, "source": 12, "target": 35}, {"distance": 1.856565372321886, "on_path": 0, "source": 12, "target": 48}, {"distance": 1.2017327540730016, "on_path": 0, "source": 12, "target": 13}, {"distance": 0.33804907734345496, "on_path": 0, "source": 13, "target": 38}, {"distance": 0.9898147683375793, "on_path": 0, "source": 13, "target": 18}, {"distance": 0.9551211373905009, "on_path": 0, "source": 13, "target": 29}, {"distance": 0.92213721547816, "on_path": 0, "source": 13, "target": 41}, {"distance": 1.1336799761563343, "on_path": 0, "source": 13, "target": 24}, {"distance": 0.6185444233802018, "on_path": 0, "source": 13, "target": 33}, {"distance": 0.6138045000702821, "on_path": 0, "source": 14, "target": 24}, {"distance": 1.4978581953207792, "on_path": 0, "source": 14, "target": 22}, {"distance": 0.909248449439002, "on_path": 0, "source": 15, "target": 32}, {"distance": 1.0054620383392798, "on_path": 0, "source": 15, "target": 27}, {"distance": 2.0225522028193343, "on_path": 0, "source": 15, "target": 42}, {"distance": 0.9422509926731819, "on_path": 0, "source": 16, "target": 42}, {"distance": 1.36783491604084, "on_path": 0, "source": 17, "target": 45}, {"distance": 1.6682138449900081, "on_path": 0, "source": 17, "target": 37}, {"distance": 1.5126096826184066, "on_path": 0, "source": 17, "target": 30}, {"distance": 1.1997583726316412, "on_path": 0, "source": 18, "target": 31}, {"distance": 1.1143717280080143, "on_path": 0, "source": 19, "target": 45}, {"distance": 0.3785064346884222, "on_path": 0, "source": 19, "target": 36}, {"distance": 1.4825778038726134, "on_path": 0, "source": 20, "target": 28}, {"distance": 2.1892653296735602, "on_path": 0, "source": 20, "target": 42}, {"distance": 1.635753822366131, "on_path": 0, "source": 21, "target": 47}, {"distance": 0.46106186935777166, "on_path": 0, "source": 21, "target": 44}, {"distance": 1.8846090078341236, "on_path": 0, "source": 22, "target": 37}, {"distance": 1.5881505053264156, "on_path": 0, "source": 22, "target": 43}, {"distance": 1.0798686113933096, "on_path": 0, "source": 23, "target": 33}, {"distance": 0.6963158578452209, "on_path": 0, "source": 24, "target": 43}, {"distance": 1.4132939869021774, "on_path": 0, "source": 25, "target": 48}, {"distance": 0.5065884849904012, "on_path": 0, "source": 25, "target": 36}, {"distance": 0.6615285680376403, "on_path": 0, "source": 25, "target": 37}, {"distance": 0.22613446525342815, "on_path": 0, "source": 25, "target": 31}, {"distance": 0.6716803789420929, "on_path": 0, "source": 25, "target": 43}, {"distance": 0.36805730375134393, "on_path": 0, "source": 26, "target": 41}, {"distance": 2.2065615232165805, "on_path": 0, "source": 26, "target": 47}, {"distance": 1.4216296952280896, "on_path": 0, "source": 28, "target": 38}, {"distance": 1.7274299058147649, "on_path": 0, "source": 28, "target": 42}, {"distance": 0.6622421307352294, "on_path": 0, "source": 28, "target": 37}, {"distance": 0.8103926849618378, "on_path": 0, "source": 29, "target": 39}, {"distance": 1.0447453261846553, "on_path": 0, "source": 30, "target": 43}, {"distance": 0.8435319221094701, "on_path": 0, "source": 30, "target": 37}, {"distance": 0.4885852608934424, "on_path": 0, "source": 31, "target": 45}, {"distance": 1.5804403665724684, "on_path": 0, "source": 32, "target": 46}, {"distance": 0.8774243274570176, "on_path": 0, "source": 34, "target": 37}, {"distance": 0.7670596519665097, "on_path": 0, "source": 34, "target": 42}, {"distance": 0.528984915553399, "on_path": 0, "source": 34, "target": 40}, {"distance": 0.8046488987871567, "on_path": 0, "source": 35, "target": 44}, {"distance": 0.5421110002424971, "on_path": 1, "source": 38, "target": 39}, {"distance": 0.9736930475099174, "on_path": 0, "source": 38, "target": 48}, {"distance": 0.8577552396440143, "on_path": 0, "source": 39, "target": 47}, {"distance": 0.4616031950164428, "on_path": 0, "source": 39, "target": 40}, {"distance": 0.24164921195783878, "on_path": 0, "source": 41, "target": 46}, {"distance": 1.3500598903011791, "on_path": 0, "source": 45, "target": 47}]}