{"directed": false, "multigraph": false, "graph": {}, "nodes": [{"node_features": [0.0, 0.0], "id": 0}, {"node_features": [0.0, 0.0], "id": 1}, {"node_features": [0.0, 0.0], "id": 2}, {"node_features": [0.0, 0.0], "id": 3}, {"node_features": [0.0, 0.0], "id": 4}, {"node_features": [1.0, 0.0], "id": 5}, {"node_features": [0.0, 0.0], "id": 6}, {"node_features": [0.0, 0.0], "id": 7}, {"node_features": [0.0, 0.0], "id": 8}, {"node_features": [0.0, 1.0], "id": 9}, {"node_features": [0.0, 0.0], "id": 10}, {"node_features": [0.0, 0.0], "id": 11}, {"node_features": [0.0, 0.0], "id": 12}, {"node_features": [0.0, 0.0], "id": 13}, {"node_features": [0.0, 0.0], "id": 14}, {"node_features": [0.0, 0.0], "id": 15}, {"node_features": [0.0, 0.0], "id": 16}, {"node_features": [0.0, 0.0], "id": 17}, {"node_features": [0.0, 0.0], "id": 18}, {"node_features": [0.0, 0.0], "id": 19}, {"node_features": [0.0, 0.0], "id": 20}, {"node_features": [0.0, 0.0], "id": 21}, {"node_features": [0.0, 0.0], "id": 22}, {"node_features": [0.0, 0.0], "id": 23}, {"node_features": [0.0, 0.0], "id": 24}, {"node_features": [0.0, 0.0], "id": 25}, {"node_features": [0.0, 0.0], "id": 26}], "links": [{"distance": 0.43218388139583797, "on_path": 0, "source": 0, "target": 4}, {"distance": 1.117108470704883, "on_path": 0, "source": 0, "target": 9}, {"distance": 1.801013622107276, "on_path": 0, "source": 0, "target": 13}, {"distance": 0.6286085962396706, "on_path": 0, "source": 0, "target": 1}, {"distance": 0.737736803529846, "on_path": 0, "source": 0, "target": 3}, {"distance": 1.4698591283216507, "on_path": 0, "source": 0, "target": 15}, {"distance": 1.8228118736757424, "on_path": 0, "source": 0, "target": 16}, {"distance": 0.583729637872014, "on_path": 0, "source": 1, "target": 8}, {"distance": 0.41640343030021193, "on_path": 1, "source": 2, "target": 5}, {"distance": 0.6896415828186568, "on_path": 1, "source": 2, "target": 3}, {"distance": 0.3097460176266449, "on_path": 1, "source": 3, "target": 14}, {"distance": 1.1428754551034082, "on_path": 0, "source": 3, "target": 17}, {"distance": 1.0514397407969727, "on_path": 0, "source": 3, "target": 24}, {"distance": 2.225128575744305, "on_path": 0, "source": 4, "target": 11}, {"distance": 1.2308356027962073, "on_path": 0, "source": 4, "target": 25}, {"distance": 1.8047003342539336, "on_path": 0, "source": 4, "target": 7}, {"distance": 1.1366348929341454, "on_path": 0, "source": 5, "target": 10}, {"distance": 0.3095145646557606, "on_path": 0, "source": 5, "target": 16}, {"distance": 0.3668220657593155, "on_path": 0, "source": 5, "target": 20}, {"distance": 1.6344809916308098, "on_path": 0, "source": 6, "target": 16}, {"distance": 1.9533339960987637, "on_path": 0, "source": 6, "target": 11}, {"distance": 1.9109858885039264, "on_path": 0, "source": 6, "target": 17}, {"distance": 1.6853144699793214, "on_path": 0, "source": 6, "target": 18}, {"distance": 1.6302341816781645, "on_path": 0, "source": 6, "target": 21}, {"distance": 0.40565315867448754, "on_path": 0, "source": 6, "target": 26}, {"distance": 1.4257529683471293, "on_path": 0, "source": 7, "target": 14}, {"distance": 0.4879728673614634, "on_path": 0, "source": 7, "target": 12}, {"distance": 1.1968546643418325, "on_path": 0, "source": 7, "target": 17}, {"distance": 1.4315296278881209, "on_path": 0, "source": 8, "target": 15}, {"distance": 1.1958847396938963, "on_path": 0, "source": 8, "target": 20}, {"distance": 0.32309928490837586, "on_path": 0, "source": 8, "target": 19}, {"distance": 1.194207485115721, "on_path": 0, "source": 8, "target": 23}, {"distance": 0.7477150040827714, "on_path": 1, "source": 9, "target": 14}, {"distance": 1.5711936013880272, "on_path": 0, "source": 9, "target": 17}, {"distance": 1.3944676235413929, "on_path": 0, "source": 10, "target": 25}, {"distance": 1.0912735995094176, "on_path": 0, "source": 10, "target": 16}, {"distance": 1.7127432523017045, "on_path": 0, "source": 10, "target": 18}, {"distance": 1.579356207148436, "on_path": 0, "source": 10, "target": 15}, {"distance": 1.357752312704902, "on_path": 0, "source": 11, "target": 14}, {"distance": 0.7349840200863452, "on_path": 0, "source": 12, "target": 16}, {"distance": 1.2835071629399013, "on_path": 0, "source": 12, "target": 19}, {"distance": 0.7212648590153781, "on_path": 0, "source": 12, "target": 22}, {"distance": 0.6646502780955109, "on_path": 0, "source": 13, "target": 20}, {"distance": 0.517648070270513, "on_path": 0, "source": 13, "target": 24}, {"distance": 0.4331296604019912, "on_path": 0, "source": 14, "target": 21}, {"distance": 0.7820149850739178, "on_path": 0, "source": 14, "target": 23}, {"distance": 0.5056362938423142, "on_path": 0, "source": 14, "target": 18}, {"distance": 0.7325125429002316, "on_path": 0, "source": 15, "target": 23}, {"distance": 0.3443441849584732, "on_path": 0, "source": 15, "target": 22}, {"distance": 1.6594899920684423, "on_path": 0, "source": 15, "target": 26}, {"distance": 0.14447289836482327, "on_path": 0, "source": 17, "target": 24}, {"distance": 1.9711701472967404, "on_path": 0, "source": 19, "target": 24}, {"distance": 0.36961412342785865, "on_path": 0, "source": 21, "target": 25}, {"distance": 0.7980251039225813, "on_path": 0, "source": 22, "target": 23}]}