{"directed": false, "multigraph": false, "graph": {}, "nodes": [{"node_features": [0.0, 0.0], "id": 0}, {"node_features": [0.0, 0.0], "id": 1}, {"node_features": [0.0, 0.0], "id": 2}, {"node_features": [0.0, 0.0], "id": 3}, {"node_features": [0.0, 0.0], "id": 4}, {"node_features": [0.0, 0.0], "id": 5}, {"node_features": [0.0, 0.0], "id": 6}, {"node_features": [0.0, 0.0], "id": 7}, {"node_features": [0.0, 0.0], "id": 8}, {"node_features": [0.0, 0.0], "id": 9}, {"node_features": [0.0, 0.0], "id": 10}, {"node_features": [1.0, 0.0], "id": 11}, {"node_features": [0.0, 0.0], "id": 12}, {"node_features": [0.0, 0.0], "id": 13}, {"node_features": [0.0, 1.0], "id": 14}, {"node_features": [0.0, 0.0], "id": 15}, {"node_features": [0.0, 0.0], "id": 16}, {"node_features": [0.0, 0.0], "id": 17}, {"node_features": [0.0, 0.0], "id": 18}, {"node_features": [0.0, 0.0], "id": 19}, {"node_features": [0.0, 0.0], "id": 20}, {"node_features": [0.0, 0.0], "id": 21}], "links": [{"distance": 1.2741072516539118, "on_path": 0, "source": 0, "target": 14}, {"distance": 1.3695337204428466, "on_path": 0, "source": 0, "target": 10}, {"distance": 1.9401501453687282, "on_path": 0, "source": 0, "target": 13}, {"distance": 1.239377784409619, "on_path": 0, "source": 0, "target": 17}, {"distance": 0.6609978164512929, "on_path": 0, "source": 0, "target": 21}, {"distance": 1.1375830353197125, "on_path": 0, "source": 0, "target": 7}, {"distance": 1.0473573710279047, "on_path": 0, "source": 1, "target": 15}, {"distance": 0.43124571877060136, "on_path": 0, "source": 1, "target": 17}, {"distance": 1.8657175625383269, "on_path": 0, "source": 1, "target": 13}, {"distance": 1.1352544251003296, "on_path": 0, "source": 2, "target": 19}, {"distance": 1.0418992102186388, "on_path": 0, "source": 2, "target": 9}, {"distance": 1.662695958809348, "on_path": 0, "source": 2, "target": 16}, {"distance": 0.33096067878427293, "on_path": 0, "source": 3, "target": 19}, {"distance": 1.6371799040858903, "on_path": 0, "source": 3, "target": 16}, {"distance": 0.49536955424459883, "on_path": 0, "source": 3, "target": 4}, {"distance": 0.9766325249369479, "on_path": 0, "source": 4, "target": 15}, {"distance": 0.73731833344598, "on_path": 0, "source": 4, "target": 20}, {"distance": 0.6620256351577067, "on_path": 0, "source": 4, "target": 10}, {"distance": 1.3635002436844699, "on_path": 0, "source": 4, "target": 12}, {"distance": 0.17066257638618365, "on_path": 0, "source": 4, "target": 21}, {"distance": 1.2174478300526892, "on_path": 0, "source": 5, "target": 20}, {"distance": 0.9956008513875302, "on_path": 0, "source": 5, "target": 21}, {"distance": 1.2694447531230413, "on_path": 0, "source": 5, "target": 13}, {"distance": 1.6815425844755478, "on_path": 0, "source": 6, "target": 12}, {"distance": 1.1169241696805006, "on_path": 0, "source": 6, "target": 7}, {"distance": 1.1027617246455754, "on_path": 0, "source": 6, "target": 11}, {"distance": 1.2604236153175874, "on_path": 0, "source": 6, "target": 17}, {"distance": 1.0323725317256742, "on_path": 0, "source": 7, "target": 21}, {"distance": 1.1920673367030528, "on_path": 0, "source": 7, "target": 12}, {"distance": 1.6716916035633496, "on_path": 0, "source": 8, "target": 15}, {"distance": 1.3285949795971461, "on_path": 0, "source": 8, "target": 14}, {"distance": 0.7915351968331342, "on_path": 0, "source": 8, "target": 20}, {"distance": 0.10659385576666204, "on_path": 0, "source": 9, "target": 19}, {"distance": 0.6447692637795222, "on_path": 1, "source": 9, "target": 21}, {"distance": 0.8887490732115453, "on_path": 1, "source": 9, "target": 18}, {"distance": 0.8353263320959635, "on_path": 0, "source": 10, "target": 20}, {"distance": 1.2073691263417297, "on_path": 0, "source": 11, "target": 17}, {"distance": 0.6602165591534549, "on_path": 1, "source": 11, "target": 18}, {"distance": 0.15206889458576628, "on_path": 0, "source": 13, "target": 16}, {"distance": 0.9836323834805542, "on_path": 1, "source": 14, "target": 21}, {"distance": 0.7094537523038068, "on_path": 0, "source": 15, "target": 18}, {"distance": 0.4178908798805403, "on_path": 0, "source": 15, "target": 19}, {"distance": 0.679568206111558, "on_path": 0, "source": 16, "target": 20}, {"distance": 1.0167878274907465, "on_path": 0, "source": 17, "target": 19}]}