{"directed": false, "multigraph": false, "graph": {}, "nodes": [{"node_features": [0.0, 0.0], "id": 0}, {"node_features": [0.0, 0.0], "id": 1}, {"node_features": [0.0, 0.0], "id": 2}, {"node_features": [0.0, 0.0], "id": 3}, {"node_features": [0.0, 0.0], "id": 4}, {"node_features": [0.0, 0.0], "id": 5}, {"node_features": [0.0, 0.0], "id": 6}, {"node_features": [0.0, 1.0], "id": 7}, {"node_features": [0.0, 0.0], "id": 8}, {"node_features": [0.0, 0.0], "id": 9}, {"node_features": [1.0, 0.0], "id": 10}, {"node_features": [0.0, 0.0], "id": 11}, {"node_features": [0.0, 0.0], "id": 12}, {"node_features": [0.0, 0.0], "id": 13}, {"node_features": [0.0, 0.0], "id": 14}, {"node_features": [0.0, 0.0], "id": 15}, {"node_features": [0.0, 0.0], "id": 16}, {"node_features": [0.0, 0.0], "id": 17}, {"node_features": [0.0, 0.0], "id": 18}, {"node_features": [0.0, 0.0], "id": 19}, {"node_features": [0.0, 0.0], "id": 20}, {"node_features": [0.0, 0.0], "id": 21}], "links": [{"distance": 0.9942341029496928, "on_path": 0, "source": 0, "target": 8}, {"distance": 1.5571780101310697, "on_path": 0, "source": 0, "target": 11}, {"distance": 1.58381752998349, "on_path": 0, "source": 0, "target": 3}, {"distance": 1.2517060166041767, "on_path": 0, "source": 0, "target": 7}, {"distance": 1.2536557369251253, "on_path": 0, "source": 0, "target": 9}, {"distance": 1.531245796016525, "on_path": 0, "source": 0, "target": 16}, {"distance": 1.078223637915076, "on_path": 1, "source": 1, "target": 7}, {"distance": 0.7798762993933843, "on_path": 1, "source": 1, "target": 4}, {"distance": 0.7987223869821365, "on_path": 0, "source": 1, "target": 5}, {"distance": 0.9341714372445792, "on_path": 0, "source": 2, "target": 16}, {"distance": 1.1427813270015819, "on_path": 0, "source": 2, "target": 6}, {"distance": 1.5096249948512448, "on_path": 0, "source": 2, "target": 10}, {"distance": 0.18492660783222048, "on_path": 0, "source": 3, "target": 11}, {"distance": 1.7870142490916137, "on_path": 0, "source": 4, "target": 19}, {"distance": 1.5555649389863464, "on_path": 0, "source": 4, "target": 5}, {"distance": 0.4218608252825914, "on_path": 1, "source": 4, "target": 16}, {"distance": 0.9432211013312368, "on_path": 0, "source": 4, "target": 14}, {"distance": 1.0105687210124075, "on_path": 0, "source": 5, "target": 9}, {"distance": 1.2307335770783068, "on_path": 0, "source": 5, "target": 12}, {"distance": 0.9097377049708827, "on_path": 0, "source": 6, "target": 20}, {"distance": 0.5477564078035086, "on_path": 0, "source": 6, "target": 9}, {"distance": 0.8003094547699375, "on_path": 0, "source": 6, "target": 12}, {"distance": 0.8214824139663752, "on_path": 0, "source": 7, "target": 20}, {"distance": 1.4014535269316744, "on_path": 0, "source": 7, "target": 17}, {"distance": 1.1898336876174245, "on_path": 0, "source": 7, "target": 18}, {"distance": 0.4655861693552092, "on_path": 0, "source": 7, "target": 19}, {"distance": 0.7751464190932345, "on_path": 0, "source": 8, "target": 14}, {"distance": 1.6692001491876667, "on_path": 0, "source": 8, "target": 16}, {"distance": 0.9421535951087788, "on_path": 0, "source": 9, "target": 15}, {"distance": 1.6722050173759808, "on_path": 0, "source": 9, "target": 19}, {"distance": 0.8987016176911183, "on_path": 0, "source": 9, "target": 20}, {"distance": 1.8169305246915426, "on_path": 1, "source": 10, "target": 16}, {"distance": 0.9206101521892722, "on_path": 0, "source": 11, "target": 14}, {"distance": 0.8438384637293437, "on_path": 0, "source": 11, "target": 20}, {"distance": 0.982654071935798, "on_path": 0, "source": 12, "target": 13}, {"distance": 0.7198506647848231, "on_path": 0, "source": 12, "target": 21}, {"distance": 1.0560472504600227, "on_path": 0, "source": 13, "target": 21}, {"distance": 0.9245877276814066, "on_path": 0, "source": 14, "target": 19}, {"distance": 0.6336598162266054, "on_path": 0, "source": 14, "target": 20}, {"distance": 0.8985670380841393, "on_path": 0, "source": 14, "target": 17}, {"distance": 0.6892464590341675, "on_path": 0, "source": 14, "target": 18}, {"distance": 1.1370949575844131, "on_path": 0, "source": 15, "target": 16}, {"distance": 1.8259439766199959, "on_path": 0, "source": 16, "target": 19}, {"distance": 0.5205679247153193, "on_path": 0, "source": 17, "target": 21}]}