{"directed": false, "multigraph": false, "graph": {}, "nodes": [{"node_features": [1.0, 0.0], "id": 0}, {"node_features": [0.0, 0.0], "id": 1}, {"node_features": [0.0, 0.0], "id": 2}, {"node_features": [0.0, 1.0], "id": 3}, {"node_features": [0.0, 0.0], "id": 4}, {"node_features": [0.0, 0.0], "id": 5}, {"node_features": [0.0, 0.0], "id": 6}, {"node_features": [0.0, 0.0], "id": 7}, {"node_features": [0.0, 0.0], "id": 8}, {"node_features": [0.0, 0.0], "id": 9}, {"node_features": [0.0, 0.0], "id": 10}, {"node_features": [0.0, 0.0], "id": 11}, {"node_features": [0.0, 0.0], "id": 12}, {"node_features": [0.0, 0.0], "id": 13}, {"node_features": [0.0, 0.0], "id": 14}, {"node_features": [0.0, 0.0], "id": 15}, {"node_features": [0.0, 0.0], "id": 16}, {"node_features": [0.0, 0.0], "id": 17}, {"node_features": [0.0, 0.0], "id": 18}, {"node_features": [0.0, 0.0], "id": 19}, {"node_features": [0.0, 0.0], "id": 20}, {"node_features": [0.0, 0.0], "id": 21}, {"node_features": [0.0, 0.0], "id": 22}, {"node_features": [0.0, 0.0], "id": 23}, {"node_features": [0.0, 0.0], "id": 24}, {"node_features": [0.0, 0.0], "id": 25}, {"node_features": [0.0, 0.0], "id": 26}, {"node_features": [0.0, 0.0], "id": 27}, {"node_features": [0.0, 0.0], "id": 28}, {"node_features": [0.0, 0.0], "id": 29}, {"node_features": [0.0, 0.0], "id": 30}, {"node_features": [0.0, 0.0], "id": 31}, {"node_features": [0.0, 0.0], "id": 32}, {"node_features": [0.0, 0.0], "id": 33}, {"node_features": [0.0, 0.0], "id": 34}, {"node_features": [0.0, 0.0], "id": 35}, {"node_features": [0.0, 0.0], "id": 36}, {"node_features": [0.0, 0.0], "id": 37}, {"node_features": [0.0, 0.0], "id": 38}, {"node_features": [0.0, 0.0], "id": 39}, {"node_features": [0.0, 0.0], "id": 40}, {"node_features": [0.0, 0.0], "id": 41}, {"node_features": [0.0, 0.0], "id": 42}, {"node_features": [0.0, 0.0], "id": 43}, {"node_features": [0.0, 0.0], "id": 44}, {"node_features": [0.0, 0.0], "id": 45}, {"node_features": [0.0, 0.0], "id": 46}, {"node_features": [0.0, 0.0], "id": 47}, {"node_features": [0.0, 0.0], "id": 48}], "links": [{"distance": 0.28676341742180167, "on_path": 1, "source": 0, "target": 41}, {"distance": 0.3664885537769647, "on_path": 0, "source": 0, "target": 6}, {"distance": 0.6360724591423803, "on_path": 0, "source": 0, "target": 21}, {"distance": 0.8377738316141305, "on_path": 0, "source": 0, "target": 16}, {"distance": 0.4660487320963043, "on_path": 0, "source": 0, "target": 40}, {"distance": 1.7334493239148085, "on_path": 0, "source": 1, "target": 23}, {"distance": 1.8117744822152029, "on_path": 0, "source": 1, "target": 8}, {"distance": 1.4617899290729837, "on_path": 0, "source": 1, "target": 25}, {"distance": 1.0578301809460997, "on_path": 0, "source": 1, "target": 45}, {"distance": 1.519189123027278, "on_path": 0, "source": 1, "target": 26}, {"distance": 0.825798739334654, "on_path": 0, "source": 1, "target": 24}, {"distance": 0.798987029250733, "on_path": 1, "source": 2, "target": 41}, {"distance": 0.20468274162952663, "on_path": 1, "source": 2, "target": 7}, {"distance": 1.2155655802579843, "on_path": 0, "source": 2, "target": 15}, {"distance": 0.6272589660415778, "on_path": 0, "source": 3, "target": 38}, {"distance": 0.4521316326807601, "on_path": 1, "source": 3, "target": 7}, {"distance": 0.6788390960187816, "on_path": 0, "source": 3, "target": 42}, {"distance": 0.397265347054128, "on_path": 0, "source": 3, "target": 46}, {"distance": 0.8024642573368426, "on_path": 0, "source": 4, "target": 16}, {"distance": 0.7832526367194097, "on_path": 0, "source": 4, "target": 20}, {"distance": 1.5072033742905424, "on_path": 0, "source": 5, "target": 18}, {"distance": 0.7284347597576569, "on_path": 0, "source": 5, "target": 16}, {"distance": 1.3106483219613343, "on_path": 0, "source": 5, "target": 23}, {"distance": 1.5280663492975832, "on_path": 0, "source": 5, "target": 28}, {"distance": 0.871991617491582, "on_path": 0, "source": 5, "target": 48}, {"distance": 0.636681045581636, "on_path": 0, "source": 6, "target": 21}, {"distance": 0.31163065102527576, "on_path": 0, "source": 7, "target": 42}, {"distance": 0.9573298738318418, "on_path": 0, "source": 7, "target": 11}, {"distance": 0.4905732490160042, "on_path": 0, "source": 7, "target": 46}, {"distance": 0.7573972471076875, "on_path": 0, "source": 7, "target": 24}, {"distance": 0.779477226016915, "on_path": 0, "source": 8, "target": 44}, {"distance": 0.5664125429850653, "on_path": 0, "source": 8, "target": 47}, {"distance": 1.211402691858914, "on_path": 0, "source": 9, "target": 46}, {"distance": 0.7816656978596999, "on_path": 0, "source": 9, "target": 31}, {"distance": 1.0037819426721113, "on_path": 0, "source": 9, "target": 33}, {"distance": 0.33445434805069324, "on_path": 0, "source": 9, "target": 12}, {"distance": 0.8527103573367837, "on_path": 0, "source": 10, "target": 42}, {"distance": 1.3622002412173613, "on_path": 0, "source": 10, "target": 15}, {"distance": 0.40027769494333615, "on_path": 0, "source": 10, "target": 20}, {"distance": 1.2413274012946944, "on_path": 0, "source": 10, "target": 47}, {"distance": 0.8603476976855665, "on_path": 0, "source": 11, "target": 12}, {"distance": 0.9549632438157639, "on_path": 0, "source": 11, "target": 39}, {"distance": 0.3972876800541131, "on_path": 0, "source": 11, "target": 24}, {"distance": 0.575305436261091, "on_path": 0, "source": 11, "target": 45}, {"distance": 1.3883368610923426, "on_path": 0, "source": 12, "target": 17}, {"distance": 1.0903249808133564, "on_path": 0, "source": 12, "target": 24}, {"distance": 0.12069263781035236, "on_path": 0, "source": 12, "target": 39}, {"distance": 0.6560228134055868, "on_path": 0, "source": 12, "target": 43}, {"distance": 1.6601103423767087, "on_path": 0, "source": 13, "target": 28}, {"distance": 1.898133515434058, "on_path": 0, "source": 13, "target": 38}, {"distance": 0.24317622820826967, "on_path": 0, "source": 13, "target": 25}, {"distance": 1.3346361592955105, "on_path": 0, "source": 14, "target": 31}, {"distance": 1.5010758483379896, "on_path": 0, "source": 14, "target": 36}, {"distance": 1.0401253727831767, "on_path": 0, "source": 14, "target": 40}, {"distance": 0.3520149699566344, "on_path": 0, "source": 14, "target": 27}, {"distance": 1.3445829860324345, "on_path": 0, "source": 15, "target": 25}, {"distance": 1.9768132602047097, "on_path": 0, "source": 15, "target": 31}, {"distance": 0.25583442060824857, "on_path": 0, "source": 16, "target": 42}, {"distance": 1.5364255617074176, "on_path": 0, "source": 17, "target": 47}, {"distance": 1.4714324854059555, "on_path": 0, "source": 18, "target": 30}, {"distance": 1.277496221363704, "on_path": 0, "source": 18, "target": 26}, {"distance": 0.5582742330713448, "on_path": 0, "source": 18, "target": 45}, {"distance": 0.9760142637777253, "on_path": 0, "source": 18, "target": 38}, {"distance": 0.39002031242198854, "on_path": 0, "source": 19, "target": 33}, {"distance": 0.40661981983091217, "on_path": 0, "source": 19, "target": 42}, {"distance": 0.6980015257113243, "on_path": 0, "source": 19, "target": 25}, {"distance": 0.597552360695702, "on_path": 0, "source": 20, "target": 35}, {"distance": 1.5734997021787098, "on_path": 0, "source": 20, "target": 37}, {"distance": 1.0404843601477158, "on_path": 0, "source": 20, "target": 48}, {"distance": 0.9372326713037301, "on_path": 0, "source": 21, "target": 27}, {"distance": 0.34079998470116013, "on_path": 0, "source": 21, "target": 40}, {"distance": 0.6218511415406536, "on_path": 0, "source": 21, "target": 28}, {"distance": 1.1809113843156909, "on_path": 0, "source": 22, "target": 38}, {"distance": 1.4516867111252518, "on_path": 0, "source": 22, "target": 48}, {"distance": 1.341080312079692, "on_path": 0, "source": 22, "target": 26}, {"distance": 0.834330214348724, "on_path": 0, "source": 23, "target": 27}, {"distance": 0.6104758059106045, "on_path": 0, "source": 23, "target": 44}, {"distance": 0.8410871614526618, "on_path": 0, "source": 24, "target": 48}, {"distance": 0.28795274489280825, "on_path": 0, "source": 24, "target": 41}, {"distance": 0.9363197241335165, "on_path": 0, "source": 25, "target": 34}, {"distance": 0.40599227104859964, "on_path": 0, "source": 27, "target": 42}, {"distance": 0.4941217903781699, "on_path": 0, "source": 27, "target": 47}, {"distance": 0.6237330205308579, "on_path": 0, "source": 27, "target": 30}, {"distance": 1.1651251770552102, "on_path": 0, "source": 27, "target": 36}, {"distance": 1.9984090037070361, "on_path": 0, "source": 29, "target": 32}, {"distance": 1.1476318269306833, "on_path": 0, "source": 29, "target": 42}, {"distance": 1.3460442231842114, "on_path": 0, "source": 29, "target": 39}, {"distance": 0.708772128641911, "on_path": 0, "source": 30, "target": 38}, {"distance": 0.9647933592133758, "on_path": 0, "source": 30, "target": 35}, {"distance": 0.3761861059835927, "on_path": 0, "source": 32, "target": 47}, {"distance": 1.1026406822252401, "on_path": 0, "source": 32, "target": 40}, {"distance": 2.0793308852082353, "on_path": 0, "source": 32, "target": 43}, {"distance": 1.0127078265961391, "on_path": 0, "source": 32, "target": 42}, {"distance": 0.775300352851885, "on_path": 0, "source": 33, "target": 42}, {"distance": 0.8053655176571941, "on_path": 0, "source": 34, "target": 43}, {"distance": 1.169151786476447, "on_path": 0, "source": 35, "target": 48}, {"distance": 1.3236735612426054, "on_path": 0, "source": 37, "target": 46}, {"distance": 0.9388231628947638, "on_path": 0, "source": 38, "target": 41}]}