{"directed": false, "multigraph": false, "graph": {}, "nodes": [{"node_features": [0.0, 0.0], "id": 0}, {"node_features": [0.0, 0.0], "id": 1}, {"node_features": [0.0, 0.0], "id": 2}, {"node_features": [0.0, 1.0], "id": 3}, {"node_features": [0.0, 0.0], "id": 4}, {"node_features": [0.0, 0.0], "id": 5}, {"node_features": [0.0, 0.0], "id": 6}, {"node_features": [0.0, 0.0], "id": 7}, {"node_features": [0.0, 0.0], "id": 8}, {"node_features": [0.0, 0.0], "id": 9}, {"node_features": [0.0, 0.0], "id": 10}, {"node_features": [0.0, 0.0], "id": 11}, {"node_features": [0.0, 0.0], "id": 12}, {"node_features": [0.0, 0.0], "id": 13}, {"node_features": [0.0, 0.0], "id": 14}, {"node_features": [0.0, 0.0], "id": 15}, {"node_features": [0.0, 0.0], "id": 16}, {"node_features": [0.0, 0.0], "id": 17}, {"node_features": [0.0, 0.0], "id": 18}, {"node_features": [1.0, 0.0], "id": 19}, {"node_features": [0.0, 0.0], "id": 20}, {"node_features": [0.0, 0.0], "id": 21}, {"node_features": [0.0, 0.0], "id": 22}], "links": [{"distance": 0.16339358728404704, "on_path": 0, "source": 0, "target": 16}, {"distance": 1.0512042435558557, "on_path": 0, "source": 0, "target": 7}, {"distance": 0.5850477264261321, "on_path": 0, "source": 0, "target": 13}, {"distance": 1.1921734530943402, "on_path": 0, "source": 1, "target": 21}, {"distance": 1.7521694811105442, "on_path": 0, "source": 1, "target": 5}, {"distance": 0.26557882117108633, "on_path": 0, "source": 1, "target": 12}, {"distance": 1.3337303210475973, "on_path": 0, "source": 1, "target": 15}, {"distance": 0.46865704466454156, "on_path": 1, "source": 2, "target": 5}, {"distance": 1.3310163256826524, "on_path": 1, "source": 2, "target": 19}, {"distance": 0.6930572645055098, "on_path": 0, "source": 2, "target": 20}, {"distance": 1.4605869195146386, "on_path": 0, "source": 2, "target": 11}, {"distance": 1.1140359936851332, "on_path": 1, "source": 3, "target": 7}, {"distance": 0.9265322375780037, "on_path": 0, "source": 3, "target": 9}, {"distance": 0.1923687207579618, "on_path": 0, "source": 3, "target": 4}, {"distance": 0.7348482591568408, "on_path": 0, "source": 3, "target": 6}, {"distance": 1.6991415624839286, "on_path": 0, "source": 4, "target": 14}, {"distance": 1.553301710697915, "on_path": 0, "source": 4, "target": 18}, {"distance": 0.4669118091995251, "on_path": 0, "source": 5, "target": 14}, {"distance": 0.19077526137335166, "on_path": 1, "source": 5, "target": 8}, {"distance": 1.581775197129857, "on_path": 0, "source": 5, "target": 10}, {"distance": 0.4238498741611949, "on_path": 0, "source": 5, "target": 15}, {"distance": 1.9425751044432142, "on_path": 0, "source": 6, "target": 17}, {"distance": 1.0673786350194023, "on_path": 0, "source": 6, "target": 14}, {"distance": 0.9457209035342641, "on_path": 0, "source": 7, "target": 14}, {"distance": 0.636519715453773, "on_path": 1, "source": 7, "target": 8}, {"distance": 0.9099829980365532, "on_path": 0, "source": 7, "target": 16}, {"distance": 1.4627789981366124, "on_path": 0, "source": 7, "target": 12}, {"distance": 0.8095491856396428, "on_path": 0, "source": 7, "target": 22}, {"distance": 0.5517465860263968, "on_path": 0, "source": 8, "target": 18}, {"distance": 1.7550159224763748, "on_path": 0, "source": 9, "target": 15}, {"distance": 0.7781447802479423, "on_path": 0, "source": 9, "target": 12}, {"distance": 2.1033657425397805, "on_path": 0, "source": 10, "target": 20}, {"distance": 1.2316777737370552, "on_path": 0, "source": 10, "target": 18}, {"distance": 1.9570966428615157, "on_path": 0, "source": 11, "target": 20}, {"distance": 1.2326054661101247, "on_path": 0, "source": 11, "target": 14}, {"distance": 0.7974053036661725, "on_path": 0, "source": 11, "target": 21}, {"distance": 0.6806643214661443, "on_path": 0, "source": 12, "target": 16}, {"distance": 0.9334096864973713, "on_path": 0, "source": 12, "target": 21}, {"distance": 0.3761082706830446, "on_path": 0, "source": 13, "target": 18}, {"distance": 1.0817707893139605, "on_path": 0, "source": 14, "target": 17}, {"distance": 0.041840985199186574, "on_path": 0, "source": 15, "target": 18}, {"distance": 0.6445797388331033, "on_path": 0, "source": 16, "target": 21}, {"distance": 2.079297703205291, "on_path": 0, "source": 17, "target": 20}, {"distance": 1.9945967647229612, "on_path": 0, "source": 19, "target": 22}, {"distance": 1.9954277480614988, "on_path": 0, "source": 19, "target": 20}, {"distance": 1.5907158994083088, "on_path": 0, "source": 20, "target": 21}]}