{"directed": false, "multigraph": false, "graph": {}, "nodes": [{"node_features": [0.0, 0.0], "id": 0}, {"node_features": [0.0, 0.0], "id": 1}, {"node_features": [0.0, 0.0], "id": 2}, {"node_features": [1.0, 0.0], "id": 3}, {"node_features": [0.0, 0.0], "id": 4}, {"node_features": [0.0, 0.0], "id": 5}, {"node_features": [0.0, 0.0], "id": 6}, {"node_features": [0.0, 0.0], "id": 7}, {"node_features": [0.0, 0.0], "id": 8}, {"node_features": [0.0, 0.0], "id": 9}, {"node_features": [0.0, 0.0], "id": 10}, {"node_features": [0.0, 0.0], "id": 11}, {"node_features": [0.0, 1.0], "id": 12}, {"node_features": [0.0, 0.0], "id": 13}, {"node_features": [0.0, 0.0], "id": 14}, {"node_features": [0.0, 0.0], "id": 15}], "links": [{"distance": 0.5985680487033709, "on_path": 0, "source": 0, "target": 6}, {"distance": 0.8397308505246871, "on_path": 0, "source": 0, "target": 5}, {"distance": 0.9138122369299291, "on_path": 0, "source": 0, "target": 7}, {"distance": 0.7667497714491506, "on_path": 0, "source": 0, "target": 2}, {"distance": 0.8370374715562638, "on_path": 0, "source": 1, "target": 11}, {"distance": 0.6664699510192772, "on_path": 0, "source": 1, "target": 12}, {"distance": 0.9009603927974806, "on_path": 0, "source": 1, "target": 10}, {"distance": 0.806199171397313, "on_path": 1, "source": 2, "target": 6}, {"distance": 0.21494152780110873, "on_path": 1, "source": 2, "target": 9}, {"distance": 1.2538291757948614, "on_path": 0, "source": 2, "target": 4}, {"distance": 1.243447462930488, "on_path": 0, "source": 2, "target": 11}, {"distance": 0.8359977519172497, "on_path": 0, "source": 3, "target": 15}, {"distance": 0.9086936324194035, "on_path": 0, "source": 3, "target": 11}, {"distance": 0.2717885429779708, "on_path": 1, "source": 3, "target": 9}, {"distance": 0.4583634146599964, "on_path": 0, "source": 4, "target": 11}, {"distance": 0.8504107023461337, "on_path": 0, "source": 4, "target": 14}, {"distance": 1.0083086955859635, "on_path": 0, "source": 4, "target": 6}, {"distance": 0.8382022451963156, "on_path": 0, "source": 5, "target": 13}, {"distance": 1.1595350028988805, "on_path": 0, "source": 5, "target": 11}, {"distance": 0.5633269552675336, "on_path": 0, "source": 5, "target": 14}, {"distance": 0.7074949997620419, "on_path": 0, "source": 6, "target": 11}, {"distance": 0.9488081151214712, "on_path": 0, "source": 6, "target": 10}, {"distance": 0.9010480833913228, "on_path": 1, "source": 6, "target": 12}, {"distance": 1.261842262168301, "on_path": 0, "source": 7, "target": 10}, {"distance": 0.9381536697304371, "on_path": 0, "source": 7, "target": 11}, {"distance": 1.7662222057550125, "on_path": 0, "source": 7, "target": 15}, {"distance": 1.1412205596036702, "on_path": 0, "source": 7, "target": 12}, {"distance": 0.4262461620983903, "on_path": 0, "source": 8, "target": 12}, {"distance": 0.8990044134017176, "on_path": 0, "source": 8, "target": 11}, {"distance": 0.6506159286706944, "on_path": 0, "source": 9, "target": 15}, {"distance": 1.1376485174703383, "on_path": 0, "source": 10, "target": 15}, {"distance": 1.388241960717477, "on_path": 0, "source": 13, "target": 14}]}