{"directed": false, "multigraph": false, "graph": {}, "nodes": [{"node_features": [0.0, 0.0], "id": 0}, {"node_features": [0.0, 0.0], "id": 1}, {"node_features": [0.0, 0.0], "id": 2}, {"node_features": [0.0, 0.0], "id": 3}, {"node_features": [0.0, 0.0], "id": 4}, {"node_features": [0.0, 0.0], "id": 5}, {"node_features": [0.0, 0.0], "id": 6}, {"node_features": [0.0, 0.0], "id": 7}, {"node_features": [0.0, 0.0], "id": 8}, {"node_features": [0.0, 1.0], "id": 9}, {"node_features": [0.0, 0.0], "id": 10}, {"node_features": [0.0, 0.0], "id": 11}, {"node_features": [0.0, 0.0], "id": 12}, {"node_features": [0.0, 0.0], "id": 13}, {"node_features": [0.0, 0.0], "id": 14}, {"node_features": [0.0, 0.0], "id": 15}, {"node_features": [0.0, 0.0], "id": 16}, {"node_features": [0.0, 0.0], "id": 17}, {"node_features": [0.0, 0.0], "id": 18}, {"node_features": [1.0, 0.0], "id": 19}, {"node_features": [0.0, 0.0], "id": 20}, {"node_features": [0.0, 0.0], "id": 21}, {"node_features": [0.0, 0.0], "id": 22}, {"node_features": [0.0, 0.0], "id": 23}, {"node_features": [0.0, 0.0], "id": 24}, {"node_features": [0.0, 0.0], "id": 25}, {"node_features": [0.0, 0.0], "id": 26}, {"node_features": [0.0, 0.0], "id": 27}, {"node_features": [0.0, 0.0], "id": 28}, {"node_features": [0.0, 0.0], "id": 29}, {"node_features": [0.0, 0.0], "id": 30}, {"node_features": [0.0, 0.0], "id": 31}, {"node_features": [0.0, 0.0], "id": 32}, {"node_features": [0.0, 0.0], "id": 33}, {"node_features": [0.0, 0.0], "id": 34}, {"node_features": [0.0, 0.0], "id": 35}, {"node_features": [0.0, 0.0], "id": 36}, {"node_features": [0.0, 0.0], "id": 37}, {"node_features": [0.0, 0.0], "id": 38}], "links": [{"distance": 0.8302923437122518, "on_path": 1, "source": 0, "target": 9}, {"distance": 0.5727582819905159, "on_path": 0, "source": 0, "target": 11}, {"distance": 0.14506470640511693, "on_path": 1, "source": 0, "target": 6}, {"distance": 1.5199438578820919, "on_path": 0, "source": 0, "target": 22}, {"distance": 2.1235388800612687, "on_path": 0, "source": 1, "target": 23}, {"distance": 1.0645993785371106, "on_path": 0, "source": 1, "target": 10}, {"distance": 0.9036972460626282, "on_path": 0, "source": 1, "target": 14}, {"distance": 0.9754811056419197, "on_path": 0, "source": 1, "target": 11}, {"distance": 0.3562683723794049, "on_path": 0, "source": 1, "target": 20}, {"distance": 1.9637097716989989, "on_path": 0, "source": 2, "target": 21}, {"distance": 2.3006649192602238, "on_path": 0, "source": 2, "target": 8}, {"distance": 0.6931362019014845, "on_path": 0, "source": 2, "target": 9}, {"distance": 0.2373401809204689, "on_path": 0, "source": 2, "target": 15}, {"distance": 1.7651307452776746, "on_path": 0, "source": 2, "target": 29}, {"distance": 1.033594348833368, "on_path": 0, "source": 2, "target": 37}, {"distance": 0.623901140535479, "on_path": 0, "source": 3, "target": 23}, {"distance": 1.5990627134589097, "on_path": 0, "source": 3, "target": 36}, {"distance": 1.1535799710859407, "on_path": 0, "source": 3, "target": 37}, {"distance": 1.1373933161065835, "on_path": 0, "source": 3, "target": 4}, {"distance": 1.8180430804296848, "on_path": 0, "source": 3, "target": 6}, {"distance": 0.91522643271051, "on_path": 0, "source": 4, "target": 17}, {"distance": 0.9413600147963759, "on_path": 0, "source": 4, "target": 20}, {"distance": 0.8962664466521385, "on_path": 0, "source": 4, "target": 28}, {"distance": 1.3355638609748657, "on_path": 0, "source": 4, "target": 29}, {"distance": 0.7283522110512259, "on_path": 0, "source": 4, "target": 19}, {"distance": 1.0642316995228391, "on_path": 0, "source": 5, "target": 38}, {"distance": 0.8423448432288896, "on_path": 0, "source": 5, "target": 18}, {"distance": 0.20936286417521702, "on_path": 0, "source": 5, "target": 10}, {"distance": 1.489013505457444, "on_path": 1, "source": 6, "target": 33}, {"distance": 1.0666774393422285, "on_path": 0, "source": 6, "target": 30}, {"distance": 1.6333322169374411, "on_path": 0, "source": 6, "target": 12}, {"distance": 0.5632672649023777, "on_path": 0, "source": 7, "target": 17}, {"distance": 0.7749926260969662, "on_path": 0, "source": 7, "target": 33}, {"distance": 1.7714575896178835, "on_path": 0, "source": 8, "target": 16}, {"distance": 0.4719624465775191, "on_path": 0, "source": 8, "target": 31}, {"distance": 0.7504620114657858, "on_path": 0, "source": 9, "target": 12}, {"distance": 1.59108038129302, "on_path": 0, "source": 9, "target": 27}, {"distance": 1.2950399318339492, "on_path": 0, "source": 9, "target": 18}, {"distance": 1.2703877343834529, "on_path": 0, "source": 9, "target": 24}, {"distance": 0.7029152814111087, "on_path": 0, "source": 10, "target": 24}, {"distance": 0.9344899592717345, "on_path": 0, "source": 10, "target": 18}, {"distance": 1.44898164905197, "on_path": 0, "source": 11, "target": 16}, {"distance": 1.496754886012047, "on_path": 0, "source": 11, "target": 19}, {"distance": 0.40228597305316216, "on_path": 0, "source": 11, "target": 13}, {"distance": 1.3325111097244677, "on_path": 0, "source": 11, "target": 15}, {"distance": 1.052503146760128, "on_path": 0, "source": 13, "target": 30}, {"distance": 1.2321425116993698, "on_path": 0, "source": 13, "target": 34}, {"distance": 0.8279826164095841, "on_path": 0, "source": 14, "target": 38}, {"distance": 0.648109148647196, "on_path": 0, "source": 15, "target": 16}, {"distance": 0.12777214519536045, "on_path": 0, "source": 17, "target": 22}, {"distance": 1.754224218615001, "on_path": 0, "source": 17, "target": 28}, {"distance": 0.865289056237553, "on_path": 0, "source": 18, "target": 22}, {"distance": 0.833602595220387, "on_path": 0, "source": 18, "target": 23}, {"distance": 0.34208850195268825, "on_path": 1, "source": 19, "target": 33}, {"distance": 0.850329017524431, "on_path": 0, "source": 21, "target": 29}, {"distance": 0.9704558032019133, "on_path": 0, "source": 21, "target": 24}, {"distance": 1.223409565933362, "on_path": 0, "source": 21, "target": 34}, {"distance": 1.6484916892715935, "on_path": 0, "source": 21, "target": 35}, {"distance": 0.36890770111018745, "on_path": 0, "source": 22, "target": 32}, {"distance": 1.687620433290169, "on_path": 0, "source": 22, "target": 23}, {"distance": 1.7492674899045557, "on_path": 0, "source": 22, "target": 28}, {"distance": 2.309705257090528, "on_path": 0, "source": 25, "target": 29}, {"distance": 1.211396070812228, "on_path": 0, "source": 25, "target": 31}, {"distance": 1.01343337383485, "on_path": 0, "source": 25, "target": 37}, {"distance": 0.40459364384684243, "on_path": 0, "source": 25, "target": 32}, {"distance": 1.3349726722130602, "on_path": 0, "source": 26, "target": 38}, {"distance": 0.8809549268768708, "on_path": 0, "source": 26, "target": 30}, {"distance": 1.218016384427279, "on_path": 0, "source": 26, "target": 36}, {"distance": 1.2840513339487043, "on_path": 0, "source": 27, "target": 34}, {"distance": 0.9712600596156409, "on_path": 0, "source": 29, "target": 36}, {"distance": 1.4741083959874746, "on_path": 0, "source": 29, "target": 30}, {"distance": 0.6975520928460731, "on_path": 0, "source": 30, "target": 33}, {"distance": 0.7170512778586539, "on_path": 0, "source": 30, "target": 35}, {"distance": 0.3196683785118085, "on_path": 0, "source": 30, "target": 37}, {"distance": 1.1708074488610898, "on_path": 0, "source": 31, "target": 33}, {"distance": 0.5718084482610053, "on_path": 0, "source": 32, "target": 34}, {"distance": 0.8058474292955794, "on_path": 0, "source": 32, "target": 38}, {"distance": 0.8162959628128235, "on_path": 0, "source": 35, "target": 38}]}