{"directed": false, "multigraph": false, "graph": {}, "nodes": [{"node_features": [0.0, 0.0], "id": 0}, {"node_features": [0.0, 0.0], "id": 1}, {"node_features": [0.0, 0.0], "id": 2}, {"node_features": [0.0, 0.0], "id": 3}, {"node_features": [0.0, 0.0], "id": 4}, {"node_features": [0.0, 0.0], "id": 5}, {"node_features": [1.0, 0.0], "id": 6}, {"node_features": [0.0, 0.0], "id": 7}, {"node_features": [0.0, 0.0], "id": 8}, {"node_features": [0.0, 0.0], "id": 9}, {"node_features": [0.0, 1.0], "id": 10}, {"node_features": [0.0, 0.0], "id": 11}, {"node_features": [0.0, 0.0], "id": 12}, {"node_features": [0.0, 0.0], "id": 13}, {"node_features": [0.0, 0.0], "id": 14}, {"node_features": [0.0, 0.0], "id": 15}, {"node_features": [0.0, 0.0], "id": 16}, {"node_features": [0.0, 0.0], "id": 17}, {"node_features": [0.0, 0.0], "id": 18}, {"node_features": [0.0, 0.0], "id": 19}, {"node_features": [0.0, 0.0], "id": 20}, {"node_features": [0.0, 0.0], "id": 21}, {"node_features": [0.0, 0.0], "id": 22}, {"node_features": [0.0, 0.0], "id": 23}, {"node_features": [0.0, 0.0], "id": 24}, {"node_features": [0.0, 0.0], "id": 25}, {"node_features": [0.0, 0.0], "id": 26}, {"node_features": [0.0, 0.0], "id": 27}, {"node_features": [0.0, 0.0], "id": 28}, {"node_features": [0.0, 0.0], "id": 29}, {"node_features": [0.0, 0.0], "id": 30}, {"node_features": [0.0, 0.0], "id": 31}], "links": [{"distance": 0.5054239364971785, "on_path": 0, "source": 0, "target": 23}, {"distance": 0.7703790732193675, "on_path": 0, "source": 0, "target": 22}, {"distance": 0.21242496555526508, "on_path": 0, "source": 1, "target": 29}, {"distance": 1.1384649302870569, "on_path": 0, "source": 1, "target": 27}, {"distance": 0.7049327746969046, "on_path": 1, "source": 1, "target": 9}, {"distance": 0.8609544585249341, "on_path": 1, "source": 1, "target": 10}, {"distance": 1.379665271659934, "on_path": 0, "source": 1, "target": 24}, {"distance": 1.3472353219765552, "on_path": 0, "source": 1, "target": 25}, {"distance": 0.9246987096188416, "on_path": 0, "source": 2, "target": 22}, {"distance": 0.5873037595650228, "on_path": 0, "source": 2, "target": 26}, {"distance": 0.6588337044833567, "on_path": 0, "source": 2, "target": 14}, {"distance": 0.6927721653271688, "on_path": 0, "source": 2, "target": 17}, {"distance": 1.1234293420506005, "on_path": 0, "source": 2, "target": 30}, {"distance": 1.6599575018055954, "on_path": 0, "source": 3, "target": 24}, {"distance": 1.0112691282435036, "on_path": 0, "source": 3, "target": 22}, {"distance": 1.6107422185484372, "on_path": 0, "source": 3, "target": 26}, {"distance": 1.0446192163798755, "on_path": 0, "source": 3, "target": 29}, {"distance": 1.3877020853562214, "on_path": 0, "source": 3, "target": 17}, {"distance": 1.0834887852949764, "on_path": 0, "source": 3, "target": 6}, {"distance": 0.9368250496325883, "on_path": 0, "source": 3, "target": 15}, {"distance": 1.7109717456641418, "on_path": 0, "source": 4, "target": 24}, {"distance": 1.6889412684512795, "on_path": 0, "source": 4, "target": 26}, {"distance": 1.0995160878637507, "on_path": 0, "source": 5, "target": 20}, {"distance": 1.8976382109938545, "on_path": 0, "source": 5, "target": 14}, {"distance": 0.5321306962265712, "on_path": 0, "source": 5, "target": 16}, {"distance": 0.2669672181449013, "on_path": 0, "source": 5, "target": 11}, {"distance": 0.6173586447722966, "on_path": 0, "source": 5, "target": 18}, {"distance": 0.4208041366612992, "on_path": 1, "source": 6, "target": 12}, {"distance": 0.7702492554787471, "on_path": 0, "source": 6, "target": 22}, {"distance": 1.4674380699360174, "on_path": 0, "source": 7, "target": 25}, {"distance": 0.9315404835430094, "on_path": 0, "source": 7, "target": 21}, {"distance": 1.4020024443561623, "on_path": 0, "source": 7, "target": 23}, {"distance": 0.8242203527788071, "on_path": 0, "source": 7, "target": 12}, {"distance": 1.4454932262017572, "on_path": 0, "source": 8, "target": 15}, {"distance": 1.529147198686137, "on_path": 0, "source": 8, "target": 25}, {"distance": 0.8368569869926932, "on_path": 0, "source": 8, "target": 22}, {"distance": 1.138673092312479, "on_path": 0, "source": 8, "target": 21}, {"distance": 0.9703619620202654, "on_path": 0, "source": 8, "target": 31}, {"distance": 0.8927427126834849, "on_path": 0, "source": 9, "target": 21}, {"distance": 0.36846788125774566, "on_path": 1, "source": 9, "target": 28}, {"distance": 1.3761810542329291, "on_path": 0, "source": 10, "target": 26}, {"distance": 1.3463842719218857, "on_path": 0, "source": 11, "target": 21}, {"distance": 2.2310577392043456, "on_path": 0, "source": 11, "target": 26}, {"distance": 0.43330099869093125, "on_path": 1, "source": 12, "target": 28}, {"distance": 0.9931059992388415, "on_path": 0, "source": 12, "target": 24}, {"distance": 1.7874195977976597, "on_path": 0, "source": 13, "target": 23}, {"distance": 1.7469950769895919, "on_path": 0, "source": 13, "target": 30}, {"distance": 0.1553765727338819, "on_path": 0, "source": 15, "target": 28}, {"distance": 1.4281601593645201, "on_path": 0, "source": 15, "target": 18}, {"distance": 0.7321231851474724, "on_path": 0, "source": 15, "target": 24}, {"distance": 0.9974263784322653, "on_path": 0, "source": 15, "target": 27}, {"distance": 1.0338267027822228, "on_path": 0, "source": 16, "target": 19}, {"distance": 0.3548072931589426, "on_path": 0, "source": 17, "target": 29}, {"distance": 0.8884621071576564, "on_path": 0, "source": 18, "target": 30}, {"distance": 1.4830348079722524, "on_path": 0, "source": 19, "target": 26}, {"distance": 1.963637865930709, "on_path": 0, "source": 19, "target": 23}, {"distance": 0.7887866592654414, "on_path": 0, "source": 20, "target": 23}, {"distance": 0.6871660795466312, "on_path": 0, "source": 20, "target": 27}, {"distance": 1.158122036712019, "on_path": 0, "source": 22, "target": 26}, {"distance": 2.0050420330891363, "on_path": 0, "source": 23, "target": 31}, {"distance": 1.736239197302333, "on_path": 0, "source": 23, "target": 26}, {"distance": 1.2194024921401878, "on_path": 0, "source": 23, "target": 28}, {"distance": 1.2722238630134177, "on_path": 0, "source": 25, "target": 29}, {"distance": 1.461134310976233, "on_path": 0, "source": 28, "target": 31}]}