{"directed": false, "multigraph": false, "graph": {}, "nodes": [{"node_features": [0.0, 0.0], "id": 0}, {"node_features": [0.0, 0.0], "id": 1}, {"node_features": [0.0, 0.0], "id": 2}, {"node_features": [0.0, 0.0], "id": 3}, {"node_features": [0.0, 0.0], "id": 4}, {"node_features": [0.0, 0.0], "id": 5}, {"node_features": [0.0, 0.0], "id": 6}, {"node_features": [0.0, 0.0], "id": 7}, {"node_features": [0.0, 0.0], "id": 8}, {"node_features": [0.0, 0.0], "id": 9}, {"node_features": [1.0, 0.0], "id": 10}, {"node_features": [0.0, 0.0], "id": 11}, {"node_features": [0.0, 0.0], "id": 12}, {"node_features": [0.0, 1.0], "id": 13}, {"node_features": [0.0, 0.0], "id": 14}], "links": [{"distance": 1.3685953583608987, "on_path": 0, "source": 0, "target": 6}, {"distance": 0.6303943504903675, "on_path": 0, "source": 0, "target": 5}, {"distance": 1.2117563711592452, "on_path": 0, "source": 0, "target": 14}, {"distance": 0.3392208560538048, "on_path": 1, "source": 1, "target": 8}, {"distance": 1.2112915199515746, "on_path": 1, "source": 1, "target": 10}, {"distance": 0.8563431117633825, "on_path": 0, "source": 1, "target": 11}, {"distance": 1.2957047761450127, "on_path": 0, "source": 1, "target": 6}, {"distance": 0.503230194639336, "on_path": 0, "source": 2, "target": 6}, {"distance": 1.5147421713219231, "on_path": 0, "source": 2, "target": 14}, {"distance": 1.2712612621245905, "on_path": 0, "source": 2, "target": 8}, {"distance": 0.4892596883376102, "on_path": 0, "source": 2, "target": 11}, {"distance": 1.4175093055592183, "on_path": 0, "source": 3, "target": 8}, {"distance": 1.838790445946742, "on_path": 0, "source": 3, "target": 13}, {"distance": 1.3552688411739413, "on_path": 0, "source": 3, "target": 11}, {"distance": 1.5266807719099156, "on_path": 0, "source": 3, "target": 14}, {"distance": 0.25697348916060114, "on_path": 0, "source": 4, "target": 14}, {"distance": 0.23599302100352249, "on_path": 0, "source": 4, "target": 8}, {"distance": 1.3289925739587258, "on_path": 0, "source": 4, "target": 11}, {"distance": 0.39279459464511973, "on_path": 0, "source": 5, "target": 9}, {"distance": 0.6715101513737094, "on_path": 0, "source": 6, "target": 10}, {"distance": 1.5693537967799989, "on_path": 0, "source": 6, "target": 12}, {"distance": 1.518066526742288, "on_path": 0, "source": 7, "target": 14}, {"distance": 0.9864167454960654, "on_path": 0, "source": 7, "target": 13}, {"distance": 0.6025806350772633, "on_path": 1, "source": 8, "target": 12}, {"distance": 1.3812278066342794, "on_path": 0, "source": 9, "target": 14}, {"distance": 0.5581679963113928, "on_path": 0, "source": 9, "target": 13}, {"distance": 1.7825085074131142, "on_path": 0, "source": 10, "target": 14}, {"distance": 1.4349741677831584, "on_path": 0, "source": 11, "target": 14}, {"distance": 1.2621877379022257, "on_path": 0, "source": 11, "target": 12}, {"distance": 1.0611537204201154, "on_path": 1, "source": 12, "target": 13}]}