{"directed": false, "multigraph": false, "graph": {}, "nodes": [{"node_features": [0.0, 0.0], "id": 0}, {"node_features": [0.0, 0.0], "id": 1}, {"node_features": [0.0, 1.0], "id": 2}, {"node_features": [0.0, 0.0], "id": 3}, {"node_features": [0.0, 0.0], "id": 4}, {"node_features": [0.0, 0.0], "id": 5}, {"node_features": [0.0, 0.0], "id": 6}, {"node_features": [0.0, 0.0], "id": 7}, {"node_features": [0.0, 0.0], "id": 8}, {"node_features": [0.0, 0.0], "id": 9}, {"node_features": [0.0, 0.0], "id": 10}, {"node_features": [1.0, 0.0], "id": 11}, {"node_features": [0.0, 0.0], "id": 12}, {"node_features": [0.0, 0.0], "id": 13}, {"node_features": [0.0, 0.0], "id": 14}, {"node_features": [0.0, 0.0], "id": 15}, {"node_features": [0.0, 0.0], "id": 16}, {"node_features": [0.0, 0.0], "id": 17}, {"node_features": [0.0, 0.0], "id": 18}, {"node_features": [0.0, 0.0], "id": 19}, {"node_features": [0.0, 0.0], "id": 20}, {"node_features": [0.0, 0.0], "id": 21}, {"node_features": [0.0, 0.0], "id": 22}, {"node_features": [0.0, 0.0], "id": 23}, {"node_features": [0.0, 0.0], "id": 24}, {"node_features": [0.0, 0.0], "id": 25}, {"node_features": [0.0, 0.0], "id": 26}, {"node_features": [0.0, 0.0], "id": 27}, {"node_features": [0.0, 0.0], "id": 28}, {"node_features": [0.0, 0.0], "id": 29}], "links": [{"distance": 0.8448225728924855, "on_path": 0, "source": 0, "target": 12}, {"distance": 1.0699289534012142, "on_path": 0, "source": 0, "target": 21}, {"distance": 0.9644121778564587, "on_path": 0, "source": 0, "target": 6}, {"distance": 0.4266255240240465, "on_path": 0, "source": 0, "target": 10}, {"distance": 1.0424795932351274, "on_path": 0, "source": 0, "target": 14}, {"distance": 0.8585095669038252, "on_path": 0, "source": 0, "target": 15}, {"distance": 0.39677355100193934, "on_path": 1, "source": 1, "target": 11}, {"distance": 0.6518062760343378, "on_path": 1, "source": 1, "target": 19}, {"distance": 0.7965825018544266, "on_path": 0, "source": 1, "target": 22}, {"distance": 1.062672439117047, "on_path": 1, "source": 2, "target": 24}, {"distance": 1.3843749514287018, "on_path": 0, "source": 2, "target": 29}, {"distance": 0.8413828480245028, "on_path": 0, "source": 2, "target": 12}, {"distance": 1.4562619194410258, "on_path": 0, "source": 2, "target": 17}, {"distance": 0.9524755831320195, "on_path": 0, "source": 2, "target": 28}, {"distance": 0.9172012307975538, "on_path": 0, "source": 3, "target": 18}, {"distance": 0.23119202200858288, "on_path": 0, "source": 3, "target": 10}, {"distance": 0.7938018455450065, "on_path": 0, "source": 4, "target": 21}, {"distance": 1.6607732962153499, "on_path": 0, "source": 4, "target": 20}, {"distance": 0.2783901366688948, "on_path": 0, "source": 4, "target": 28}, {"distance": 1.2137175087456227, "on_path": 0, "source": 4, "target": 23}, {"distance": 1.6161643461153992, "on_path": 0, "source": 5, "target": 12}, {"distance": 1.6337365545901026, "on_path": 0, "source": 5, "target": 16}, {"distance": 1.1720410951766087, "on_path": 0, "source": 5, "target": 24}, {"distance": 1.4831034170924575, "on_path": 0, "source": 6, "target": 9}, {"distance": 1.7431922708250776, "on_path": 0, "source": 6, "target": 12}, {"distance": 0.6042370123390107, "on_path": 0, "source": 7, "target": 10}, {"distance": 0.8321071257795892, "on_path": 0, "source": 7, "target": 21}, {"distance": 1.2168523550082433, "on_path": 0, "source": 7, "target": 27}, {"distance": 0.48292650931555464, "on_path": 0, "source": 7, "target": 28}, {"distance": 1.1778855208599093, "on_path": 0, "source": 7, "target": 23}, {"distance": 1.5907233700346257, "on_path": 0, "source": 8, "target": 23}, {"distance": 1.1053176108811305, "on_path": 0, "source": 8, "target": 11}, {"distance": 0.8418110599258884, "on_path": 0, "source": 8, "target": 28}, {"distance": 1.35479960308316, "on_path": 0, "source": 8, "target": 16}, {"distance": 1.2782267534524412, "on_path": 0, "source": 9, "target": 27}, {"distance": 1.4731407646235841, "on_path": 0, "source": 9, "target": 18}, {"distance": 0.28405554242509995, "on_path": 0, "source": 9, "target": 24}, {"distance": 0.43266605326959917, "on_path": 0, "source": 9, "target": 28}, {"distance": 1.1063928794235711, "on_path": 0, "source": 10, "target": 22}, {"distance": 0.9259386148931127, "on_path": 0, "source": 11, "target": 22}, {"distance": 0.6523525406604234, "on_path": 0, "source": 11, "target": 16}, {"distance": 0.9348197605865914, "on_path": 0, "source": 12, "target": 23}, {"distance": 0.5279838125971572, "on_path": 0, "source": 12, "target": 21}, {"distance": 1.8206269821169025, "on_path": 0, "source": 13, "target": 27}, {"distance": 1.4466855687322444, "on_path": 0, "source": 13, "target": 17}, {"distance": 1.1001924349551848, "on_path": 0, "source": 14, "target": 23}, {"distance": 1.8500673733444208, "on_path": 0, "source": 15, "target": 26}, {"distance": 1.400028129909793, "on_path": 0, "source": 15, "target": 19}, {"distance": 1.980277355178655, "on_path": 0, "source": 16, "target": 27}, {"distance": 1.1862373243401465, "on_path": 0, "source": 17, "target": 25}, {"distance": 0.6357281615794205, "on_path": 0, "source": 17, "target": 20}, {"distance": 1.6913152634814288, "on_path": 0, "source": 18, "target": 29}, {"distance": 0.3052028897495836, "on_path": 1, "source": 19, "target": 24}, {"distance": 0.884326826636903, "on_path": 0, "source": 19, "target": 26}, {"distance": 1.3306672896550666, "on_path": 0, "source": 21, "target": 25}, {"distance": 1.9841717212879277, "on_path": 0, "source": 21, "target": 27}, {"distance": 1.1548666035726378, "on_path": 0, "source": 21, "target": 29}, {"distance": 1.257921405279886, "on_path": 0, "source": 22, "target": 24}, {"distance": 0.6594612365565254, "on_path": 0, "source": 24, "target": 26}, {"distance": 0.8139999845551125, "on_path": 0, "source": 25, "target": 26}]}