{"directed": false, "multigraph": false, "graph": {}, "nodes": [{"node_features": [0.0, 0.0], "id": 0}, {"node_features": [0.0, 0.0], "id": 1}, {"node_features": [0.0, 0.0], "id": 2}, {"node_features": [0.0, 0.0], "id": 3}, {"node_features": [0.0, 0.0], "id": 4}, {"node_features": [0.0, 0.0], "id": 5}, {"node_features": [0.0, 0.0], "id": 6}, {"node_features": [0.0, 0.0], "id": 7}, {"node_features": [0.0, 0.0], "id": 8}, {"node_features": [0.0, 0.0], "id": 9}, {"node_features": [0.0, 0.0], "id": 10}, {"node_features": [0.0, 0.0], "id": 11}, {"node_features": [0.0, 0.0], "id": 12}, {"node_features": [0.0, 0.0], "id": 13}, {"node_features": [0.0, 0.0], "id": 14}, {"node_features": [0.0, 0.0], "id": 15}, {"node_features": [0.0, 0.0], "id": 16}, {"node_features": [1.0, 0.0], "id": 17}, {"node_features": [0.0, 0.0], "id": 18}, {"node_features": [0.0, 0.0], "id": 19}, {"node_features": [0.0, 0.0], "id": 20}, {"node_features": [0.0, 0.0], "id": 21}, {"node_features": [0.0, 0.0], "id": 22}, {"node_features": [0.0, 0.0], "id": 23}, {"node_features": [0.0, 0.0], "id": 24}, {"node_features": [0.0, 0.0], "id": 25}, {"node_features": [0.0, 0.0], "id": 26}, {"node_features": [0.0, 0.0], "id": 27}, {"node_features": [0.0, 1.0], "id": 28}, {"node_features": [0.0, 0.0], "id": 29}, {"node_features": [0.0, 0.0], "id": 30}, {"node_features": [0.0, 0.0], "id": 31}, {"node_features": [0.0, 0.0], "id": 32}, {"node_features": [0.0, 0.0], "id": 33}, {"node_features": [0.0, 0.0], "id": 34}, {"node_features": [0.0, 0.0], "id": 35}, {"node_features": [0.0, 0.0], "id": 36}, {"node_features": [0.0, 0.0], "id": 37}, {"node_features": [0.0, 0.0], "id": 38}, {"node_features": [0.0, 0.0], "id": 39}, {"node_features": [0.0, 0.0], "id": 40}, {"node_features": [0.0, 0.0], "id": 41}], "links": [{"distance": 0.2685883146696663, "on_path": 0, "source": 0, "target": 28}, {"distance": 1.244829322087153, "on_path": 0, "source": 0, "target": 4}, {"distance": 1.7318133164088747, "on_path": 0, "source": 0, "target": 37}, {"distance": 0.857414204656297, "on_path": 0, "source": 1, "target": 19}, {"distance": 0.9065252554542144, "on_path": 0, "source": 1, "target": 18}, {"distance": 1.293104657045478, "on_path": 0, "source": 2, "target": 22}, {"distance": 0.8806567718477349, "on_path": 0, "source": 2, "target": 6}, {"distance": 0.43564065019561093, "on_path": 0, "source": 2, "target": 39}, {"distance": 1.03241864212059, "on_path": 0, "source": 2, "target": 14}, {"distance": 0.3685573154450058, "on_path": 0, "source": 3, "target": 25}, {"distance": 0.8959355168571117, "on_path": 0, "source": 3, "target": 17}, {"distance": 1.3811141846545096, "on_path": 0, "source": 3, "target": 7}, {"distance": 0.9543292946181748, "on_path": 0, "source": 3, "target": 22}, {"distance": 1.2526412078016715, "on_path": 0, "source": 4, "target": 40}, {"distance": 1.5405683966490953, "on_path": 0, "source": 4, "target": 21}, {"distance": 0.7586492090359616, "on_path": 0, "source": 5, "target": 12}, {"distance": 0.7831949457942767, "on_path": 0, "source": 5, "target": 34}, {"distance": 0.2703008895065275, "on_path": 0, "source": 6, "target": 20}, {"distance": 0.9800293588213314, "on_path": 0, "source": 6, "target": 12}, {"distance": 0.23107927684383114, "on_path": 0, "source": 6, "target": 33}, {"distance": 1.0420491020084106, "on_path": 0, "source": 7, "target": 33}, {"distance": 1.5639608632868909, "on_path": 0, "source": 7, "target": 38}, {"distance": 1.0862633917979168, "on_path": 0, "source": 7, "target": 35}, {"distance": 1.1277629895870607, "on_path": 0, "source": 7, "target": 25}, {"distance": 1.1414981688983237, "on_path": 0, "source": 8, "target": 27}, {"distance": 0.6192789873500882, "on_path": 0, "source": 8, "target": 15}, {"distance": 1.7436647100153349, "on_path": 0, "source": 8, "target": 21}, {"distance": 0.835163513220417, "on_path": 0, "source": 8, "target": 18}, {"distance": 1.4135239326353153, "on_path": 0, "source": 8, "target": 38}, {"distance": 1.1361688631789313, "on_path": 0, "source": 9, "target": 17}, {"distance": 0.6937065895942787, "on_path": 0, "source": 9, "target": 10}, {"distance": 0.718009752653723, "on_path": 0, "source": 9, "target": 21}, {"distance": 0.4735607942040319, "on_path": 0, "source": 9, "target": 32}, {"distance": 1.4755366348038934, "on_path": 0, "source": 10, "target": 35}, {"distance": 0.9921831039115535, "on_path": 0, "source": 10, "target": 39}, {"distance": 0.7536622754760739, "on_path": 0, "source": 10, "target": 27}, {"distance": 1.5021998030954116, "on_path": 0, "source": 11, "target": 30}, {"distance": 1.0256262342345077, "on_path": 0, "source": 11, "target": 15}, {"distance": 1.0663063544482694, "on_path": 0, "source": 12, "target": 34}, {"distance": 1.236140210082588, "on_path": 0, "source": 12, "target": 22}, {"distance": 1.2219083640167132, "on_path": 0, "source": 12, "target": 32}, {"distance": 0.237305216528341, "on_path": 0, "source": 12, "target": 35}, {"distance": 1.4585544845752918, "on_path": 0, "source": 13, "target": 35}, {"distance": 0.6172120371436285, "on_path": 0, "source": 13, "target": 14}, {"distance": 0.5986175735001343, "on_path": 0, "source": 13, "target": 36}, {"distance": 0.3726022388565936, "on_path": 0, "source": 13, "target": 34}, {"distance": 1.3127044328633195, "on_path": 0, "source": 14, "target": 19}, {"distance": 0.7751867056524037, "on_path": 0, "source": 15, "target": 16}, {"distance": 1.3258279151935324, "on_path": 0, "source": 16, "target": 21}, {"distance": 1.9167837619843344, "on_path": 0, "source": 16, "target": 35}, {"distance": 1.3278149550340772, "on_path": 0, "source": 16, "target": 39}, {"distance": 0.5633057510354105, "on_path": 0, "source": 17, "target": 31}, {"distance": 0.8714641043451407, "on_path": 1, "source": 17, "target": 30}, {"distance": 1.2974994624463683, "on_path": 0, "source": 17, "target": 40}, {"distance": 0.815592772235135, "on_path": 0, "source": 18, "target": 41}, {"distance": 1.5018209986620872, "on_path": 0, "source": 19, "target": 32}, {"distance": 1.615304632742928, "on_path": 0, "source": 19, "target": 24}, {"distance": 1.341795945772763, "on_path": 0, "source": 19, "target": 30}, {"distance": 0.7486480501566048, "on_path": 0, "source": 19, "target": 23}, {"distance": 0.40557886754462363, "on_path": 0, "source": 20, "target": 38}, {"distance": 2.0246178552675085, "on_path": 0, "source": 21, "target": 37}, {"distance": 0.6718111161760978, "on_path": 0, "source": 21, "target": 40}, {"distance": 1.1125168124675853, "on_path": 0, "source": 22, "target": 23}, {"distance": 0.5201122637593256, "on_path": 0, "source": 22, "target": 33}, {"distance": 0.5299144256589526, "on_path": 0, "source": 23, "target": 31}, {"distance": 1.3981051331951724, "on_path": 0, "source": 23, "target": 35}, {"distance": 0.3495133397174458, "on_path": 0, "source": 24, "target": 30}, {"distance": 1.2555316783596226, "on_path": 0, "source": 24, "target": 31}, {"distance": 0.8479274819827396, "on_path": 0, "source": 25, "target": 30}, {"distance": 0.999879541127815, "on_path": 0, "source": 25, "target": 34}, {"distance": 0.49547172136033113, "on_path": 0, "source": 26, "target": 38}, {"distance": 1.0567464258043986, "on_path": 0, "source": 26, "target": 31}, {"distance": 1.4882352524499984, "on_path": 0, "source": 26, "target": 29}, {"distance": 1.2096855248882092, "on_path": 0, "source": 27, "target": 31}, {"distance": 1.0259796366948999, "on_path": 0, "source": 27, "target": 36}, {"distance": 0.4696847155312497, "on_path": 1, "source": 28, "target": 41}, {"distance": 1.3614748376189032, "on_path": 0, "source": 28, "target": 29}, {"distance": 1.5616057535724372, "on_path": 0, "source": 28, "target": 37}, {"distance": 0.15240918707985984, "on_path": 1, "source": 30, "target": 34}, {"distance": 0.4816578022666515, "on_path": 0, "source": 31, "target": 37}, {"distance": 1.4006502818062685, "on_path": 0, "source": 34, "target": 37}, {"distance": 1.4816633834676467, "on_path": 0, "source": 34, "target": 39}, {"distance": 0.3413968241885802, "on_path": 1, "source": 34, "target": 41}, {"distance": 0.6534735336235985, "on_path": 0, "source": 38, "target": 41}]}