{"directed": false, "multigraph": false, "graph": {}, "nodes": [{"node_features": [1.0, 0.0], "id": 0}, {"node_features": [0.0, 0.0], "id": 1}, {"node_features": [0.0, 0.0], "id": 2}, {"node_features": [0.0, 0.0], "id": 3}, {"node_features": [0.0, 0.0], "id": 4}, {"node_features": [0.0, 0.0], "id": 5}, {"node_features": [0.0, 0.0], "id": 6}, {"node_features": [0.0, 0.0], "id": 7}, {"node_features": [0.0, 0.0], "id": 8}, {"node_features": [0.0, 0.0], "id": 9}, {"node_features": [0.0, 0.0], "id": 10}, {"node_features": [0.0, 0.0], "id": 11}, {"node_features": [0.0, 0.0], "id": 12}, {"node_features": [0.0, 0.0], "id": 13}, {"node_features": [0.0, 0.0], "id": 14}, {"node_features": [0.0, 0.0], "id": 15}, {"node_features": [0.0, 0.0], "id": 16}, {"node_features": [0.0, 0.0], "id": 17}, {"node_features": [0.0, 0.0], "id": 18}, {"node_features": [0.0, 1.0], "id": 19}, {"node_features": [0.0, 0.0], "id": 20}, {"node_features": [0.0, 0.0], "id": 21}, {"node_features": [0.0, 0.0], "id": 22}, {"node_features": [0.0, 0.0], "id": 23}, {"node_features": [0.0, 0.0], "id": 24}, {"node_features": [0.0, 0.0], "id": 25}, {"node_features": [0.0, 0.0], "id": 26}], "links": [{"distance": 0.37780382371802307, "on_path": 0, "source": 0, "target": 23}, {"distance": 1.663691127786595, "on_path": 0, "source": 0, "target": 1}, {"distance": 0.2261310631464293, "on_path": 1, "source": 0, "target": 10}, {"distance": 1.392496209164934, "on_path": 0, "source": 0, "target": 13}, {"distance": 1.669692193542941, "on_path": 0, "source": 1, "target": 14}, {"distance": 0.9820580865244203, "on_path": 0, "source": 1, "target": 20}, {"distance": 0.2920262845568835, "on_path": 0, "source": 1, "target": 25}, {"distance": 0.17916803953382177, "on_path": 0, "source": 1, "target": 3}, {"distance": 1.135261187844993, "on_path": 0, "source": 2, "target": 15}, {"distance": 0.5229660700057238, "on_path": 0, "source": 2, "target": 13}, {"distance": 1.5747611464875477, "on_path": 0, "source": 2, "target": 6}, {"distance": 1.5662021265597643, "on_path": 0, "source": 3, "target": 6}, {"distance": 1.2975247711563016, "on_path": 0, "source": 3, "target": 9}, {"distance": 1.1590039744186418, "on_path": 0, "source": 3, "target": 20}, {"distance": 1.0421664327060134, "on_path": 0, "source": 4, "target": 21}, {"distance": 0.6451658631111985, "on_path": 0, "source": 4, "target": 15}, {"distance": 2.034151395743773, "on_path": 0, "source": 4, "target": 16}, {"distance": 0.38806734031090356, "on_path": 0, "source": 4, "target": 19}, {"distance": 1.8527711159360916, "on_path": 0, "source": 4, "target": 12}, {"distance": 1.1544162369971875, "on_path": 0, "source": 5, "target": 17}, {"distance": 1.297228396018974, "on_path": 1, "source": 5, "target": 8}, {"distance": 0.5843030064816984, "on_path": 0, "source": 5, "target": 12}, {"distance": 0.5359395834227494, "on_path": 1, "source": 5, "target": 10}, {"distance": 0.6909251518500091, "on_path": 0, "source": 5, "target": 18}, {"distance": 0.5626911607129089, "on_path": 0, "source": 5, "target": 21}, {"distance": 0.7245614962476875, "on_path": 0, "source": 6, "target": 9}, {"distance": 1.0007681710736083, "on_path": 0, "source": 6, "target": 11}, {"distance": 0.982462464381135, "on_path": 0, "source": 6, "target": 23}, {"distance": 0.6853151702621437, "on_path": 0, "source": 6, "target": 15}, {"distance": 1.9392906928790443, "on_path": 0, "source": 6, "target": 22}, {"distance": 1.0572744797318372, "on_path": 0, "source": 7, "target": 17}, {"distance": 0.4094028911827237, "on_path": 0, "source": 7, "target": 13}, {"distance": 0.26182684989590055, "on_path": 1, "source": 8, "target": 19}, {"distance": 1.2313758942306552, "on_path": 0, "source": 8, "target": 26}, {"distance": 2.2322156703286327, "on_path": 0, "source": 8, "target": 20}, {"distance": 1.7679836014389565, "on_path": 0, "source": 9, "target": 17}, {"distance": 1.1490841849289632, "on_path": 0, "source": 9, "target": 14}, {"distance": 0.9159065268608936, "on_path": 0, "source": 10, "target": 21}, {"distance": 0.7525709266784321, "on_path": 0, "source": 11, "target": 18}, {"distance": 2.1087801946554072, "on_path": 0, "source": 11, "target": 20}, {"distance": 1.089410445496519, "on_path": 0, "source": 13, "target": 24}, {"distance": 0.5887316239353247, "on_path": 0, "source": 14, "target": 21}, {"distance": 1.6761727895323717, "on_path": 0, "source": 15, "target": 20}, {"distance": 1.1051622950178586, "on_path": 0, "source": 16, "target": 26}, {"distance": 0.45326961413645833, "on_path": 0, "source": 16, "target": 17}, {"distance": 1.57963470423775, "on_path": 0, "source": 16, "target": 23}, {"distance": 1.1272096374501093, "on_path": 0, "source": 17, "target": 23}, {"distance": 0.9357647193427362, "on_path": 0, "source": 17, "target": 24}, {"distance": 0.488164233842928, "on_path": 0, "source": 18, "target": 21}, {"distance": 1.7460360718824028, "on_path": 0, "source": 18, "target": 22}, {"distance": 1.6205850112399711, "on_path": 0, "source": 19, "target": 25}, {"distance": 2.196047226738962, "on_path": 0, "source": 19, "target": 22}, {"distance": 0.7150637557962514, "on_path": 0, "source": 23, "target": 26}, {"distance": 1.0903714216449123, "on_path": 0, "source": 24, "target": 25}]}