{"directed": false, "multigraph": false, "graph": {}, "nodes": [{"node_features": [0.0, 0.0], "id": 0}, {"node_features": [0.0, 0.0], "id": 1}, {"node_features": [0.0, 0.0], "id": 2}, {"node_features": [0.0, 0.0], "id": 3}, {"node_features": [0.0, 1.0], "id": 4}, {"node_features": [0.0, 0.0], "id": 5}, {"node_features": [0.0, 0.0], "id": 6}, {"node_features": [0.0, 0.0], "id": 7}, {"node_features": [0.0, 0.0], "id": 8}, {"node_features": [0.0, 0.0], "id": 9}, {"node_features": [1.0, 0.0], "id": 10}, {"node_features": [0.0, 0.0], "id": 11}, {"node_features": [0.0, 0.0], "id": 12}, {"node_features": [0.0, 0.0], "id": 13}, {"node_features": [0.0, 0.0], "id": 14}, {"node_features": [0.0, 0.0], "id": 15}, {"node_features": [0.0, 0.0], "id": 16}, {"node_features": [0.0, 0.0], "id": 17}, {"node_features": [0.0, 0.0], "id": 18}], "links": [{"distance": 0.2852592461200956, "on_path": 1, "source": 0, "target": 10}, {"distance": 0.40314849185496926, "on_path": 0, "source": 0, "target": 15}, {"distance": 0.7540694307372504, "on_path": 1, "source": 0, "target": 8}, {"distance": 1.496741829812885, "on_path": 0, "source": 0, "target": 3}, {"distance": 0.21948159025659167, "on_path": 0, "source": 1, "target": 13}, {"distance": 1.0975730763311722, "on_path": 0, "source": 1, "target": 6}, {"distance": 0.7696609713982792, "on_path": 0, "source": 2, "target": 5}, {"distance": 0.6514923426771579, "on_path": 0, "source": 2, "target": 12}, {"distance": 0.8294631095435346, "on_path": 0, "source": 2, "target": 18}, {"distance": 1.0346269613267125, "on_path": 0, "source": 2, "target": 17}, {"distance": 1.3738882030579462, "on_path": 0, "source": 3, "target": 7}, {"distance": 1.5248201909356331, "on_path": 0, "source": 3, "target": 10}, {"distance": 1.1185269960280995, "on_path": 0, "source": 3, "target": 5}, {"distance": 1.4579110114908094, "on_path": 0, "source": 3, "target": 12}, {"distance": 0.6396579770101173, "on_path": 1, "source": 4, "target": 18}, {"distance": 0.48903783513338794, "on_path": 0, "source": 4, "target": 11}, {"distance": 0.6294166711319868, "on_path": 0, "source": 4, "target": 16}, {"distance": 1.5040921314547853, "on_path": 0, "source": 4, "target": 15}, {"distance": 0.5376757004110626, "on_path": 0, "source": 5, "target": 17}, {"distance": 0.4453778527633728, "on_path": 0, "source": 5, "target": 18}, {"distance": 1.4713251513225278, "on_path": 0, "source": 6, "target": 15}, {"distance": 0.680320290408257, "on_path": 0, "source": 6, "target": 16}, {"distance": 1.167513844932608, "on_path": 0, "source": 6, "target": 12}, {"distance": 0.6737066207641066, "on_path": 0, "source": 6, "target": 8}, {"distance": 0.5122823621963192, "on_path": 0, "source": 7, "target": 13}, {"distance": 0.6445986568157038, "on_path": 0, "source": 7, "target": 15}, {"distance": 0.3778138038998064, "on_path": 1, "source": 8, "target": 18}, {"distance": 0.6121005047309326, "on_path": 0, "source": 9, "target": 18}, {"distance": 0.49251851174662586, "on_path": 0, "source": 9, "target": 17}, {"distance": 0.9179325285331554, "on_path": 0, "source": 10, "target": 17}, {"distance": 1.134095742665524, "on_path": 0, "source": 11, "target": 17}, {"distance": 1.0946377424249238, "on_path": 0, "source": 11, "target": 18}, {"distance": 1.8362532367196407, "on_path": 0, "source": 11, "target": 12}, {"distance": 0.6141200230382321, "on_path": 0, "source": 12, "target": 13}, {"distance": 1.6625819366185925, "on_path": 0, "source": 13, "target": 16}, {"distance": 1.0508647235617803, "on_path": 0, "source": 14, "target": 18}, {"distance": 1.7470218835122115, "on_path": 0, "source": 14, "target": 15}, {"distance": 0.3401403977201378, "on_path": 0, "source": 14, "target": 16}]}