{"directed": false, "multigraph": false, "graph": {}, "nodes": [{"node_features": [0.0, 0.0], "id": 0}, {"node_features": [0.0, 0.0], "id": 1}, {"node_features": [0.0, 0.0], "id": 2}, {"node_features": [0.0, 0.0], "id": 3}, {"node_features": [0.0, 0.0], "id": 4}, {"node_features": [0.0, 1.0], "id": 5}, {"node_features": [0.0, 0.0], "id": 6}, {"node_features": [0.0, 0.0], "id": 7}, {"node_features": [0.0, 0.0], "id": 8}, {"node_features": [0.0, 0.0], "id": 9}, {"node_features": [0.0, 0.0], "id": 10}, {"node_features": [0.0, 0.0], "id": 11}, {"node_features": [0.0, 0.0], "id": 12}, {"node_features": [0.0, 0.0], "id": 13}, {"node_features": [0.0, 0.0], "id": 14}, {"node_features": [0.0, 0.0], "id": 15}, {"node_features": [0.0, 0.0], "id": 16}, {"node_features": [0.0, 0.0], "id": 17}, {"node_features": [1.0, 0.0], "id": 18}, {"node_features": [0.0, 0.0], "id": 19}, {"node_features": [0.0, 0.0], "id": 20}, {"node_features": [0.0, 0.0], "id": 21}, {"node_features": [0.0, 0.0], "id": 22}, {"node_features": [0.0, 0.0], "id": 23}], "links": [{"distance": 0.8524393071826869, "on_path": 0, "source": 0, "target": 20}, {"distance": 1.3495811626899339, "on_path": 0, "source": 0, "target": 4}, {"distance": 0.37803515394827686, "on_path": 0, "source": 0, "target": 19}, {"distance": 0.8943785286531482, "on_path": 0, "source": 1, "target": 15}, {"distance": 0.381023149790938, "on_path": 1, "source": 1, "target": 9}, {"distance": 0.7569569096283671, "on_path": 0, "source": 1, "target": 16}, {"distance": 1.1609514495717324, "on_path": 0, "source": 1, "target": 4}, {"distance": 0.3734346726913894, "on_path": 1, "source": 1, "target": 3}, {"distance": 0.6229246807958593, "on_path": 0, "source": 2, "target": 9}, {"distance": 0.8131657088473209, "on_path": 0, "source": 2, "target": 13}, {"distance": 0.45916307212855034, "on_path": 0, "source": 3, "target": 8}, {"distance": 1.1379385435552203, "on_path": 0, "source": 3, "target": 15}, {"distance": 1.8104685791822046, "on_path": 0, "source": 3, "target": 22}, {"distance": 1.5337643751336474, "on_path": 0, "source": 3, "target": 4}, {"distance": 0.9438130417774875, "on_path": 0, "source": 3, "target": 19}, {"distance": 0.2889248827761236, "on_path": 1, "source": 3, "target": 20}, {"distance": 1.2845645075199443, "on_path": 1, "source": 5, "target": 20}, {"distance": 1.7006667212942104, "on_path": 0, "source": 5, "target": 6}, {"distance": 2.310894593953679, "on_path": 0, "source": 5, "target": 14}, {"distance": 0.2464427478293354, "on_path": 0, "source": 6, "target": 7}, {"distance": 1.0460123469120877, "on_path": 0, "source": 6, "target": 12}, {"distance": 1.2448111040021899, "on_path": 0, "source": 7, "target": 15}, {"distance": 1.2161478080322068, "on_path": 0, "source": 7, "target": 13}, {"distance": 1.326282444118449, "on_path": 0, "source": 8, "target": 19}, {"distance": 1.3229836510056023, "on_path": 0, "source": 8, "target": 16}, {"distance": 1.4436732241382857, "on_path": 0, "source": 8, "target": 12}, {"distance": 1.3043965155136328, "on_path": 0, "source": 9, "target": 12}, {"distance": 0.7562904042187274, "on_path": 0, "source": 9, "target": 15}, {"distance": 1.0004493492256115, "on_path": 0, "source": 9, "target": 17}, {"distance": 0.9247284602815754, "on_path": 1, "source": 9, "target": 18}, {"distance": 1.4780898519795223, "on_path": 0, "source": 10, "target": 14}, {"distance": 0.6941176554360886, "on_path": 0, "source": 10, "target": 21}, {"distance": 0.7110167356259334, "on_path": 0, "source": 10, "target": 13}, {"distance": 1.764828834039895, "on_path": 0, "source": 11, "target": 15}, {"distance": 1.911682449406482, "on_path": 0, "source": 11, "target": 17}, {"distance": 0.27225586515571154, "on_path": 0, "source": 12, "target": 14}, {"distance": 0.7593020098137162, "on_path": 0, "source": 13, "target": 23}, {"distance": 1.0284714719885368, "on_path": 0, "source": 13, "target": 17}, {"distance": 1.2892785845850223, "on_path": 0, "source": 13, "target": 20}, {"distance": 1.49728235329743, "on_path": 0, "source": 14, "target": 22}, {"distance": 1.819721633263344, "on_path": 0, "source": 14, "target": 16}, {"distance": 0.22435948541888973, "on_path": 0, "source": 15, "target": 19}, {"distance": 0.965437309777023, "on_path": 0, "source": 15, "target": 18}, {"distance": 1.0696066989163748, "on_path": 0, "source": 15, "target": 22}, {"distance": 1.6079445379405581, "on_path": 0, "source": 18, "target": 23}, {"distance": 0.9309453050690276, "on_path": 0, "source": 18, "target": 21}, {"distance": 0.7388364573505335, "on_path": 0, "source": 21, "target": 23}, {"distance": 1.7441435980972035, "on_path": 0, "source": 22, "target": 23}]}