{"directed": false, "multigraph": false, "graph": {}, "nodes": [{"node_features": [0.0, 0.0], "id": 0}, {"node_features": [0.0, 0.0], "id": 1}, {"node_features": [0.0, 0.0], "id": 2}, {"node_features": [0.0, 0.0], "id": 3}, {"node_features": [1.0, 0.0], "id": 4}, {"node_features": [0.0, 0.0], "id": 5}, {"node_features": [0.0, 0.0], "id": 6}, {"node_features": [0.0, 0.0], "id": 7}, {"node_features": [0.0, 0.0], "id": 8}, {"node_features": [0.0, 0.0], "id": 9}, {"node_features": [0.0, 0.0], "id": 10}, {"node_features": [0.0, 1.0], "id": 11}, {"node_features": [0.0, 0.0], "id": 12}, {"node_features": [0.0, 0.0], "id": 13}, {"node_features": [0.0, 0.0], "id": 14}, {"node_features": [0.0, 0.0], "id": 15}, {"node_features": [0.0, 0.0], "id": 16}, {"node_features": [0.0, 0.0], "id": 17}, {"node_features": [0.0, 0.0], "id": 18}, {"node_features": [0.0, 0.0], "id": 19}, {"node_features": [0.0, 0.0], "id": 20}, {"node_features": [0.0, 0.0], "id": 21}, {"node_features": [0.0, 0.0], "id": 22}, {"node_features": [0.0, 0.0], "id": 23}, {"node_features": [0.0, 0.0], "id": 24}, {"node_features": [0.0, 0.0], "id": 25}, {"node_features": [0.0, 0.0], "id": 26}, {"node_features": [0.0, 0.0], "id": 27}, {"node_features": [0.0, 0.0], "id": 28}, {"node_features": [0.0, 0.0], "id": 29}, {"node_features": [0.0, 0.0], "id": 30}, {"node_features": [0.0, 0.0], "id": 31}], "links": [{"distance": 0.749609161466583, "on_path": 0, "source": 0, "target": 7}, {"distance": 1.2342621021393034, "on_path": 0, "source": 0, "target": 24}, {"distance": 1.0633148847718934, "on_path": 0, "source": 0, "target": 27}, {"distance": 0.948175585488427, "on_path": 0, "source": 0, "target": 31}, {"distance": 1.5232028684354426, "on_path": 0, "source": 1, "target": 25}, {"distance": 1.5986837316973415, "on_path": 0, "source": 1, "target": 13}, {"distance": 1.689602407286901, "on_path": 0, "source": 1, "target": 20}, {"distance": 1.8434270784398907, "on_path": 0, "source": 1, "target": 12}, {"distance": 0.5256161505968394, "on_path": 0, "source": 1, "target": 29}, {"distance": 0.9770394934446932, "on_path": 1, "source": 2, "target": 30}, {"distance": 1.0159872225500033, "on_path": 0, "source": 2, "target": 28}, {"distance": 0.7156777830304804, "on_path": 1, "source": 2, "target": 4}, {"distance": 0.8883634107304496, "on_path": 0, "source": 3, "target": 16}, {"distance": 0.3558366012611703, "on_path": 0, "source": 3, "target": 8}, {"distance": 1.34295398978876, "on_path": 0, "source": 4, "target": 14}, {"distance": 1.1853342432793386, "on_path": 0, "source": 5, "target": 18}, {"distance": 0.8217929777809755, "on_path": 0, "source": 5, "target": 6}, {"distance": 1.2652325547496237, "on_path": 0, "source": 5, "target": 22}, {"distance": 1.5202706574762332, "on_path": 0, "source": 5, "target": 24}, {"distance": 1.7381256466536554, "on_path": 0, "source": 6, "target": 27}, {"distance": 1.5204005685950777, "on_path": 0, "source": 6, "target": 15}, {"distance": 0.4479588599540601, "on_path": 0, "source": 6, "target": 25}, {"distance": 1.367350844179435, "on_path": 0, "source": 7, "target": 23}, {"distance": 0.6348934678525272, "on_path": 0, "source": 7, "target": 17}, {"distance": 0.4939587379719528, "on_path": 0, "source": 7, "target": 16}, {"distance": 1.065045519732822, "on_path": 0, "source": 7, "target": 18}, {"distance": 0.3064352614758119, "on_path": 0, "source": 7, "target": 26}, {"distance": 0.28550097563397886, "on_path": 0, "source": 8, "target": 19}, {"distance": 0.8772982496118777, "on_path": 0, "source": 8, "target": 20}, {"distance": 1.058054003543861, "on_path": 0, "source": 8, "target": 23}, {"distance": 1.235058795839203, "on_path": 0, "source": 8, "target": 25}, {"distance": 1.472451078551874, "on_path": 0, "source": 8, "target": 29}, {"distance": 1.4998600920197576, "on_path": 0, "source": 8, "target": 11}, {"distance": 0.3226475136136714, "on_path": 0, "source": 9, "target": 20}, {"distance": 1.0471904028900954, "on_path": 0, "source": 9, "target": 21}, {"distance": 1.6465240249453654, "on_path": 0, "source": 9, "target": 25}, {"distance": 1.3040548448797644, "on_path": 0, "source": 10, "target": 19}, {"distance": 0.3716466700988998, "on_path": 0, "source": 10, "target": 28}, {"distance": 0.5909069964605409, "on_path": 0, "source": 10, "target": 17}, {"distance": 1.8523939785626364, "on_path": 0, "source": 11, "target": 21}, {"distance": 1.1610332885919747, "on_path": 1, "source": 11, "target": 31}, {"distance": 1.107743081408628, "on_path": 0, "source": 11, "target": 23}, {"distance": 0.6707718143785646, "on_path": 0, "source": 12, "target": 15}, {"distance": 0.7191208860096387, "on_path": 0, "source": 12, "target": 18}, {"distance": 1.3420555092132573, "on_path": 0, "source": 12, "target": 28}, {"distance": 0.16395165396310407, "on_path": 0, "source": 13, "target": 19}, {"distance": 1.291070108698786, "on_path": 0, "source": 13, "target": 30}, {"distance": 1.1446995910546451, "on_path": 0, "source": 14, "target": 25}, {"distance": 0.6422205711953692, "on_path": 0, "source": 14, "target": 18}, {"distance": 0.03636890569812651, "on_path": 0, "source": 14, "target": 15}, {"distance": 0.6002618208355446, "on_path": 0, "source": 15, "target": 27}, {"distance": 0.7428380883254694, "on_path": 1, "source": 16, "target": 30}, {"distance": 0.9644276646660693, "on_path": 1, "source": 16, "target": 31}, {"distance": 0.7823389182478088, "on_path": 0, "source": 17, "target": 19}, {"distance": 1.1713960656437377, "on_path": 0, "source": 19, "target": 26}, {"distance": 0.7534487412489507, "on_path": 0, "source": 19, "target": 31}, {"distance": 1.560405299804318, "on_path": 0, "source": 20, "target": 26}, {"distance": 1.672780892864258, "on_path": 0, "source": 20, "target": 29}, {"distance": 0.26881319768825984, "on_path": 0, "source": 20, "target": 24}, {"distance": 1.6091790575517124, "on_path": 0, "source": 21, "target": 26}, {"distance": 0.819018077350526, "on_path": 0, "source": 21, "target": 22}, {"distance": 0.8865272181584578, "on_path": 0, "source": 24, "target": 30}, {"distance": 0.7482995174338457, "on_path": 0, "source": 24, "target": 27}, {"distance": 1.3345768585798963, "on_path": 0, "source": 27, "target": 28}]}