{"directed": false, "multigraph": false, "graph": {}, "nodes": [{"node_features": [0.0, 0.0], "id": 0}, {"node_features": [0.0, 0.0], "id": 1}, {"node_features": [0.0, 0.0], "id": 2}, {"node_features": [0.0, 0.0], "id": 3}, {"node_features": [0.0, 0.0], "id": 4}, {"node_features": [0.0, 0.0], "id": 5}, {"node_features": [0.0, 0.0], "id": 6}, {"node_features": [0.0, 1.0], "id": 7}, {"node_features": [0.0, 0.0], "id": 8}, {"node_features": [0.0, 0.0], "id": 9}, {"node_features": [0.0, 0.0], "id": 10}, {"node_features": [0.0, 0.0], "id": 11}, {"node_features": [0.0, 0.0], "id": 12}, {"node_features": [0.0, 0.0], "id": 13}, {"node_features": [0.0, 0.0], "id": 14}, {"node_features": [0.0, 0.0], "id": 15}, {"node_features": [0.0, 0.0], "id": 16}, {"node_features": [0.0, 0.0], "id": 17}, {"node_features": [0.0, 0.0], "id": 18}, {"node_features": [0.0, 0.0], "id": 19}, {"node_features": [0.0, 0.0], "id": 20}, {"node_features": [0.0, 0.0], "id": 21}, {"node_features": [0.0, 0.0], "id": 22}, {"node_features": [0.0, 0.0], "id": 23}, {"node_features": [0.0, 0.0], "id": 24}, {"node_features": [0.0, 0.0], "id": 25}, {"node_features": [0.0, 0.0], "id": 26}, {"node_features": [0.0, 0.0], "id": 27}, {"node_features": [0.0, 0.0], "id": 28}, {"node_features": [0.0, 0.0], "id": 29}, {"node_features": [0.0, 0.0], "id": 30}, {"node_features": [1.0, 0.0], "id": 31}], "links": [{"distance": 0.8686891365214292, "on_path": 0, "source": 0, "target": 23}, {"distance": 0.692560812517064, "on_path": 0, "source": 0, "target": 9}, {"distance": 0.6208289659262153, "on_path": 0, "source": 1, "target": 9}, {"distance": 0.7742181988497792, "on_path": 0, "source": 1, "target": 23}, {"distance": 1.1182167721908558, "on_path": 0, "source": 2, "target": 27}, {"distance": 1.3360577722983267, "on_path": 0, "source": 2, "target": 7}, {"distance": 0.2287779099484288, "on_path": 0, "source": 2, "target": 19}, {"distance": 1.4435024484727073, "on_path": 0, "source": 2, "target": 22}, {"distance": 1.2628553648045018, "on_path": 0, "source": 3, "target": 24}, {"distance": 1.3333118824709453, "on_path": 0, "source": 3, "target": 31}, {"distance": 0.8894154867438704, "on_path": 0, "source": 3, "target": 6}, {"distance": 1.254844966815795, "on_path": 0, "source": 4, "target": 25}, {"distance": 1.3070366051922757, "on_path": 0, "source": 4, "target": 14}, {"distance": 1.1234975162616458, "on_path": 0, "source": 5, "target": 27}, {"distance": 0.6519663507755592, "on_path": 0, "source": 5, "target": 8}, {"distance": 1.0400564672055421, "on_path": 0, "source": 5, "target": 18}, {"distance": 0.866647716962487, "on_path": 0, "source": 6, "target": 11}, {"distance": 0.7274826280489014, "on_path": 0, "source": 6, "target": 13}, {"distance": 0.20622091551384544, "on_path": 0, "source": 6, "target": 25}, {"distance": 0.5300280472869422, "on_path": 1, "source": 7, "target": 12}, {"distance": 0.2713756038533266, "on_path": 0, "source": 7, "target": 21}, {"distance": 1.6296609482551123, "on_path": 0, "source": 7, "target": 22}, {"distance": 1.5165545679819177, "on_path": 0, "source": 7, "target": 13}, {"distance": 0.4680523526485248, "on_path": 0, "source": 7, "target": 10}, {"distance": 0.7792419769779526, "on_path": 0, "source": 7, "target": 17}, {"distance": 2.388128095428322, "on_path": 0, "source": 7, "target": 29}, {"distance": 1.282493225158175, "on_path": 0, "source": 8, "target": 27}, {"distance": 1.139577235704956, "on_path": 0, "source": 8, "target": 25}, {"distance": 1.7210283332362777, "on_path": 0, "source": 8, "target": 9}, {"distance": 0.736185441057974, "on_path": 0, "source": 9, "target": 28}, {"distance": 0.570295685233027, "on_path": 0, "source": 9, "target": 14}, {"distance": 0.749607179672384, "on_path": 0, "source": 9, "target": 23}, {"distance": 0.17129779889553637, "on_path": 0, "source": 9, "target": 11}, {"distance": 1.1909154997802924, "on_path": 0, "source": 9, "target": 12}, {"distance": 0.992488661307636, "on_path": 0, "source": 9, "target": 15}, {"distance": 1.4375671289008682, "on_path": 0, "source": 9, "target": 21}, {"distance": 0.5673500339779043, "on_path": 0, "source": 10, "target": 25}, {"distance": 1.0706121775377204, "on_path": 0, "source": 11, "target": 31}, {"distance": 1.3921626628184316, "on_path": 0, "source": 11, "target": 20}, {"distance": 1.0088769137026217, "on_path": 0, "source": 11, "target": 24}, {"distance": 0.7443958504752497, "on_path": 1, "source": 12, "target": 30}, {"distance": 0.18666749245098765, "on_path": 0, "source": 13, "target": 27}, {"distance": 0.5785183142761674, "on_path": 0, "source": 13, "target": 25}, {"distance": 0.18519977275147284, "on_path": 0, "source": 14, "target": 28}, {"distance": 0.4578813241648323, "on_path": 0, "source": 15, "target": 25}, {"distance": 0.6207861049051245, "on_path": 0, "source": 15, "target": 27}, {"distance": 0.7379449753634562, "on_path": 0, "source": 15, "target": 28}, {"distance": 0.4650084651732612, "on_path": 0, "source": 16, "target": 31}, {"distance": 0.47582976887905243, "on_path": 0, "source": 16, "target": 26}, {"distance": 0.3856372249213856, "on_path": 0, "source": 16, "target": 22}, {"distance": 1.1182977855846237, "on_path": 0, "source": 17, "target": 22}, {"distance": 1.303211036170892, "on_path": 0, "source": 18, "target": 23}, {"distance": 0.5888131420493607, "on_path": 0, "source": 18, "target": 30}, {"distance": 0.9177240744536447, "on_path": 0, "source": 19, "target": 31}, {"distance": 1.2848265903476956, "on_path": 0, "source": 19, "target": 22}, {"distance": 0.21825754468523603, "on_path": 0, "source": 19, "target": 20}, {"distance": 1.372574887366579, "on_path": 0, "source": 20, "target": 29}, {"distance": 0.6243826936368879, "on_path": 0, "source": 20, "target": 23}, {"distance": 0.2301584764233784, "on_path": 0, "source": 23, "target": 27}, {"distance": 0.7133618834121922, "on_path": 0, "source": 24, "target": 28}, {"distance": 0.8328181094146427, "on_path": 0, "source": 24, "target": 27}, {"distance": 0.9492350654900246, "on_path": 1, "source": 26, "target": 30}, {"distance": 0.5479570290214265, "on_path": 0, "source": 26, "target": 29}, {"distance": 0.13298910277777493, "on_path": 1, "source": 26, "target": 31}]}