{"directed": false, "multigraph": false, "graph": {}, "nodes": [{"node_features": [0.0, 0.0], "id": 0}, {"node_features": [0.0, 0.0], "id": 1}, {"node_features": [0.0, 0.0], "id": 2}, {"node_features": [0.0, 0.0], "id": 3}, {"node_features": [0.0, 0.0], "id": 4}, {"node_features": [0.0, 1.0], "id": 5}, {"node_features": [0.0, 0.0], "id": 6}, {"node_features": [0.0, 0.0], "id": 7}, {"node_features": [0.0, 0.0], "id": 8}, {"node_features": [0.0, 0.0], "id": 9}, {"node_features": [0.0, 0.0], "id": 10}, {"node_features": [1.0, 0.0], "id": 11}, {"node_features": [0.0, 0.0], "id": 12}, {"node_features": [0.0, 0.0], "id": 13}, {"node_features": [0.0, 0.0], "id": 14}, {"node_features": [0.0, 0.0], "id": 15}, {"node_features": [0.0, 0.0], "id": 16}, {"node_features": [0.0, 0.0], "id": 17}, {"node_features": [0.0, 0.0], "id": 18}, {"node_features": [0.0, 0.0], "id": 19}, {"node_features": [0.0, 0.0], "id": 20}, {"node_features": [0.0, 0.0], "id": 21}], "links": [{"distance": 0.6549025196444761, "on_path": 0, "source": 0, "target": 15}, {"distance": 1.8779068170789561, "on_path": 0, "source": 0, "target": 10}, {"distance": 1.974141175770046, "on_path": 0, "source": 0, "target": 3}, {"distance": 1.2485649533366505, "on_path": 0, "source": 0, "target": 11}, {"distance": 1.8235076340066576, "on_path": 0, "source": 1, "target": 7}, {"distance": 0.5439676683336329, "on_path": 0, "source": 1, "target": 20}, {"distance": 0.78187253964278, "on_path": 0, "source": 1, "target": 10}, {"distance": 0.650054110608227, "on_path": 0, "source": 2, "target": 18}, {"distance": 1.7885015651504141, "on_path": 0, "source": 2, "target": 13}, {"distance": 1.7268272063720804, "on_path": 0, "source": 2, "target": 14}, {"distance": 1.7338915373179709, "on_path": 0, "source": 2, "target": 17}, {"distance": 1.6651432942329445, "on_path": 0, "source": 3, "target": 6}, {"distance": 1.0161610861746704, "on_path": 0, "source": 3, "target": 5}, {"distance": 1.2784241043046145, "on_path": 0, "source": 3, "target": 8}, {"distance": 0.5896134031186421, "on_path": 0, "source": 3, "target": 20}, {"distance": 1.7360403085117577, "on_path": 0, "source": 4, "target": 8}, {"distance": 0.4151641214628189, "on_path": 0, "source": 4, "target": 15}, {"distance": 1.224325700103917, "on_path": 0, "source": 4, "target": 9}, {"distance": 1.092916570684473, "on_path": 0, "source": 4, "target": 21}, {"distance": 1.7894944388722356, "on_path": 0, "source": 5, "target": 8}, {"distance": 0.6119418712690572, "on_path": 1, "source": 5, "target": 9}, {"distance": 1.2707317572735273, "on_path": 0, "source": 5, "target": 7}, {"distance": 1.0101057674113618, "on_path": 0, "source": 6, "target": 14}, {"distance": 1.1966671670828277, "on_path": 0, "source": 6, "target": 11}, {"distance": 1.3418950210198821, "on_path": 0, "source": 6, "target": 10}, {"distance": 0.6266147341332073, "on_path": 0, "source": 6, "target": 15}, {"distance": 1.4937815641158614, "on_path": 0, "source": 7, "target": 17}, {"distance": 1.3883469396594132, "on_path": 0, "source": 7, "target": 10}, {"distance": 0.606817179706365, "on_path": 0, "source": 7, "target": 18}, {"distance": 1.5017412237863073, "on_path": 0, "source": 8, "target": 20}, {"distance": 0.7061250484002933, "on_path": 0, "source": 9, "target": 12}, {"distance": 0.36977811800193106, "on_path": 1, "source": 9, "target": 13}, {"distance": 1.6636623773544301, "on_path": 0, "source": 10, "target": 18}, {"distance": 1.7193693288390706, "on_path": 0, "source": 11, "target": 18}, {"distance": 0.6013876249597188, "on_path": 0, "source": 11, "target": 16}, {"distance": 0.6075137873803644, "on_path": 1, "source": 11, "target": 17}, {"distance": 0.9115149439880312, "on_path": 0, "source": 11, "target": 19}, {"distance": 1.9700213279991035, "on_path": 0, "source": 12, "target": 15}, {"distance": 0.6312723290325541, "on_path": 1, "source": 13, "target": 17}, {"distance": 0.7219514106812555, "on_path": 0, "source": 14, "target": 21}, {"distance": 1.353540513948391, "on_path": 0, "source": 16, "target": 20}, {"distance": 0.5263686176823464, "on_path": 0, "source": 17, "target": 20}, {"distance": 0.8681005950772546, "on_path": 0, "source": 18, "target": 19}, {"distance": 1.1454326812831268, "on_path": 0, "source": 18, "target": 21}]}