{"directed": false, "multigraph": false, "graph": {}, "nodes": [{"node_features": [1.0, 0.0], "id": 0}, {"node_features": [0.0, 0.0], "id": 1}, {"node_features": [0.0, 0.0], "id": 2}, {"node_features": [0.0, 0.0], "id": 3}, {"node_features": [0.0, 0.0], "id": 4}, {"node_features": [0.0, 0.0], "id": 5}, {"node_features": [0.0, 0.0], "id": 6}, {"node_features": [0.0, 0.0], "id": 7}, {"node_features": [0.0, 0.0], "id": 8}, {"node_features": [0.0, 0.0], "id": 9}, {"node_features": [0.0, 1.0], "id": 10}, {"node_features": [0.0, 0.0], "id": 11}, {"node_features": [0.0, 0.0], "id": 12}, {"node_features": [0.0, 0.0], "id": 13}, {"node_features": [0.0, 0.0], "id": 14}, {"node_features": [0.0, 0.0], "id": 15}, {"node_features": [0.0, 0.0], "id": 16}, {"node_features": [0.0, 0.0], "id": 17}, {"node_features": [0.0, 0.0], "id": 18}, {"node_features": [0.0, 0.0], "id": 19}, {"node_features": [0.0, 0.0], "id": 20}, {"node_features": [0.0, 0.0], "id": 21}, {"node_features": [0.0, 0.0], "id": 22}, {"node_features": [0.0, 0.0], "id": 23}, {"node_features": [0.0, 0.0], "id": 24}, {"node_features": [0.0, 0.0], "id": 25}, {"node_features": [0.0, 0.0], "id": 26}, {"node_features": [0.0, 0.0], "id": 27}, {"node_features": [0.0, 0.0], "id": 28}, {"node_features": [0.0, 0.0], "id": 29}, {"node_features": [0.0, 0.0], "id": 30}, {"node_features": [0.0, 0.0], "id": 31}, {"node_features": [0.0, 0.0], "id": 32}, {"node_features": [0.0, 0.0], "id": 33}, {"node_features": [0.0, 0.0], "id": 34}, {"node_features": [0.0, 0.0], "id": 35}, {"node_features": [0.0, 0.0], "id": 36}, {"node_features": [0.0, 0.0], "id": 37}, {"node_features": [0.0, 0.0], "id": 38}, {"node_features": [0.0, 0.0], "id": 39}], "links": [{"distance": 1.961248423337478, "on_path": 0, "source": 0, "target": 6}, {"distance": 1.2976130017474476, "on_path": 0, "source": 0, "target": 15}, {"distance": 1.1711018608061818, "on_path": 0, "source": 0, "target": 26}, {"distance": 0.9136116435146677, "on_path": 1, "source": 0, "target": 28}, {"distance": 1.0625876624778852, "on_path": 0, "source": 1, "target": 20}, {"distance": 0.5646744337050591, "on_path": 0, "source": 1, "target": 28}, {"distance": 0.7243596077889993, "on_path": 0, "source": 1, "target": 29}, {"distance": 0.2616348139241582, "on_path": 0, "source": 1, "target": 27}, {"distance": 2.3712809612280146, "on_path": 0, "source": 2, "target": 18}, {"distance": 1.233936648590876, "on_path": 0, "source": 2, "target": 27}, {"distance": 0.910645563380025, "on_path": 0, "source": 3, "target": 21}, {"distance": 0.6036453097343145, "on_path": 0, "source": 3, "target": 26}, {"distance": 0.4522666183455569, "on_path": 0, "source": 4, "target": 21}, {"distance": 1.0181229618345309, "on_path": 0, "source": 4, "target": 23}, {"distance": 0.7186845195489712, "on_path": 0, "source": 4, "target": 11}, {"distance": 0.7113453135860999, "on_path": 0, "source": 4, "target": 20}, {"distance": 1.0433973908175858, "on_path": 0, "source": 4, "target": 35}, {"distance": 0.5838255899497101, "on_path": 0, "source": 5, "target": 26}, {"distance": 1.2555620919554942, "on_path": 0, "source": 5, "target": 35}, {"distance": 0.6610400180516526, "on_path": 0, "source": 6, "target": 19}, {"distance": 2.021862572180818, "on_path": 0, "source": 6, "target": 9}, {"distance": 1.5725526044826614, "on_path": 0, "source": 7, "target": 20}, {"distance": 0.7943912479799546, "on_path": 0, "source": 7, "target": 25}, {"distance": 0.060484495709254404, "on_path": 0, "source": 7, "target": 36}, {"distance": 0.7617506104930172, "on_path": 0, "source": 7, "target": 15}, {"distance": 1.3943844392662057, "on_path": 0, "source": 7, "target": 38}, {"distance": 1.310595944495943, "on_path": 0, "source": 8, "target": 25}, {"distance": 1.5687939887053777, "on_path": 0, "source": 8, "target": 36}, {"distance": 1.0678484233435928, "on_path": 0, "source": 8, "target": 27}, {"distance": 1.9270196010701024, "on_path": 0, "source": 9, "target": 36}, {"distance": 1.180792232512253, "on_path": 0, "source": 9, "target": 27}, {"distance": 1.2804620248823195, "on_path": 0, "source": 9, "target": 14}, {"distance": 1.1524521505839955, "on_path": 0, "source": 10, "target": 17}, {"distance": 0.10523589492436182, "on_path": 0, "source": 10, "target": 18}, {"distance": 0.5833571727100183, "on_path": 1, "source": 10, "target": 24}, {"distance": 1.8094100991640412, "on_path": 0, "source": 10, "target": 13}, {"distance": 1.0957178085166746, "on_path": 0, "source": 10, "target": 19}, {"distance": 1.402895422146225, "on_path": 0, "source": 10, "target": 21}, {"distance": 0.5647194461428799, "on_path": 0, "source": 10, "target": 36}, {"distance": 0.593098628722676, "on_path": 0, "source": 11, "target": 29}, {"distance": 1.5781497164393143, "on_path": 0, "source": 11, "target": 24}, {"distance": 1.0845928647411125, "on_path": 0, "source": 11, "target": 22}, {"distance": 0.4101831972459155, "on_path": 0, "source": 12, "target": 39}, {"distance": 0.6182759385876904, "on_path": 0, "source": 12, "target": 33}, {"distance": 1.8656016851399737, "on_path": 0, "source": 13, "target": 18}, {"distance": 0.5296960225072025, "on_path": 1, "source": 14, "target": 28}, {"distance": 0.5590231962172987, "on_path": 1, "source": 14, "target": 24}, {"distance": 0.9199982139915833, "on_path": 0, "source": 15, "target": 33}, {"distance": 1.1055463097944165, "on_path": 0, "source": 15, "target": 26}, {"distance": 0.995995388378799, "on_path": 0, "source": 15, "target": 31}, {"distance": 1.6059264495307541, "on_path": 0, "source": 16, "target": 34}, {"distance": 1.2373698088143186, "on_path": 0, "source": 16, "target": 33}, {"distance": 0.20513922038366061, "on_path": 0, "source": 17, "target": 25}, {"distance": 0.6254158634503542, "on_path": 0, "source": 17, "target": 39}, {"distance": 0.5114714568926639, "on_path": 0, "source": 18, "target": 36}, {"distance": 0.459139113694793, "on_path": 0, "source": 19, "target": 27}, {"distance": 1.5298188450832877, "on_path": 0, "source": 20, "target": 35}, {"distance": 1.1691326620666365, "on_path": 0, "source": 21, "target": 34}, {"distance": 1.2004038392317689, "on_path": 0, "source": 21, "target": 23}, {"distance": 1.2205606969607257, "on_path": 0, "source": 21, "target": 24}, {"distance": 0.33031773085354904, "on_path": 0, "source": 22, "target": 38}, {"distance": 1.696307242157617, "on_path": 0, "source": 22, "target": 36}, {"distance": 1.0977986968489954, "on_path": 0, "source": 22, "target": 33}, {"distance": 1.3828017354389348, "on_path": 0, "source": 23, "target": 30}, {"distance": 1.5480851460869791, "on_path": 0, "source": 24, "target": 33}, {"distance": 1.5566954174591674, "on_path": 0, "source": 24, "target": 31}, {"distance": 0.6324713880609877, "on_path": 0, "source": 25, "target": 38}, {"distance": 0.5548191695368588, "on_path": 0, "source": 25, "target": 37}, {"distance": 1.290390396719955, "on_path": 0, "source": 25, "target": 34}, {"distance": 1.2455211383654772, "on_path": 0, "source": 26, "target": 30}, {"distance": 0.1320350795512341, "on_path": 0, "source": 26, "target": 34}, {"distance": 1.811678559248956, "on_path": 0, "source": 26, "target": 35}, {"distance": 1.3890924878179727, "on_path": 0, "source": 28, "target": 32}, {"distance": 0.9958986708911056, "on_path": 0, "source": 28, "target": 37}, {"distance": 0.4643747624385956, "on_path": 0, "source": 29, "target": 39}, {"distance": 0.5084944442830489, "on_path": 0, "source": 32, "target": 37}, {"distance": 1.0670234334036597, "on_path": 0, "source": 33, "target": 38}, {"distance": 0.20885479846650626, "on_path": 0, "source": 33, "target": 39}, {"distance": 1.8447026032042821, "on_path": 0, "source": 34, "target": 37}, {"distance": 1.4961103680156695, "on_path": 0, "source": 35, "target": 39}]}