{"directed": false, "multigraph": false, "graph": {}, "nodes": [{"node_features": [0.0, 0.0], "id": 0}, {"node_features": [0.0, 0.0], "id": 1}, {"node_features": [0.0, 0.0], "id": 2}, {"node_features": [0.0, 0.0], "id": 3}, {"node_features": [0.0, 0.0], "id": 4}, {"node_features": [0.0, 0.0], "id": 5}, {"node_features": [0.0, 0.0], "id": 6}, {"node_features": [0.0, 0.0], "id": 7}, {"node_features": [0.0, 0.0], "id": 8}, {"node_features": [0.0, 0.0], "id": 9}, {"node_features": [0.0, 0.0], "id": 10}, {"node_features": [0.0, 0.0], "id": 11}, {"node_features": [0.0, 0.0], "id": 12}, {"node_features": [0.0, 0.0], "id": 13}, {"node_features": [1.0, 0.0], "id": 14}, {"node_features": [0.0, 0.0], "id": 15}, {"node_features": [0.0, 0.0], "id": 16}, {"node_features": [0.0, 0.0], "id": 17}, {"node_features": [0.0, 0.0], "id": 18}, {"node_features": [0.0, 0.0], "id": 19}, {"node_features": [0.0, 0.0], "id": 20}, {"node_features": [0.0, 0.0], "id": 21}, {"node_features": [0.0, 0.0], "id": 22}, {"node_features": [0.0, 0.0], "id": 23}, {"node_features": [0.0, 0.0], "id": 24}, {"node_features": [0.0, 0.0], "id": 25}, {"node_features": [0.0, 0.0], "id": 26}, {"node_features": [0.0, 0.0], "id": 27}, {"node_features": [0.0, 0.0], "id": 28}, {"node_features": [0.0, 0.0], "id": 29}, {"node_features": [0.0, 1.0], "id": 30}, {"node_features": [0.0, 0.0], "id": 31}, {"node_features": [0.0, 0.0], "id": 32}, {"node_features": [0.0, 0.0], "id": 33}, {"node_features": [0.0, 0.0], "id": 34}, {"node_features": [0.0, 0.0], "id": 35}, {"node_features": [0.0, 0.0], "id": 36}, {"node_features": [0.0, 0.0], "id": 37}, {"node_features": [0.0, 0.0], "id": 38}, {"node_features": [0.0, 0.0], "id": 39}, {"node_features": [0.0, 0.0], "id": 40}, {"node_features": [0.0, 0.0], "id": 41}], "links": [{"distance": 0.173750471714169, "on_path": 0, "source": 0, "target": 26}, {"distance": 1.329120863929324, "on_path": 0, "source": 0, "target": 21}, {"distance": 1.6930055977680953, "on_path": 0, "source": 0, "target": 18}, {"distance": 0.7705263839477327, "on_path": 0, "source": 0, "target": 19}, {"distance": 1.1387933337915626, "on_path": 0, "source": 0, "target": 33}, {"distance": 0.36648107302835153, "on_path": 0, "source": 1, "target": 18}, {"distance": 2.001235400241463, "on_path": 0, "source": 1, "target": 2}, {"distance": 1.3829374281078974, "on_path": 0, "source": 1, "target": 40}, {"distance": 1.02992194734291, "on_path": 0, "source": 2, "target": 40}, {"distance": 1.5344504236274268, "on_path": 0, "source": 2, "target": 6}, {"distance": 0.8987645141307109, "on_path": 0, "source": 2, "target": 12}, {"distance": 1.733189570373606, "on_path": 0, "source": 2, "target": 18}, {"distance": 0.7515634441691357, "on_path": 0, "source": 3, "target": 6}, {"distance": 1.0883337611141037, "on_path": 0, "source": 3, "target": 8}, {"distance": 0.62617672513304, "on_path": 0, "source": 3, "target": 41}, {"distance": 1.0147856616336468, "on_path": 0, "source": 3, "target": 31}, {"distance": 1.8289317870844024, "on_path": 0, "source": 4, "target": 31}, {"distance": 2.2551231624154626, "on_path": 0, "source": 4, "target": 7}, {"distance": 1.8056489068850456, "on_path": 0, "source": 4, "target": 32}, {"distance": 0.9693690130202297, "on_path": 0, "source": 4, "target": 18}, {"distance": 2.145803651119544, "on_path": 0, "source": 4, "target": 9}, {"distance": 1.79070553602291, "on_path": 0, "source": 5, "target": 27}, {"distance": 0.8185103593130464, "on_path": 0, "source": 5, "target": 24}, {"distance": 0.4405044297151865, "on_path": 0, "source": 5, "target": 13}, {"distance": 0.8265311225980295, "on_path": 0, "source": 6, "target": 38}, {"distance": 0.5226678455066825, "on_path": 0, "source": 6, "target": 16}, {"distance": 0.37809484453279113, "on_path": 0, "source": 6, "target": 35}, {"distance": 0.5545442953841228, "on_path": 0, "source": 6, "target": 37}, {"distance": 1.1350652945316657, "on_path": 0, "source": 7, "target": 14}, {"distance": 1.2651104435597589, "on_path": 0, "source": 7, "target": 39}, {"distance": 1.2422552091130385, "on_path": 0, "source": 7, "target": 35}, {"distance": 1.1059216014849764, "on_path": 0, "source": 8, "target": 29}, {"distance": 0.08009845301764464, "on_path": 0, "source": 8, "target": 31}, {"distance": 1.6010311180539456, "on_path": 0, "source": 9, "target": 13}, {"distance": 1.1061626419533335, "on_path": 0, "source": 10, "target": 28}, {"distance": 1.3487899979696194, "on_path": 0, "source": 10, "target": 32}, {"distance": 0.8499478727454646, "on_path": 0, "source": 10, "target": 27}, {"distance": 1.0795779592675672, "on_path": 0, "source": 11, "target": 40}, {"distance": 0.7841956930899336, "on_path": 0, "source": 11, "target": 20}, {"distance": 0.6904610759141674, "on_path": 0, "source": 12, "target": 34}, {"distance": 1.4001585524220093, "on_path": 0, "source": 12, "target": 38}, {"distance": 0.6502546644575442, "on_path": 0, "source": 12, "target": 41}, {"distance": 1.4472199754719017, "on_path": 0, "source": 13, "target": 31}, {"distance": 0.2888165712550203, "on_path": 0, "source": 13, "target": 25}, {"distance": 0.8666954336885895, "on_path": 0, "source": 14, "target": 18}, {"distance": 0.9861645820117968, "on_path": 1, "source": 14, "target": 24}, {"distance": 1.1377005422850295, "on_path": 0, "source": 15, "target": 29}, {"distance": 1.6511723252642843, "on_path": 0, "source": 15, "target": 33}, {"distance": 0.39352930530380564, "on_path": 0, "source": 16, "target": 27}, {"distance": 0.3872406286486223, "on_path": 0, "source": 17, "target": 38}, {"distance": 1.297105335482462, "on_path": 0, "source": 17, "target": 34}, {"distance": 0.5507790647667012, "on_path": 0, "source": 17, "target": 36}, {"distance": 1.0249625916526557, "on_path": 0, "source": 18, "target": 40}, {"distance": 1.6136840670148882, "on_path": 0, "source": 19, "target": 38}, {"distance": 1.0059362108967318, "on_path": 0, "source": 19, "target": 23}, {"distance": 1.6011234153314369, "on_path": 0, "source": 20, "target": 40}, {"distance": 1.6104883052849992, "on_path": 0, "source": 20, "target": 29}, {"distance": 1.1772833506677702, "on_path": 0, "source": 21, "target": 24}, {"distance": 0.7784343928488939, "on_path": 0, "source": 22, "target": 41}, {"distance": 1.6725908149498152, "on_path": 0, "source": 22, "target": 28}, {"distance": 1.2963436029547388, "on_path": 0, "source": 22, "target": 26}, {"distance": 0.7793635396999224, "on_path": 0, "source": 23, "target": 24}, {"distance": 0.22719975963032804, "on_path": 0, "source": 23, "target": 34}, {"distance": 1.3308508280840226, "on_path": 0, "source": 24, "target": 40}, {"distance": 0.5244554912405512, "on_path": 1, "source": 24, "target": 39}, {"distance": 0.4000187766093044, "on_path": 0, "source": 25, "target": 34}, {"distance": 1.3733654354400577, "on_path": 0, "source": 25, "target": 38}, {"distance": 1.3959268989669544, "on_path": 0, "source": 26, "target": 35}, {"distance": 1.5473465107070261, "on_path": 0, "source": 26, "target": 41}, {"distance": 1.3032199050484299, "on_path": 0, "source": 26, "target": 29}, {"distance": 1.4001393555212949, "on_path": 0, "source": 27, "target": 39}, {"distance": 0.6384947692002514, "on_path": 0, "source": 28, "target": 31}, {"distance": 1.164800495002898, "on_path": 1, "source": 28, "target": 39}, {"distance": 0.26019245561940857, "on_path": 1, "source": 28, "target": 30}, {"distance": 1.3317719127418515, "on_path": 0, "source": 29, "target": 38}, {"distance": 0.7579637920864216, "on_path": 0, "source": 29, "target": 32}, {"distance": 0.8355365830160448, "on_path": 0, "source": 30, "target": 37}, {"distance": 1.1076012360963574, "on_path": 0, "source": 32, "target": 36}, {"distance": 0.5167706376468035, "on_path": 0, "source": 33, "target": 37}, {"distance": 1.6293192422980654, "on_path": 0, "source": 33, "target": 34}, {"distance": 1.2533140391639104, "on_path": 0, "source": 33, "target": 39}, {"distance": 1.2281122315061694, "on_path": 0, "source": 35, "target": 39}, {"distance": 1.4914850527080437, "on_path": 0, "source": 37, "target": 41}, {"distance": 1.504516321926883, "on_path": 0, "source": 37, "target": 40}]}