{"directed": false, "multigraph": false, "graph": {}, "nodes": [{"node_features": [0.0, 0.0], "id": 0}, {"node_features": [0.0, 0.0], "id": 1}, {"node_features": [0.0, 0.0], "id": 2}, {"node_features": [0.0, 0.0], "id": 3}, {"node_features": [0.0, 0.0], "id": 4}, {"node_features": [1.0, 0.0], "id": 5}, {"node_features": [0.0, 0.0], "id": 6}, {"node_features": [0.0, 0.0], "id": 7}, {"node_features": [0.0, 0.0], "id": 8}, {"node_features": [0.0, 0.0], "id": 9}, {"node_features": [0.0, 0.0], "id": 10}, {"node_features": [0.0, 0.0], "id": 11}, {"node_features": [0.0, 0.0], "id": 12}, {"node_features": [0.0, 0.0], "id": 13}, {"node_features": [0.0, 0.0], "id": 14}, {"node_features": [0.0, 1.0], "id": 15}, {"node_features": [0.0, 0.0], "id": 16}, {"node_features": [0.0, 0.0], "id": 17}, {"node_features": [0.0, 0.0], "id": 18}, {"node_features": [0.0, 0.0], "id": 19}, {"node_features": [0.0, 0.0], "id": 20}], "links": [{"distance": 1.1643639988136727, "on_path": 0, "source": 0, "target": 3}, {"distance": 1.4770162060815648, "on_path": 0, "source": 0, "target": 6}, {"distance": 1.78438487923284, "on_path": 0, "source": 0, "target": 7}, {"distance": 1.4980665158712807, "on_path": 0, "source": 1, "target": 7}, {"distance": 1.4167054292643864, "on_path": 0, "source": 1, "target": 16}, {"distance": 1.50203958174935, "on_path": 0, "source": 1, "target": 9}, {"distance": 1.1413033256081802, "on_path": 0, "source": 1, "target": 11}, {"distance": 0.8068348399979379, "on_path": 0, "source": 2, "target": 18}, {"distance": 1.06478602178156, "on_path": 0, "source": 2, "target": 7}, {"distance": 1.2273586762349382, "on_path": 0, "source": 2, "target": 13}, {"distance": 1.3048772787351866, "on_path": 0, "source": 2, "target": 15}, {"distance": 1.1557382734668507, "on_path": 0, "source": 2, "target": 16}, {"distance": 0.440793291225216, "on_path": 0, "source": 3, "target": 15}, {"distance": 1.1809679629763978, "on_path": 0, "source": 3, "target": 14}, {"distance": 0.3600438315289468, "on_path": 0, "source": 3, "target": 17}, {"distance": 2.11119739400583, "on_path": 0, "source": 3, "target": 4}, {"distance": 1.385894294549697, "on_path": 0, "source": 3, "target": 6}, {"distance": 0.8279772481607779, "on_path": 0, "source": 3, "target": 7}, {"distance": 0.899072798569287, "on_path": 0, "source": 3, "target": 12}, {"distance": 1.1653681085599332, "on_path": 0, "source": 4, "target": 14}, {"distance": 1.419551930315619, "on_path": 0, "source": 4, "target": 11}, {"distance": 1.2016518961057585, "on_path": 0, "source": 5, "target": 12}, {"distance": 0.20471135745782773, "on_path": 1, "source": 5, "target": 9}, {"distance": 0.43587023122890806, "on_path": 0, "source": 5, "target": 10}, {"distance": 0.6226902481684984, "on_path": 0, "source": 6, "target": 10}, {"distance": 0.8940194308204633, "on_path": 0, "source": 6, "target": 18}, {"distance": 1.1048382415196099, "on_path": 0, "source": 8, "target": 11}, {"distance": 0.8837238147032916, "on_path": 0, "source": 8, "target": 19}, {"distance": 0.7612221955240115, "on_path": 0, "source": 8, "target": 14}, {"distance": 0.276983522441035, "on_path": 1, "source": 9, "target": 18}, {"distance": 1.0196738025366263, "on_path": 0, "source": 9, "target": 13}, {"distance": 1.224148234116191, "on_path": 0, "source": 10, "target": 13}, {"distance": 0.7275346046129497, "on_path": 0, "source": 11, "target": 18}, {"distance": 0.8406305496444862, "on_path": 0, "source": 12, "target": 19}, {"distance": 1.1838714645164408, "on_path": 0, "source": 12, "target": 14}, {"distance": 1.887484450818812, "on_path": 0, "source": 13, "target": 17}, {"distance": 1.0557818252649382, "on_path": 1, "source": 14, "target": 15}, {"distance": 0.5098720209104436, "on_path": 1, "source": 14, "target": 18}, {"distance": 0.9569239315003117, "on_path": 0, "source": 14, "target": 20}, {"distance": 1.5159043221081696, "on_path": 0, "source": 14, "target": 17}, {"distance": 2.1685594709648086, "on_path": 0, "source": 17, "target": 20}, {"distance": 1.5547012668676348, "on_path": 0, "source": 19, "target": 20}]}