{"directed": false, "multigraph": false, "graph": {}, "nodes": [{"node_features": [0.0, 0.0], "id": 0}, {"node_features": [0.0, 0.0], "id": 1}, {"node_features": [0.0, 0.0], "id": 2}, {"node_features": [0.0, 0.0], "id": 3}, {"node_features": [0.0, 0.0], "id": 4}, {"node_features": [0.0, 0.0], "id": 5}, {"node_features": [0.0, 0.0], "id": 6}, {"node_features": [0.0, 0.0], "id": 7}, {"node_features": [0.0, 0.0], "id": 8}, {"node_features": [0.0, 0.0], "id": 9}, {"node_features": [0.0, 0.0], "id": 10}, {"node_features": [0.0, 0.0], "id": 11}, {"node_features": [0.0, 0.0], "id": 12}, {"node_features": [0.0, 0.0], "id": 13}, {"node_features": [0.0, 0.0], "id": 14}, {"node_features": [0.0, 0.0], "id": 15}, {"node_features": [0.0, 0.0], "id": 16}, {"node_features": [0.0, 0.0], "id": 17}, {"node_features": [0.0, 1.0], "id": 18}, {"node_features": [0.0, 0.0], "id": 19}, {"node_features": [0.0, 0.0], "id": 20}, {"node_features": [1.0, 0.0], "id": 21}, {"node_features": [0.0, 0.0], "id": 22}, {"node_features": [0.0, 0.0], "id": 23}, {"node_features": [0.0, 0.0], "id": 24}, {"node_features": [0.0, 0.0], "id": 25}, {"node_features": [0.0, 0.0], "id": 26}, {"node_features": [0.0, 0.0], "id": 27}, {"node_features": [0.0, 0.0], "id": 28}, {"node_features": [0.0, 0.0], "id": 29}, {"node_features": [0.0, 0.0], "id": 30}, {"node_features": [0.0, 0.0], "id": 31}, {"node_features": [0.0, 0.0], "id": 32}, {"node_features": [0.0, 0.0], "id": 33}, {"node_features": [0.0, 0.0], "id": 34}, {"node_features": [0.0, 0.0], "id": 35}, {"node_features": [0.0, 0.0], "id": 36}, {"node_features": [0.0, 0.0], "id": 37}, {"node_features": [0.0, 0.0], "id": 38}], "links": [{"distance": 1.6980529762878922, "on_path": 0, "source": 0, "target": 13}, {"distance": 0.7219584325770809, "on_path": 0, "source": 0, "target": 14}, {"distance": 1.958201135626219, "on_path": 0, "source": 0, "target": 21}, {"distance": 0.46489654550786713, "on_path": 0, "source": 1, "target": 10}, {"distance": 1.6950419430113886, "on_path": 0, "source": 1, "target": 36}, {"distance": 1.1281044329359033, "on_path": 0, "source": 1, "target": 17}, {"distance": 0.37962404276815054, "on_path": 0, "source": 1, "target": 19}, {"distance": 0.4219754512161368, "on_path": 0, "source": 2, "target": 23}, {"distance": 1.357410060998321, "on_path": 0, "source": 2, "target": 37}, {"distance": 1.7594910714790029, "on_path": 0, "source": 2, "target": 12}, {"distance": 0.3724497937236051, "on_path": 0, "source": 3, "target": 12}, {"distance": 1.8428126761038415, "on_path": 0, "source": 3, "target": 4}, {"distance": 1.8305514194410697, "on_path": 0, "source": 3, "target": 26}, {"distance": 0.7579001631509684, "on_path": 0, "source": 3, "target": 36}, {"distance": 1.0678310880834836, "on_path": 0, "source": 3, "target": 30}, {"distance": 0.6903664119085285, "on_path": 0, "source": 3, "target": 33}, {"distance": 1.9228099869260478, "on_path": 0, "source": 4, "target": 12}, {"distance": 0.5842304516193018, "on_path": 0, "source": 4, "target": 23}, {"distance": 1.854899834498107, "on_path": 0, "source": 4, "target": 34}, {"distance": 1.282223461770096, "on_path": 0, "source": 5, "target": 33}, {"distance": 0.9883064467352856, "on_path": 0, "source": 5, "target": 35}, {"distance": 0.5635397359176374, "on_path": 0, "source": 5, "target": 24}, {"distance": 1.767383153831611, "on_path": 0, "source": 5, "target": 32}, {"distance": 1.1857445486585323, "on_path": 0, "source": 6, "target": 35}, {"distance": 0.255193130917274, "on_path": 0, "source": 6, "target": 28}, {"distance": 1.3031572403579486, "on_path": 0, "source": 6, "target": 12}, {"distance": 1.692032994927987, "on_path": 0, "source": 7, "target": 26}, {"distance": 1.8236456312736011, "on_path": 0, "source": 7, "target": 10}, {"distance": 1.566660616057454, "on_path": 0, "source": 7, "target": 31}, {"distance": 1.1473249214268875, "on_path": 0, "source": 7, "target": 19}, {"distance": 1.0260890347523768, "on_path": 0, "source": 8, "target": 16}, {"distance": 0.5199542482285715, "on_path": 0, "source": 8, "target": 19}, {"distance": 0.6333510361439884, "on_path": 0, "source": 8, "target": 35}, {"distance": 1.0114592187909741, "on_path": 0, "source": 8, "target": 14}, {"distance": 1.1745194893066433, "on_path": 0, "source": 8, "target": 38}, {"distance": 0.5356767557322458, "on_path": 1, "source": 9, "target": 21}, {"distance": 1.4758885282279612, "on_path": 0, "source": 9, "target": 13}, {"distance": 0.5328558189366894, "on_path": 1, "source": 9, "target": 16}, {"distance": 1.8809798745526798, "on_path": 0, "source": 9, "target": 20}, {"distance": 0.478658622620123, "on_path": 0, "source": 10, "target": 13}, {"distance": 1.4279973376560622, "on_path": 0, "source": 10, "target": 28}, {"distance": 1.3556489550637918, "on_path": 0, "source": 11, "target": 28}, {"distance": 1.2127471043893991, "on_path": 1, "source": 11, "target": 18}, {"distance": 0.3191156893107411, "on_path": 0, "source": 11, "target": 22}, {"distance": 1.274654387916462, "on_path": 0, "source": 11, "target": 15}, {"distance": 1.8420076574189352, "on_path": 1, "source": 11, "target": 16}, {"distance": 0.3391420497651009, "on_path": 0, "source": 12, "target": 34}, {"distance": 0.7684591945636218, "on_path": 0, "source": 12, "target": 30}, {"distance": 1.2583363500564344, "on_path": 0, "source": 12, "target": 28}, {"distance": 1.2955834980252985, "on_path": 0, "source": 13, "target": 23}, {"distance": 0.47307459160683, "on_path": 0, "source": 13, "target": 33}, {"distance": 1.0870092144274923, "on_path": 0, "source": 14, "target": 17}, {"distance": 1.6642912655561166, "on_path": 0, "source": 14, "target": 29}, {"distance": 1.4042475154470173, "on_path": 0, "source": 14, "target": 35}, {"distance": 2.084641662720904, "on_path": 0, "source": 15, "target": 26}, {"distance": 1.3843318697830123, "on_path": 0, "source": 15, "target": 22}, {"distance": 2.3277364142780135, "on_path": 0, "source": 16, "target": 20}, {"distance": 1.6360801100756925, "on_path": 0, "source": 17, "target": 32}, {"distance": 1.531861223289882, "on_path": 0, "source": 18, "target": 22}, {"distance": 1.2508039396780029, "on_path": 0, "source": 18, "target": 25}, {"distance": 1.4222851002549313, "on_path": 0, "source": 18, "target": 36}, {"distance": 1.8352312334151017, "on_path": 0, "source": 20, "target": 30}, {"distance": 1.641089136652543, "on_path": 0, "source": 20, "target": 24}, {"distance": 1.0185459231616463, "on_path": 0, "source": 21, "target": 38}, {"distance": 0.23572223832243752, "on_path": 0, "source": 21, "target": 37}, {"distance": 1.726821569266457, "on_path": 0, "source": 21, "target": 31}, {"distance": 0.5373072315332644, "on_path": 0, "source": 22, "target": 33}, {"distance": 0.6485027588880096, "on_path": 0, "source": 22, "target": 30}, {"distance": 1.3566106058027743, "on_path": 0, "source": 23, "target": 27}, {"distance": 0.5589458997868287, "on_path": 0, "source": 25, "target": 29}, {"distance": 1.9541113490276325, "on_path": 0, "source": 26, "target": 37}, {"distance": 1.3400446519455678, "on_path": 0, "source": 27, "target": 32}, {"distance": 0.2640521997269601, "on_path": 0, "source": 27, "target": 34}, {"distance": 1.6096277552090115, "on_path": 0, "source": 27, "target": 38}, {"distance": 0.14722045721794824, "on_path": 0, "source": 29, "target": 30}, {"distance": 0.31647411504493483, "on_path": 0, "source": 34, "target": 35}, {"distance": 1.3331041258233474, "on_path": 0, "source": 34, "target": 37}, {"distance": 1.7466443393846052, "on_path": 0, "source": 35, "target": 38}]}