{"directed": false, "multigraph": false, "graph": {}, "nodes": [{"node_features": [0.0, 0.0], "id": 0}, {"node_features": [0.0, 0.0], "id": 1}, {"node_features": [0.0, 0.0], "id": 2}, {"node_features": [0.0, 0.0], "id": 3}, {"node_features": [0.0, 0.0], "id": 4}, {"node_features": [0.0, 0.0], "id": 5}, {"node_features": [0.0, 0.0], "id": 6}, {"node_features": [0.0, 0.0], "id": 7}, {"node_features": [0.0, 0.0], "id": 8}, {"node_features": [0.0, 0.0], "id": 9}, {"node_features": [0.0, 0.0], "id": 10}, {"node_features": [0.0, 0.0], "id": 11}, {"node_features": [0.0, 0.0], "id": 12}, {"node_features": [0.0, 0.0], "id": 13}, {"node_features": [0.0, 0.0], "id": 14}, {"node_features": [0.0, 0.0], "id": 15}, {"node_features": [0.0, 0.0], "id": 16}, {"node_features": [0.0, 0.0], "id": 17}, {"node_features": [0.0, 0.0], "id": 18}, {"node_features": [0.0, 0.0], "id": 19}, {"node_features": [0.0, 0.0], "id": 20}, {"node_features": [0.0, 0.0], "id": 21}, {"node_features": [0.0, 0.0], "id": 22}, {"node_features": [0.0, 1.0], "id": 23}, {"node_features": [0.0, 0.0], "id": 24}, {"node_features": [0.0, 0.0], "id": 25}, {"node_features": [0.0, 0.0], "id": 26}, {"node_features": [0.0, 0.0], "id": 27}, {"node_features": [1.0, 0.0], "id": 28}, {"node_features": [0.0, 0.0], "id": 29}, {"node_features": [0.0, 0.0], "id": 30}, {"node_features": [0.0, 0.0], "id": 31}, {"node_features": [0.0, 0.0], "id": 32}], "links": [{"distance": 1.1198611852863491, "on_path": 0, "source": 0, "target": 25}, {"distance": 0.6481790038477016, "on_path": 0, "source": 0, "target": 26}, {"distance": 0.7481367192238486, "on_path": 0, "source": 0, "target": 19}, {"distance": 0.3796615326097533, "on_path": 0, "source": 0, "target": 28}, {"distance": 0.818824641596816, "on_path": 0, "source": 1, "target": 21}, {"distance": 0.6484806794033998, "on_path": 1, "source": 1, "target": 18}, {"distance": 0.4413235837132022, "on_path": 1, "source": 1, "target": 30}, {"distance": 1.3775933663666506, "on_path": 0, "source": 1, "target": 3}, {"distance": 0.7429745835039386, "on_path": 0, "source": 2, "target": 24}, {"distance": 0.29911268282535486, "on_path": 0, "source": 2, "target": 6}, {"distance": 0.9703947011808292, "on_path": 0, "source": 2, "target": 19}, {"distance": 1.4559253695282668, "on_path": 0, "source": 2, "target": 27}, {"distance": 0.6268909185342818, "on_path": 0, "source": 3, "target": 28}, {"distance": 0.48792124229597333, "on_path": 0, "source": 3, "target": 4}, {"distance": 1.775091496880839, "on_path": 0, "source": 3, "target": 20}, {"distance": 0.13027914571475158, "on_path": 0, "source": 3, "target": 11}, {"distance": 1.3081941299692645, "on_path": 0, "source": 3, "target": 15}, {"distance": 0.4689208272740145, "on_path": 0, "source": 4, "target": 26}, {"distance": 1.3129475923657867, "on_path": 0, "source": 4, "target": 27}, {"distance": 1.2522014577354468, "on_path": 0, "source": 4, "target": 9}, {"distance": 0.4147106917589373, "on_path": 0, "source": 4, "target": 14}, {"distance": 1.4239270589246245, "on_path": 0, "source": 5, "target": 23}, {"distance": 1.150920242846895, "on_path": 0, "source": 5, "target": 14}, {"distance": 1.3072194659454668, "on_path": 0, "source": 5, "target": 12}, {"distance": 0.854767520846643, "on_path": 0, "source": 6, "target": 17}, {"distance": 0.7845327704273806, "on_path": 0, "source": 6, "target": 31}, {"distance": 0.9605893631307215, "on_path": 0, "source": 6, "target": 7}, {"distance": 1.0964648164628579, "on_path": 0, "source": 6, "target": 21}, {"distance": 0.9428945660149007, "on_path": 0, "source": 6, "target": 24}, {"distance": 1.9896606621854045, "on_path": 0, "source": 7, "target": 21}, {"distance": 0.9810258081551883, "on_path": 0, "source": 7, "target": 18}, {"distance": 1.8290925563650053, "on_path": 0, "source": 7, "target": 25}, {"distance": 1.145408804108951, "on_path": 0, "source": 8, "target": 22}, {"distance": 0.997528668200494, "on_path": 0, "source": 8, "target": 30}, {"distance": 0.24297174426995927, "on_path": 0, "source": 8, "target": 14}, {"distance": 1.199552251395567, "on_path": 0, "source": 9, "target": 14}, {"distance": 0.9474497615357786, "on_path": 0, "source": 9, "target": 29}, {"distance": 1.677601466155794, "on_path": 0, "source": 9, "target": 25}, {"distance": 0.501049485618025, "on_path": 0, "source": 10, "target": 14}, {"distance": 0.6391088585578999, "on_path": 0, "source": 10, "target": 22}, {"distance": 0.9098192868905945, "on_path": 0, "source": 10, "target": 20}, {"distance": 1.3066225503179631, "on_path": 0, "source": 11, "target": 19}, {"distance": 0.7131390002735702, "on_path": 0, "source": 11, "target": 26}, {"distance": 0.23086194473591906, "on_path": 1, "source": 12, "target": 28}, {"distance": 1.1829627824121127, "on_path": 0, "source": 12, "target": 22}, {"distance": 0.7550733947722946, "on_path": 0, "source": 12, "target": 31}, {"distance": 0.9340801987614196, "on_path": 1, "source": 12, "target": 30}, {"distance": 0.9587748116089966, "on_path": 0, "source": 13, "target": 27}, {"distance": 0.3963494105640429, "on_path": 0, "source": 13, "target": 32}, {"distance": 0.6209514172387981, "on_path": 0, "source": 13, "target": 22}, {"distance": 1.0813178695942336, "on_path": 0, "source": 13, "target": 23}, {"distance": 1.7313302442139757, "on_path": 0, "source": 15, "target": 24}, {"distance": 1.9657974768935644, "on_path": 0, "source": 15, "target": 21}, {"distance": 1.5111757248928894, "on_path": 0, "source": 16, "target": 22}, {"distance": 1.1734111491973538, "on_path": 0, "source": 16, "target": 21}, {"distance": 1.9129386156868, "on_path": 0, "source": 17, "target": 25}, {"distance": 0.5011834811417586, "on_path": 0, "source": 17, "target": 26}, {"distance": 0.5518748587517763, "on_path": 1, "source": 18, "target": 23}, {"distance": 1.2301968073012408, "on_path": 0, "source": 18, "target": 21}, {"distance": 0.4408079418738811, "on_path": 0, "source": 18, "target": 32}, {"distance": 1.0353865318414999, "on_path": 0, "source": 19, "target": 32}, {"distance": 0.8182301898470418, "on_path": 0, "source": 20, "target": 29}, {"distance": 1.3347781974581772, "on_path": 0, "source": 22, "target": 28}, {"distance": 0.8438987912314645, "on_path": 0, "source": 22, "target": 31}, {"distance": 0.8011944995260435, "on_path": 0, "source": 24, "target": 31}, {"distance": 0.10474973263124258, "on_path": 0, "source": 25, "target": 27}]}