{"directed": false, "multigraph": false, "graph": {}, "nodes": [{"node_features": [0.0, 0.0], "id": 0}, {"node_features": [0.0, 0.0], "id": 1}, {"node_features": [0.0, 0.0], "id": 2}, {"node_features": [0.0, 0.0], "id": 3}, {"node_features": [0.0, 0.0], "id": 4}, {"node_features": [0.0, 0.0], "id": 5}, {"node_features": [0.0, 0.0], "id": 6}, {"node_features": [0.0, 0.0], "id": 7}, {"node_features": [0.0, 0.0], "id": 8}, {"node_features": [0.0, 0.0], "id": 9}, {"node_features": [0.0, 0.0], "id": 10}, {"node_features": [0.0, 0.0], "id": 11}, {"node_features": [0.0, 0.0], "id": 12}, {"node_features": [0.0, 0.0], "id": 13}, {"node_features": [0.0, 0.0], "id": 14}, {"node_features": [0.0, 0.0], "id": 15}, {"node_features": [0.0, 0.0], "id": 16}, {"node_features": [0.0, 0.0], "id": 17}, {"node_features": [0.0, 0.0], "id": 18}, {"node_features": [0.0, 0.0], "id": 19}, {"node_features": [0.0, 0.0], "id": 20}, {"node_features": [0.0, 0.0], "id": 21}, {"node_features": [0.0, 0.0], "id": 22}, {"node_features": [0.0, 0.0], "id": 23}, {"node_features": [0.0, 0.0], "id": 24}, {"node_features": [0.0, 0.0], "id": 25}, {"node_features": [0.0, 1.0], "id": 26}, {"node_features": [0.0, 0.0], "id": 27}, {"node_features": [0.0, 0.0], "id": 28}, {"node_features": [0.0, 0.0], "id": 29}, {"node_features": [0.0, 0.0], "id": 30}, {"node_features": [0.0, 0.0], "id": 31}, {"node_features": [0.0, 0.0], "id": 32}, {"node_features": [0.0, 0.0], "id": 33}, {"node_features": [1.0, 0.0], "id": 34}, {"node_features": [0.0, 0.0], "id": 35}, {"node_features": [0.0, 0.0], "id": 36}, {"node_features": [0.0, 0.0], "id": 37}, {"node_features": [0.0, 0.0], "id": 38}, {"node_features": [0.0, 0.0], "id": 39}, {"node_features": [0.0, 0.0], "id": 40}, {"node_features": [0.0, 0.0], "id": 41}, {"node_features": [0.0, 0.0], "id": 42}, {"node_features": [0.0, 0.0], "id": 43}, {"node_features": [0.0, 0.0], "id": 44}, {"node_features": [0.0, 0.0], "id": 45}, {"node_features": [0.0, 0.0], "id": 46}], "links": [{"distance": 1.5604362753538312, "on_path": 0, "source": 0, "target": 16}, {"distance": 1.1167627506316242, "on_path": 0, "source": 0, "target": 5}, {"distance": 1.3169536277990421, "on_path": 0, "source": 0, "target": 20}, {"distance": 1.7927372897674567, "on_path": 0, "source": 0, "target": 36}, {"distance": 1.022175550668639, "on_path": 0, "source": 1, "target": 20}, {"distance": 1.1992498521654582, "on_path": 0, "source": 1, "target": 44}, {"distance": 0.76057703880251, "on_path": 0, "source": 1, "target": 45}, {"distance": 0.07222020675960174, "on_path": 0, "source": 1, "target": 14}, {"distance": 0.6586323458196585, "on_path": 0, "source": 1, "target": 23}, {"distance": 0.908789403944742, "on_path": 0, "source": 2, "target": 18}, {"distance": 1.050872445683136, "on_path": 0, "source": 2, "target": 39}, {"distance": 0.9934743524000822, "on_path": 0, "source": 2, "target": 5}, {"distance": 1.1950467803896037, "on_path": 0, "source": 2, "target": 8}, {"distance": 0.7283108108790057, "on_path": 0, "source": 2, "target": 29}, {"distance": 0.8520707932223243, "on_path": 0, "source": 2, "target": 44}, {"distance": 1.5442963452148262, "on_path": 0, "source": 3, "target": 40}, {"distance": 0.32621377588436795, "on_path": 0, "source": 3, "target": 15}, {"distance": 0.7606712445071477, "on_path": 0, "source": 3, "target": 30}, {"distance": 0.8995401474694089, "on_path": 0, "source": 3, "target": 33}, {"distance": 0.6016368861365812, "on_path": 0, "source": 4, "target": 29}, {"distance": 0.44412220090591414, "on_path": 0, "source": 4, "target": 41}, {"distance": 0.9220336673892588, "on_path": 0, "source": 4, "target": 30}, {"distance": 0.969506720471318, "on_path": 0, "source": 4, "target": 26}, {"distance": 0.38310078259249114, "on_path": 0, "source": 5, "target": 18}, {"distance": 1.4367589884028982, "on_path": 0, "source": 6, "target": 39}, {"distance": 0.46156716025899663, "on_path": 0, "source": 6, "target": 15}, {"distance": 0.21732589689798862, "on_path": 0, "source": 6, "target": 23}, {"distance": 0.3790478878587808, "on_path": 0, "source": 6, "target": 30}, {"distance": 1.8478274122126288, "on_path": 0, "source": 6, "target": 22}, {"distance": 1.0930758484750684, "on_path": 0, "source": 6, "target": 21}, {"distance": 0.8432164797766043, "on_path": 0, "source": 7, "target": 15}, {"distance": 1.0962282137920454, "on_path": 0, "source": 7, "target": 13}, {"distance": 0.6027034297511309, "on_path": 0, "source": 7, "target": 46}, {"distance": 0.5915131946776162, "on_path": 0, "source": 8, "target": 26}, {"distance": 0.737741882629414, "on_path": 0, "source": 8, "target": 29}, {"distance": 0.3862211869427223, "on_path": 0, "source": 8, "target": 22}, {"distance": 1.2345220235660566, "on_path": 0, "source": 8, "target": 25}, {"distance": 0.22823875291932047, "on_path": 0, "source": 9, "target": 17}, {"distance": 2.3337382028152085, "on_path": 0, "source": 9, "target": 12}, {"distance": 1.0140490670851185, "on_path": 0, "source": 10, "target": 25}, {"distance": 0.9025576739867096, "on_path": 0, "source": 10, "target": 30}, {"distance": 1.3874066062882906, "on_path": 0, "source": 11, "target": 35}, {"distance": 1.5226310235661764, "on_path": 0, "source": 11, "target": 16}, {"distance": 0.9905441465081349, "on_path": 0, "source": 11, "target": 39}, {"distance": 1.5867229720582898, "on_path": 0, "source": 11, "target": 24}, {"distance": 0.20824572723298307, "on_path": 0, "source": 11, "target": 32}, {"distance": 0.18554480425988368, "on_path": 0, "source": 11, "target": 37}, {"distance": 0.5739372268613199, "on_path": 0, "source": 11, "target": 46}, {"distance": 0.693557493994953, "on_path": 0, "source": 12, "target": 23}, {"distance": 1.7213677329641428, "on_path": 0, "source": 12, "target": 42}, {"distance": 2.2585453044223636, "on_path": 0, "source": 12, "target": 36}, {"distance": 1.0468375409792054, "on_path": 0, "source": 13, "target": 38}, {"distance": 0.6504966272216051, "on_path": 0, "source": 14, "target": 39}, {"distance": 0.8105623221507338, "on_path": 0, "source": 14, "target": 17}, {"distance": 1.1376555696700283, "on_path": 0, "source": 15, "target": 31}, {"distance": 1.3398026991566057, "on_path": 0, "source": 16, "target": 37}, {"distance": 1.4760069809059368, "on_path": 0, "source": 16, "target": 24}, {"distance": 1.511085604115465, "on_path": 0, "source": 16, "target": 28}, {"distance": 1.3599519431675264, "on_path": 0, "source": 16, "target": 38}, {"distance": 1.686252147087736, "on_path": 0, "source": 17, "target": 43}, {"distance": 2.0701855050925997, "on_path": 0, "source": 17, "target": 44}, {"distance": 1.8791507745754932, "on_path": 0, "source": 17, "target": 20}, {"distance": 0.6807534742775686, "on_path": 0, "source": 18, "target": 37}, {"distance": 1.1770188774293462, "on_path": 1, "source": 18, "target": 26}, {"distance": 0.1660061737196161, "on_path": 1, "source": 18, "target": 40}, {"distance": 0.18056203296706988, "on_path": 0, "source": 18, "target": 29}, {"distance": 1.3881945923194405, "on_path": 0, "source": 19, "target": 37}, {"distance": 1.5602818456393222, "on_path": 0, "source": 19, "target": 32}, {"distance": 1.2342179087816754, "on_path": 0, "source": 19, "target": 42}, {"distance": 1.1664763242532497, "on_path": 0, "source": 20, "target": 33}, {"distance": 0.903797145802104, "on_path": 0, "source": 21, "target": 25}, {"distance": 0.8025766743145409, "on_path": 0, "source": 21, "target": 31}, {"distance": 2.0072503204952814, "on_path": 0, "source": 22, "target": 30}, {"distance": 1.9119185599369055, "on_path": 0, "source": 22, "target": 35}, {"distance": 0.6994356956022174, "on_path": 0, "source": 23, "target": 24}, {"distance": 0.5349616554832058, "on_path": 0, "source": 24, "target": 38}, {"distance": 0.1814376740728231, "on_path": 0, "source": 25, "target": 37}, {"distance": 1.2449015512904895, "on_path": 0, "source": 25, "target": 42}, {"distance": 1.6161686350457198, "on_path": 0, "source": 26, "target": 46}, {"distance": 1.3284652007443178, "on_path": 0, "source": 27, "target": 32}, {"distance": 1.1821404488547478, "on_path": 0, "source": 27, "target": 38}, {"distance": 1.4270505406929759, "on_path": 0, "source": 27, "target": 43}, {"distance": 0.0970141921760709, "on_path": 0, "source": 28, "target": 32}, {"distance": 0.9944709505390675, "on_path": 0, "source": 28, "target": 39}, {"distance": 0.9640316657777596, "on_path": 0, "source": 29, "target": 41}, {"distance": 0.11633945533603697, "on_path": 0, "source": 30, "target": 45}, {"distance": 1.5034162482440467, "on_path": 0, "source": 31, "target": 40}, {"distance": 1.9161082361538946, "on_path": 0, "source": 34, "target": 44}, {"distance": 0.6449985667795012, "on_path": 1, "source": 34, "target": 42}, {"distance": 0.8937318783900615, "on_path": 0, "source": 35, "target": 43}, {"distance": 1.503527057930141, "on_path": 0, "source": 36, "target": 45}, {"distance": 1.4429128531403896, "on_path": 0, "source": 39, "target": 45}, {"distance": 1.3367523568951993, "on_path": 0, "source": 40, "target": 45}, {"distance": 0.9860018950680727, "on_path": 1, "source": 40, "target": 42}]}