{"directed": false, "multigraph": false, "graph": {}, "nodes": [{"node_features": [0.0, 0.0], "id": 0}, {"node_features": [0.0, 0.0], "id": 1}, {"node_features": [0.0, 0.0], "id": 2}, {"node_features": [0.0, 0.0], "id": 3}, {"node_features": [0.0, 0.0], "id": 4}, {"node_features": [0.0, 0.0], "id": 5}, {"node_features": [0.0, 1.0], "id": 6}, {"node_features": [0.0, 0.0], "id": 7}, {"node_features": [0.0, 0.0], "id": 8}, {"node_features": [0.0, 0.0], "id": 9}, {"node_features": [0.0, 0.0], "id": 10}, {"node_features": [1.0, 0.0], "id": 11}, {"node_features": [0.0, 0.0], "id": 12}, {"node_features": [0.0, 0.0], "id": 13}, {"node_features": [0.0, 0.0], "id": 14}, {"node_features": [0.0, 0.0], "id": 15}, {"node_features": [0.0, 0.0], "id": 16}, {"node_features": [0.0, 0.0], "id": 17}, {"node_features": [0.0, 0.0], "id": 18}, {"node_features": [0.0, 0.0], "id": 19}, {"node_features": [0.0, 0.0], "id": 20}, {"node_features": [0.0, 0.0], "id": 21}, {"node_features": [0.0, 0.0], "id": 22}], "links": [{"distance": 1.5684884381396782, "on_path": 0, "source": 0, "target": 18}, {"distance": 2.0404478851676546, "on_path": 0, "source": 0, "target": 12}, {"distance": 0.03346713682744654, "on_path": 0, "source": 0, "target": 2}, {"distance": 0.3601060461878494, "on_path": 1, "source": 1, "target": 4}, {"distance": 0.8594428769281044, "on_path": 0, "source": 1, "target": 10}, {"distance": 0.35469363304750723, "on_path": 1, "source": 1, "target": 18}, {"distance": 0.8041910185546107, "on_path": 0, "source": 1, "target": 12}, {"distance": 0.9823313969301626, "on_path": 0, "source": 1, "target": 7}, {"distance": 0.5366056065115437, "on_path": 0, "source": 2, "target": 17}, {"distance": 1.801255151307853, "on_path": 0, "source": 2, "target": 6}, {"distance": 0.3515487492227197, "on_path": 0, "source": 2, "target": 20}, {"distance": 1.5682859134139686, "on_path": 0, "source": 3, "target": 17}, {"distance": 1.1458788771742219, "on_path": 0, "source": 3, "target": 20}, {"distance": 0.9833592339157353, "on_path": 0, "source": 3, "target": 18}, {"distance": 0.8682831580213443, "on_path": 0, "source": 3, "target": 8}, {"distance": 1.0228457809496503, "on_path": 0, "source": 3, "target": 19}, {"distance": 0.8284903198047784, "on_path": 0, "source": 4, "target": 14}, {"distance": 0.6223774265179947, "on_path": 1, "source": 4, "target": 11}, {"distance": 0.9822488544136738, "on_path": 0, "source": 4, "target": 7}, {"distance": 0.7395798990974825, "on_path": 0, "source": 5, "target": 20}, {"distance": 0.08727667135790172, "on_path": 0, "source": 5, "target": 13}, {"distance": 0.818073925078726, "on_path": 0, "source": 6, "target": 9}, {"distance": 1.1316478858854546, "on_path": 0, "source": 6, "target": 14}, {"distance": 0.5920812811864193, "on_path": 0, "source": 6, "target": 21}, {"distance": 0.28638457890771474, "on_path": 1, "source": 6, "target": 18}, {"distance": 1.8201213645820078, "on_path": 0, "source": 7, "target": 20}, {"distance": 1.6720211270194911, "on_path": 0, "source": 7, "target": 10}, {"distance": 1.090198412380659, "on_path": 0, "source": 7, "target": 11}, {"distance": 1.3911119963563285, "on_path": 0, "source": 7, "target": 12}, {"distance": 0.9807253358487221, "on_path": 0, "source": 8, "target": 13}, {"distance": 0.9918904363096337, "on_path": 0, "source": 9, "target": 19}, {"distance": 1.3005690925080846, "on_path": 0, "source": 9, "target": 10}, {"distance": 0.934077740765156, "on_path": 0, "source": 9, "target": 22}, {"distance": 0.6618912658654036, "on_path": 0, "source": 10, "target": 22}, {"distance": 0.9706368637104678, "on_path": 0, "source": 12, "target": 16}, {"distance": 1.0092990063284548, "on_path": 0, "source": 12, "target": 15}, {"distance": 1.2450093513292606, "on_path": 0, "source": 12, "target": 21}, {"distance": 1.3738388781519455, "on_path": 0, "source": 13, "target": 18}, {"distance": 1.0793337111442896, "on_path": 0, "source": 13, "target": 22}, {"distance": 1.2805876039381567, "on_path": 0, "source": 14, "target": 15}, {"distance": 0.7810063456902189, "on_path": 0, "source": 15, "target": 22}, {"distance": 1.8567622639438797, "on_path": 0, "source": 16, "target": 20}, {"distance": 1.6098896125566107, "on_path": 0, "source": 16, "target": 17}, {"distance": 0.4103889696152548, "on_path": 0, "source": 16, "target": 19}, {"distance": 0.9884703661982166, "on_path": 0, "source": 16, "target": 22}, {"distance": 0.9018714096973957, "on_path": 0, "source": 17, "target": 21}]}