{"directed": false, "multigraph": false, "graph": {}, "nodes": [{"node_features": [0.0, 0.0], "id": 0}, {"node_features": [0.0, 0.0], "id": 1}, {"node_features": [0.0, 0.0], "id": 2}, {"node_features": [0.0, 0.0], "id": 3}, {"node_features": [1.0, 0.0], "id": 4}, {"node_features": [0.0, 0.0], "id": 5}, {"node_features": [0.0, 0.0], "id": 6}, {"node_features": [0.0, 0.0], "id": 7}, {"node_features": [0.0, 0.0], "id": 8}, {"node_features": [0.0, 0.0], "id": 9}, {"node_features": [0.0, 0.0], "id": 10}, {"node_features": [0.0, 0.0], "id": 11}, {"node_features": [0.0, 0.0], "id": 12}, {"node_features": [0.0, 0.0], "id": 13}, {"node_features": [0.0, 0.0], "id": 14}, {"node_features": [0.0, 0.0], "id": 15}, {"node_features": [0.0, 0.0], "id": 16}, {"node_features": [0.0, 0.0], "id": 17}, {"node_features": [0.0, 0.0], "id": 18}, {"node_features": [0.0, 0.0], "id": 19}, {"node_features": [0.0, 1.0], "id": 20}, {"node_features": [0.0, 0.0], "id": 21}, {"node_features": [0.0, 0.0], "id": 22}, {"node_features": [0.0, 0.0], "id": 23}, {"node_features": [0.0, 0.0], "id": 24}, {"node_features": [0.0, 0.0], "id": 25}, {"node_features": [0.0, 0.0], "id": 26}, {"node_features": [0.0, 0.0], "id": 27}, {"node_features": [0.0, 0.0], "id": 28}, {"node_features": [0.0, 0.0], "id": 29}, {"node_features": [0.0, 0.0], "id": 30}, {"node_features": [0.0, 0.0], "id": 31}, {"node_features": [0.0, 0.0], "id": 32}, {"node_features": [0.0, 0.0], "id": 33}, {"node_features": [0.0, 0.0], "id": 34}, {"node_features": [0.0, 0.0], "id": 35}, {"node_features": [0.0, 0.0], "id": 36}, {"node_features": [0.0, 0.0], "id": 37}, {"node_features": [0.0, 0.0], "id": 38}, {"node_features": [0.0, 0.0], "id": 39}, {"node_features": [0.0, 0.0], "id": 40}, {"node_features": [0.0, 0.0], "id": 41}], "links": [{"distance": 1.9354898419440647, "on_path": 0, "source": 0, "target": 23}, {"distance": 1.3230422464384668, "on_path": 0, "source": 0, "target": 35}, {"distance": 1.3470807786058465, "on_path": 0, "source": 0, "target": 18}, {"distance": 1.5403756636346417, "on_path": 0, "source": 1, "target": 9}, {"distance": 1.137920204528119, "on_path": 0, "source": 1, "target": 32}, {"distance": 1.4166780807203554, "on_path": 0, "source": 1, "target": 22}, {"distance": 0.9093752494658247, "on_path": 0, "source": 1, "target": 24}, {"distance": 1.2120354212672575, "on_path": 0, "source": 2, "target": 15}, {"distance": 0.19465260022596795, "on_path": 0, "source": 2, "target": 40}, {"distance": 0.9086582017285012, "on_path": 0, "source": 2, "target": 17}, {"distance": 0.8644215051704908, "on_path": 0, "source": 2, "target": 32}, {"distance": 0.7216443614601832, "on_path": 0, "source": 2, "target": 41}, {"distance": 0.2784343243615203, "on_path": 0, "source": 3, "target": 34}, {"distance": 0.7008901791354591, "on_path": 0, "source": 3, "target": 12}, {"distance": 0.668028402642205, "on_path": 0, "source": 3, "target": 39}, {"distance": 1.8761399791385687, "on_path": 0, "source": 4, "target": 16}, {"distance": 1.7501213898745898, "on_path": 1, "source": 4, "target": 27}, {"distance": 0.6764995334390977, "on_path": 0, "source": 5, "target": 40}, {"distance": 0.8419038228143404, "on_path": 0, "source": 5, "target": 6}, {"distance": 1.5675585324807055, "on_path": 0, "source": 5, "target": 9}, {"distance": 1.2498623564485913, "on_path": 0, "source": 5, "target": 11}, {"distance": 0.5386756054246711, "on_path": 0, "source": 5, "target": 36}, {"distance": 1.0435217909953456, "on_path": 0, "source": 6, "target": 38}, {"distance": 0.3778563037940951, "on_path": 0, "source": 6, "target": 34}, {"distance": 0.9410969350847255, "on_path": 0, "source": 7, "target": 25}, {"distance": 1.5621270083205803, "on_path": 0, "source": 7, "target": 15}, {"distance": 0.740473733337134, "on_path": 0, "source": 7, "target": 34}, {"distance": 0.18288962391165023, "on_path": 0, "source": 8, "target": 23}, {"distance": 1.0233558360684678, "on_path": 0, "source": 8, "target": 12}, {"distance": 1.5075093104623514, "on_path": 0, "source": 8, "target": 40}, {"distance": 0.825898879351481, "on_path": 0, "source": 9, "target": 29}, {"distance": 0.9621603575378259, "on_path": 0, "source": 10, "target": 25}, {"distance": 2.488277472678607, "on_path": 0, "source": 10, "target": 17}, {"distance": 1.5673950174588913, "on_path": 0, "source": 10, "target": 33}, {"distance": 1.5419942859185922, "on_path": 0, "source": 10, "target": 29}, {"distance": 0.8620801411440522, "on_path": 0, "source": 11, "target": 31}, {"distance": 0.8772673825778831, "on_path": 0, "source": 11, "target": 35}, {"distance": 1.0469249599757935, "on_path": 0, "source": 11, "target": 33}, {"distance": 0.2405956905307564, "on_path": 0, "source": 11, "target": 26}, {"distance": 1.1412194585923758, "on_path": 0, "source": 12, "target": 39}, {"distance": 1.5155657361419619, "on_path": 0, "source": 12, "target": 36}, {"distance": 1.1596652020745968, "on_path": 0, "source": 13, "target": 32}, {"distance": 0.9920173377005843, "on_path": 0, "source": 13, "target": 31}, {"distance": 0.8065324019191482, "on_path": 0, "source": 13, "target": 29}, {"distance": 0.8063452132685236, "on_path": 0, "source": 14, "target": 40}, {"distance": 1.0269330294791923, "on_path": 0, "source": 14, "target": 36}, {"distance": 1.0742651739190505, "on_path": 0, "source": 15, "target": 21}, {"distance": 1.070733203484625, "on_path": 0, "source": 15, "target": 31}, {"distance": 0.3961695952263721, "on_path": 0, "source": 16, "target": 39}, {"distance": 0.7363318425850474, "on_path": 0, "source": 16, "target": 24}, {"distance": 0.6364837829025105, "on_path": 0, "source": 16, "target": 34}, {"distance": 1.4370285315254412, "on_path": 0, "source": 16, "target": 41}, {"distance": 0.571327577702415, "on_path": 0, "source": 16, "target": 27}, {"distance": 2.232633217912176, "on_path": 0, "source": 17, "target": 20}, {"distance": 0.7121025119188888, "on_path": 0, "source": 17, "target": 38}, {"distance": 0.9063458192283496, "on_path": 0, "source": 18, "target": 36}, {"distance": 0.3686038642319436, "on_path": 0, "source": 18, "target": 25}, {"distance": 1.1750476358102935, "on_path": 0, "source": 19, "target": 35}, {"distance": 0.8709062200300558, "on_path": 0, "source": 19, "target": 32}, {"distance": 0.7003256675392521, "on_path": 1, "source": 20, "target": 25}, {"distance": 1.2007359836303386, "on_path": 0, "source": 21, "target": 32}, {"distance": 1.4278919875184997, "on_path": 0, "source": 21, "target": 25}, {"distance": 1.7760607469114023, "on_path": 0, "source": 21, "target": 22}, {"distance": 0.7561748028794374, "on_path": 0, "source": 21, "target": 27}, {"distance": 1.9888888067890862, "on_path": 0, "source": 22, "target": 26}, {"distance": 2.1852750574752013, "on_path": 0, "source": 22, "target": 33}, {"distance": 1.458497356607432, "on_path": 0, "source": 23, "target": 29}, {"distance": 1.784583716778991, "on_path": 0, "source": 23, "target": 30}, {"distance": 1.7287303724003398, "on_path": 0, "source": 23, "target": 38}, {"distance": 1.4160047909095446, "on_path": 0, "source": 23, "target": 35}, {"distance": 0.2913388429770708, "on_path": 0, "source": 24, "target": 29}, {"distance": 0.7967520834753754, "on_path": 0, "source": 24, "target": 37}, {"distance": 0.6099876216195382, "on_path": 1, "source": 25, "target": 36}, {"distance": 0.9821242801006167, "on_path": 0, "source": 26, "target": 41}, {"distance": 0.8872627334388298, "on_path": 1, "source": 27, "target": 36}, {"distance": 1.4233693674381924, "on_path": 0, "source": 28, "target": 33}, {"distance": 0.863405649976673, "on_path": 0, "source": 28, "target": 40}, {"distance": 0.3268563171464575, "on_path": 0, "source": 29, "target": 30}, {"distance": 1.5002251989441844, "on_path": 0, "source": 30, "target": 36}, {"distance": 0.9172490197437458, "on_path": 0, "source": 34, "target": 39}, {"distance": 0.5298117571003241, "on_path": 0, "source": 35, "target": 41}, {"distance": 1.1764720462723037, "on_path": 0, "source": 36, "target": 40}, {"distance": 1.3800721175956379, "on_path": 0, "source": 36, "target": 37}, {"distance": 0.5171025628070072, "on_path": 0, "source": 39, "target": 40}]}