{"directed": false, "multigraph": false, "graph": {}, "nodes": [{"node_features": [0.0, 0.0], "id": 0}, {"node_features": [0.0, 0.0], "id": 1}, {"node_features": [0.0, 0.0], "id": 2}, {"node_features": [0.0, 0.0], "id": 3}, {"node_features": [0.0, 0.0], "id": 4}, {"node_features": [0.0, 0.0], "id": 5}, {"node_features": [0.0, 0.0], "id": 6}, {"node_features": [0.0, 0.0], "id": 7}, {"node_features": [0.0, 0.0], "id": 8}, {"node_features": [0.0, 0.0], "id": 9}, {"node_features": [0.0, 0.0], "id": 10}, {"node_features": [0.0, 0.0], "id": 11}, {"node_features": [0.0, 0.0], "id": 12}, {"node_features": [0.0, 0.0], "id": 13}, {"node_features": [1.0, 0.0], "id": 14}, {"node_features": [0.0, 0.0], "id": 15}, {"node_features": [0.0, 0.0], "id": 16}, {"node_features": [0.0, 0.0], "id": 17}, {"node_features": [0.0, 1.0], "id": 18}, {"node_features": [0.0, 0.0], "id": 19}, {"node_features": [0.0, 0.0], "id": 20}, {"node_features": [0.0, 0.0], "id": 21}, {"node_features": [0.0, 0.0], "id": 22}, {"node_features": [0.0, 0.0], "id": 23}, {"node_features": [0.0, 0.0], "id": 24}, {"node_features": [0.0, 0.0], "id": 25}, {"node_features": [0.0, 0.0], "id": 26}, {"node_features": [0.0, 0.0], "id": 27}, {"node_features": [0.0, 0.0], "id": 28}], "links": [{"distance": 0.9024199128508819, "on_path": 0, "source": 0, "target": 7}, {"distance": 1.5803177971613347, "on_path": 0, "source": 0, "target": 21}, {"distance": 1.8829939752886706, "on_path": 0, "source": 0, "target": 4}, {"distance": 1.411425522681183, "on_path": 0, "source": 0, "target": 2}, {"distance": 0.9767628550853974, "on_path": 0, "source": 0, "target": 5}, {"distance": 1.8678386563717357, "on_path": 0, "source": 0, "target": 6}, {"distance": 1.1812747451260601, "on_path": 0, "source": 1, "target": 23}, {"distance": 1.8936465942881746, "on_path": 0, "source": 1, "target": 13}, {"distance": 0.6483342866062374, "on_path": 0, "source": 1, "target": 25}, {"distance": 0.23717691178535616, "on_path": 0, "source": 1, "target": 12}, {"distance": 0.40946627204410135, "on_path": 0, "source": 1, "target": 27}, {"distance": 1.1746062832873423, "on_path": 0, "source": 2, "target": 24}, {"distance": 0.5664430809254635, "on_path": 0, "source": 2, "target": 7}, {"distance": 1.1955147905813208, "on_path": 0, "source": 2, "target": 26}, {"distance": 1.4679825031918776, "on_path": 0, "source": 2, "target": 28}, {"distance": 1.5946804932406398, "on_path": 0, "source": 3, "target": 11}, {"distance": 1.4111293214102039, "on_path": 0, "source": 3, "target": 17}, {"distance": 1.077101401946171, "on_path": 0, "source": 3, "target": 27}, {"distance": 0.8548982028519847, "on_path": 0, "source": 3, "target": 8}, {"distance": 1.3847584657225613, "on_path": 0, "source": 4, "target": 25}, {"distance": 1.7908936325088527, "on_path": 0, "source": 4, "target": 16}, {"distance": 1.4641781868299113, "on_path": 0, "source": 4, "target": 18}, {"distance": 0.35475093976415045, "on_path": 0, "source": 4, "target": 10}, {"distance": 0.6400959684281458, "on_path": 0, "source": 5, "target": 21}, {"distance": 0.7693369991396125, "on_path": 0, "source": 5, "target": 8}, {"distance": 1.7793833004561879, "on_path": 0, "source": 6, "target": 16}, {"distance": 0.9304227033737524, "on_path": 0, "source": 6, "target": 9}, {"distance": 1.014545023951161, "on_path": 0, "source": 6, "target": 21}, {"distance": 0.3305546412181153, "on_path": 0, "source": 6, "target": 23}, {"distance": 1.0050627405296204, "on_path": 0, "source": 7, "target": 15}, {"distance": 1.1157744491955799, "on_path": 0, "source": 8, "target": 14}, {"distance": 1.2277391210459145, "on_path": 0, "source": 8, "target": 20}, {"distance": 0.9858357429606013, "on_path": 0, "source": 8, "target": 25}, {"distance": 0.6100929361451578, "on_path": 0, "source": 8, "target": 24}, {"distance": 0.9545693193683938, "on_path": 0, "source": 9, "target": 18}, {"distance": 1.4063413166968346, "on_path": 0, "source": 10, "target": 19}, {"distance": 0.39847821884855605, "on_path": 1, "source": 11, "target": 14}, {"distance": 1.072769258769976, "on_path": 1, "source": 11, "target": 15}, {"distance": 0.9907714851834514, "on_path": 0, "source": 12, "target": 26}, {"distance": 0.9511351533740312, "on_path": 0, "source": 12, "target": 23}, {"distance": 1.9084301564012682, "on_path": 0, "source": 13, "target": 22}, {"distance": 1.8470076434325344, "on_path": 0, "source": 14, "target": 23}, {"distance": 0.34551464384339114, "on_path": 1, "source": 15, "target": 27}, {"distance": 0.7447709947717477, "on_path": 0, "source": 15, "target": 28}, {"distance": 1.023084148316058, "on_path": 0, "source": 15, "target": 22}, {"distance": 0.6994046784649542, "on_path": 0, "source": 16, "target": 24}, {"distance": 0.5579480308360767, "on_path": 0, "source": 16, "target": 26}, {"distance": 0.5345624013374186, "on_path": 0, "source": 17, "target": 18}, {"distance": 1.4158297784335798, "on_path": 0, "source": 17, "target": 28}, {"distance": 0.6959801111623379, "on_path": 1, "source": 18, "target": 27}, {"distance": 0.37857319654880695, "on_path": 0, "source": 18, "target": 26}, {"distance": 0.4861578618506526, "on_path": 0, "source": 19, "target": 26}, {"distance": 0.045945295411171365, "on_path": 0, "source": 19, "target": 25}, {"distance": 1.028481676996167, "on_path": 0, "source": 20, "target": 28}, {"distance": 0.42947722837669505, "on_path": 0, "source": 22, "target": 26}, {"distance": 1.646798150542585, "on_path": 0, "source": 22, "target": 28}, {"distance": 0.7787565324025332, "on_path": 0, "source": 22, "target": 25}, {"distance": 0.4009946874920266, "on_path": 0, "source": 24, "target": 25}]}