{"directed": false, "multigraph": false, "graph": {}, "nodes": [{"node_features": [0.0, 0.0], "id": 0}, {"node_features": [0.0, 0.0], "id": 1}, {"node_features": [0.0, 0.0], "id": 2}, {"node_features": [0.0, 0.0], "id": 3}, {"node_features": [0.0, 0.0], "id": 4}, {"node_features": [0.0, 0.0], "id": 5}, {"node_features": [0.0, 0.0], "id": 6}, {"node_features": [0.0, 0.0], "id": 7}, {"node_features": [0.0, 0.0], "id": 8}, {"node_features": [0.0, 1.0], "id": 9}, {"node_features": [0.0, 0.0], "id": 10}, {"node_features": [0.0, 0.0], "id": 11}, {"node_features": [0.0, 0.0], "id": 12}, {"node_features": [0.0, 0.0], "id": 13}, {"node_features": [0.0, 0.0], "id": 14}, {"node_features": [0.0, 0.0], "id": 15}, {"node_features": [0.0, 0.0], "id": 16}, {"node_features": [0.0, 0.0], "id": 17}, {"node_features": [0.0, 0.0], "id": 18}, {"node_features": [0.0, 0.0], "id": 19}, {"node_features": [0.0, 0.0], "id": 20}, {"node_features": [0.0, 0.0], "id": 21}, {"node_features": [0.0, 0.0], "id": 22}, {"node_features": [0.0, 0.0], "id": 23}, {"node_features": [0.0, 0.0], "id": 24}, {"node_features": [1.0, 0.0], "id": 25}, {"node_features": [0.0, 0.0], "id": 26}, {"node_features": [0.0, 0.0], "id": 27}, {"node_features": [0.0, 0.0], "id": 28}, {"node_features": [0.0, 0.0], "id": 29}, {"node_features": [0.0, 0.0], "id": 30}, {"node_features": [0.0, 0.0], "id": 31}, {"node_features": [0.0, 0.0], "id": 32}, {"node_features": [0.0, 0.0], "id": 33}, {"node_features": [0.0, 0.0], "id": 34}, {"node_features": [0.0, 0.0], "id": 35}, {"node_features": [0.0, 0.0], "id": 36}, {"node_features": [0.0, 0.0], "id": 37}, {"node_features": [0.0, 0.0], "id": 38}, {"node_features": [0.0, 0.0], "id": 39}, {"node_features": [0.0, 0.0], "id": 40}, {"node_features": [0.0, 0.0], "id": 41}], "links": [{"distance": 0.7117148852625602, "on_path": 0, "source": 0, "target": 12}, {"distance": 0.4777421818132706, "on_path": 0, "source": 0, "target": 14}, {"distance": 0.8614089276753022, "on_path": 0, "source": 0, "target": 6}, {"distance": 0.769068837776681, "on_path": 0, "source": 1, "target": 22}, {"distance": 1.1878097105152985, "on_path": 0, "source": 1, "target": 10}, {"distance": 1.150500289412745, "on_path": 0, "source": 1, "target": 36}, {"distance": 1.7264485684261144, "on_path": 0, "source": 2, "target": 10}, {"distance": 1.2134840681524355, "on_path": 0, "source": 2, "target": 28}, {"distance": 1.1039912608431857, "on_path": 0, "source": 2, "target": 4}, {"distance": 1.6719202221995366, "on_path": 0, "source": 2, "target": 5}, {"distance": 1.4841854500932983, "on_path": 0, "source": 2, "target": 9}, {"distance": 1.4013817289784716, "on_path": 0, "source": 3, "target": 6}, {"distance": 0.4660444530314268, "on_path": 0, "source": 3, "target": 7}, {"distance": 0.9847394880292322, "on_path": 0, "source": 4, "target": 20}, {"distance": 0.8908837951320244, "on_path": 0, "source": 4, "target": 31}, {"distance": 1.2883177542302091, "on_path": 0, "source": 4, "target": 29}, {"distance": 1.965315084274227, "on_path": 0, "source": 5, "target": 19}, {"distance": 1.8014529579713623, "on_path": 0, "source": 6, "target": 28}, {"distance": 0.6714457297749432, "on_path": 0, "source": 6, "target": 23}, {"distance": 1.2463469710814812, "on_path": 0, "source": 7, "target": 25}, {"distance": 1.3492852980920012, "on_path": 0, "source": 7, "target": 29}, {"distance": 1.0675685575182283, "on_path": 0, "source": 7, "target": 40}, {"distance": 1.6142987928973689, "on_path": 0, "source": 7, "target": 8}, {"distance": 1.3437556594244175, "on_path": 0, "source": 8, "target": 19}, {"distance": 1.204027171121473, "on_path": 0, "source": 8, "target": 37}, {"distance": 0.393272153919643, "on_path": 1, "source": 9, "target": 36}, {"distance": 0.723679466029582, "on_path": 0, "source": 9, "target": 33}, {"distance": 0.981920452741604, "on_path": 0, "source": 9, "target": 34}, {"distance": 0.2070338669502303, "on_path": 0, "source": 10, "target": 29}, {"distance": 0.9491684076172747, "on_path": 0, "source": 10, "target": 17}, {"distance": 0.838621058373665, "on_path": 0, "source": 10, "target": 18}, {"distance": 1.1438650717178234, "on_path": 0, "source": 10, "target": 40}, {"distance": 1.0155323887299132, "on_path": 0, "source": 11, "target": 27}, {"distance": 0.18216777550782082, "on_path": 0, "source": 11, "target": 14}, {"distance": 1.318696005813534, "on_path": 0, "source": 11, "target": 19}, {"distance": 0.49440621854400185, "on_path": 0, "source": 11, "target": 16}, {"distance": 0.5311161720874373, "on_path": 0, "source": 11, "target": 20}, {"distance": 0.8325499507961049, "on_path": 0, "source": 11, "target": 26}, {"distance": 1.0655562069372908, "on_path": 0, "source": 12, "target": 27}, {"distance": 1.0594456938844279, "on_path": 0, "source": 12, "target": 17}, {"distance": 1.9261875173716017, "on_path": 0, "source": 12, "target": 35}, {"distance": 1.692508628615931, "on_path": 0, "source": 13, "target": 31}, {"distance": 0.4524205743655797, "on_path": 0, "source": 13, "target": 34}, {"distance": 1.3017698553366506, "on_path": 0, "source": 14, "target": 22}, {"distance": 2.160919692685631, "on_path": 0, "source": 15, "target": 35}, {"distance": 1.035414843935324, "on_path": 0, "source": 15, "target": 37}, {"distance": 1.0928924966165783, "on_path": 0, "source": 16, "target": 36}, {"distance": 1.6469643997671326, "on_path": 0, "source": 16, "target": 39}, {"distance": 0.7154616834811282, "on_path": 0, "source": 16, "target": 37}, {"distance": 0.95642971370631, "on_path": 0, "source": 17, "target": 30}, {"distance": 0.6529724340911197, "on_path": 0, "source": 17, "target": 34}, {"distance": 1.2861184485260149, "on_path": 0, "source": 17, "target": 24}, {"distance": 0.43782862048578797, "on_path": 0, "source": 18, "target": 40}, {"distance": 0.1445262577186683, "on_path": 0, "source": 18, "target": 26}, {"distance": 0.32020325400366106, "on_path": 0, "source": 18, "target": 41}, {"distance": 1.1133010049907448, "on_path": 0, "source": 18, "target": 21}, {"distance": 1.463442526478738, "on_path": 0, "source": 19, "target": 22}, {"distance": 1.4007021008192602, "on_path": 0, "source": 19, "target": 33}, {"distance": 0.35268224225834527, "on_path": 0, "source": 19, "target": 38}, {"distance": 1.0962830893329636, "on_path": 0, "source": 20, "target": 29}, {"distance": 0.5533855645706034, "on_path": 0, "source": 20, "target": 41}, {"distance": 1.053605566628414, "on_path": 0, "source": 21, "target": 26}, {"distance": 1.5470947527329142, "on_path": 0, "source": 21, "target": 39}, {"distance": 1.082805604090415, "on_path": 0, "source": 22, "target": 28}, {"distance": 0.6607927815219595, "on_path": 0, "source": 22, "target": 41}, {"distance": 0.5549170243445225, "on_path": 0, "source": 23, "target": 33}, {"distance": 2.0299432707009504, "on_path": 0, "source": 24, "target": 31}, {"distance": 0.6890955959405713, "on_path": 0, "source": 24, "target": 32}, {"distance": 0.8725623893573953, "on_path": 0, "source": 24, "target": 30}, {"distance": 1.7271632054995523, "on_path": 0, "source": 24, "target": 28}, {"distance": 1.7875097440882655, "on_path": 1, "source": 25, "target": 40}, {"distance": 1.5923128029707985, "on_path": 0, "source": 25, "target": 31}, {"distance": 1.6202887068762284, "on_path": 0, "source": 26, "target": 39}, {"distance": 0.2920514181980821, "on_path": 0, "source": 26, "target": 30}, {"distance": 0.9930346828610046, "on_path": 0, "source": 27, "target": 35}, {"distance": 0.616262302107375, "on_path": 1, "source": 27, "target": 36}, {"distance": 1.1379694598173857, "on_path": 1, "source": 27, "target": 40}, {"distance": 0.6707782951223851, "on_path": 0, "source": 29, "target": 30}, {"distance": 0.9799474737369784, "on_path": 0, "source": 29, "target": 38}, {"distance": 1.8596730500301095, "on_path": 0, "source": 29, "target": 31}, {"distance": 1.5363517954086547, "on_path": 0, "source": 31, "target": 35}, {"distance": 0.934709913362708, "on_path": 0, "source": 32, "target": 39}, {"distance": 0.8495814868936273, "on_path": 0, "source": 32, "target": 33}, {"distance": 1.957334942859929, "on_path": 0, "source": 39, "target": 40}]}