{"directed": false, "multigraph": false, "graph": {}, "nodes": [{"node_features": [0.0, 0.0], "id": 0}, {"node_features": [0.0, 0.0], "id": 1}, {"node_features": [0.0, 0.0], "id": 2}, {"node_features": [0.0, 0.0], "id": 3}, {"node_features": [0.0, 0.0], "id": 4}, {"node_features": [0.0, 0.0], "id": 5}, {"node_features": [0.0, 0.0], "id": 6}, {"node_features": [0.0, 0.0], "id": 7}, {"node_features": [0.0, 0.0], "id": 8}, {"node_features": [0.0, 0.0], "id": 9}, {"node_features": [0.0, 0.0], "id": 10}, {"node_features": [0.0, 0.0], "id": 11}, {"node_features": [0.0, 1.0], "id": 12}, {"node_features": [0.0, 0.0], "id": 13}, {"node_features": [0.0, 0.0], "id": 14}, {"node_features": [0.0, 0.0], "id": 15}, {"node_features": [0.0, 0.0], "id": 16}, {"node_features": [0.0, 0.0], "id": 17}, {"node_features": [0.0, 0.0], "id": 18}, {"node_features": [0.0, 0.0], "id": 19}, {"node_features": [0.0, 0.0], "id": 20}, {"node_features": [0.0, 0.0], "id": 21}, {"node_features": [0.0, 0.0], "id": 22}, {"node_features": [0.0, 0.0], "id": 23}, {"node_features": [0.0, 0.0], "id": 24}, {"node_features": [0.0, 0.0], "id": 25}, {"node_features": [0.0, 0.0], "id": 26}, {"node_features": [0.0, 0.0], "id": 27}, {"node_features": [1.0, 0.0], "id": 28}, {"node_features": [0.0, 0.0], "id": 29}, {"node_features": [0.0, 0.0], "id": 30}, {"node_features": [0.0, 0.0], "id": 31}, {"node_features": [0.0, 0.0], "id": 32}, {"node_features": [0.0, 0.0], "id": 33}, {"node_features": [0.0, 0.0], "id": 34}, {"node_features": [0.0, 0.0], "id": 35}], "links": [{"distance": 1.4223802550619606, "on_path": 0, "source": 0, "target": 4}, {"distance": 0.6339488597423298, "on_path": 0, "source": 0, "target": 14}, {"distance": 1.0025759615240952, "on_path": 0, "source": 1, "target": 15}, {"distance": 1.1467256235307388, "on_path": 0, "source": 1, "target": 8}, {"distance": 1.7766894395431372, "on_path": 0, "source": 1, "target": 12}, {"distance": 2.1683679512952962, "on_path": 0, "source": 1, "target": 26}, {"distance": 1.1860237766407355, "on_path": 0, "source": 1, "target": 29}, {"distance": 1.436964976187668, "on_path": 0, "source": 2, "target": 17}, {"distance": 1.390805029979704, "on_path": 0, "source": 2, "target": 30}, {"distance": 1.0216159807173932, "on_path": 0, "source": 3, "target": 15}, {"distance": 0.8681216520208374, "on_path": 0, "source": 3, "target": 13}, {"distance": 1.255390878381674, "on_path": 0, "source": 3, "target": 18}, {"distance": 1.5916380669926384, "on_path": 0, "source": 3, "target": 28}, {"distance": 1.197339957261295, "on_path": 0, "source": 3, "target": 34}, {"distance": 1.7158534924495912, "on_path": 0, "source": 4, "target": 26}, {"distance": 0.33108390806010224, "on_path": 0, "source": 4, "target": 5}, {"distance": 1.4360676482123884, "on_path": 0, "source": 4, "target": 25}, {"distance": 1.374950008836318, "on_path": 0, "source": 4, "target": 21}, {"distance": 1.697033993825966, "on_path": 0, "source": 4, "target": 24}, {"distance": 1.5103961463609905, "on_path": 0, "source": 5, "target": 14}, {"distance": 1.1145631374798832, "on_path": 0, "source": 5, "target": 25}, {"distance": 1.3996660724256265, "on_path": 0, "source": 5, "target": 35}, {"distance": 0.6540456363336995, "on_path": 0, "source": 5, "target": 22}, {"distance": 1.1841248950768344, "on_path": 0, "source": 6, "target": 10}, {"distance": 1.2751788840130673, "on_path": 0, "source": 6, "target": 27}, {"distance": 1.7070142727338127, "on_path": 0, "source": 6, "target": 15}, {"distance": 0.9976224291699658, "on_path": 0, "source": 7, "target": 14}, {"distance": 0.9312292395549182, "on_path": 0, "source": 7, "target": 34}, {"distance": 1.1000997912079844, "on_path": 0, "source": 7, "target": 23}, {"distance": 0.38680313682521617, "on_path": 0, "source": 7, "target": 29}, {"distance": 0.8130168081700297, "on_path": 0, "source": 8, "target": 17}, {"distance": 0.5118050969747227, "on_path": 0, "source": 8, "target": 20}, {"distance": 0.41804602873380836, "on_path": 0, "source": 8, "target": 19}, {"distance": 0.33710064210055984, "on_path": 0, "source": 9, "target": 22}, {"distance": 1.7793654258377805, "on_path": 0, "source": 9, "target": 26}, {"distance": 0.6473252981179739, "on_path": 0, "source": 9, "target": 10}, {"distance": 0.8308589915066541, "on_path": 0, "source": 9, "target": 32}, {"distance": 1.1176124329744046, "on_path": 0, "source": 10, "target": 23}, {"distance": 1.9511808448776147, "on_path": 0, "source": 10, "target": 11}, {"distance": 0.5275326775759486, "on_path": 0, "source": 11, "target": 15}, {"distance": 2.0383112517726634, "on_path": 0, "source": 11, "target": 16}, {"distance": 1.6395953308475495, "on_path": 0, "source": 12, "target": 23}, {"distance": 1.638814415970955, "on_path": 1, "source": 12, "target": 18}, {"distance": 1.7184877835644456, "on_path": 0, "source": 13, "target": 31}, {"distance": 0.8929717735970785, "on_path": 0, "source": 14, "target": 34}, {"distance": 1.7621490442654302, "on_path": 0, "source": 14, "target": 23}, {"distance": 1.5618726017185809, "on_path": 0, "source": 15, "target": 32}, {"distance": 1.2716085693826906, "on_path": 0, "source": 15, "target": 29}, {"distance": 1.7171693623354969, "on_path": 0, "source": 15, "target": 24}, {"distance": 1.2226420765849324, "on_path": 0, "source": 15, "target": 22}, {"distance": 1.8501317034393963, "on_path": 0, "source": 16, "target": 23}, {"distance": 0.2270338625429575, "on_path": 0, "source": 17, "target": 22}, {"distance": 1.5229410917658097, "on_path": 0, "source": 17, "target": 24}, {"distance": 1.690619530842331, "on_path": 0, "source": 17, "target": 35}, {"distance": 1.2860613341087885, "on_path": 0, "source": 18, "target": 22}, {"distance": 0.5731215358970118, "on_path": 1, "source": 18, "target": 33}, {"distance": 0.40090873176564684, "on_path": 0, "source": 19, "target": 22}, {"distance": 1.7573788980848957, "on_path": 0, "source": 19, "target": 31}, {"distance": 1.4333203147567386, "on_path": 0, "source": 19, "target": 30}, {"distance": 1.8053653839226138, "on_path": 0, "source": 19, "target": 35}, {"distance": 1.2645346187354707, "on_path": 0, "source": 20, "target": 26}, {"distance": 1.745031367504674, "on_path": 0, "source": 21, "target": 27}, {"distance": 1.689101600727961, "on_path": 0, "source": 22, "target": 30}, {"distance": 0.5978617003722908, "on_path": 0, "source": 24, "target": 32}, {"distance": 1.959038803514686, "on_path": 0, "source": 25, "target": 28}, {"distance": 1.1090616944311789, "on_path": 0, "source": 25, "target": 30}, {"distance": 1.3492427379779772, "on_path": 1, "source": 26, "target": 33}, {"distance": 0.3309957065355873, "on_path": 1, "source": 26, "target": 28}, {"distance": 2.172673255661944, "on_path": 0, "source": 27, "target": 28}, {"distance": 0.9812930662664943, "on_path": 0, "source": 28, "target": 30}, {"distance": 1.5594717340273458, "on_path": 0, "source": 31, "target": 32}, {"distance": 1.4843965522446976, "on_path": 0, "source": 32, "target": 33}]}