{"directed": false, "multigraph": false, "graph": {}, "nodes": [{"node_features": [0.0, 0.0], "id": 0}, {"node_features": [0.0, 0.0], "id": 1}, {"node_features": [0.0, 0.0], "id": 2}, {"node_features": [0.0, 0.0], "id": 3}, {"node_features": [0.0, 0.0], "id": 4}, {"node_features": [0.0, 0.0], "id": 5}, {"node_features": [0.0, 0.0], "id": 6}, {"node_features": [0.0, 0.0], "id": 7}, {"node_features": [0.0, 0.0], "id": 8}, {"node_features": [0.0, 0.0], "id": 9}, {"node_features": [0.0, 0.0], "id": 10}, {"node_features": [0.0, 0.0], "id": 11}, {"node_features": [0.0, 0.0], "id": 12}, {"node_features": [0.0, 0.0], "id": 13}, {"node_features": [0.0, 0.0], "id": 14}, {"node_features": [0.0, 0.0], "id": 15}, {"node_features": [0.0, 0.0], "id": 16}, {"node_features": [0.0, 0.0], "id": 17}, {"node_features": [0.0, 0.0], "id": 18}, {"node_features": [0.0, 0.0], "id": 19}, {"node_features": [0.0, 0.0], "id": 20}, {"node_features": [0.0, 0.0], "id": 21}, {"node_features": [0.0, 0.0], "id": 22}, {"node_features": [0.0, 0.0], "id": 23}, {"node_features": [0.0, 0.0], "id": 24}, {"node_features": [0.0, 0.0], "id": 25}, {"node_features": [0.0, 0.0], "id": 26}, {"node_features": [0.0, 0.0], "id": 27}, {"node_features": [0.0, 0.0], "id": 28}, {"node_features": [0.0, 0.0], "id": 29}, {"node_features": [0.0, 0.0], "id": 30}, {"node_features": [0.0, 0.0], "id": 31}, {"node_features": [0.0, 0.0], "id": 32}, {"node_features": [0.0, 1.0], "id": 33}, {"node_features": [0.0, 0.0], "id": 34}, {"node_features": [0.0, 0.0], "id": 35}, {"node_features": [0.0, 0.0], "id": 36}, {"node_features": [0.0, 0.0], "id": 37}, {"node_features": [0.0, 0.0], "id": 38}, {"node_features": [1.0, 0.0], "id": 39}], "links": [{"distance": 1.3600780605878604, "on_path": 0, "source": 0, "target": 3}, {"distance": 1.1573114366175188, "on_path": 0, "source": 0, "target": 9}, {"distance": 0.8993258774187045, "on_path": 0, "source": 0, "target": 13}, {"distance": 1.403519990783601, "on_path": 0, "source": 1, "target": 31}, {"distance": 1.402374875209838, "on_path": 0, "source": 1, "target": 16}, {"distance": 1.3461061350676933, "on_path": 0, "source": 1, "target": 38}, {"distance": 1.4039028983570792, "on_path": 0, "source": 2, "target": 10}, {"distance": 0.8884520962192142, "on_path": 0, "source": 2, "target": 17}, {"distance": 0.6131507707725453, "on_path": 0, "source": 2, "target": 30}, {"distance": 0.9695518043315999, "on_path": 0, "source": 2, "target": 7}, {"distance": 0.7230680115845745, "on_path": 0, "source": 3, "target": 33}, {"distance": 0.9247645134782987, "on_path": 0, "source": 3, "target": 22}, {"distance": 1.5986896349254665, "on_path": 0, "source": 4, "target": 7}, {"distance": 1.1163768783744923, "on_path": 0, "source": 4, "target": 32}, {"distance": 1.0571331896714458, "on_path": 0, "source": 4, "target": 35}, {"distance": 1.782296041082624, "on_path": 0, "source": 4, "target": 18}, {"distance": 2.16470524806002, "on_path": 0, "source": 4, "target": 28}, {"distance": 1.799175852479491, "on_path": 0, "source": 4, "target": 33}, {"distance": 0.1865220275226726, "on_path": 0, "source": 5, "target": 26}, {"distance": 1.1611494661615833, "on_path": 0, "source": 5, "target": 12}, {"distance": 1.326048189321219, "on_path": 0, "source": 5, "target": 7}, {"distance": 1.3388365979437025, "on_path": 0, "source": 5, "target": 17}, {"distance": 1.552078779898609, "on_path": 0, "source": 5, "target": 22}, {"distance": 0.7201349820964014, "on_path": 0, "source": 6, "target": 23}, {"distance": 1.3331454974991208, "on_path": 0, "source": 6, "target": 34}, {"distance": 1.2253218476093524, "on_path": 0, "source": 6, "target": 11}, {"distance": 1.3674588750784284, "on_path": 0, "source": 7, "target": 25}, {"distance": 1.8522454217278954, "on_path": 0, "source": 8, "target": 21}, {"distance": 0.7641795049717117, "on_path": 0, "source": 8, "target": 35}, {"distance": 1.5205025504204728, "on_path": 0, "source": 9, "target": 22}, {"distance": 1.090888113084556, "on_path": 0, "source": 9, "target": 13}, {"distance": 1.6643948593078455, "on_path": 0, "source": 9, "target": 14}, {"distance": 0.2221913376902736, "on_path": 0, "source": 9, "target": 26}, {"distance": 1.3138897756321084, "on_path": 0, "source": 9, "target": 27}, {"distance": 1.775306117858596, "on_path": 0, "source": 10, "target": 24}, {"distance": 1.2420518549935866, "on_path": 0, "source": 10, "target": 31}, {"distance": 2.2439520501513766, "on_path": 0, "source": 10, "target": 15}, {"distance": 1.2004523216239151, "on_path": 0, "source": 10, "target": 36}, {"distance": 0.6815318031434776, "on_path": 0, "source": 11, "target": 37}, {"distance": 0.9664564611943862, "on_path": 0, "source": 11, "target": 34}, {"distance": 1.3290561499512508, "on_path": 0, "source": 11, "target": 30}, {"distance": 0.529591445829752, "on_path": 0, "source": 12, "target": 32}, {"distance": 1.156480808975416, "on_path": 0, "source": 12, "target": 15}, {"distance": 1.1516283827736642, "on_path": 0, "source": 12, "target": 19}, {"distance": 0.6039277927209761, "on_path": 0, "source": 12, "target": 37}, {"distance": 0.5829447785685037, "on_path": 0, "source": 12, "target": 35}, {"distance": 0.7715930716130946, "on_path": 0, "source": 13, "target": 38}, {"distance": 0.8239414287091807, "on_path": 0, "source": 13, "target": 15}, {"distance": 0.4301891508812773, "on_path": 0, "source": 14, "target": 17}, {"distance": 0.4217960642418735, "on_path": 0, "source": 14, "target": 18}, {"distance": 0.523810592187515, "on_path": 0, "source": 15, "target": 24}, {"distance": 1.346229659963637, "on_path": 1, "source": 16, "target": 20}, {"distance": 0.38828625811423917, "on_path": 1, "source": 16, "target": 19}, {"distance": 1.6158513343532699, "on_path": 0, "source": 17, "target": 25}, {"distance": 0.008942777090216224, "on_path": 0, "source": 17, "target": 18}, {"distance": 1.323312019677734, "on_path": 0, "source": 18, "target": 21}, {"distance": 1.1938985305181775, "on_path": 0, "source": 18, "target": 32}, {"distance": 0.8498523927276876, "on_path": 1, "source": 19, "target": 39}, {"distance": 0.3885499976329656, "on_path": 1, "source": 20, "target": 33}, {"distance": 1.2952265476995504, "on_path": 0, "source": 20, "target": 21}, {"distance": 0.6516399295052788, "on_path": 0, "source": 20, "target": 23}, {"distance": 1.2032788076241003, "on_path": 0, "source": 21, "target": 36}, {"distance": 1.518191805751698, "on_path": 0, "source": 21, "target": 39}, {"distance": 1.6904948549570558, "on_path": 0, "source": 22, "target": 34}, {"distance": 0.763234139827742, "on_path": 0, "source": 22, "target": 38}, {"distance": 0.7589018824950213, "on_path": 0, "source": 23, "target": 27}, {"distance": 1.2074731009246802, "on_path": 0, "source": 23, "target": 28}, {"distance": 0.07709150826639433, "on_path": 0, "source": 23, "target": 35}, {"distance": 0.7220425086510366, "on_path": 0, "source": 24, "target": 38}, {"distance": 1.7287490109508654, "on_path": 0, "source": 25, "target": 33}, {"distance": 0.2971582132031004, "on_path": 0, "source": 25, "target": 34}, {"distance": 1.0413181763079107, "on_path": 0, "source": 25, "target": 29}, {"distance": 1.1435841030727942, "on_path": 0, "source": 26, "target": 38}, {"distance": 0.7998369213648163, "on_path": 0, "source": 26, "target": 35}, {"distance": 1.2351753930839202, "on_path": 0, "source": 27, "target": 30}, {"distance": 0.3789297986636471, "on_path": 0, "source": 29, "target": 35}, {"distance": 0.8297272947759459, "on_path": 0, "source": 31, "target": 35}, {"distance": 0.5539381437677058, "on_path": 0, "source": 33, "target": 38}, {"distance": 0.9300910820814257, "on_path": 0, "source": 34, "target": 38}, {"distance": 0.7973270975238287, "on_path": 0, "source": 34, "target": 37}]}