{"directed": false, "multigraph": false, "graph": {}, "nodes": [{"node_features": [0.0, 0.0], "id": 0}, {"node_features": [0.0, 0.0], "id": 1}, {"node_features": [0.0, 0.0], "id": 2}, {"node_features": [0.0, 0.0], "id": 3}, {"node_features": [0.0, 0.0], "id": 4}, {"node_features": [0.0, 0.0], "id": 5}, {"node_features": [0.0, 0.0], "id": 6}, {"node_features": [0.0, 0.0], "id": 7}, {"node_features": [0.0, 0.0], "id": 8}, {"node_features": [0.0, 0.0], "id": 9}, {"node_features": [0.0, 0.0], "id": 10}, {"node_features": [0.0, 0.0], "id": 11}, {"node_features": [0.0, 0.0], "id": 12}, {"node_features": [0.0, 0.0], "id": 13}, {"node_features": [0.0, 0.0], "id": 14}, {"node_features": [0.0, 0.0], "id": 15}, {"node_features": [0.0, 0.0], "id": 16}, {"node_features": [0.0, 1.0], "id": 17}, {"node_features": [0.0, 0.0], "id": 18}, {"node_features": [0.0, 0.0], "id": 19}, {"node_features": [0.0, 0.0], "id": 20}, {"node_features": [0.0, 0.0], "id": 21}, {"node_features": [0.0, 0.0], "id": 22}, {"node_features": [0.0, 0.0], "id": 23}, {"node_features": [0.0, 0.0], "id": 24}, {"node_features": [0.0, 0.0], "id": 25}, {"node_features": [1.0, 0.0], "id": 26}, {"node_features": [0.0, 0.0], "id": 27}, {"node_features": [0.0, 0.0], "id": 28}, {"node_features": [0.0, 0.0], "id": 29}, {"node_features": [0.0, 0.0], "id": 30}, {"node_features": [0.0, 0.0], "id": 31}, {"node_features": [0.0, 0.0], "id": 32}, {"node_features": [0.0, 0.0], "id": 33}, {"node_features": [0.0, 0.0], "id": 34}, {"node_features": [0.0, 0.0], "id": 35}, {"node_features": [0.0, 0.0], "id": 36}], "links": [{"distance": 1.6767877194025618, "on_path": 0, "source": 0, "target": 17}, {"distance": 0.9390306982908264, "on_path": 0, "source": 0, "target": 11}, {"distance": 1.01119061964247, "on_path": 0, "source": 1, "target": 29}, {"distance": 1.05680494197949, "on_path": 0, "source": 1, "target": 9}, {"distance": 1.0820450202498617, "on_path": 0, "source": 2, "target": 23}, {"distance": 0.8268212696988229, "on_path": 0, "source": 2, "target": 16}, {"distance": 0.9169388023064078, "on_path": 0, "source": 2, "target": 19}, {"distance": 1.3682468157546566, "on_path": 0, "source": 2, "target": 17}, {"distance": 0.7494335862480396, "on_path": 0, "source": 3, "target": 7}, {"distance": 0.9301600698917479, "on_path": 0, "source": 3, "target": 24}, {"distance": 0.5926138044031936, "on_path": 0, "source": 4, "target": 11}, {"distance": 1.1047814827085336, "on_path": 0, "source": 4, "target": 8}, {"distance": 1.6700914459555085, "on_path": 0, "source": 4, "target": 26}, {"distance": 0.5074755290012398, "on_path": 0, "source": 5, "target": 11}, {"distance": 0.9900438638562896, "on_path": 0, "source": 5, "target": 14}, {"distance": 1.0209260283346804, "on_path": 0, "source": 5, "target": 33}, {"distance": 1.132332206085463, "on_path": 0, "source": 5, "target": 10}, {"distance": 1.2258354767771285, "on_path": 0, "source": 5, "target": 20}, {"distance": 1.721956520200073, "on_path": 0, "source": 6, "target": 20}, {"distance": 1.564262689961968, "on_path": 0, "source": 6, "target": 12}, {"distance": 0.09701659969039815, "on_path": 0, "source": 7, "target": 15}, {"distance": 1.2371651617553578, "on_path": 0, "source": 7, "target": 18}, {"distance": 0.9042059259097865, "on_path": 0, "source": 8, "target": 35}, {"distance": 0.9637665475178234, "on_path": 0, "source": 8, "target": 26}, {"distance": 1.1012794988616885, "on_path": 0, "source": 8, "target": 33}, {"distance": 1.1133066546449768, "on_path": 0, "source": 9, "target": 19}, {"distance": 0.25765114315634213, "on_path": 0, "source": 9, "target": 23}, {"distance": 0.8215636679985456, "on_path": 0, "source": 9, "target": 28}, {"distance": 0.9683266752985481, "on_path": 0, "source": 10, "target": 17}, {"distance": 1.093796654664012, "on_path": 0, "source": 10, "target": 28}, {"distance": 0.9816306848770884, "on_path": 0, "source": 11, "target": 17}, {"distance": 0.6986893743289969, "on_path": 0, "source": 11, "target": 18}, {"distance": 0.5419911735876389, "on_path": 0, "source": 11, "target": 12}, {"distance": 0.9689379739796664, "on_path": 0, "source": 12, "target": 16}, {"distance": 0.20123653714396747, "on_path": 0, "source": 12, "target": 32}, {"distance": 1.0685941283796876, "on_path": 0, "source": 12, "target": 13}, {"distance": 1.413900033569007, "on_path": 0, "source": 12, "target": 35}, {"distance": 1.7143123573254335, "on_path": 0, "source": 13, "target": 30}, {"distance": 1.2632893952053388, "on_path": 0, "source": 13, "target": 33}, {"distance": 1.0628048842313067, "on_path": 0, "source": 13, "target": 14}, {"distance": 1.1869697907347716, "on_path": 0, "source": 13, "target": 36}, {"distance": 0.8505925919448711, "on_path": 0, "source": 14, "target": 22}, {"distance": 0.8009289861064841, "on_path": 0, "source": 14, "target": 16}, {"distance": 1.2043499570268388, "on_path": 0, "source": 15, "target": 36}, {"distance": 0.42710945290742974, "on_path": 0, "source": 15, "target": 27}, {"distance": 0.9168031454302554, "on_path": 0, "source": 15, "target": 34}, {"distance": 1.5055629845820464, "on_path": 0, "source": 15, "target": 19}, {"distance": 0.7301505623046541, "on_path": 0, "source": 16, "target": 35}, {"distance": 0.18303831638888346, "on_path": 0, "source": 16, "target": 18}, {"distance": 1.0024491523162267, "on_path": 1, "source": 17, "target": 34}, {"distance": 1.3385537653920583, "on_path": 0, "source": 17, "target": 27}, {"distance": 1.5672998672039917, "on_path": 0, "source": 17, "target": 30}, {"distance": 0.5643404863710265, "on_path": 0, "source": 18, "target": 34}, {"distance": 0.5065065358287734, "on_path": 0, "source": 18, "target": 24}, {"distance": 0.9344533962139365, "on_path": 0, "source": 18, "target": 32}, {"distance": 1.422051601564493, "on_path": 0, "source": 20, "target": 32}, {"distance": 1.0093746877777148, "on_path": 0, "source": 20, "target": 24}, {"distance": 1.1245706087834775, "on_path": 0, "source": 20, "target": 29}, {"distance": 0.747721543779318, "on_path": 0, "source": 20, "target": 25}, {"distance": 1.5205229337852313, "on_path": 0, "source": 21, "target": 26}, {"distance": 1.3111624343073078, "on_path": 0, "source": 21, "target": 27}, {"distance": 0.9396074045271106, "on_path": 0, "source": 22, "target": 35}, {"distance": 1.3588146272602823, "on_path": 1, "source": 22, "target": 26}, {"distance": 0.09016748648483922, "on_path": 1, "source": 22, "target": 31}, {"distance": 0.8608107843422019, "on_path": 0, "source": 22, "target": 28}, {"distance": 1.1642263346549082, "on_path": 0, "source": 23, "target": 31}, {"distance": 1.5837298652815162, "on_path": 0, "source": 23, "target": 29}, {"distance": 1.143176295327162, "on_path": 0, "source": 25, "target": 36}, {"distance": 1.4081462492045562, "on_path": 0, "source": 25, "target": 30}, {"distance": 0.9173536181646065, "on_path": 0, "source": 27, "target": 33}, {"distance": 0.386659774053414, "on_path": 0, "source": 28, "target": 34}, {"distance": 0.420329674098004, "on_path": 0, "source": 29, "target": 31}, {"distance": 0.532667262033116, "on_path": 0, "source": 30, "target": 36}, {"distance": 0.43269022459930306, "on_path": 1, "source": 31, "target": 34}]}