{"directed": false, "multigraph": false, "graph": {}, "nodes": [{"node_features": [0.0, 0.0], "id": 0}, {"node_features": [0.0, 0.0], "id": 1}, {"node_features": [0.0, 1.0], "id": 2}, {"node_features": [0.0, 0.0], "id": 3}, {"node_features": [0.0, 0.0], "id": 4}, {"node_features": [0.0, 0.0], "id": 5}, {"node_features": [0.0, 0.0], "id": 6}, {"node_features": [0.0, 0.0], "id": 7}, {"node_features": [0.0, 0.0], "id": 8}, {"node_features": [0.0, 0.0], "id": 9}, {"node_features": [0.0, 0.0], "id": 10}, {"node_features": [0.0, 0.0], "id": 11}, {"node_features": [0.0, 0.0], "id": 12}, {"node_features": [0.0, 0.0], "id": 13}, {"node_features": [0.0, 0.0], "id": 14}, {"node_features": [0.0, 0.0], "id": 15}, {"node_features": [0.0, 0.0], "id": 16}, {"node_features": [0.0, 0.0], "id": 17}, {"node_features": [0.0, 0.0], "id": 18}, {"node_features": [0.0, 0.0], "id": 19}, {"node_features": [0.0, 0.0], "id": 20}, {"node_features": [0.0, 0.0], "id": 21}, {"node_features": [1.0, 0.0], "id": 22}, {"node_features": [0.0, 0.0], "id": 23}, {"node_features": [0.0, 0.0], "id": 24}, {"node_features": [0.0, 0.0], "id": 25}, {"node_features": [0.0, 0.0], "id": 26}, {"node_features": [0.0, 0.0], "id": 27}], "links": [{"distance": 1.5939727712870335, "on_path": 0, "source": 0, "target": 9}, {"distance": 1.3752960672607395, "on_path": 0, "source": 0, "target": 16}, {"distance": 1.0640778815189693, "on_path": 0, "source": 0, "target": 27}, {"distance": 0.4849923774800669, "on_path": 0, "source": 1, "target": 25}, {"distance": 0.6112981772755685, "on_path": 0, "source": 1, "target": 6}, {"distance": 0.7406957613078868, "on_path": 0, "source": 1, "target": 14}, {"distance": 1.1640411378922266, "on_path": 0, "source": 1, "target": 26}, {"distance": 1.6137674525893861, "on_path": 0, "source": 2, "target": 12}, {"distance": 1.0463105064511875, "on_path": 1, "source": 2, "target": 26}, {"distance": 0.9124815074192186, "on_path": 0, "source": 3, "target": 21}, {"distance": 1.1431136938507211, "on_path": 0, "source": 3, "target": 12}, {"distance": 1.1463573997796388, "on_path": 0, "source": 4, "target": 15}, {"distance": 1.6873958960513258, "on_path": 0, "source": 4, "target": 5}, {"distance": 1.6351813508943738, "on_path": 0, "source": 4, "target": 8}, {"distance": 0.727378577150106, "on_path": 0, "source": 4, "target": 6}, {"distance": 0.6496431406363946, "on_path": 0, "source": 4, "target": 9}, {"distance": 1.1090917971900478, "on_path": 0, "source": 4, "target": 22}, {"distance": 0.6709802513006634, "on_path": 0, "source": 5, "target": 21}, {"distance": 1.8032723187474833, "on_path": 0, "source": 5, "target": 26}, {"distance": 0.7095300184239237, "on_path": 0, "source": 5, "target": 20}, {"distance": 0.39720233216276735, "on_path": 0, "source": 6, "target": 11}, {"distance": 0.30115325225385686, "on_path": 0, "source": 6, "target": 13}, {"distance": 1.1156791906885717, "on_path": 0, "source": 7, "target": 13}, {"distance": 1.333516803739307, "on_path": 0, "source": 7, "target": 12}, {"distance": 1.583962075805246, "on_path": 0, "source": 7, "target": 20}, {"distance": 1.4861096960054216, "on_path": 0, "source": 8, "target": 16}, {"distance": 0.10095815396213395, "on_path": 0, "source": 8, "target": 14}, {"distance": 0.7760326286422665, "on_path": 0, "source": 8, "target": 21}, {"distance": 0.4015396190816847, "on_path": 0, "source": 9, "target": 16}, {"distance": 1.342485949757966, "on_path": 0, "source": 9, "target": 15}, {"distance": 1.5231704349133393, "on_path": 0, "source": 9, "target": 27}, {"distance": 0.44273361029295244, "on_path": 0, "source": 9, "target": 25}, {"distance": 1.3936125233414218, "on_path": 0, "source": 10, "target": 26}, {"distance": 0.8924159313614353, "on_path": 0, "source": 10, "target": 25}, {"distance": 0.6286303034838616, "on_path": 0, "source": 10, "target": 11}, {"distance": 1.524610470675278, "on_path": 0, "source": 11, "target": 27}, {"distance": 2.2266687910899905, "on_path": 0, "source": 12, "target": 26}, {"distance": 1.9461495363340342, "on_path": 0, "source": 12, "target": 24}, {"distance": 1.4936494479202018, "on_path": 0, "source": 13, "target": 27}, {"distance": 0.7655774815875179, "on_path": 0, "source": 13, "target": 23}, {"distance": 0.8197054240281071, "on_path": 0, "source": 13, "target": 16}, {"distance": 0.8022036088505851, "on_path": 0, "source": 14, "target": 23}, {"distance": 0.5593680673381518, "on_path": 0, "source": 14, "target": 15}, {"distance": 0.284356240164167, "on_path": 1, "source": 16, "target": 26}, {"distance": 0.6593667361556873, "on_path": 1, "source": 16, "target": 19}, {"distance": 1.937889952955755, "on_path": 0, "source": 17, "target": 24}, {"distance": 1.7008974621458286, "on_path": 0, "source": 17, "target": 22}, {"distance": 2.282486612142449, "on_path": 0, "source": 18, "target": 24}, {"distance": 1.075184226072957, "on_path": 0, "source": 18, "target": 23}, {"distance": 0.8512924600668226, "on_path": 0, "source": 19, "target": 25}, {"distance": 1.4610712951092044, "on_path": 1, "source": 19, "target": 22}, {"distance": 1.5404292825224646, "on_path": 0, "source": 20, "target": 27}, {"distance": 0.8550527902210779, "on_path": 0, "source": 23, "target": 27}, {"distance": 1.5406322551917508, "on_path": 0, "source": 24, "target": 27}, {"distance": 0.895003027581073, "on_path": 0, "source": 24, "target": 25}, {"distance": 0.7296331610701862, "on_path": 0, "source": 25, "target": 26}]}