{"directed": false, "multigraph": false, "graph": {}, "nodes": [{"node_features": [0.0, 0.0], "id": 0}, {"node_features": [0.0, 0.0], "id": 1}, {"node_features": [0.0, 0.0], "id": 2}, {"node_features": [0.0, 0.0], "id": 3}, {"node_features": [0.0, 0.0], "id": 4}, {"node_features": [0.0, 0.0], "id": 5}, {"node_features": [0.0, 0.0], "id": 6}, {"node_features": [0.0, 0.0], "id": 7}, {"node_features": [0.0, 0.0], "id": 8}, {"node_features": [0.0, 0.0], "id": 9}, {"node_features": [0.0, 0.0], "id": 10}, {"node_features": [0.0, 0.0], "id": 11}, {"node_features": [0.0, 0.0], "id": 12}, {"node_features": [0.0, 0.0], "id": 13}, {"node_features": [0.0, 0.0], "id": 14}, {"node_features": [0.0, 0.0], "id": 15}, {"node_features": [0.0, 0.0], "id": 16}, {"node_features": [1.0, 0.0], "id": 17}, {"node_features": [0.0, 0.0], "id": 18}, {"node_features": [0.0, 0.0], "id": 19}, {"node_features": [0.0, 0.0], "id": 20}, {"node_features": [0.0, 0.0], "id": 21}, {"node_features": [0.0, 0.0], "id": 22}, {"node_features": [0.0, 0.0], "id": 23}, {"node_features": [0.0, 0.0], "id": 24}, {"node_features": [0.0, 0.0], "id": 25}, {"node_features": [0.0, 0.0], "id": 26}, {"node_features": [0.0, 0.0], "id": 27}, {"node_features": [0.0, 0.0], "id": 28}, {"node_features": [0.0, 0.0], "id": 29}, {"node_features": [0.0, 0.0], "id": 30}, {"node_features": [0.0, 0.0], "id": 31}, {"node_features": [0.0, 0.0], "id": 32}, {"node_features": [0.0, 1.0], "id": 33}, {"node_features": [0.0, 0.0], "id": 34}, {"node_features": [0.0, 0.0], "id": 35}, {"node_features": [0.0, 0.0], "id": 36}, {"node_features": [0.0, 0.0], "id": 37}], "links": [{"distance": 1.5439562647362182, "on_path": 0, "source": 0, "target": 5}, {"distance": 1.1706927542326397, "on_path": 0, "source": 0, "target": 1}, {"distance": 1.3101966570111392, "on_path": 0, "source": 0, "target": 33}, {"distance": 1.3283375818644243, "on_path": 0, "source": 0, "target": 34}, {"distance": 1.4256671675891468, "on_path": 0, "source": 1, "target": 13}, {"distance": 0.8415757793739331, "on_path": 0, "source": 1, "target": 12}, {"distance": 1.0930875036684908, "on_path": 0, "source": 1, "target": 4}, {"distance": 1.1954670883370366, "on_path": 0, "source": 2, "target": 32}, {"distance": 1.6624613221478668, "on_path": 0, "source": 2, "target": 21}, {"distance": 0.1927932311087237, "on_path": 0, "source": 2, "target": 12}, {"distance": 1.2358961734388785, "on_path": 0, "source": 3, "target": 27}, {"distance": 1.5938780656578557, "on_path": 0, "source": 3, "target": 36}, {"distance": 2.056821722253642, "on_path": 0, "source": 3, "target": 13}, {"distance": 0.37756044217805035, "on_path": 0, "source": 3, "target": 24}, {"distance": 1.0603856004397023, "on_path": 0, "source": 4, "target": 28}, {"distance": 0.3174871818178713, "on_path": 0, "source": 4, "target": 35}, {"distance": 1.6108054238569613, "on_path": 0, "source": 4, "target": 25}, {"distance": 0.5643464241216717, "on_path": 0, "source": 4, "target": 15}, {"distance": 1.6759094691573295, "on_path": 0, "source": 4, "target": 18}, {"distance": 0.8675108496619519, "on_path": 0, "source": 5, "target": 25}, {"distance": 0.884761557178832, "on_path": 0, "source": 5, "target": 15}, {"distance": 1.6282702188188396, "on_path": 0, "source": 5, "target": 26}, {"distance": 0.3607809333272298, "on_path": 0, "source": 5, "target": 32}, {"distance": 1.3587241580071883, "on_path": 0, "source": 6, "target": 29}, {"distance": 0.8886966184095942, "on_path": 0, "source": 6, "target": 31}, {"distance": 0.6078560089016216, "on_path": 0, "source": 6, "target": 37}, {"distance": 1.401613281175688, "on_path": 0, "source": 6, "target": 27}, {"distance": 1.1319461517962457, "on_path": 0, "source": 7, "target": 27}, {"distance": 0.16205455580066713, "on_path": 0, "source": 7, "target": 16}, {"distance": 1.2390163235463654, "on_path": 0, "source": 7, "target": 10}, {"distance": 1.9615046680432602, "on_path": 0, "source": 8, "target": 23}, {"distance": 1.2274827242842175, "on_path": 0, "source": 8, "target": 18}, {"distance": 0.6909127320715883, "on_path": 0, "source": 8, "target": 37}, {"distance": 1.5275214387446538, "on_path": 0, "source": 9, "target": 25}, {"distance": 0.7797671440174548, "on_path": 0, "source": 9, "target": 12}, {"distance": 0.7497014340274447, "on_path": 0, "source": 10, "target": 28}, {"distance": 0.97986188707265, "on_path": 0, "source": 10, "target": 34}, {"distance": 1.4579682297993874, "on_path": 0, "source": 10, "target": 13}, {"distance": 1.0475975783800222, "on_path": 0, "source": 11, "target": 19}, {"distance": 1.682656608510482, "on_path": 0, "source": 11, "target": 25}, {"distance": 0.4140252520728504, "on_path": 0, "source": 11, "target": 14}, {"distance": 2.023739760213446, "on_path": 0, "source": 11, "target": 36}, {"distance": 1.1027163666377993, "on_path": 0, "source": 12, "target": 33}, {"distance": 1.8844491327145105, "on_path": 0, "source": 13, "target": 20}, {"distance": 0.9762265978717143, "on_path": 0, "source": 13, "target": 32}, {"distance": 0.7723242393761108, "on_path": 0, "source": 14, "target": 21}, {"distance": 1.7198438586443747, "on_path": 0, "source": 14, "target": 35}, {"distance": 0.8904995806361874, "on_path": 0, "source": 14, "target": 17}, {"distance": 1.1532550763849292, "on_path": 0, "source": 15, "target": 20}, {"distance": 0.08187237144729803, "on_path": 0, "source": 15, "target": 19}, {"distance": 0.297585268047468, "on_path": 0, "source": 15, "target": 37}, {"distance": 0.5295857451788804, "on_path": 0, "source": 16, "target": 37}, {"distance": 0.3689673580138864, "on_path": 1, "source": 17, "target": 31}, {"distance": 1.8815543591287727, "on_path": 0, "source": 17, "target": 25}, {"distance": 1.104938334640676, "on_path": 0, "source": 19, "target": 20}, {"distance": 1.309212310228324, "on_path": 1, "source": 19, "target": 22}, {"distance": 0.6199648998344874, "on_path": 1, "source": 19, "target": 31}, {"distance": 0.599499604541466, "on_path": 0, "source": 20, "target": 36}, {"distance": 0.8667156555977285, "on_path": 0, "source": 20, "target": 30}, {"distance": 1.7116347027336918, "on_path": 0, "source": 21, "target": 30}, {"distance": 0.6805267191152454, "on_path": 0, "source": 21, "target": 22}, {"distance": 2.2670828077410166, "on_path": 0, "source": 21, "target": 35}, {"distance": 0.6654238330085824, "on_path": 0, "source": 22, "target": 34}, {"distance": 1.362702837819527, "on_path": 0, "source": 22, "target": 27}, {"distance": 0.7251328057115664, "on_path": 0, "source": 22, "target": 28}, {"distance": 0.7194575088850407, "on_path": 1, "source": 22, "target": 33}, {"distance": 1.9807457628362075, "on_path": 0, "source": 23, "target": 30}, {"distance": 2.372987801138065, "on_path": 0, "source": 23, "target": 26}, {"distance": 1.8922043868927714, "on_path": 0, "source": 24, "target": 30}, {"distance": 0.6106665451572474, "on_path": 0, "source": 26, "target": 31}, {"distance": 0.7711940332074576, "on_path": 0, "source": 26, "target": 37}, {"distance": 0.7083895847845681, "on_path": 0, "source": 27, "target": 30}, {"distance": 0.9905220067552926, "on_path": 0, "source": 27, "target": 32}, {"distance": 1.606365949717137, "on_path": 0, "source": 28, "target": 36}, {"distance": 0.3121744167622283, "on_path": 0, "source": 28, "target": 29}, {"distance": 0.5894194519262963, "on_path": 0, "source": 29, "target": 34}]}