{"directed": false, "multigraph": false, "graph": {}, "nodes": [{"node_features": [0.0, 0.0], "id": 0}, {"node_features": [0.0, 0.0], "id": 1}, {"node_features": [0.0, 0.0], "id": 2}, {"node_features": [0.0, 0.0], "id": 3}, {"node_features": [0.0, 0.0], "id": 4}, {"node_features": [0.0, 0.0], "id": 5}, {"node_features": [0.0, 0.0], "id": 6}, {"node_features": [0.0, 0.0], "id": 7}, {"node_features": [0.0, 0.0], "id": 8}, {"node_features": [0.0, 0.0], "id": 9}, {"node_features": [1.0, 0.0], "id": 10}, {"node_features": [0.0, 0.0], "id": 11}, {"node_features": [0.0, 0.0], "id": 12}, {"node_features": [0.0, 0.0], "id": 13}, {"node_features": [0.0, 0.0], "id": 14}, {"node_features": [0.0, 0.0], "id": 15}, {"node_features": [0.0, 0.0], "id": 16}, {"node_features": [0.0, 0.0], "id": 17}, {"node_features": [0.0, 0.0], "id": 18}, {"node_features": [0.0, 0.0], "id": 19}, {"node_features": [0.0, 1.0], "id": 20}, {"node_features": [0.0, 0.0], "id": 21}, {"node_features": [0.0, 0.0], "id": 22}, {"node_features": [0.0, 0.0], "id": 23}], "links": [{"distance": 0.7818193324029851, "on_path": 0, "source": 0, "target": 16}, {"distance": 0.9916145840881753, "on_path": 0, "source": 0, "target": 12}, {"distance": 0.6927206770374766, "on_path": 0, "source": 0, "target": 23}, {"distance": 1.1751382423052532, "on_path": 0, "source": 0, "target": 6}, {"distance": 1.0043588228581601, "on_path": 0, "source": 1, "target": 18}, {"distance": 1.10101455586967, "on_path": 0, "source": 1, "target": 4}, {"distance": 1.6222536419441702, "on_path": 0, "source": 1, "target": 6}, {"distance": 0.82357884175656, "on_path": 0, "source": 1, "target": 14}, {"distance": 0.67700105017196, "on_path": 0, "source": 1, "target": 20}, {"distance": 1.5520505437619545, "on_path": 0, "source": 2, "target": 13}, {"distance": 1.763956441706262, "on_path": 0, "source": 2, "target": 14}, {"distance": 1.273747210617641, "on_path": 0, "source": 2, "target": 19}, {"distance": 1.9159375223140316, "on_path": 0, "source": 2, "target": 5}, {"distance": 1.181234351215106, "on_path": 1, "source": 3, "target": 22}, {"distance": 1.2317261797177175, "on_path": 1, "source": 3, "target": 23}, {"distance": 0.7301335714439804, "on_path": 0, "source": 3, "target": 4}, {"distance": 1.4521303218925137, "on_path": 0, "source": 3, "target": 9}, {"distance": 0.3662975459279909, "on_path": 0, "source": 4, "target": 8}, {"distance": 1.6786446304920704, "on_path": 0, "source": 4, "target": 15}, {"distance": 0.18885387526818775, "on_path": 0, "source": 5, "target": 11}, {"distance": 1.7594173004053801, "on_path": 0, "source": 5, "target": 12}, {"distance": 1.7602932174566543, "on_path": 0, "source": 6, "target": 22}, {"distance": 0.8597393472654598, "on_path": 0, "source": 6, "target": 15}, {"distance": 0.1648504536493085, "on_path": 0, "source": 6, "target": 19}, {"distance": 0.8763344523840635, "on_path": 0, "source": 7, "target": 17}, {"distance": 0.799683242720239, "on_path": 0, "source": 7, "target": 21}, {"distance": 1.0851756871378981, "on_path": 0, "source": 7, "target": 10}, {"distance": 1.89597754952376, "on_path": 0, "source": 8, "target": 15}, {"distance": 1.5550823646307246, "on_path": 0, "source": 8, "target": 16}, {"distance": 1.055856451345569, "on_path": 0, "source": 8, "target": 9}, {"distance": 0.4778737285434051, "on_path": 0, "source": 8, "target": 11}, {"distance": 2.1246590523475066, "on_path": 0, "source": 9, "target": 23}, {"distance": 2.1451895273652615, "on_path": 0, "source": 9, "target": 16}, {"distance": 1.9515873030954896, "on_path": 0, "source": 10, "target": 17}, {"distance": 1.625405907478417, "on_path": 0, "source": 10, "target": 13}, {"distance": 0.5684283994258207, "on_path": 1, "source": 10, "target": 22}, {"distance": 1.0376740732631655, "on_path": 0, "source": 10, "target": 15}, {"distance": 1.791064859135815, "on_path": 0, "source": 11, "target": 16}, {"distance": 1.8507025749854562, "on_path": 0, "source": 11, "target": 20}, {"distance": 0.7734300461273925, "on_path": 0, "source": 11, "target": 17}, {"distance": 0.7628514816521311, "on_path": 0, "source": 12, "target": 18}, {"distance": 0.9403165079971454, "on_path": 0, "source": 12, "target": 21}, {"distance": 1.3194515127383617, "on_path": 0, "source": 12, "target": 13}, {"distance": 1.0325365981596573, "on_path": 0, "source": 14, "target": 21}, {"distance": 1.0597331132897387, "on_path": 0, "source": 16, "target": 18}, {"distance": 2.1935160283069366, "on_path": 0, "source": 17, "target": 22}, {"distance": 1.699703773081842, "on_path": 0, "source": 19, "target": 22}, {"distance": 0.3552721449605636, "on_path": 1, "source": 20, "target": 23}]}