{"directed": false, "multigraph": false, "graph": {}, "nodes": [{"node_features": [0.0, 0.0], "id": 0}, {"node_features": [0.0, 0.0], "id": 1}, {"node_features": [0.0, 0.0], "id": 2}, {"node_features": [0.0, 0.0], "id": 3}, {"node_features": [0.0, 0.0], "id": 4}, {"node_features": [0.0, 0.0], "id": 5}, {"node_features": [0.0, 0.0], "id": 6}, {"node_features": [0.0, 0.0], "id": 7}, {"node_features": [0.0, 0.0], "id": 8}, {"node_features": [0.0, 0.0], "id": 9}, {"node_features": [0.0, 1.0], "id": 10}, {"node_features": [0.0, 0.0], "id": 11}, {"node_features": [0.0, 0.0], "id": 12}, {"node_features": [0.0, 0.0], "id": 13}, {"node_features": [0.0, 0.0], "id": 14}, {"node_features": [0.0, 0.0], "id": 15}, {"node_features": [0.0, 0.0], "id": 16}, {"node_features": [0.0, 0.0], "id": 17}, {"node_features": [0.0, 0.0], "id": 18}, {"node_features": [0.0, 0.0], "id": 19}, {"node_features": [0.0, 0.0], "id": 20}, {"node_features": [0.0, 0.0], "id": 21}, {"node_features": [0.0, 0.0], "id": 22}, {"node_features": [0.0, 0.0], "id": 23}, {"node_features": [0.0, 0.0], "id": 24}, {"node_features": [1.0, 0.0], "id": 25}, {"node_features": [0.0, 0.0], "id": 26}, {"node_features": [0.0, 0.0], "id": 27}, {"node_features": [0.0, 0.0], "id": 28}], "links": [{"distance": 0.9533287084555324, "on_path": 0, "source": 0, "target": 8}, {"distance": 1.3477238644407548, "on_path": 0, "source": 0, "target": 23}, {"distance": 0.673176226831686, "on_path": 0, "source": 1, "target": 8}, {"distance": 0.6569189626668127, "on_path": 0, "source": 1, "target": 4}, {"distance": 1.3659919956704674, "on_path": 0, "source": 1, "target": 13}, {"distance": 1.9483255877922983, "on_path": 0, "source": 1, "target": 10}, {"distance": 1.0634564903421078, "on_path": 0, "source": 2, "target": 26}, {"distance": 1.2190465659902057, "on_path": 0, "source": 2, "target": 20}, {"distance": 1.2791701355469378, "on_path": 0, "source": 2, "target": 8}, {"distance": 1.3170876872934032, "on_path": 0, "source": 2, "target": 14}, {"distance": 0.6828617302881224, "on_path": 0, "source": 3, "target": 22}, {"distance": 0.6189313952311843, "on_path": 0, "source": 3, "target": 7}, {"distance": 1.1442146686162682, "on_path": 0, "source": 3, "target": 10}, {"distance": 1.3624534519637843, "on_path": 0, "source": 3, "target": 18}, {"distance": 0.9433898155653191, "on_path": 0, "source": 4, "target": 13}, {"distance": 1.5682285932446616, "on_path": 0, "source": 4, "target": 27}, {"distance": 0.9490194580773292, "on_path": 1, "source": 5, "target": 15}, {"distance": 1.460756727476132, "on_path": 0, "source": 5, "target": 16}, {"distance": 0.43407233968948455, "on_path": 1, "source": 5, "target": 27}, {"distance": 1.8853424132718328, "on_path": 0, "source": 5, "target": 14}, {"distance": 1.7478737938183406, "on_path": 0, "source": 5, "target": 7}, {"distance": 1.5224921651766004, "on_path": 0, "source": 5, "target": 19}, {"distance": 0.7694651721042189, "on_path": 0, "source": 6, "target": 28}, {"distance": 1.7623050947675023, "on_path": 0, "source": 6, "target": 21}, {"distance": 1.0057165745151833, "on_path": 0, "source": 6, "target": 9}, {"distance": 0.48815037732554606, "on_path": 0, "source": 7, "target": 22}, {"distance": 0.784436546111038, "on_path": 0, "source": 7, "target": 9}, {"distance": 0.7663151335788523, "on_path": 0, "source": 7, "target": 13}, {"distance": 1.5714157283710284, "on_path": 0, "source": 7, "target": 21}, {"distance": 1.7280927836481557, "on_path": 0, "source": 8, "target": 23}, {"distance": 0.5921296380423074, "on_path": 0, "source": 9, "target": 24}, {"distance": 1.2858131337187029, "on_path": 0, "source": 9, "target": 17}, {"distance": 0.7113005344874384, "on_path": 0, "source": 9, "target": 28}, {"distance": 0.24928958781324806, "on_path": 1, "source": 10, "target": 15}, {"distance": 1.4348230517668172, "on_path": 0, "source": 10, "target": 24}, {"distance": 0.9862590506010973, "on_path": 0, "source": 10, "target": 22}, {"distance": 1.3936410232838172, "on_path": 0, "source": 11, "target": 23}, {"distance": 1.9431928495191257, "on_path": 0, "source": 11, "target": 15}, {"distance": 0.4144551854433993, "on_path": 0, "source": 11, "target": 28}, {"distance": 0.5385936395544023, "on_path": 0, "source": 12, "target": 23}, {"distance": 1.9594238793287448, "on_path": 0, "source": 12, "target": 19}, {"distance": 1.5285772380965377, "on_path": 0, "source": 12, "target": 18}, {"distance": 1.645551178717162, "on_path": 0, "source": 12, "target": 26}, {"distance": 1.48542908365534, "on_path": 0, "source": 14, "target": 23}, {"distance": 0.588762915293009, "on_path": 0, "source": 14, "target": 16}, {"distance": 0.3491096634483557, "on_path": 0, "source": 15, "target": 20}, {"distance": 1.5804118515197607, "on_path": 0, "source": 15, "target": 24}, {"distance": 1.787900024150063, "on_path": 0, "source": 15, "target": 17}, {"distance": 1.5916504216280367, "on_path": 0, "source": 16, "target": 20}, {"distance": 1.387818685889482, "on_path": 0, "source": 18, "target": 24}, {"distance": 1.7497188283590661, "on_path": 0, "source": 18, "target": 25}, {"distance": 1.2306703837497721, "on_path": 0, "source": 20, "target": 27}, {"distance": 1.8265565717638594, "on_path": 0, "source": 20, "target": 26}, {"distance": 0.11362809207684112, "on_path": 0, "source": 21, "target": 25}, {"distance": 1.1342887414468485, "on_path": 0, "source": 23, "target": 26}, {"distance": 0.794982392171065, "on_path": 0, "source": 23, "target": 27}, {"distance": 0.13133575605199385, "on_path": 0, "source": 24, "target": 28}, {"distance": 0.9211498271356335, "on_path": 1, "source": 25, "target": 27}]}