{"directed": false, "multigraph": false, "graph": {}, "nodes": [{"node_features": [0.0, 0.0], "id": 0}, {"node_features": [0.0, 0.0], "id": 1}, {"node_features": [0.0, 0.0], "id": 2}, {"node_features": [0.0, 0.0], "id": 3}, {"node_features": [0.0, 1.0], "id": 4}, {"node_features": [0.0, 0.0], "id": 5}, {"node_features": [0.0, 0.0], "id": 6}, {"node_features": [0.0, 0.0], "id": 7}, {"node_features": [0.0, 0.0], "id": 8}, {"node_features": [0.0, 0.0], "id": 9}, {"node_features": [0.0, 0.0], "id": 10}, {"node_features": [0.0, 0.0], "id": 11}, {"node_features": [0.0, 0.0], "id": 12}, {"node_features": [0.0, 0.0], "id": 13}, {"node_features": [0.0, 0.0], "id": 14}, {"node_features": [0.0, 0.0], "id": 15}, {"node_features": [0.0, 0.0], "id": 16}, {"node_features": [0.0, 0.0], "id": 17}, {"node_features": [0.0, 0.0], "id": 18}, {"node_features": [0.0, 0.0], "id": 19}, {"node_features": [0.0, 0.0], "id": 20}, {"node_features": [0.0, 0.0], "id": 21}, {"node_features": [0.0, 0.0], "id": 22}, {"node_features": [0.0, 0.0], "id": 23}, {"node_features": [0.0, 0.0], "id": 24}, {"node_features": [0.0, 0.0], "id": 25}, {"node_features": [0.0, 0.0], "id": 26}, {"node_features": [0.0, 0.0], "id": 27}, {"node_features": [1.0, 0.0], "id": 28}, {"node_features": [0.0, 0.0], "id": 29}, {"node_features": [0.0, 0.0], "id": 30}], "links": [{"distance": 1.5784136162209226, "on_path": 0, "source": 0, "target": 22}, {"distance": 1.5107765532640496, "on_path": 0, "source": 0, "target": 9}, {"distance": 0.443302110317842, "on_path": 0, "source": 0, "target": 28}, {"distance": 1.5157137963615235, "on_path": 0, "source": 1, "target": 10}, {"distance": 1.8367540633730006, "on_path": 0, "source": 1, "target": 2}, {"distance": 1.9122509010149704, "on_path": 0, "source": 1, "target": 13}, {"distance": 1.7427190899941059, "on_path": 0, "source": 1, "target": 4}, {"distance": 0.7629823947338197, "on_path": 0, "source": 1, "target": 15}, {"distance": 1.1587295126629145, "on_path": 0, "source": 2, "target": 24}, {"distance": 0.7591152503595326, "on_path": 0, "source": 2, "target": 29}, {"distance": 1.9105518673156043, "on_path": 0, "source": 2, "target": 15}, {"distance": 1.4838518414468465, "on_path": 0, "source": 2, "target": 9}, {"distance": 1.843743304468411, "on_path": 0, "source": 2, "target": 18}, {"distance": 1.573307574961945, "on_path": 0, "source": 2, "target": 22}, {"distance": 0.5590104502751858, "on_path": 0, "source": 2, "target": 25}, {"distance": 1.6687804053827888, "on_path": 0, "source": 3, "target": 17}, {"distance": 1.16360827424031, "on_path": 0, "source": 3, "target": 15}, {"distance": 0.39798840664008767, "on_path": 0, "source": 3, "target": 6}, {"distance": 0.6694771395594041, "on_path": 0, "source": 3, "target": 30}, {"distance": 0.31880318522390527, "on_path": 1, "source": 4, "target": 24}, {"distance": 0.5743824187322254, "on_path": 0, "source": 4, "target": 5}, {"distance": 0.8684033357984097, "on_path": 0, "source": 4, "target": 13}, {"distance": 1.4598230655705968, "on_path": 0, "source": 4, "target": 15}, {"distance": 1.1151034816610936, "on_path": 0, "source": 4, "target": 27}, {"distance": 0.9203931009632857, "on_path": 0, "source": 4, "target": 30}, {"distance": 0.7684580328961687, "on_path": 0, "source": 4, "target": 21}, {"distance": 0.8923346742806045, "on_path": 0, "source": 5, "target": 24}, {"distance": 1.2152344034902942, "on_path": 0, "source": 6, "target": 27}, {"distance": 2.0435325289025568, "on_path": 0, "source": 6, "target": 17}, {"distance": 1.9174913957991206, "on_path": 0, "source": 6, "target": 25}, {"distance": 0.7076529612841908, "on_path": 0, "source": 7, "target": 23}, {"distance": 0.6473755316616313, "on_path": 0, "source": 7, "target": 13}, {"distance": 0.6471575248913698, "on_path": 0, "source": 8, "target": 28}, {"distance": 0.6876097117511645, "on_path": 0, "source": 8, "target": 12}, {"distance": 1.0898159812212176, "on_path": 0, "source": 8, "target": 18}, {"distance": 0.327362167289911, "on_path": 1, "source": 9, "target": 24}, {"distance": 0.2646049662898723, "on_path": 1, "source": 9, "target": 12}, {"distance": 0.4310492609174365, "on_path": 0, "source": 10, "target": 24}, {"distance": 0.6858800878501594, "on_path": 0, "source": 10, "target": 25}, {"distance": 1.2430293263797425, "on_path": 0, "source": 10, "target": 14}, {"distance": 1.2821802592378104, "on_path": 0, "source": 11, "target": 18}, {"distance": 1.1086510302903048, "on_path": 0, "source": 11, "target": 26}, {"distance": 1.297679025869901, "on_path": 0, "source": 11, "target": 23}, {"distance": 1.332375017802247, "on_path": 1, "source": 12, "target": 28}, {"distance": 0.8735300373493876, "on_path": 0, "source": 13, "target": 21}, {"distance": 0.7427404277161147, "on_path": 0, "source": 13, "target": 17}, {"distance": 0.9127037953999424, "on_path": 0, "source": 14, "target": 29}, {"distance": 2.0057362229408, "on_path": 0, "source": 14, "target": 19}, {"distance": 0.17721821485532419, "on_path": 0, "source": 14, "target": 16}, {"distance": 0.31224355415334687, "on_path": 0, "source": 15, "target": 19}, {"distance": 1.975070185164614, "on_path": 0, "source": 16, "target": 19}, {"distance": 0.4380195272197637, "on_path": 0, "source": 16, "target": 20}, {"distance": 1.7880106916829266, "on_path": 0, "source": 16, "target": 23}, {"distance": 1.8001339475343971, "on_path": 0, "source": 17, "target": 20}, {"distance": 0.840504341089067, "on_path": 0, "source": 17, "target": 27}, {"distance": 1.5161132170055753, "on_path": 0, "source": 18, "target": 28}, {"distance": 1.1295805799134044, "on_path": 0, "source": 18, "target": 24}, {"distance": 1.5726984018801862, "on_path": 0, "source": 20, "target": 26}, {"distance": 0.5494373634015434, "on_path": 0, "source": 20, "target": 29}, {"distance": 0.9440976160778359, "on_path": 0, "source": 22, "target": 26}, {"distance": 1.4898256296657884, "on_path": 0, "source": 25, "target": 26}, {"distance": 1.262806114930715, "on_path": 0, "source": 26, "target": 29}]}