{"directed": false, "multigraph": false, "graph": {}, "nodes": [{"node_features": [0.0, 0.0], "id": 0}, {"node_features": [0.0, 0.0], "id": 1}, {"node_features": [0.0, 0.0], "id": 2}, {"node_features": [0.0, 0.0], "id": 3}, {"node_features": [0.0, 0.0], "id": 4}, {"node_features": [0.0, 0.0], "id": 5}, {"node_features": [0.0, 0.0], "id": 6}, {"node_features": [0.0, 0.0], "id": 7}, {"node_features": [0.0, 0.0], "id": 8}, {"node_features": [0.0, 0.0], "id": 9}, {"node_features": [0.0, 0.0], "id": 10}, {"node_features": [0.0, 0.0], "id": 11}, {"node_features": [0.0, 0.0], "id": 12}, {"node_features": [0.0, 1.0], "id": 13}, {"node_features": [0.0, 0.0], "id": 14}, {"node_features": [0.0, 0.0], "id": 15}, {"node_features": [0.0, 0.0], "id": 16}, {"node_features": [0.0, 0.0], "id": 17}, {"node_features": [0.0, 0.0], "id": 18}, {"node_features": [0.0, 0.0], "id": 19}, {"node_features": [0.0, 0.0], "id": 20}, {"node_features": [0.0, 0.0], "id": 21}, {"node_features": [0.0, 0.0], "id": 22}, {"node_features": [0.0, 0.0], "id": 23}, {"node_features": [1.0, 0.0], "id": 24}, {"node_features": [0.0, 0.0], "id": 25}, {"node_features": [0.0, 0.0], "id": 26}, {"node_features": [0.0, 0.0], "id": 27}, {"node_features": [0.0, 0.0], "id": 28}], "links": [{"distance": 1.318190953794825, "on_path": 0, "source": 0, "target": 25}, {"distance": 1.4644991553153273, "on_path": 0, "source": 0, "target": 18}, {"distance": 1.1834057656257935, "on_path": 0, "source": 0, "target": 19}, {"distance": 1.1463217074541499, "on_path": 0, "source": 1, "target": 20}, {"distance": 1.9242681404994948, "on_path": 0, "source": 1, "target": 2}, {"distance": 1.365811066900412, "on_path": 0, "source": 1, "target": 11}, {"distance": 0.49481605435245, "on_path": 0, "source": 1, "target": 8}, {"distance": 1.725047350190732, "on_path": 0, "source": 1, "target": 15}, {"distance": 0.8494787005453024, "on_path": 0, "source": 1, "target": 25}, {"distance": 1.9734099517724768, "on_path": 0, "source": 1, "target": 26}, {"distance": 1.1798966911352744, "on_path": 0, "source": 2, "target": 13}, {"distance": 0.5585725468436158, "on_path": 0, "source": 2, "target": 11}, {"distance": 0.4952008522843574, "on_path": 0, "source": 2, "target": 28}, {"distance": 1.6920840774418018, "on_path": 0, "source": 3, "target": 26}, {"distance": 1.4920456478251392, "on_path": 0, "source": 3, "target": 23}, {"distance": 1.0468273477009695, "on_path": 0, "source": 3, "target": 9}, {"distance": 1.094972155419922, "on_path": 0, "source": 3, "target": 18}, {"distance": 0.5644040564124561, "on_path": 0, "source": 4, "target": 18}, {"distance": 0.5437672265807642, "on_path": 0, "source": 4, "target": 21}, {"distance": 2.0371074266101563, "on_path": 0, "source": 4, "target": 10}, {"distance": 0.38486546608067634, "on_path": 0, "source": 5, "target": 23}, {"distance": 0.8312615480711977, "on_path": 0, "source": 5, "target": 12}, {"distance": 0.7304188309534636, "on_path": 0, "source": 5, "target": 16}, {"distance": 0.7871780545489506, "on_path": 0, "source": 5, "target": 19}, {"distance": 1.1754813344410477, "on_path": 0, "source": 6, "target": 9}, {"distance": 0.7705741362637553, "on_path": 0, "source": 6, "target": 16}, {"distance": 0.8099505808312223, "on_path": 0, "source": 6, "target": 13}, {"distance": 1.2386558564691321, "on_path": 0, "source": 7, "target": 28}, {"distance": 0.3679523083410353, "on_path": 1, "source": 7, "target": 27}, {"distance": 0.8138975140618054, "on_path": 1, "source": 7, "target": 24}, {"distance": 0.37087162509661614, "on_path": 0, "source": 8, "target": 18}, {"distance": 1.7651680437470856, "on_path": 0, "source": 8, "target": 26}, {"distance": 1.0567250640919479, "on_path": 0, "source": 8, "target": 28}, {"distance": 0.5405984477369111, "on_path": 0, "source": 9, "target": 20}, {"distance": 1.3761356081743539, "on_path": 0, "source": 9, "target": 13}, {"distance": 1.1030156575256678, "on_path": 0, "source": 10, "target": 25}, {"distance": 1.7091610601914289, "on_path": 0, "source": 10, "target": 24}, {"distance": 1.6598525349739883, "on_path": 0, "source": 10, "target": 22}, {"distance": 1.2282680802045998, "on_path": 0, "source": 11, "target": 23}, {"distance": 1.686294026864172, "on_path": 0, "source": 12, "target": 25}, {"distance": 1.116737730392468, "on_path": 0, "source": 12, "target": 21}, {"distance": 2.1784572818335337, "on_path": 0, "source": 12, "target": 27}, {"distance": 0.9500403128796311, "on_path": 1, "source": 13, "target": 20}, {"distance": 0.6976733008805377, "on_path": 0, "source": 13, "target": 22}, {"distance": 0.3425625881337732, "on_path": 0, "source": 14, "target": 28}, {"distance": 1.2853203824805142, "on_path": 0, "source": 14, "target": 27}, {"distance": 1.0248911517489316, "on_path": 0, "source": 14, "target": 25}, {"distance": 0.9370835821558664, "on_path": 0, "source": 14, "target": 23}, {"distance": 0.9751268627101336, "on_path": 0, "source": 15, "target": 20}, {"distance": 0.9979558618481544, "on_path": 0, "source": 15, "target": 17}, {"distance": 0.774161883792774, "on_path": 0, "source": 16, "target": 28}, {"distance": 1.2721181848073488, "on_path": 0, "source": 16, "target": 27}, {"distance": 0.15065069534339254, "on_path": 0, "source": 17, "target": 25}, {"distance": 1.0461776832259897, "on_path": 0, "source": 18, "target": 20}, {"distance": 1.036529556629454, "on_path": 0, "source": 19, "target": 23}, {"distance": 1.449275093685061, "on_path": 1, "source": 20, "target": 27}, {"distance": 0.23034530549979676, "on_path": 0, "source": 20, "target": 21}, {"distance": 0.4996450638557671, "on_path": 0, "source": 22, "target": 23}]}