{"directed": false, "multigraph": false, "graph": {}, "nodes": [{"node_features": [0.0, 0.0], "id": 0}, {"node_features": [0.0, 0.0], "id": 1}, {"node_features": [0.0, 0.0], "id": 2}, {"node_features": [0.0, 1.0], "id": 3}, {"node_features": [1.0, 0.0], "id": 4}, {"node_features": [0.0, 0.0], "id": 5}, {"node_features": [0.0, 0.0], "id": 6}, {"node_features": [0.0, 0.0], "id": 7}, {"node_features": [0.0, 0.0], "id": 8}, {"node_features": [0.0, 0.0], "id": 9}, {"node_features": [0.0, 0.0], "id": 10}, {"node_features": [0.0, 0.0], "id": 11}, {"node_features": [0.0, 0.0], "id": 12}, {"node_features": [0.0, 0.0], "id": 13}, {"node_features": [0.0, 0.0], "id": 14}, {"node_features": [0.0, 0.0], "id": 15}, {"node_features": [0.0, 0.0], "id": 16}, {"node_features": [0.0, 0.0], "id": 17}, {"node_features": [0.0, 0.0], "id": 18}], "links": [{"distance": 1.1649369462165033, "on_path": 0, "source": 0, "target": 10}, {"distance": 1.330252259483794, "on_path": 0, "source": 0, "target": 14}, {"distance": 0.11677457144967075, "on_path": 0, "source": 0, "target": 18}, {"distance": 0.7829491749061938, "on_path": 0, "source": 1, "target": 10}, {"distance": 1.0958014054630307, "on_path": 0, "source": 1, "target": 13}, {"distance": 0.7568492417874857, "on_path": 1, "source": 1, "target": 15}, {"distance": 1.3084688318849123, "on_path": 0, "source": 1, "target": 12}, {"distance": 1.325919971916547, "on_path": 0, "source": 1, "target": 5}, {"distance": 1.2039794922819027, "on_path": 0, "source": 1, "target": 7}, {"distance": 0.2737807270158451, "on_path": 1, "source": 1, "target": 9}, {"distance": 1.3855849791049633, "on_path": 0, "source": 2, "target": 11}, {"distance": 0.6469771487273281, "on_path": 0, "source": 2, "target": 16}, {"distance": 0.5962497778851991, "on_path": 1, "source": 3, "target": 15}, {"distance": 1.4611753046171219, "on_path": 0, "source": 3, "target": 16}, {"distance": 0.8922124960637586, "on_path": 0, "source": 3, "target": 12}, {"distance": 1.0125075996431494, "on_path": 1, "source": 4, "target": 17}, {"distance": 1.7296759792984673, "on_path": 0, "source": 4, "target": 11}, {"distance": 0.8194881300303553, "on_path": 0, "source": 5, "target": 16}, {"distance": 1.1463364593656398, "on_path": 0, "source": 5, "target": 8}, {"distance": 0.2419174656764627, "on_path": 0, "source": 5, "target": 12}, {"distance": 1.407344860461908, "on_path": 0, "source": 6, "target": 10}, {"distance": 0.33152987641203624, "on_path": 0, "source": 6, "target": 7}, {"distance": 0.9561954714540308, "on_path": 0, "source": 6, "target": 18}, {"distance": 1.4326172741468999, "on_path": 0, "source": 7, "target": 11}, {"distance": 1.0362076972052998, "on_path": 0, "source": 8, "target": 17}, {"distance": 1.203687723195252, "on_path": 0, "source": 9, "target": 13}, {"distance": 0.34028674902423717, "on_path": 1, "source": 9, "target": 17}, {"distance": 1.0481998425653702, "on_path": 0, "source": 10, "target": 18}, {"distance": 1.7953388848153888, "on_path": 0, "source": 10, "target": 13}, {"distance": 2.1182577545244774, "on_path": 0, "source": 10, "target": 14}, {"distance": 1.4572509482390272, "on_path": 0, "source": 10, "target": 16}, {"distance": 1.5468968564500538, "on_path": 0, "source": 11, "target": 15}, {"distance": 0.7674878387300358, "on_path": 0, "source": 11, "target": 13}, {"distance": 0.5544413067750089, "on_path": 0, "source": 12, "target": 15}, {"distance": 1.387890476684155, "on_path": 0, "source": 14, "target": 18}, {"distance": 1.8337528449189382, "on_path": 0, "source": 14, "target": 17}, {"distance": 0.4753216649628669, "on_path": 0, "source": 15, "target": 18}, {"distance": 1.2794261060792735, "on_path": 0, "source": 17, "target": 18}]}