{"directed": false, "multigraph": false, "graph": {}, "nodes": [{"node_features": [0.0, 1.0], "id": 0}, {"node_features": [0.0, 0.0], "id": 1}, {"node_features": [0.0, 0.0], "id": 2}, {"node_features": [0.0, 0.0], "id": 3}, {"node_features": [0.0, 0.0], "id": 4}, {"node_features": [0.0, 0.0], "id": 5}, {"node_features": [0.0, 0.0], "id": 6}, {"node_features": [0.0, 0.0], "id": 7}, {"node_features": [0.0, 0.0], "id": 8}, {"node_features": [1.0, 0.0], "id": 9}, {"node_features": [0.0, 0.0], "id": 10}, {"node_features": [0.0, 0.0], "id": 11}, {"node_features": [0.0, 0.0], "id": 12}, {"node_features": [0.0, 0.0], "id": 13}, {"node_features": [0.0, 0.0], "id": 14}, {"node_features": [0.0, 0.0], "id": 15}, {"node_features": [0.0, 0.0], "id": 16}, {"node_features": [0.0, 0.0], "id": 17}, {"node_features": [0.0, 0.0], "id": 18}, {"node_features": [0.0, 0.0], "id": 19}, {"node_features": [0.0, 0.0], "id": 20}, {"node_features": [0.0, 0.0], "id": 21}, {"node_features": [0.0, 0.0], "id": 22}, {"node_features": [0.0, 0.0], "id": 23}], "links": [{"distance": 0.4187406034589296, "on_path": 0, "source": 0, "target": 13}, {"distance": 0.6566762153369986, "on_path": 1, "source": 0, "target": 3}, {"distance": 1.8292654785119316, "on_path": 0, "source": 0, "target": 14}, {"distance": 0.4249304001243918, "on_path": 0, "source": 1, "target": 18}, {"distance": 1.2102688415510252, "on_path": 0, "source": 1, "target": 19}, {"distance": 1.3800938428738945, "on_path": 0, "source": 2, "target": 12}, {"distance": 1.199471801151219, "on_path": 0, "source": 2, "target": 16}, {"distance": 0.8219036335067867, "on_path": 0, "source": 2, "target": 22}, {"distance": 1.5137558472493073, "on_path": 0, "source": 2, "target": 19}, {"distance": 1.8833342733760805, "on_path": 0, "source": 2, "target": 14}, {"distance": 1.8579483918841369, "on_path": 0, "source": 3, "target": 6}, {"distance": 0.914661763710207, "on_path": 0, "source": 3, "target": 8}, {"distance": 0.2398909173345512, "on_path": 0, "source": 3, "target": 13}, {"distance": 0.793774984787896, "on_path": 1, "source": 3, "target": 18}, {"distance": 1.159889826569201, "on_path": 0, "source": 3, "target": 22}, {"distance": 0.7307356079729097, "on_path": 1, "source": 4, "target": 15}, {"distance": 0.28315530198936395, "on_path": 1, "source": 4, "target": 18}, {"distance": 0.9084154075492616, "on_path": 0, "source": 4, "target": 20}, {"distance": 0.4115738871865256, "on_path": 0, "source": 4, "target": 21}, {"distance": 1.277632492770595, "on_path": 0, "source": 4, "target": 11}, {"distance": 1.0302953691843293, "on_path": 0, "source": 4, "target": 23}, {"distance": 1.4174613127548787, "on_path": 0, "source": 5, "target": 8}, {"distance": 1.4458321013924693, "on_path": 0, "source": 5, "target": 12}, {"distance": 1.7649354206246317, "on_path": 0, "source": 6, "target": 13}, {"distance": 0.4854413189652206, "on_path": 0, "source": 7, "target": 15}, {"distance": 0.9282090485268495, "on_path": 0, "source": 7, "target": 18}, {"distance": 0.9647979026987746, "on_path": 0, "source": 8, "target": 13}, {"distance": 1.3983083921539623, "on_path": 0, "source": 9, "target": 16}, {"distance": 1.227993029196901, "on_path": 1, "source": 9, "target": 15}, {"distance": 1.7218707312191797, "on_path": 0, "source": 9, "target": 21}, {"distance": 1.5075644455177704, "on_path": 0, "source": 9, "target": 10}, {"distance": 0.7335951188979315, "on_path": 0, "source": 10, "target": 23}, {"distance": 0.17610083351761097, "on_path": 0, "source": 10, "target": 19}, {"distance": 1.0074567027762702, "on_path": 0, "source": 11, "target": 18}, {"distance": 1.4545837622636988, "on_path": 0, "source": 11, "target": 12}, {"distance": 0.5271323937059716, "on_path": 0, "source": 11, "target": 13}, {"distance": 1.106354044466784, "on_path": 0, "source": 12, "target": 18}, {"distance": 1.4618237086124057, "on_path": 0, "source": 12, "target": 13}, {"distance": 1.4546527978914592, "on_path": 0, "source": 12, "target": 21}, {"distance": 1.5840565250035143, "on_path": 0, "source": 13, "target": 23}, {"distance": 0.5971721726611758, "on_path": 0, "source": 14, "target": 23}, {"distance": 0.7831819188012695, "on_path": 0, "source": 14, "target": 16}, {"distance": 1.4396971932837601, "on_path": 0, "source": 15, "target": 19}, {"distance": 1.5064698910782155, "on_path": 0, "source": 16, "target": 17}, {"distance": 1.7251811511935256, "on_path": 0, "source": 17, "target": 20}, {"distance": 1.0930836155424588, "on_path": 0, "source": 18, "target": 19}, {"distance": 0.16660395479801746, "on_path": 0, "source": 19, "target": 20}, {"distance": 1.3119373477758172, "on_path": 0, "source": 20, "target": 21}]}