{"directed": false, "multigraph": false, "graph": {}, "nodes": [{"node_features": [0.0, 0.0], "id": 0}, {"node_features": [0.0, 0.0], "id": 1}, {"node_features": [0.0, 0.0], "id": 2}, {"node_features": [1.0, 0.0], "id": 3}, {"node_features": [0.0, 0.0], "id": 4}, {"node_features": [0.0, 0.0], "id": 5}, {"node_features": [0.0, 0.0], "id": 6}, {"node_features": [0.0, 0.0], "id": 7}, {"node_features": [0.0, 0.0], "id": 8}, {"node_features": [0.0, 0.0], "id": 9}, {"node_features": [0.0, 0.0], "id": 10}, {"node_features": [0.0, 1.0], "id": 11}, {"node_features": [0.0, 0.0], "id": 12}, {"node_features": [0.0, 0.0], "id": 13}, {"node_features": [0.0, 0.0], "id": 14}, {"node_features": [0.0, 0.0], "id": 15}, {"node_features": [0.0, 0.0], "id": 16}, {"node_features": [0.0, 0.0], "id": 17}, {"node_features": [0.0, 0.0], "id": 18}, {"node_features": [0.0, 0.0], "id": 19}, {"node_features": [0.0, 0.0], "id": 20}, {"node_features": [0.0, 0.0], "id": 21}, {"node_features": [0.0, 0.0], "id": 22}, {"node_features": [0.0, 0.0], "id": 23}, {"node_features": [0.0, 0.0], "id": 24}, {"node_features": [0.0, 0.0], "id": 25}, {"node_features": [0.0, 0.0], "id": 26}, {"node_features": [0.0, 0.0], "id": 27}], "links": [{"distance": 0.9812597441221069, "on_path": 0, "source": 0, "target": 12}, {"distance": 1.0901882122733897, "on_path": 0, "source": 0, "target": 13}, {"distance": 0.9582958185855344, "on_path": 0, "source": 0, "target": 15}, {"distance": 0.8340787701042206, "on_path": 0, "source": 1, "target": 14}, {"distance": 1.1239436314186044, "on_path": 0, "source": 1, "target": 13}, {"distance": 0.5755187508467539, "on_path": 0, "source": 1, "target": 23}, {"distance": 1.6290347119850375, "on_path": 0, "source": 2, "target": 23}, {"distance": 1.2133999918198528, "on_path": 0, "source": 2, "target": 26}, {"distance": 1.0881827408672837, "on_path": 0, "source": 2, "target": 18}, {"distance": 0.7095394913260421, "on_path": 0, "source": 3, "target": 23}, {"distance": 0.4387951176846761, "on_path": 1, "source": 3, "target": 21}, {"distance": 1.0266277780147814, "on_path": 0, "source": 4, "target": 17}, {"distance": 0.6024659890900438, "on_path": 0, "source": 4, "target": 8}, {"distance": 0.8894335370540414, "on_path": 0, "source": 4, "target": 10}, {"distance": 0.9429355205054809, "on_path": 0, "source": 4, "target": 11}, {"distance": 0.4044923153535858, "on_path": 0, "source": 4, "target": 25}, {"distance": 1.5633523843908284, "on_path": 0, "source": 5, "target": 27}, {"distance": 0.8927140061293612, "on_path": 0, "source": 5, "target": 17}, {"distance": 0.7660905866178054, "on_path": 0, "source": 5, "target": 6}, {"distance": 1.7843810625596332, "on_path": 0, "source": 6, "target": 18}, {"distance": 0.5981962833636552, "on_path": 0, "source": 7, "target": 23}, {"distance": 0.7886920650435739, "on_path": 0, "source": 7, "target": 8}, {"distance": 1.8197150909947908, "on_path": 0, "source": 7, "target": 22}, {"distance": 0.9952210211605664, "on_path": 0, "source": 8, "target": 25}, {"distance": 0.4780544770186715, "on_path": 0, "source": 8, "target": 14}, {"distance": 1.3444653689158133, "on_path": 0, "source": 8, "target": 27}, {"distance": 0.6604683146057371, "on_path": 0, "source": 9, "target": 25}, {"distance": 0.9020980846566231, "on_path": 0, "source": 9, "target": 10}, {"distance": 0.6928421978220312, "on_path": 1, "source": 9, "target": 12}, {"distance": 0.4412352897385582, "on_path": 1, "source": 9, "target": 21}, {"distance": 0.23468057497882283, "on_path": 0, "source": 10, "target": 27}, {"distance": 1.0556207878824908, "on_path": 0, "source": 10, "target": 16}, {"distance": 0.7319168663492879, "on_path": 0, "source": 10, "target": 21}, {"distance": 1.0248175116819642, "on_path": 0, "source": 10, "target": 24}, {"distance": 0.6407037753854237, "on_path": 0, "source": 11, "target": 25}, {"distance": 0.40401677620267856, "on_path": 1, "source": 11, "target": 12}, {"distance": 1.0567976644514525, "on_path": 0, "source": 11, "target": 17}, {"distance": 1.1620652477533513, "on_path": 0, "source": 11, "target": 18}, {"distance": 0.41563110598614683, "on_path": 0, "source": 13, "target": 22}, {"distance": 1.1206827557793486, "on_path": 0, "source": 13, "target": 27}, {"distance": 1.4616934117100528, "on_path": 0, "source": 13, "target": 25}, {"distance": 1.527138365915659, "on_path": 0, "source": 13, "target": 19}, {"distance": 1.3186058989086162, "on_path": 0, "source": 14, "target": 17}, {"distance": 1.5400493419161347, "on_path": 0, "source": 14, "target": 20}, {"distance": 0.4306116137368326, "on_path": 0, "source": 15, "target": 25}, {"distance": 0.10294669980960924, "on_path": 0, "source": 15, "target": 18}, {"distance": 1.0387547515814133, "on_path": 0, "source": 16, "target": 25}, {"distance": 1.1508440628719552, "on_path": 0, "source": 17, "target": 25}, {"distance": 1.1549074055286994, "on_path": 0, "source": 17, "target": 23}, {"distance": 0.6996181672704916, "on_path": 0, "source": 18, "target": 24}, {"distance": 0.5264405660246247, "on_path": 0, "source": 18, "target": 25}, {"distance": 1.6763360703604895, "on_path": 0, "source": 19, "target": 22}, {"distance": 0.6739811180251474, "on_path": 0, "source": 20, "target": 25}, {"distance": 1.3670999193605122, "on_path": 0, "source": 22, "target": 25}, {"distance": 1.4613965943697587, "on_path": 0, "source": 23, "target": 27}, {"distance": 0.9978990100604926, "on_path": 0, "source": 24, "target": 26}]}