{"directed": false, "multigraph": false, "graph": {}, "nodes": [{"node_features": [0.0, 0.0], "id": 0}, {"node_features": [0.0, 0.0], "id": 1}, {"node_features": [0.0, 0.0], "id": 2}, {"node_features": [0.0, 0.0], "id": 3}, {"node_features": [0.0, 0.0], "id": 4}, {"node_features": [0.0, 0.0], "id": 5}, {"node_features": [0.0, 0.0], "id": 6}, {"node_features": [0.0, 0.0], "id": 7}, {"node_features": [0.0, 0.0], "id": 8}, {"node_features": [0.0, 0.0], "id": 9}, {"node_features": [0.0, 0.0], "id": 10}, {"node_features": [0.0, 0.0], "id": 11}, {"node_features": [0.0, 0.0], "id": 12}, {"node_features": [0.0, 0.0], "id": 13}, {"node_features": [1.0, 0.0], "id": 14}, {"node_features": [0.0, 0.0], "id": 15}, {"node_features": [0.0, 0.0], "id": 16}, {"node_features": [0.0, 0.0], "id": 17}, {"node_features": [0.0, 0.0], "id": 18}, {"node_features": [0.0, 0.0], "id": 19}, {"node_features": [0.0, 0.0], "id": 20}, {"node_features": [0.0, 0.0], "id": 21}, {"node_features": [0.0, 0.0], "id": 22}, {"node_features": [0.0, 0.0], "id": 23}, {"node_features": [0.0, 0.0], "id": 24}, {"node_features": [0.0, 0.0], "id": 25}, {"node_features": [0.0, 1.0], "id": 26}, {"node_features": [0.0, 0.0], "id": 27}, {"node_features": [0.0, 0.0], "id": 28}, {"node_features": [0.0, 0.0], "id": 29}, {"node_features": [0.0, 0.0], "id": 30}, {"node_features": [0.0, 0.0], "id": 31}, {"node_features": [0.0, 0.0], "id": 32}, {"node_features": [0.0, 0.0], "id": 33}, {"node_features": [0.0, 0.0], "id": 34}, {"node_features": [0.0, 0.0], "id": 35}, {"node_features": [0.0, 0.0], "id": 36}, {"node_features": [0.0, 0.0], "id": 37}, {"node_features": [0.0, 0.0], "id": 38}, {"node_features": [0.0, 0.0], "id": 39}, {"node_features": [0.0, 0.0], "id": 40}, {"node_features": [0.0, 0.0], "id": 41}, {"node_features": [0.0, 0.0], "id": 42}, {"node_features": [0.0, 0.0], "id": 43}], "links": [{"distance": 0.4449553456290935, "on_path": 0, "source": 0, "target": 28}, {"distance": 1.3932859832329818, "on_path": 0, "source": 0, "target": 32}, {"distance": 0.8421336967581459, "on_path": 0, "source": 0, "target": 14}, {"distance": 0.7294305561633226, "on_path": 0, "source": 1, "target": 32}, {"distance": 1.0912611522474271, "on_path": 0, "source": 1, "target": 24}, {"distance": 0.5867395612557662, "on_path": 0, "source": 1, "target": 11}, {"distance": 0.9568020934560453, "on_path": 0, "source": 1, "target": 4}, {"distance": 0.7190212990733282, "on_path": 0, "source": 1, "target": 5}, {"distance": 1.1027906527343143, "on_path": 1, "source": 2, "target": 21}, {"distance": 0.59007763334238, "on_path": 1, "source": 2, "target": 30}, {"distance": 0.5734382075376577, "on_path": 0, "source": 2, "target": 43}, {"distance": 1.2198863874904864, "on_path": 0, "source": 2, "target": 42}, {"distance": 0.5682140555074814, "on_path": 0, "source": 2, "target": 34}, {"distance": 1.1092380892064968, "on_path": 0, "source": 3, "target": 25}, {"distance": 1.0486857195017332, "on_path": 0, "source": 3, "target": 23}, {"distance": 0.32996556853967957, "on_path": 0, "source": 3, "target": 6}, {"distance": 0.9986734277856867, "on_path": 0, "source": 4, "target": 21}, {"distance": 1.4448905732895716, "on_path": 0, "source": 4, "target": 41}, {"distance": 1.3207777708773007, "on_path": 0, "source": 5, "target": 20}, {"distance": 0.8216805572853723, "on_path": 0, "source": 5, "target": 36}, {"distance": 1.2951449369364936, "on_path": 0, "source": 5, "target": 42}, {"distance": 1.4107726282381337, "on_path": 0, "source": 5, "target": 15}, {"distance": 0.9849436508071171, "on_path": 0, "source": 5, "target": 35}, {"distance": 1.0549873229511857, "on_path": 0, "source": 6, "target": 27}, {"distance": 1.2471616077606507, "on_path": 0, "source": 6, "target": 33}, {"distance": 0.889332580639798, "on_path": 0, "source": 6, "target": 36}, {"distance": 1.3741965351672514, "on_path": 0, "source": 6, "target": 23}, {"distance": 0.19818122156229573, "on_path": 1, "source": 7, "target": 30}, {"distance": 1.023098741154015, "on_path": 0, "source": 7, "target": 35}, {"distance": 1.1053601917096654, "on_path": 0, "source": 7, "target": 42}, {"distance": 0.6055784838425565, "on_path": 1, "source": 7, "target": 29}, {"distance": 0.8016691809904377, "on_path": 0, "source": 8, "target": 42}, {"distance": 0.625054917493661, "on_path": 0, "source": 8, "target": 21}, {"distance": 1.4366560328212903, "on_path": 0, "source": 8, "target": 34}, {"distance": 0.7502566801396273, "on_path": 0, "source": 8, "target": 18}, {"distance": 0.8459583559625343, "on_path": 0, "source": 8, "target": 26}, {"distance": 1.0751092466765724, "on_path": 0, "source": 8, "target": 33}, {"distance": 0.9105852865153502, "on_path": 0, "source": 8, "target": 38}, {"distance": 0.7067360565292239, "on_path": 0, "source": 9, "target": 28}, {"distance": 1.3112815057686342, "on_path": 0, "source": 9, "target": 17}, {"distance": 1.707705459886292, "on_path": 0, "source": 9, "target": 22}, {"distance": 0.7891825457254348, "on_path": 0, "source": 9, "target": 36}, {"distance": 0.38433491001382253, "on_path": 0, "source": 9, "target": 42}, {"distance": 2.230743384835596, "on_path": 0, "source": 10, "target": 40}, {"distance": 1.8547659053613064, "on_path": 0, "source": 10, "target": 41}, {"distance": 1.090394622164662, "on_path": 0, "source": 10, "target": 25}, {"distance": 1.2542240963046876, "on_path": 0, "source": 11, "target": 32}, {"distance": 1.2899246560581652, "on_path": 0, "source": 11, "target": 14}, {"distance": 0.9171901396012255, "on_path": 0, "source": 12, "target": 38}, {"distance": 0.8207816866892673, "on_path": 0, "source": 12, "target": 13}, {"distance": 1.932815402695526, "on_path": 0, "source": 13, "target": 34}, {"distance": 1.58339873335237, "on_path": 0, "source": 13, "target": 32}, {"distance": 0.7953037662484996, "on_path": 0, "source": 13, "target": 14}, {"distance": 0.985560109926021, "on_path": 0, "source": 13, "target": 30}, {"distance": 0.2154316624915331, "on_path": 1, "source": 14, "target": 29}, {"distance": 1.0728086778417663, "on_path": 0, "source": 15, "target": 34}, {"distance": 0.24378237662786342, "on_path": 0, "source": 15, "target": 37}, {"distance": 0.5528237190763369, "on_path": 0, "source": 16, "target": 34}, {"distance": 1.5747696359316146, "on_path": 0, "source": 16, "target": 31}, {"distance": 0.9839247261153544, "on_path": 0, "source": 16, "target": 37}, {"distance": 0.27843874096023047, "on_path": 0, "source": 17, "target": 21}, {"distance": 0.9960855071313488, "on_path": 0, "source": 17, "target": 18}, {"distance": 1.0136555674378438, "on_path": 0, "source": 17, "target": 37}, {"distance": 0.9386137569681343, "on_path": 0, "source": 17, "target": 39}, {"distance": 1.4322020081120033, "on_path": 0, "source": 18, "target": 22}, {"distance": 0.16663140551749267, "on_path": 0, "source": 19, "target": 29}, {"distance": 1.1434146918185628, "on_path": 0, "source": 19, "target": 32}, {"distance": 0.3951065065107725, "on_path": 0, "source": 20, "target": 30}, {"distance": 1.0276113964406248, "on_path": 0, "source": 20, "target": 39}, {"distance": 0.5077368364665734, "on_path": 0, "source": 21, "target": 38}, {"distance": 0.27171344437119505, "on_path": 1, "source": 21, "target": 26}, {"distance": 0.9332654633011404, "on_path": 0, "source": 23, "target": 29}, {"distance": 0.46232874787588063, "on_path": 0, "source": 23, "target": 34}, {"distance": 1.6102308485638157, "on_path": 0, "source": 24, "target": 28}, {"distance": 1.6707537908643966, "on_path": 0, "source": 24, "target": 41}, {"distance": 0.6816444331736793, "on_path": 0, "source": 25, "target": 43}, {"distance": 1.2552879306921805, "on_path": 0, "source": 25, "target": 36}, {"distance": 0.8879258788813993, "on_path": 0, "source": 26, "target": 43}, {"distance": 0.13392173573084698, "on_path": 0, "source": 27, "target": 39}, {"distance": 0.4778624088563345, "on_path": 0, "source": 27, "target": 37}, {"distance": 0.46287353195529723, "on_path": 0, "source": 28, "target": 37}, {"distance": 1.2846533753334892, "on_path": 0, "source": 30, "target": 40}, {"distance": 0.6037278185785228, "on_path": 0, "source": 30, "target": 32}, {"distance": 1.632536724805562, "on_path": 0, "source": 31, "target": 35}, {"distance": 1.2048177651705523, "on_path": 0, "source": 33, "target": 39}, {"distance": 0.6868576822459828, "on_path": 0, "source": 37, "target": 43}, {"distance": 1.4763123030358833, "on_path": 0, "source": 38, "target": 39}, {"distance": 1.2605366578800508, "on_path": 0, "source": 40, "target": 43}]}