{"directed": false, "multigraph": false, "graph": {}, "nodes": [{"node_features": [0.0, 0.0], "id": 0}, {"node_features": [0.0, 0.0], "id": 1}, {"node_features": [0.0, 0.0], "id": 2}, {"node_features": [0.0, 0.0], "id": 3}, {"node_features": [1.0, 0.0], "id": 4}, {"node_features": [0.0, 0.0], "id": 5}, {"node_features": [0.0, 0.0], "id": 6}, {"node_features": [0.0, 0.0], "id": 7}, {"node_features": [0.0, 0.0], "id": 8}, {"node_features": [0.0, 0.0], "id": 9}, {"node_features": [0.0, 0.0], "id": 10}, {"node_features": [0.0, 0.0], "id": 11}, {"node_features": [0.0, 0.0], "id": 12}, {"node_features": [0.0, 0.0], "id": 13}, {"node_features": [0.0, 0.0], "id": 14}, {"node_features": [0.0, 0.0], "id": 15}, {"node_features": [0.0, 0.0], "id": 16}, {"node_features": [0.0, 1.0], "id": 17}, {"node_features": [0.0, 0.0], "id": 18}, {"node_features": [0.0, 0.0], "id": 19}, {"node_features": [0.0, 0.0], "id": 20}, {"node_features": [0.0, 0.0], "id": 21}], "links": [{"distance": 0.686365026328635, "on_path": 0, "source": 0, "target": 6}, {"distance": 0.7467030951404046, "on_path": 0, "source": 0, "target": 3}, {"distance": 1.5484674693267308, "on_path": 0, "source": 0, "target": 8}, {"distance": 1.1292364805106585, "on_path": 0, "source": 0, "target": 17}, {"distance": 1.432801903330181, "on_path": 0, "source": 0, "target": 14}, {"distance": 2.042340060214574, "on_path": 0, "source": 0, "target": 10}, {"distance": 1.8363728535203396, "on_path": 0, "source": 1, "target": 13}, {"distance": 1.2774586661046523, "on_path": 0, "source": 1, "target": 11}, {"distance": 0.5411866398951493, "on_path": 1, "source": 1, "target": 18}, {"distance": 2.187324320310247, "on_path": 0, "source": 1, "target": 6}, {"distance": 0.9580054237362519, "on_path": 1, "source": 1, "target": 5}, {"distance": 0.07248226835441586, "on_path": 0, "source": 2, "target": 20}, {"distance": 0.2635066887350769, "on_path": 0, "source": 2, "target": 12}, {"distance": 1.0909213209065265, "on_path": 0, "source": 2, "target": 5}, {"distance": 1.2460737834496554, "on_path": 0, "source": 3, "target": 18}, {"distance": 0.23989787893807663, "on_path": 0, "source": 3, "target": 13}, {"distance": 1.0216300378744074, "on_path": 0, "source": 4, "target": 15}, {"distance": 2.0153496950480023, "on_path": 0, "source": 4, "target": 10}, {"distance": 0.7961731308267501, "on_path": 0, "source": 4, "target": 14}, {"distance": 0.6795750924691113, "on_path": 1, "source": 4, "target": 18}, {"distance": 1.478422017384004, "on_path": 0, "source": 4, "target": 20}, {"distance": 0.505304275941071, "on_path": 1, "source": 5, "target": 17}, {"distance": 1.5235533825502983, "on_path": 0, "source": 6, "target": 14}, {"distance": 2.1883641333760337, "on_path": 0, "source": 6, "target": 9}, {"distance": 1.3989424822678822, "on_path": 0, "source": 6, "target": 17}, {"distance": 0.8649205176182262, "on_path": 0, "source": 6, "target": 15}, {"distance": 0.47010098770518216, "on_path": 0, "source": 7, "target": 17}, {"distance": 1.2215099804625502, "on_path": 0, "source": 7, "target": 19}, {"distance": 1.0198191314828486, "on_path": 0, "source": 7, "target": 21}, {"distance": 1.3020050028216172, "on_path": 0, "source": 7, "target": 10}, {"distance": 0.7714154097093894, "on_path": 0, "source": 7, "target": 16}, {"distance": 1.0988225402543794, "on_path": 0, "source": 8, "target": 16}, {"distance": 0.7545508295084186, "on_path": 0, "source": 8, "target": 12}, {"distance": 1.2248670194429587, "on_path": 0, "source": 8, "target": 17}, {"distance": 2.045301036984886, "on_path": 0, "source": 9, "target": 20}, {"distance": 1.8589166987374757, "on_path": 0, "source": 9, "target": 19}, {"distance": 1.2819525403572685, "on_path": 0, "source": 9, "target": 11}, {"distance": 0.6653217491034196, "on_path": 0, "source": 9, "target": 14}, {"distance": 0.5899257128426165, "on_path": 0, "source": 13, "target": 16}, {"distance": 1.205383737236837, "on_path": 0, "source": 14, "target": 19}, {"distance": 0.4663604086733661, "on_path": 0, "source": 15, "target": 21}, {"distance": 0.8952378647704684, "on_path": 0, "source": 16, "target": 20}, {"distance": 0.9278196083534269, "on_path": 0, "source": 16, "target": 18}, {"distance": 1.1987370551154497, "on_path": 0, "source": 17, "target": 21}]}