{"directed": false, "multigraph": false, "graph": {}, "nodes": [{"node_features": [1.0, 0.0], "id": 0}, {"node_features": [0.0, 0.0], "id": 1}, {"node_features": [0.0, 0.0], "id": 2}, {"node_features": [0.0, 0.0], "id": 3}, {"node_features": [0.0, 0.0], "id": 4}, {"node_features": [0.0, 0.0], "id": 5}, {"node_features": [0.0, 0.0], "id": 6}, {"node_features": [0.0, 0.0], "id": 7}, {"node_features": [0.0, 0.0], "id": 8}, {"node_features": [0.0, 0.0], "id": 9}, {"node_features": [0.0, 1.0], "id": 10}, {"node_features": [0.0, 0.0], "id": 11}, {"node_features": [0.0, 0.0], "id": 12}, {"node_features": [0.0, 0.0], "id": 13}, {"node_features": [0.0, 0.0], "id": 14}, {"node_features": [0.0, 0.0], "id": 15}, {"node_features": [0.0, 0.0], "id": 16}, {"node_features": [0.0, 0.0], "id": 17}, {"node_features": [0.0, 0.0], "id": 18}, {"node_features": [0.0, 0.0], "id": 19}, {"node_features": [0.0, 0.0], "id": 20}, {"node_features": [0.0, 0.0], "id": 21}, {"node_features": [0.0, 0.0], "id": 22}, {"node_features": [0.0, 0.0], "id": 23}, {"node_features": [0.0, 0.0], "id": 24}, {"node_features": [0.0, 0.0], "id": 25}, {"node_features": [0.0, 0.0], "id": 26}, {"node_features": [0.0, 0.0], "id": 27}, {"node_features": [0.0, 0.0], "id": 28}, {"node_features": [0.0, 0.0], "id": 29}, {"node_features": [0.0, 0.0], "id": 30}, {"node_features": [0.0, 0.0], "id": 31}, {"node_features": [0.0, 0.0], "id": 32}, {"node_features": [0.0, 0.0], "id": 33}, {"node_features": [0.0, 0.0], "id": 34}, {"node_features": [0.0, 0.0], "id": 35}, {"node_features": [0.0, 0.0], "id": 36}], "links": [{"distance": 0.09184180034840994, "on_path": 1, "source": 0, "target": 33}, {"distance": 0.8550323389040364, "on_path": 0, "source": 0, "target": 26}, {"distance": 1.2189157228663259, "on_path": 0, "source": 1, "target": 5}, {"distance": 1.1817772641929787, "on_path": 0, "source": 1, "target": 14}, {"distance": 1.2565081864193153, "on_path": 0, "source": 1, "target": 12}, {"distance": 0.92871292572215, "on_path": 0, "source": 1, "target": 7}, {"distance": 0.5739805823994975, "on_path": 0, "source": 2, "target": 34}, {"distance": 0.8364386371168682, "on_path": 0, "source": 2, "target": 29}, {"distance": 0.514608225029267, "on_path": 0, "source": 2, "target": 12}, {"distance": 0.2893833264165248, "on_path": 0, "source": 2, "target": 31}, {"distance": 1.1660723123573746, "on_path": 0, "source": 3, "target": 10}, {"distance": 1.2247353128751117, "on_path": 0, "source": 3, "target": 34}, {"distance": 1.2991440094228401, "on_path": 0, "source": 3, "target": 27}, {"distance": 1.7519598114007815, "on_path": 0, "source": 4, "target": 36}, {"distance": 1.6682596657751565, "on_path": 0, "source": 4, "target": 10}, {"distance": 1.1985337519316819, "on_path": 0, "source": 4, "target": 11}, {"distance": 2.2483341020519023, "on_path": 0, "source": 4, "target": 23}, {"distance": 1.834425022188237, "on_path": 0, "source": 5, "target": 16}, {"distance": 1.1415649471470508, "on_path": 0, "source": 5, "target": 32}, {"distance": 1.5957595400734024, "on_path": 0, "source": 5, "target": 25}, {"distance": 1.5861573849415216, "on_path": 0, "source": 5, "target": 33}, {"distance": 0.48080975132177023, "on_path": 0, "source": 6, "target": 22}, {"distance": 0.5969618916926455, "on_path": 0, "source": 6, "target": 10}, {"distance": 1.4525588823181819, "on_path": 0, "source": 6, "target": 34}, {"distance": 0.5064093139580429, "on_path": 0, "source": 7, "target": 11}, {"distance": 1.734315664825643, "on_path": 0, "source": 8, "target": 13}, {"distance": 1.6918704019474973, "on_path": 0, "source": 8, "target": 21}, {"distance": 1.07183529358683, "on_path": 0, "source": 8, "target": 35}, {"distance": 1.1320044373642226, "on_path": 0, "source": 8, "target": 12}, {"distance": 1.212010570712339, "on_path": 0, "source": 9, "target": 19}, {"distance": 2.115962507667419, "on_path": 0, "source": 9, "target": 15}, {"distance": 1.1863423307997985, "on_path": 0, "source": 9, "target": 31}, {"distance": 0.5852610761611717, "on_path": 0, "source": 9, "target": 28}, {"distance": 1.0728721710878601, "on_path": 0, "source": 9, "target": 21}, {"distance": 0.3206148785388455, "on_path": 1, "source": 10, "target": 30}, {"distance": 1.0959814439015994, "on_path": 0, "source": 11, "target": 35}, {"distance": 1.5219954625805052, "on_path": 0, "source": 11, "target": 16}, {"distance": 0.521478964492302, "on_path": 0, "source": 11, "target": 26}, {"distance": 0.5850970026720959, "on_path": 0, "source": 11, "target": 22}, {"distance": 1.0585827321206673, "on_path": 0, "source": 12, "target": 22}, {"distance": 0.8300356223283281, "on_path": 0, "source": 12, "target": 23}, {"distance": 0.8504882126294504, "on_path": 0, "source": 12, "target": 15}, {"distance": 1.3146846151479141, "on_path": 0, "source": 13, "target": 35}, {"distance": 1.2431468998187347, "on_path": 0, "source": 13, "target": 17}, {"distance": 0.7038507546680286, "on_path": 0, "source": 13, "target": 27}, {"distance": 1.380887055466032, "on_path": 0, "source": 13, "target": 30}, {"distance": 1.0966117838241942, "on_path": 0, "source": 13, "target": 19}, {"distance": 0.6152641881714941, "on_path": 0, "source": 13, "target": 34}, {"distance": 1.670802291106409, "on_path": 0, "source": 14, "target": 23}, {"distance": 1.7223286193129859, "on_path": 0, "source": 14, "target": 15}, {"distance": 0.658733990909215, "on_path": 0, "source": 14, "target": 28}, {"distance": 0.9127975830833395, "on_path": 0, "source": 14, "target": 36}, {"distance": 1.1839721381652542, "on_path": 0, "source": 15, "target": 33}, {"distance": 1.790956729471557, "on_path": 0, "source": 16, "target": 24}, {"distance": 0.8542094931547022, "on_path": 0, "source": 17, "target": 28}, {"distance": 1.3218601047632024, "on_path": 0, "source": 17, "target": 18}, {"distance": 1.02842833318436, "on_path": 0, "source": 18, "target": 25}, {"distance": 1.515728576489046, "on_path": 0, "source": 18, "target": 30}, {"distance": 0.9255711736200267, "on_path": 0, "source": 18, "target": 27}, {"distance": 0.5103247283824836, "on_path": 0, "source": 19, "target": 35}, {"distance": 0.6425957186656139, "on_path": 0, "source": 19, "target": 32}, {"distance": 0.42985195821036803, "on_path": 1, "source": 20, "target": 33}, {"distance": 0.47395977970764136, "on_path": 0, "source": 20, "target": 28}, {"distance": 1.2585082963812302, "on_path": 1, "source": 20, "target": 30}, {"distance": 1.5483246029665982, "on_path": 0, "source": 21, "target": 24}, {"distance": 2.234228279341393, "on_path": 0, "source": 22, "target": 36}, {"distance": 0.9521929978493349, "on_path": 0, "source": 22, "target": 26}, {"distance": 1.1799086072880958, "on_path": 0, "source": 24, "target": 34}, {"distance": 0.4388460343551578, "on_path": 0, "source": 24, "target": 30}, {"distance": 0.4446612554050534, "on_path": 0, "source": 25, "target": 28}, {"distance": 1.6688941089265878, "on_path": 0, "source": 25, "target": 29}, {"distance": 1.4613663985820213, "on_path": 0, "source": 26, "target": 36}, {"distance": 0.7895322838194473, "on_path": 0, "source": 27, "target": 35}, {"distance": 0.5253287821763868, "on_path": 0, "source": 31, "target": 32}]}