{"directed": false, "multigraph": false, "graph": {}, "nodes": [{"node_features": [0.0, 0.0], "id": 0}, {"node_features": [0.0, 0.0], "id": 1}, {"node_features": [0.0, 0.0], "id": 2}, {"node_features": [0.0, 0.0], "id": 3}, {"node_features": [0.0, 0.0], "id": 4}, {"node_features": [0.0, 0.0], "id": 5}, {"node_features": [0.0, 0.0], "id": 6}, {"node_features": [0.0, 0.0], "id": 7}, {"node_features": [0.0, 0.0], "id": 8}, {"node_features": [0.0, 0.0], "id": 9}, {"node_features": [0.0, 0.0], "id": 10}, {"node_features": [0.0, 0.0], "id": 11}, {"node_features": [0.0, 0.0], "id": 12}, {"node_features": [0.0, 0.0], "id": 13}, {"node_features": [0.0, 0.0], "id": 14}, {"node_features": [0.0, 0.0], "id": 15}, {"node_features": [0.0, 0.0], "id": 16}, {"node_features": [1.0, 0.0], "id": 17}, {"node_features": [0.0, 0.0], "id": 18}, {"node_features": [0.0, 0.0], "id": 19}, {"node_features": [0.0, 0.0], "id": 20}, {"node_features": [0.0, 0.0], "id": 21}, {"node_features": [0.0, 0.0], "id": 22}, {"node_features": [0.0, 0.0], "id": 23}, {"node_features": [0.0, 0.0], "id": 24}, {"node_features": [0.0, 0.0], "id": 25}, {"node_features": [0.0, 0.0], "id": 26}, {"node_features": [0.0, 0.0], "id": 27}, {"node_features": [0.0, 0.0], "id": 28}, {"node_features": [0.0, 0.0], "id": 29}, {"node_features": [0.0, 0.0], "id": 30}, {"node_features": [0.0, 0.0], "id": 31}, {"node_features": [0.0, 0.0], "id": 32}, {"node_features": [0.0, 0.0], "id": 33}, {"node_features": [0.0, 0.0], "id": 34}, {"node_features": [0.0, 1.0], "id": 35}, {"node_features": [0.0, 0.0], "id": 36}, {"node_features": [0.0, 0.0], "id": 37}, {"node_features": [0.0, 0.0], "id": 38}, {"node_features": [0.0, 0.0], "id": 39}, {"node_features": [0.0, 0.0], "id": 40}, {"node_features": [0.0, 0.0], "id": 41}, {"node_features": [0.0, 0.0], "id": 42}], "links": [{"distance": 0.2764510952191182, "on_path": 0, "source": 0, "target": 32}, {"distance": 1.5787271079606564, "on_path": 0, "source": 0, "target": 38}, {"distance": 0.04007262829896626, "on_path": 0, "source": 0, "target": 14}, {"distance": 0.7534864335776104, "on_path": 0, "source": 0, "target": 23}, {"distance": 1.12703598776428, "on_path": 0, "source": 1, "target": 14}, {"distance": 0.9086471973292103, "on_path": 0, "source": 1, "target": 27}, {"distance": 1.226089903102336, "on_path": 0, "source": 1, "target": 6}, {"distance": 1.3375324848425956, "on_path": 0, "source": 2, "target": 10}, {"distance": 0.6786166984733518, "on_path": 0, "source": 2, "target": 15}, {"distance": 0.9986834384362054, "on_path": 0, "source": 2, "target": 22}, {"distance": 0.7824290891082202, "on_path": 0, "source": 2, "target": 36}, {"distance": 0.9411012187199577, "on_path": 0, "source": 3, "target": 18}, {"distance": 0.937441554484541, "on_path": 0, "source": 3, "target": 4}, {"distance": 0.991434878829055, "on_path": 0, "source": 3, "target": 20}, {"distance": 1.8136771361742225, "on_path": 0, "source": 3, "target": 24}, {"distance": 0.8796618981761201, "on_path": 0, "source": 3, "target": 34}, {"distance": 1.1926561167724667, "on_path": 0, "source": 3, "target": 29}, {"distance": 1.8326312883480531, "on_path": 0, "source": 4, "target": 38}, {"distance": 1.3439719717108725, "on_path": 0, "source": 4, "target": 7}, {"distance": 1.4052174526504893, "on_path": 0, "source": 4, "target": 39}, {"distance": 1.4019848615232107, "on_path": 0, "source": 5, "target": 11}, {"distance": 1.5555190473536087, "on_path": 0, "source": 5, "target": 14}, {"distance": 0.46387793980463826, "on_path": 0, "source": 5, "target": 38}, {"distance": 0.9180548128358288, "on_path": 0, "source": 5, "target": 34}, {"distance": 0.4412373312066002, "on_path": 0, "source": 5, "target": 42}, {"distance": 1.2357587610918916, "on_path": 0, "source": 6, "target": 40}, {"distance": 1.9341160746263726, "on_path": 0, "source": 6, "target": 41}, {"distance": 0.3752920485893158, "on_path": 0, "source": 6, "target": 9}, {"distance": 1.9701386073440879, "on_path": 0, "source": 7, "target": 28}, {"distance": 1.3268962910271045, "on_path": 0, "source": 7, "target": 11}, {"distance": 1.8515150725512517, "on_path": 0, "source": 7, "target": 36}, {"distance": 1.5704304657655344, "on_path": 0, "source": 7, "target": 13}, {"distance": 1.8255061955896532, "on_path": 0, "source": 7, "target": 15}, {"distance": 1.7385413806111485, "on_path": 0, "source": 8, "target": 37}, {"distance": 0.9906834531038425, "on_path": 0, "source": 8, "target": 21}, {"distance": 1.1033655987916793, "on_path": 0, "source": 8, "target": 18}, {"distance": 0.36595711491755134, "on_path": 0, "source": 9, "target": 22}, {"distance": 0.9602647823024303, "on_path": 0, "source": 9, "target": 19}, {"distance": 0.3878381224920245, "on_path": 0, "source": 9, "target": 23}, {"distance": 0.9053908323112136, "on_path": 0, "source": 10, "target": 18}, {"distance": 0.5825475432716665, "on_path": 0, "source": 10, "target": 39}, {"distance": 0.7970514804240324, "on_path": 0, "source": 11, "target": 28}, {"distance": 1.4400617099224906, "on_path": 0, "source": 11, "target": 38}, {"distance": 0.4476499867433049, "on_path": 1, "source": 12, "target": 28}, {"distance": 1.7546443167689285, "on_path": 0, "source": 12, "target": 13}, {"distance": 1.3327666041259605, "on_path": 0, "source": 12, "target": 16}, {"distance": 0.1809407717143565, "on_path": 0, "source": 12, "target": 33}, {"distance": 1.0182075443973335, "on_path": 1, "source": 12, "target": 17}, {"distance": 0.7628264186182685, "on_path": 0, "source": 13, "target": 20}, {"distance": 0.3242498554428507, "on_path": 0, "source": 13, "target": 24}, {"distance": 1.8658268514851895, "on_path": 0, "source": 13, "target": 33}, {"distance": 1.0368424235958391, "on_path": 0, "source": 14, "target": 39}, {"distance": 0.6193453301025683, "on_path": 0, "source": 16, "target": 25}, {"distance": 1.908253164967649, "on_path": 0, "source": 17, "target": 22}, {"distance": 1.7318026680194525, "on_path": 0, "source": 17, "target": 38}, {"distance": 1.3430105702249937, "on_path": 0, "source": 17, "target": 20}, {"distance": 1.071770290653109, "on_path": 0, "source": 18, "target": 30}, {"distance": 0.36032115936915, "on_path": 1, "source": 18, "target": 35}, {"distance": 0.2501411772132327, "on_path": 0, "source": 18, "target": 40}, {"distance": 0.8025130739629098, "on_path": 1, "source": 18, "target": 28}, {"distance": 1.61981529639892, "on_path": 0, "source": 19, "target": 37}, {"distance": 1.2632925297090696, "on_path": 0, "source": 20, "target": 30}, {"distance": 1.1547432039015286, "on_path": 0, "source": 20, "target": 42}, {"distance": 0.5505489262057748, "on_path": 0, "source": 21, "target": 26}, {"distance": 0.9538312754933329, "on_path": 0, "source": 21, "target": 31}, {"distance": 1.214766260402301, "on_path": 0, "source": 22, "target": 28}, {"distance": 1.0573732577005976, "on_path": 0, "source": 22, "target": 29}, {"distance": 1.6402942844147437, "on_path": 0, "source": 22, "target": 37}, {"distance": 1.0078026386696577, "on_path": 0, "source": 23, "target": 29}, {"distance": 1.684040248250115, "on_path": 0, "source": 25, "target": 30}, {"distance": 0.39049865760684327, "on_path": 0, "source": 25, "target": 32}, {"distance": 1.2690243221222715, "on_path": 0, "source": 25, "target": 37}, {"distance": 1.3526402344770403, "on_path": 0, "source": 25, "target": 27}, {"distance": 0.8998232773320249, "on_path": 0, "source": 26, "target": 34}, {"distance": 0.6556052081246289, "on_path": 0, "source": 26, "target": 33}, {"distance": 0.9198202121990302, "on_path": 0, "source": 26, "target": 32}, {"distance": 0.7659788462291673, "on_path": 0, "source": 27, "target": 35}, {"distance": 1.1230701492823365, "on_path": 0, "source": 27, "target": 36}, {"distance": 1.3152870292617365, "on_path": 0, "source": 28, "target": 41}, {"distance": 0.9158369612353743, "on_path": 0, "source": 29, "target": 34}, {"distance": 0.7037027258747987, "on_path": 0, "source": 29, "target": 35}, {"distance": 1.4451811700007577, "on_path": 0, "source": 30, "target": 38}, {"distance": 1.5694862726346812, "on_path": 0, "source": 30, "target": 31}, {"distance": 0.497968923584567, "on_path": 0, "source": 31, "target": 34}, {"distance": 1.5817187711174732, "on_path": 0, "source": 36, "target": 37}, {"distance": 0.7056254457644339, "on_path": 0, "source": 40, "target": 41}]}