{"directed": false, "multigraph": false, "graph": {}, "nodes": [{"node_features": [0.0, 0.0], "id": 0}, {"node_features": [0.0, 0.0], "id": 1}, {"node_features": [0.0, 0.0], "id": 2}, {"node_features": [0.0, 0.0], "id": 3}, {"node_features": [0.0, 0.0], "id": 4}, {"node_features": [0.0, 0.0], "id": 5}, {"node_features": [0.0, 0.0], "id": 6}, {"node_features": [0.0, 0.0], "id": 7}, {"node_features": [0.0, 0.0], "id": 8}, {"node_features": [0.0, 0.0], "id": 9}, {"node_features": [0.0, 0.0], "id": 10}, {"node_features": [0.0, 0.0], "id": 11}, {"node_features": [0.0, 0.0], "id": 12}, {"node_features": [0.0, 0.0], "id": 13}, {"node_features": [0.0, 0.0], "id": 14}, {"node_features": [0.0, 1.0], "id": 15}, {"node_features": [0.0, 0.0], "id": 16}, {"node_features": [1.0, 0.0], "id": 17}, {"node_features": [0.0, 0.0], "id": 18}, {"node_features": [0.0, 0.0], "id": 19}], "links": [{"distance": 1.5617025892592997, "on_path": 0, "source": 0, "target": 17}, {"distance": 1.931254250638877, "on_path": 0, "source": 0, "target": 1}, {"distance": 0.9752100833906808, "on_path": 0, "source": 0, "target": 3}, {"distance": 1.4296261014500407, "on_path": 0, "source": 0, "target": 12}, {"distance": 2.0775922379022034, "on_path": 0, "source": 1, "target": 8}, {"distance": 1.5371473342816109, "on_path": 1, "source": 2, "target": 9}, {"distance": 0.5196717058542135, "on_path": 1, "source": 2, "target": 17}, {"distance": 1.0995475155298735, "on_path": 0, "source": 3, "target": 6}, {"distance": 1.5535367509689344, "on_path": 0, "source": 3, "target": 15}, {"distance": 1.6109979013494746, "on_path": 0, "source": 3, "target": 18}, {"distance": 0.5110807149576845, "on_path": 0, "source": 3, "target": 19}, {"distance": 0.5720949742304987, "on_path": 0, "source": 3, "target": 10}, {"distance": 1.7406201494954865, "on_path": 0, "source": 3, "target": 11}, {"distance": 0.6738110306913655, "on_path": 0, "source": 4, "target": 7}, {"distance": 1.1777808026206604, "on_path": 0, "source": 4, "target": 11}, {"distance": 0.44371272514068427, "on_path": 0, "source": 4, "target": 17}, {"distance": 1.4368559032231503, "on_path": 0, "source": 4, "target": 8}, {"distance": 0.7151890169267869, "on_path": 0, "source": 4, "target": 13}, {"distance": 1.7872198632430114, "on_path": 0, "source": 5, "target": 12}, {"distance": 0.18046193589202786, "on_path": 0, "source": 5, "target": 8}, {"distance": 2.0316908326464342, "on_path": 0, "source": 5, "target": 11}, {"distance": 2.3525453190403587, "on_path": 0, "source": 5, "target": 14}, {"distance": 0.8308989534290698, "on_path": 0, "source": 6, "target": 11}, {"distance": 0.8961912836407007, "on_path": 0, "source": 6, "target": 19}, {"distance": 0.876171587342744, "on_path": 0, "source": 6, "target": 17}, {"distance": 1.0441344146735447, "on_path": 0, "source": 7, "target": 17}, {"distance": 1.522882044580992, "on_path": 0, "source": 7, "target": 11}, {"distance": 0.8184693579874529, "on_path": 0, "source": 7, "target": 8}, {"distance": 1.6115654338329852, "on_path": 0, "source": 8, "target": 12}, {"distance": 1.09176932025907, "on_path": 0, "source": 8, "target": 13}, {"distance": 1.8002949990026844, "on_path": 0, "source": 8, "target": 15}, {"distance": 0.890697756793896, "on_path": 0, "source": 9, "target": 12}, {"distance": 1.032182393088916, "on_path": 0, "source": 9, "target": 16}, {"distance": 1.2664712434610046, "on_path": 1, "source": 9, "target": 18}, {"distance": 0.17137004138441617, "on_path": 0, "source": 10, "target": 16}, {"distance": 2.0152637250936665, "on_path": 0, "source": 10, "target": 14}, {"distance": 1.7081763160552577, "on_path": 0, "source": 10, "target": 15}, {"distance": 0.14420864094461253, "on_path": 0, "source": 10, "target": 19}, {"distance": 0.1102177489618303, "on_path": 1, "source": 15, "target": 18}, {"distance": 0.24678778836566798, "on_path": 0, "source": 16, "target": 19}]}