{"directed": false, "multigraph": false, "graph": {}, "nodes": [{"node_features": [0.0, 0.0], "id": 0}, {"node_features": [0.0, 0.0], "id": 1}, {"node_features": [0.0, 0.0], "id": 2}, {"node_features": [0.0, 0.0], "id": 3}, {"node_features": [0.0, 1.0], "id": 4}, {"node_features": [0.0, 0.0], "id": 5}, {"node_features": [0.0, 0.0], "id": 6}, {"node_features": [0.0, 0.0], "id": 7}, {"node_features": [0.0, 0.0], "id": 8}, {"node_features": [0.0, 0.0], "id": 9}, {"node_features": [0.0, 0.0], "id": 10}, {"node_features": [0.0, 0.0], "id": 11}, {"node_features": [0.0, 0.0], "id": 12}, {"node_features": [0.0, 0.0], "id": 13}, {"node_features": [0.0, 0.0], "id": 14}, {"node_features": [0.0, 0.0], "id": 15}, {"node_features": [0.0, 0.0], "id": 16}, {"node_features": [0.0, 0.0], "id": 17}, {"node_features": [0.0, 0.0], "id": 18}, {"node_features": [0.0, 0.0], "id": 19}, {"node_features": [0.0, 0.0], "id": 20}, {"node_features": [0.0, 0.0], "id": 21}, {"node_features": [0.0, 0.0], "id": 22}, {"node_features": [0.0, 0.0], "id": 23}, {"node_features": [0.0, 0.0], "id": 24}, {"node_features": [0.0, 0.0], "id": 25}, {"node_features": [0.0, 0.0], "id": 26}, {"node_features": [0.0, 0.0], "id": 27}, {"node_features": [0.0, 0.0], "id": 28}, {"node_features": [0.0, 0.0], "id": 29}, {"node_features": [0.0, 0.0], "id": 30}, {"node_features": [0.0, 0.0], "id": 31}, {"node_features": [0.0, 0.0], "id": 32}, {"node_features": [0.0, 0.0], "id": 33}, {"node_features": [0.0, 0.0], "id": 34}, {"node_features": [0.0, 0.0], "id": 35}, {"node_features": [1.0, 0.0], "id": 36}, {"node_features": [0.0, 0.0], "id": 37}, {"node_features": [0.0, 0.0], "id": 38}, {"node_features": [0.0, 0.0], "id": 39}, {"node_features": [0.0, 0.0], "id": 40}, {"node_features": [0.0, 0.0], "id": 41}, {"node_features": [0.0, 0.0], "id": 42}, {"node_features": [0.0, 0.0], "id": 43}, {"node_features": [0.0, 0.0], "id": 44}, {"node_features": [0.0, 0.0], "id": 45}, {"node_features": [0.0, 0.0], "id": 46}, {"node_features": [0.0, 0.0], "id": 47}, {"node_features": [0.0, 0.0], "id": 48}], "links": [{"distance": 1.292920785924483, "on_path": 0, "source": 0, "target": 41}, {"distance": 1.3607512887989475, "on_path": 0, "source": 0, "target": 26}, {"distance": 0.5034121488033229, "on_path": 0, "source": 0, "target": 45}, {"distance": 1.0802528186567109, "on_path": 0, "source": 0, "target": 24}, {"distance": 1.5117565889771352, "on_path": 0, "source": 0, "target": 32}, {"distance": 0.7962402240627622, "on_path": 0, "source": 0, "target": 46}, {"distance": 0.846964901498511, "on_path": 0, "source": 1, "target": 32}, {"distance": 0.5481236424933227, "on_path": 0, "source": 1, "target": 36}, {"distance": 1.2395272481128614, "on_path": 0, "source": 1, "target": 23}, {"distance": 1.1493065787487087, "on_path": 0, "source": 1, "target": 39}, {"distance": 0.8731581686675836, "on_path": 0, "source": 2, "target": 31}, {"distance": 1.4744670379202103, "on_path": 0, "source": 2, "target": 45}, {"distance": 1.966714107679633, "on_path": 0, "source": 2, "target": 5}, {"distance": 0.36977236811755987, "on_path": 0, "source": 3, "target": 39}, {"distance": 0.7234030342259196, "on_path": 0, "source": 3, "target": 18}, {"distance": 0.17697405742036373, "on_path": 0, "source": 3, "target": 32}, {"distance": 0.6357830121912725, "on_path": 0, "source": 3, "target": 46}, {"distance": 0.12591981767408159, "on_path": 0, "source": 3, "target": 41}, {"distance": 1.480153576376933, "on_path": 0, "source": 4, "target": 16}, {"distance": 0.8591357106622745, "on_path": 1, "source": 4, "target": 30}, {"distance": 0.5467738555687043, "on_path": 0, "source": 5, "target": 28}, {"distance": 1.6090993030178944, "on_path": 0, "source": 5, "target": 8}, {"distance": 0.6682262459055416, "on_path": 0, "source": 5, "target": 40}, {"distance": 1.8974188866993875, "on_path": 0, "source": 6, "target": 40}, {"distance": 0.7046890426819489, "on_path": 0, "source": 6, "target": 37}, {"distance": 0.7169485382256553, "on_path": 0, "source": 6, "target": 44}, {"distance": 1.453167787056453, "on_path": 0, "source": 6, "target": 48}, {"distance": 1.095674576690102, "on_path": 0, "source": 6, "target": 32}, {"distance": 0.9724194438243222, "on_path": 0, "source": 7, "target": 34}, {"distance": 0.5769961160863326, "on_path": 0, "source": 7, "target": 45}, {"distance": 1.784039664441624, "on_path": 0, "source": 7, "target": 31}, {"distance": 0.4836026390017326, "on_path": 0, "source": 7, "target": 13}, {"distance": 0.5751559176744587, "on_path": 0, "source": 8, "target": 21}, {"distance": 0.7173885168308407, "on_path": 0, "source": 8, "target": 27}, {"distance": 1.5300555324278882, "on_path": 0, "source": 8, "target": 10}, {"distance": 0.6625538591232888, "on_path": 0, "source": 9, "target": 41}, {"distance": 0.8880853993839629, "on_path": 0, "source": 9, "target": 43}, {"distance": 1.087964140663741, "on_path": 0, "source": 9, "target": 28}, {"distance": 0.11646619207434529, "on_path": 0, "source": 10, "target": 48}, {"distance": 1.7027211872425438, "on_path": 0, "source": 10, "target": 35}, {"distance": 1.0605500236957255, "on_path": 0, "source": 10, "target": 36}, {"distance": 0.5490736800567249, "on_path": 0, "source": 11, "target": 16}, {"distance": 0.6597934914338829, "on_path": 0, "source": 11, "target": 29}, {"distance": 1.0547812701833263, "on_path": 0, "source": 12, "target": 25}, {"distance": 0.586656323766232, "on_path": 0, "source": 12, "target": 24}, {"distance": 1.1966305510655415, "on_path": 0, "source": 13, "target": 37}, {"distance": 2.014533624256103, "on_path": 0, "source": 13, "target": 38}, {"distance": 1.6350393818658402, "on_path": 0, "source": 14, "target": 31}, {"distance": 1.1002758079687591, "on_path": 0, "source": 14, "target": 41}, {"distance": 1.5811842252177206, "on_path": 0, "source": 14, "target": 28}, {"distance": 1.4830255535869485, "on_path": 0, "source": 15, "target": 40}, {"distance": 0.7439305342587954, "on_path": 0, "source": 15, "target": 24}, {"distance": 0.7456985342251552, "on_path": 0, "source": 15, "target": 36}, {"distance": 1.0403309367894944, "on_path": 0, "source": 16, "target": 38}, {"distance": 1.8200266114552546, "on_path": 0, "source": 16, "target": 33}, {"distance": 1.2355934427086854, "on_path": 0, "source": 17, "target": 36}, {"distance": 1.7720138244487795, "on_path": 0, "source": 17, "target": 31}, {"distance": 1.268614037936153, "on_path": 0, "source": 17, "target": 44}, {"distance": 1.5721156654553425, "on_path": 0, "source": 18, "target": 29}, {"distance": 1.0992001440182528, "on_path": 0, "source": 18, "target": 37}, {"distance": 1.4774584775448025, "on_path": 0, "source": 18, "target": 43}, {"distance": 0.23021081622884323, "on_path": 0, "source": 19, "target": 27}, {"distance": 1.435033716038576, "on_path": 0, "source": 19, "target": 47}, {"distance": 0.6064043127151033, "on_path": 0, "source": 19, "target": 43}, {"distance": 1.3394671145969674, "on_path": 1, "source": 20, "target": 45}, {"distance": 0.7157499161073794, "on_path": 0, "source": 20, "target": 46}, {"distance": 0.7514234101363519, "on_path": 0, "source": 20, "target": 31}, {"distance": 0.5567619277621582, "on_path": 1, "source": 20, "target": 36}, {"distance": 0.44341996149757323, "on_path": 0, "source": 21, "target": 26}, {"distance": 0.634950453893916, "on_path": 0, "source": 22, "target": 26}, {"distance": 1.867532911803082, "on_path": 0, "source": 22, "target": 40}, {"distance": 0.6267607904971861, "on_path": 0, "source": 23, "target": 27}, {"distance": 0.9669252940170034, "on_path": 0, "source": 24, "target": 39}, {"distance": 0.7126769709742881, "on_path": 0, "source": 25, "target": 35}, {"distance": 0.7809329504088695, "on_path": 0, "source": 25, "target": 41}, {"distance": 0.9620966027262972, "on_path": 0, "source": 25, "target": 31}, {"distance": 1.40380014714299, "on_path": 0, "source": 26, "target": 29}, {"distance": 0.6259670312925566, "on_path": 0, "source": 26, "target": 33}, {"distance": 1.2088805354702459, "on_path": 0, "source": 27, "target": 38}, {"distance": 0.4716048384660765, "on_path": 0, "source": 27, "target": 36}, {"distance": 1.6479248108004372, "on_path": 0, "source": 28, "target": 45}, {"distance": 0.29724737143106467, "on_path": 0, "source": 28, "target": 48}, {"distance": 1.2516810987165758, "on_path": 0, "source": 29, "target": 34}, {"distance": 1.533067470219325, "on_path": 0, "source": 29, "target": 32}, {"distance": 1.2158860571341819, "on_path": 0, "source": 30, "target": 33}, {"distance": 0.602840999150609, "on_path": 1, "source": 30, "target": 45}, {"distance": 1.130559124582316, "on_path": 0, "source": 31, "target": 38}, {"distance": 1.619466741230632, "on_path": 0, "source": 31, "target": 45}, {"distance": 1.0669122277835674, "on_path": 0, "source": 32, "target": 43}, {"distance": 0.3911166649910376, "on_path": 0, "source": 33, "target": 39}, {"distance": 0.3468542188559661, "on_path": 0, "source": 33, "target": 42}, {"distance": 0.40259850063639185, "on_path": 0, "source": 33, "target": 47}, {"distance": 1.0263898586745928, "on_path": 0, "source": 34, "target": 45}, {"distance": 1.4436037582437242, "on_path": 0, "source": 34, "target": 38}, {"distance": 0.8671963375488986, "on_path": 0, "source": 35, "target": 46}, {"distance": 1.0027602984679358, "on_path": 0, "source": 40, "target": 45}, {"distance": 1.8197246351674294, "on_path": 0, "source": 42, "target": 45}, {"distance": 0.6289180148969785, "on_path": 0, "source": 43, "target": 44}]}