{"directed": false, "multigraph": false, "graph": {}, "nodes": [{"node_features": [0.0, 0.0], "id": 0}, {"node_features": [0.0, 0.0], "id": 1}, {"node_features": [0.0, 0.0], "id": 2}, {"node_features": [0.0, 0.0], "id": 3}, {"node_features": [0.0, 0.0], "id": 4}, {"node_features": [0.0, 0.0], "id": 5}, {"node_features": [0.0, 0.0], "id": 6}, {"node_features": [0.0, 0.0], "id": 7}, {"node_features": [0.0, 0.0], "id": 8}, {"node_features": [0.0, 0.0], "id": 9}, {"node_features": [0.0, 0.0], "id": 10}, {"node_features": [0.0, 0.0], "id": 11}, {"node_features": [0.0, 0.0], "id": 12}, {"node_features": [0.0, 0.0], "id": 13}, {"node_features": [0.0, 0.0], "id": 14}, {"node_features": [0.0, 0.0], "id": 15}, {"node_features": [0.0, 0.0], "id": 16}, {"node_features": [0.0, 0.0], "id": 17}, {"node_features": [0.0, 0.0], "id": 18}, {"node_features": [0.0, 0.0], "id": 19}, {"node_features": [1.0, 0.0], "id": 20}, {"node_features": [0.0, 0.0], "id": 21}, {"node_features": [0.0, 0.0], "id": 22}, {"node_features": [0.0, 0.0], "id": 23}, {"node_features": [0.0, 1.0], "id": 24}, {"node_features": [0.0, 0.0], "id": 25}, {"node_features": [0.0, 0.0], "id": 26}, {"node_features": [0.0, 0.0], "id": 27}, {"node_features": [0.0, 0.0], "id": 28}, {"node_features": [0.0, 0.0], "id": 29}, {"node_features": [0.0, 0.0], "id": 30}, {"node_features": [0.0, 0.0], "id": 31}], "links": [{"distance": 0.7581163660166633, "on_path": 0, "source": 0, "target": 3}, {"distance": 0.5299441694967839, "on_path": 0, "source": 0, "target": 23}, {"distance": 1.6075265604303464, "on_path": 0, "source": 0, "target": 26}, {"distance": 0.5101392223635461, "on_path": 0, "source": 0, "target": 11}, {"distance": 0.257263849195273, "on_path": 0, "source": 1, "target": 30}, {"distance": 0.395211278088529, "on_path": 0, "source": 1, "target": 8}, {"distance": 1.5221537855179832, "on_path": 0, "source": 1, "target": 11}, {"distance": 1.411098399702906, "on_path": 0, "source": 1, "target": 20}, {"distance": 1.2910812452978053, "on_path": 0, "source": 2, "target": 9}, {"distance": 1.3779921600188951, "on_path": 0, "source": 2, "target": 29}, {"distance": 0.8170607511780188, "on_path": 0, "source": 2, "target": 12}, {"distance": 0.7675686113090046, "on_path": 0, "source": 2, "target": 3}, {"distance": 0.6287820042302282, "on_path": 0, "source": 2, "target": 10}, {"distance": 0.5526286410144203, "on_path": 0, "source": 3, "target": 31}, {"distance": 0.9585991913566132, "on_path": 0, "source": 3, "target": 26}, {"distance": 0.4217848184647178, "on_path": 0, "source": 3, "target": 28}, {"distance": 1.037378126325927, "on_path": 0, "source": 4, "target": 29}, {"distance": 0.493395098881674, "on_path": 0, "source": 4, "target": 7}, {"distance": 1.4415000945961929, "on_path": 0, "source": 4, "target": 16}, {"distance": 0.9206012558589817, "on_path": 0, "source": 4, "target": 18}, {"distance": 0.4461658844316459, "on_path": 0, "source": 5, "target": 31}, {"distance": 1.4081853869058543, "on_path": 0, "source": 5, "target": 29}, {"distance": 1.074898807905316, "on_path": 0, "source": 6, "target": 10}, {"distance": 1.0100946512182671, "on_path": 0, "source": 6, "target": 22}, {"distance": 0.24947826581632263, "on_path": 0, "source": 6, "target": 9}, {"distance": 1.071331002597982, "on_path": 0, "source": 7, "target": 17}, {"distance": 0.9486411708974027, "on_path": 1, "source": 7, "target": 11}, {"distance": 0.5983649474813542, "on_path": 1, "source": 7, "target": 24}, {"distance": 1.1932449201360822, "on_path": 0, "source": 8, "target": 19}, {"distance": 1.1692100783600419, "on_path": 0, "source": 8, "target": 21}, {"distance": 1.4320897519946483, "on_path": 0, "source": 9, "target": 20}, {"distance": 1.3239653971886602, "on_path": 0, "source": 9, "target": 16}, {"distance": 0.4468643452030373, "on_path": 0, "source": 9, "target": 17}, {"distance": 0.7122299541241043, "on_path": 0, "source": 9, "target": 27}, {"distance": 0.8981946388909903, "on_path": 0, "source": 10, "target": 29}, {"distance": 1.434814388240733, "on_path": 0, "source": 10, "target": 24}, {"distance": 0.5858444177051064, "on_path": 0, "source": 10, "target": 27}, {"distance": 0.7915862661264899, "on_path": 0, "source": 10, "target": 31}, {"distance": 0.08247156769298777, "on_path": 0, "source": 11, "target": 18}, {"distance": 0.6240429237678583, "on_path": 1, "source": 11, "target": 21}, {"distance": 1.2865838316781975, "on_path": 0, "source": 11, "target": 28}, {"distance": 1.912248649564084, "on_path": 0, "source": 11, "target": 15}, {"distance": 1.311938660515411, "on_path": 0, "source": 12, "target": 20}, {"distance": 0.5215122843263221, "on_path": 0, "source": 12, "target": 17}, {"distance": 0.960332704004184, "on_path": 0, "source": 12, "target": 16}, {"distance": 1.381370288212378, "on_path": 0, "source": 13, "target": 26}, {"distance": 1.4698064072078691, "on_path": 0, "source": 13, "target": 25}, {"distance": 0.9267670204741021, "on_path": 0, "source": 13, "target": 19}, {"distance": 0.3787536144353935, "on_path": 0, "source": 14, "target": 26}, {"distance": 1.0602212240294009, "on_path": 0, "source": 14, "target": 31}, {"distance": 1.162556585076308, "on_path": 0, "source": 15, "target": 28}, {"distance": 1.4112094385699625, "on_path": 0, "source": 15, "target": 19}, {"distance": 0.6122171559557268, "on_path": 0, "source": 18, "target": 21}, {"distance": 1.2512082948328032, "on_path": 0, "source": 20, "target": 31}, {"distance": 1.1603249958384525, "on_path": 1, "source": 20, "target": 21}, {"distance": 1.0078380237711018, "on_path": 0, "source": 21, "target": 30}, {"distance": 0.803788127639054, "on_path": 0, "source": 21, "target": 22}, {"distance": 0.16983169254632202, "on_path": 0, "source": 21, "target": 31}, {"distance": 0.8044279949502444, "on_path": 0, "source": 22, "target": 31}, {"distance": 0.49073972741134686, "on_path": 0, "source": 23, "target": 31}, {"distance": 1.5721045932894806, "on_path": 0, "source": 25, "target": 30}, {"distance": 1.9995941165485795, "on_path": 0, "source": 25, "target": 29}, {"distance": 0.4767259922604843, "on_path": 0, "source": 29, "target": 30}, {"distance": 0.9199439990271099, "on_path": 0, "source": 30, "target": 31}]}