{"directed": false, "multigraph": false, "graph": {}, "nodes": [{"node_features": [0.0, 0.0], "id": 0}, {"node_features": [0.0, 0.0], "id": 1}, {"node_features": [0.0, 0.0], "id": 2}, {"node_features": [0.0, 0.0], "id": 3}, {"node_features": [0.0, 0.0], "id": 4}, {"node_features": [0.0, 0.0], "id": 5}, {"node_features": [0.0, 0.0], "id": 6}, {"node_features": [0.0, 0.0], "id": 7}, {"node_features": [0.0, 0.0], "id": 8}, {"node_features": [0.0, 0.0], "id": 9}, {"node_features": [0.0, 0.0], "id": 10}, {"node_features": [0.0, 1.0], "id": 11}, {"node_features": [0.0, 0.0], "id": 12}, {"node_features": [0.0, 0.0], "id": 13}, {"node_features": [0.0, 0.0], "id": 14}, {"node_features": [0.0, 0.0], "id": 15}, {"node_features": [0.0, 0.0], "id": 16}, {"node_features": [0.0, 0.0], "id": 17}, {"node_features": [0.0, 0.0], "id": 18}, {"node_features": [0.0, 0.0], "id": 19}, {"node_features": [0.0, 0.0], "id": 20}, {"node_features": [0.0, 0.0], "id": 21}, {"node_features": [0.0, 0.0], "id": 22}, {"node_features": [0.0, 0.0], "id": 23}, {"node_features": [0.0, 0.0], "id": 24}, {"node_features": [0.0, 0.0], "id": 25}, {"node_features": [0.0, 0.0], "id": 26}, {"node_features": [0.0, 0.0], "id": 27}, {"node_features": [0.0, 0.0], "id": 28}, {"node_features": [0.0, 0.0], "id": 29}, {"node_features": [0.0, 0.0], "id": 30}, {"node_features": [0.0, 0.0], "id": 31}, {"node_features": [0.0, 0.0], "id": 32}, {"node_features": [0.0, 0.0], "id": 33}, {"node_features": [0.0, 0.0], "id": 34}, {"node_features": [0.0, 0.0], "id": 35}, {"node_features": [0.0, 0.0], "id": 36}, {"node_features": [0.0, 0.0], "id": 37}, {"node_features": [1.0, 0.0], "id": 38}, {"node_features": [0.0, 0.0], "id": 39}], "links": [{"distance": 0.8800228990210957, "on_path": 0, "source": 0, "target": 25}, {"distance": 1.8769486075439918, "on_path": 0, "source": 0, "target": 13}, {"distance": 1.3486526087487811, "on_path": 0, "source": 0, "target": 1}, {"distance": 0.610785274660433, "on_path": 0, "source": 0, "target": 3}, {"distance": 1.6289593189101603, "on_path": 0, "source": 0, "target": 12}, {"distance": 1.5451147491744663, "on_path": 0, "source": 1, "target": 24}, {"distance": 0.9712503156072098, "on_path": 0, "source": 1, "target": 22}, {"distance": 1.412457435466573, "on_path": 0, "source": 2, "target": 21}, {"distance": 0.42257672331659696, "on_path": 0, "source": 2, "target": 29}, {"distance": 0.5140164126592935, "on_path": 0, "source": 2, "target": 39}, {"distance": 1.0578253491709033, "on_path": 0, "source": 2, "target": 15}, {"distance": 0.9869882432512391, "on_path": 0, "source": 3, "target": 19}, {"distance": 0.6463062778576931, "on_path": 0, "source": 3, "target": 38}, {"distance": 1.5592465368138713, "on_path": 0, "source": 3, "target": 23}, {"distance": 1.3517511164026257, "on_path": 0, "source": 4, "target": 9}, {"distance": 1.7976716979753429, "on_path": 0, "source": 4, "target": 23}, {"distance": 0.817764799803931, "on_path": 0, "source": 4, "target": 22}, {"distance": 0.7655251020555803, "on_path": 0, "source": 5, "target": 38}, {"distance": 0.6895468550190691, "on_path": 0, "source": 5, "target": 12}, {"distance": 1.2199358786985937, "on_path": 0, "source": 5, "target": 20}, {"distance": 0.7885970567159905, "on_path": 0, "source": 5, "target": 31}, {"distance": 1.082341305613269, "on_path": 0, "source": 5, "target": 39}, {"distance": 1.303222837902131, "on_path": 0, "source": 6, "target": 33}, {"distance": 1.5410701555512172, "on_path": 0, "source": 6, "target": 18}, {"distance": 0.805319549277229, "on_path": 0, "source": 6, "target": 10}, {"distance": 0.6424975588462891, "on_path": 0, "source": 6, "target": 38}, {"distance": 1.2142252415008257, "on_path": 0, "source": 7, "target": 31}, {"distance": 1.6916948444918005, "on_path": 0, "source": 7, "target": 12}, {"distance": 1.9212362737631359, "on_path": 0, "source": 7, "target": 18}, {"distance": 1.2113733628241503, "on_path": 0, "source": 7, "target": 30}, {"distance": 0.9555490623859859, "on_path": 0, "source": 8, "target": 30}, {"distance": 2.02227350549641, "on_path": 0, "source": 8, "target": 39}, {"distance": 1.6028391936452449, "on_path": 0, "source": 8, "target": 26}, {"distance": 1.78023667937081, "on_path": 0, "source": 8, "target": 32}, {"distance": 1.2243092874055086, "on_path": 0, "source": 9, "target": 38}, {"distance": 0.2487012247469223, "on_path": 0, "source": 9, "target": 27}, {"distance": 1.284342250557466, "on_path": 0, "source": 9, "target": 17}, {"distance": 1.3643098693833136, "on_path": 0, "source": 9, "target": 19}, {"distance": 0.4205631512493046, "on_path": 0, "source": 10, "target": 17}, {"distance": 0.7460645070028423, "on_path": 0, "source": 10, "target": 18}, {"distance": 0.7690649195626859, "on_path": 0, "source": 10, "target": 26}, {"distance": 0.9176264818999793, "on_path": 0, "source": 11, "target": 19}, {"distance": 0.361865962153015, "on_path": 1, "source": 11, "target": 33}, {"distance": 0.9925772377684595, "on_path": 0, "source": 11, "target": 24}, {"distance": 0.9791868173477141, "on_path": 0, "source": 11, "target": 28}, {"distance": 0.26798122596920676, "on_path": 0, "source": 12, "target": 16}, {"distance": 1.5161534312355476, "on_path": 0, "source": 12, "target": 24}, {"distance": 0.45799762351908707, "on_path": 0, "source": 12, "target": 35}, {"distance": 1.3806011227856472, "on_path": 0, "source": 13, "target": 29}, {"distance": 1.833388488347764, "on_path": 0, "source": 13, "target": 39}, {"distance": 1.6318532585635022, "on_path": 0, "source": 14, "target": 27}, {"distance": 1.4492557322484982, "on_path": 0, "source": 14, "target": 19}, {"distance": 0.7296824841513105, "on_path": 0, "source": 14, "target": 16}, {"distance": 1.2681888927366423, "on_path": 0, "source": 15, "target": 21}, {"distance": 0.38515007820997504, "on_path": 0, "source": 15, "target": 19}, {"distance": 1.41668767817365, "on_path": 0, "source": 15, "target": 34}, {"distance": 0.3484230037106903, "on_path": 0, "source": 15, "target": 17}, {"distance": 0.5024132301138543, "on_path": 0, "source": 15, "target": 25}, {"distance": 0.9118935646361309, "on_path": 0, "source": 16, "target": 28}, {"distance": 1.2968185891981125, "on_path": 0, "source": 16, "target": 39}, {"distance": 1.33204088057105, "on_path": 0, "source": 17, "target": 37}, {"distance": 0.5954665110025202, "on_path": 0, "source": 17, "target": 36}, {"distance": 1.241098844426191, "on_path": 0, "source": 18, "target": 37}, {"distance": 1.386807730774608, "on_path": 0, "source": 19, "target": 35}, {"distance": 2.0157462099887318, "on_path": 0, "source": 20, "target": 21}, {"distance": 0.9802530206266229, "on_path": 0, "source": 21, "target": 31}, {"distance": 0.982554913319886, "on_path": 0, "source": 21, "target": 25}, {"distance": 0.8721176797827817, "on_path": 0, "source": 21, "target": 33}, {"distance": 1.279171699250171, "on_path": 0, "source": 22, "target": 35}, {"distance": 0.6675913201046735, "on_path": 0, "source": 22, "target": 27}, {"distance": 0.9026893861365431, "on_path": 0, "source": 22, "target": 36}, {"distance": 1.1994690178850858, "on_path": 0, "source": 23, "target": 34}, {"distance": 1.0535167726248136, "on_path": 0, "source": 24, "target": 30}, {"distance": 0.6313811666484254, "on_path": 1, "source": 29, "target": 30}, {"distance": 0.7941694199495094, "on_path": 1, "source": 29, "target": 38}, {"distance": 0.17584182746768925, "on_path": 1, "source": 30, "target": 33}, {"distance": 1.4697137512473402, "on_path": 0, "source": 31, "target": 38}, {"distance": 0.399787328746282, "on_path": 0, "source": 32, "target": 36}, {"distance": 1.0191905569806992, "on_path": 0, "source": 33, "target": 39}, {"distance": 0.08540852034390425, "on_path": 0, "source": 33, "target": 37}]}