{"directed": false, "multigraph": false, "graph": {}, "nodes": [{"node_features": [0.0, 0.0], "id": 0}, {"node_features": [0.0, 0.0], "id": 1}, {"node_features": [0.0, 0.0], "id": 2}, {"node_features": [0.0, 0.0], "id": 3}, {"node_features": [0.0, 0.0], "id": 4}, {"node_features": [0.0, 0.0], "id": 5}, {"node_features": [0.0, 0.0], "id": 6}, {"node_features": [0.0, 0.0], "id": 7}, {"node_features": [0.0, 0.0], "id": 8}, {"node_features": [0.0, 0.0], "id": 9}, {"node_features": [0.0, 0.0], "id": 10}, {"node_features": [0.0, 0.0], "id": 11}, {"node_features": [0.0, 0.0], "id": 12}, {"node_features": [0.0, 1.0], "id": 13}, {"node_features": [1.0, 0.0], "id": 14}, {"node_features": [0.0, 0.0], "id": 15}, {"node_features": [0.0, 0.0], "id": 16}, {"node_features": [0.0, 0.0], "id": 17}, {"node_features": [0.0, 0.0], "id": 18}, {"node_features": [0.0, 0.0], "id": 19}, {"node_features": [0.0, 0.0], "id": 20}, {"node_features": [0.0, 0.0], "id": 21}, {"node_features": [0.0, 0.0], "id": 22}], "links": [{"distance": 1.2061884819392203, "on_path": 0, "source": 0, "target": 3}, {"distance": 0.7320125306534925, "on_path": 0, "source": 0, "target": 7}, {"distance": 0.49725197950347216, "on_path": 0, "source": 0, "target": 19}, {"distance": 0.5289520468297259, "on_path": 0, "source": 1, "target": 19}, {"distance": 0.7447163155553952, "on_path": 0, "source": 1, "target": 17}, {"distance": 0.8870749216998484, "on_path": 0, "source": 1, "target": 8}, {"distance": 0.9791718730075214, "on_path": 0, "source": 2, "target": 6}, {"distance": 1.4919804763138944, "on_path": 0, "source": 2, "target": 8}, {"distance": 0.7585047790385886, "on_path": 1, "source": 2, "target": 14}, {"distance": 2.056940298791643, "on_path": 0, "source": 2, "target": 17}, {"distance": 0.08462416062065782, "on_path": 1, "source": 2, "target": 7}, {"distance": 0.8581368862570178, "on_path": 0, "source": 3, "target": 22}, {"distance": 1.0383240294507707, "on_path": 0, "source": 3, "target": 21}, {"distance": 0.5267625210027211, "on_path": 0, "source": 4, "target": 19}, {"distance": 1.026588624619816, "on_path": 0, "source": 4, "target": 10}, {"distance": 0.7171149313915719, "on_path": 0, "source": 4, "target": 16}, {"distance": 1.43706483776871, "on_path": 0, "source": 5, "target": 11}, {"distance": 1.0158971142540738, "on_path": 0, "source": 5, "target": 16}, {"distance": 0.4701219055738646, "on_path": 0, "source": 5, "target": 17}, {"distance": 0.7874668830041712, "on_path": 0, "source": 6, "target": 19}, {"distance": 0.7662572670433385, "on_path": 0, "source": 6, "target": 20}, {"distance": 1.2870787910735186, "on_path": 0, "source": 7, "target": 10}, {"distance": 1.405447546969769, "on_path": 0, "source": 7, "target": 12}, {"distance": 1.73684162305461, "on_path": 0, "source": 7, "target": 20}, {"distance": 0.684002770818909, "on_path": 1, "source": 7, "target": 11}, {"distance": 1.569683379324389, "on_path": 0, "source": 7, "target": 18}, {"distance": 1.4659861250276758, "on_path": 0, "source": 8, "target": 15}, {"distance": 1.4602533299968856, "on_path": 0, "source": 8, "target": 16}, {"distance": 1.120640279201541, "on_path": 0, "source": 9, "target": 18}, {"distance": 1.014468859634682, "on_path": 0, "source": 9, "target": 19}, {"distance": 1.0397680356252514, "on_path": 0, "source": 9, "target": 22}, {"distance": 1.6445970131242262, "on_path": 0, "source": 9, "target": 13}, {"distance": 1.0647330526438612, "on_path": 0, "source": 10, "target": 19}, {"distance": 0.6093846856000269, "on_path": 0, "source": 10, "target": 11}, {"distance": 1.1167822572120467, "on_path": 0, "source": 11, "target": 16}, {"distance": 0.8707081681215986, "on_path": 1, "source": 11, "target": 21}, {"distance": 0.5805210076184878, "on_path": 0, "source": 12, "target": 19}, {"distance": 1.536256914296277, "on_path": 0, "source": 13, "target": 18}, {"distance": 0.779912789411794, "on_path": 0, "source": 13, "target": 22}, {"distance": 2.1556810373118074, "on_path": 0, "source": 13, "target": 15}, {"distance": 1.1537618871848794, "on_path": 1, "source": 13, "target": 21}, {"distance": 1.547563718197266, "on_path": 0, "source": 14, "target": 15}, {"distance": 1.4284610668896753, "on_path": 0, "source": 15, "target": 22}, {"distance": 1.2254974076878205, "on_path": 0, "source": 17, "target": 22}, {"distance": 1.415452152059375, "on_path": 0, "source": 18, "target": 21}, {"distance": 0.20472892303502363, "on_path": 0, "source": 20, "target": 21}]}