{"directed": false, "multigraph": false, "graph": {}, "nodes": [{"node_features": [0.0, 0.0], "id": 0}, {"node_features": [0.0, 0.0], "id": 1}, {"node_features": [0.0, 0.0], "id": 2}, {"node_features": [0.0, 1.0], "id": 3}, {"node_features": [0.0, 0.0], "id": 4}, {"node_features": [0.0, 0.0], "id": 5}, {"node_features": [0.0, 0.0], "id": 6}, {"node_features": [0.0, 0.0], "id": 7}, {"node_features": [0.0, 0.0], "id": 8}, {"node_features": [0.0, 0.0], "id": 9}, {"node_features": [0.0, 0.0], "id": 10}, {"node_features": [0.0, 0.0], "id": 11}, {"node_features": [0.0, 0.0], "id": 12}, {"node_features": [0.0, 0.0], "id": 13}, {"node_features": [0.0, 0.0], "id": 14}, {"node_features": [0.0, 0.0], "id": 15}, {"node_features": [0.0, 0.0], "id": 16}, {"node_features": [0.0, 0.0], "id": 17}, {"node_features": [0.0, 0.0], "id": 18}, {"node_features": [0.0, 0.0], "id": 19}, {"node_features": [0.0, 0.0], "id": 20}, {"node_features": [0.0, 0.0], "id": 21}, {"node_features": [0.0, 0.0], "id": 22}, {"node_features": [0.0, 0.0], "id": 23}, {"node_features": [0.0, 0.0], "id": 24}, {"node_features": [0.0, 0.0], "id": 25}, {"node_features": [1.0, 0.0], "id": 26}, {"node_features": [0.0, 0.0], "id": 27}, {"node_features": [0.0, 0.0], "id": 28}, {"node_features": [0.0, 0.0], "id": 29}, {"node_features": [0.0, 0.0], "id": 30}, {"node_features": [0.0, 0.0], "id": 31}], "links": [{"distance": 1.6880233416797905, "on_path": 0, "source": 0, "target": 29}, {"distance": 0.7399650338430367, "on_path": 0, "source": 0, "target": 12}, {"distance": 1.3731862486177255, "on_path": 0, "source": 0, "target": 24}, {"distance": 1.070217360283443, "on_path": 0, "source": 0, "target": 14}, {"distance": 0.9196236577602867, "on_path": 0, "source": 0, "target": 16}, {"distance": 0.34541138178556025, "on_path": 0, "source": 1, "target": 5}, {"distance": 0.8066829687688654, "on_path": 0, "source": 1, "target": 8}, {"distance": 0.7046198441287563, "on_path": 0, "source": 1, "target": 29}, {"distance": 0.7722058268529642, "on_path": 0, "source": 1, "target": 24}, {"distance": 1.0178948856076475, "on_path": 1, "source": 2, "target": 22}, {"distance": 0.23669371004518586, "on_path": 1, "source": 2, "target": 14}, {"distance": 0.9077432252547065, "on_path": 0, "source": 2, "target": 10}, {"distance": 0.1430563584593646, "on_path": 0, "source": 3, "target": 30}, {"distance": 0.701937895838545, "on_path": 0, "source": 3, "target": 15}, {"distance": 1.472469060924694, "on_path": 0, "source": 3, "target": 18}, {"distance": 0.4779568643890318, "on_path": 0, "source": 3, "target": 19}, {"distance": 0.41293128006330226, "on_path": 1, "source": 3, "target": 22}, {"distance": 0.2678193413999504, "on_path": 0, "source": 3, "target": 9}, {"distance": 0.20499468646563307, "on_path": 0, "source": 3, "target": 12}, {"distance": 0.9009221372332988, "on_path": 0, "source": 4, "target": 24}, {"distance": 1.1182130927284255, "on_path": 0, "source": 4, "target": 17}, {"distance": 1.6321419271963342, "on_path": 0, "source": 5, "target": 20}, {"distance": 0.5325568236564976, "on_path": 0, "source": 5, "target": 26}, {"distance": 0.7572833741687356, "on_path": 0, "source": 5, "target": 7}, {"distance": 1.4423313077824749, "on_path": 0, "source": 6, "target": 24}, {"distance": 1.3873921012827068, "on_path": 0, "source": 6, "target": 14}, {"distance": 1.187231272640265, "on_path": 0, "source": 7, "target": 20}, {"distance": 1.4196255606440864, "on_path": 0, "source": 7, "target": 10}, {"distance": 0.3857736709938953, "on_path": 0, "source": 8, "target": 14}, {"distance": 0.39702108497106886, "on_path": 0, "source": 8, "target": 18}, {"distance": 1.280041524578351, "on_path": 0, "source": 9, "target": 21}, {"distance": 0.19002432236617262, "on_path": 0, "source": 9, "target": 30}, {"distance": 1.5568758380111085, "on_path": 0, "source": 9, "target": 17}, {"distance": 0.14961939279237402, "on_path": 0, "source": 10, "target": 29}, {"distance": 1.1161090790452808, "on_path": 0, "source": 10, "target": 25}, {"distance": 0.34604402537562523, "on_path": 0, "source": 10, "target": 27}, {"distance": 1.4132058715217817, "on_path": 0, "source": 11, "target": 31}, {"distance": 1.6667875667002354, "on_path": 0, "source": 11, "target": 27}, {"distance": 1.1403638833123695, "on_path": 0, "source": 11, "target": 23}, {"distance": 1.3463107330624278, "on_path": 0, "source": 11, "target": 26}, {"distance": 1.6530967030264139, "on_path": 0, "source": 12, "target": 20}, {"distance": 0.7746831734896279, "on_path": 0, "source": 12, "target": 25}, {"distance": 0.5825192798779822, "on_path": 0, "source": 12, "target": 31}, {"distance": 1.477050534231441, "on_path": 0, "source": 13, "target": 23}, {"distance": 1.5503805152435872, "on_path": 0, "source": 13, "target": 30}, {"distance": 0.8738892221021496, "on_path": 0, "source": 13, "target": 26}, {"distance": 1.1660539346859076, "on_path": 0, "source": 13, "target": 19}, {"distance": 0.4571680630459751, "on_path": 1, "source": 14, "target": 26}, {"distance": 0.9805298571654811, "on_path": 0, "source": 15, "target": 25}, {"distance": 0.5138280795101163, "on_path": 0, "source": 15, "target": 31}, {"distance": 0.7597204322145746, "on_path": 0, "source": 16, "target": 21}, {"distance": 1.3890407822861448, "on_path": 0, "source": 17, "target": 23}, {"distance": 1.0332220813437933, "on_path": 0, "source": 18, "target": 28}, {"distance": 1.6170890677397902, "on_path": 0, "source": 20, "target": 31}, {"distance": 1.1502462530944397, "on_path": 0, "source": 21, "target": 28}, {"distance": 0.8201348323572515, "on_path": 0, "source": 21, "target": 22}, {"distance": 0.5022428749918089, "on_path": 0, "source": 22, "target": 27}, {"distance": 0.4012523442301458, "on_path": 0, "source": 22, "target": 30}, {"distance": 1.108090389934428, "on_path": 0, "source": 23, "target": 29}, {"distance": 1.2328801033312053, "on_path": 0, "source": 24, "target": 28}, {"distance": 0.5537942444285097, "on_path": 0, "source": 24, "target": 27}, {"distance": 1.0886292896717258, "on_path": 0, "source": 27, "target": 28}, {"distance": 0.43942772037899963, "on_path": 0, "source": 28, "target": 30}, {"distance": 1.2249732371491961, "on_path": 0, "source": 29, "target": 30}]}