{"directed": false, "multigraph": false, "graph": {}, "nodes": [{"node_features": [0.0, 0.0], "id": 0}, {"node_features": [0.0, 0.0], "id": 1}, {"node_features": [0.0, 0.0], "id": 2}, {"node_features": [0.0, 0.0], "id": 3}, {"node_features": [0.0, 0.0], "id": 4}, {"node_features": [0.0, 0.0], "id": 5}, {"node_features": [0.0, 0.0], "id": 6}, {"node_features": [0.0, 0.0], "id": 7}, {"node_features": [0.0, 0.0], "id": 8}, {"node_features": [0.0, 0.0], "id": 9}, {"node_features": [0.0, 0.0], "id": 10}, {"node_features": [0.0, 0.0], "id": 11}, {"node_features": [0.0, 0.0], "id": 12}, {"node_features": [0.0, 0.0], "id": 13}, {"node_features": [0.0, 1.0], "id": 14}, {"node_features": [0.0, 0.0], "id": 15}, {"node_features": [0.0, 0.0], "id": 16}, {"node_features": [0.0, 0.0], "id": 17}, {"node_features": [0.0, 0.0], "id": 18}, {"node_features": [0.0, 0.0], "id": 19}, {"node_features": [0.0, 0.0], "id": 20}, {"node_features": [0.0, 0.0], "id": 21}, {"node_features": [0.0, 0.0], "id": 22}, {"node_features": [0.0, 0.0], "id": 23}, {"node_features": [0.0, 0.0], "id": 24}, {"node_features": [0.0, 0.0], "id": 25}, {"node_features": [0.0, 0.0], "id": 26}, {"node_features": [0.0, 0.0], "id": 27}, {"node_features": [1.0, 0.0], "id": 28}, {"node_features": [0.0, 0.0], "id": 29}, {"node_features": [0.0, 0.0], "id": 30}, {"node_features": [0.0, 0.0], "id": 31}, {"node_features": [0.0, 0.0], "id": 32}, {"node_features": [0.0, 0.0], "id": 33}, {"node_features": [0.0, 0.0], "id": 34}], "links": [{"distance": 0.6581823755337045, "on_path": 0, "source": 0, "target": 13}, {"distance": 0.891468378347405, "on_path": 0, "source": 0, "target": 19}, {"distance": 0.7372620303535193, "on_path": 0, "source": 0, "target": 29}, {"distance": 1.6734776945496384, "on_path": 0, "source": 0, "target": 15}, {"distance": 0.6720841886159264, "on_path": 0, "source": 0, "target": 7}, {"distance": 0.5796085697193527, "on_path": 0, "source": 0, "target": 20}, {"distance": 0.9783676498045011, "on_path": 0, "source": 1, "target": 10}, {"distance": 1.5973918769191706, "on_path": 0, "source": 1, "target": 15}, {"distance": 1.7488631477865466, "on_path": 0, "source": 1, "target": 25}, {"distance": 0.4113861428230657, "on_path": 0, "source": 1, "target": 32}, {"distance": 1.2239032864323915, "on_path": 0, "source": 2, "target": 13}, {"distance": 0.9780696887969871, "on_path": 0, "source": 2, "target": 11}, {"distance": 1.0632280962273146, "on_path": 0, "source": 2, "target": 34}, {"distance": 0.528476591598149, "on_path": 0, "source": 2, "target": 4}, {"distance": 0.7373993157992057, "on_path": 0, "source": 2, "target": 8}, {"distance": 1.2059237071952473, "on_path": 0, "source": 3, "target": 11}, {"distance": 0.852159321957204, "on_path": 0, "source": 3, "target": 13}, {"distance": 0.7850690265674857, "on_path": 0, "source": 3, "target": 15}, {"distance": 0.7186257899046631, "on_path": 0, "source": 3, "target": 31}, {"distance": 0.5086527686934386, "on_path": 0, "source": 4, "target": 18}, {"distance": 0.6197126789560301, "on_path": 0, "source": 4, "target": 12}, {"distance": 1.3882736627967893, "on_path": 0, "source": 4, "target": 13}, {"distance": 0.8557911312635706, "on_path": 0, "source": 4, "target": 32}, {"distance": 1.8623354888100223, "on_path": 0, "source": 5, "target": 26}, {"distance": 1.0319474266625972, "on_path": 0, "source": 5, "target": 32}, {"distance": 1.8996446411317494, "on_path": 0, "source": 5, "target": 33}, {"distance": 0.47153455089180685, "on_path": 0, "source": 6, "target": 18}, {"distance": 1.0545930407691542, "on_path": 0, "source": 6, "target": 16}, {"distance": 1.8422643960950449, "on_path": 0, "source": 6, "target": 28}, {"distance": 1.738529592523433, "on_path": 0, "source": 6, "target": 17}, {"distance": 1.6843054576837817, "on_path": 0, "source": 7, "target": 33}, {"distance": 1.004698879588981, "on_path": 0, "source": 8, "target": 34}, {"distance": 0.9359082966523821, "on_path": 0, "source": 8, "target": 21}, {"distance": 1.625991167878525, "on_path": 0, "source": 8, "target": 26}, {"distance": 1.3463387855107705, "on_path": 0, "source": 9, "target": 27}, {"distance": 1.6047927061588547, "on_path": 0, "source": 9, "target": 30}, {"distance": 0.9385328618776769, "on_path": 0, "source": 10, "target": 33}, {"distance": 0.727130569116108, "on_path": 0, "source": 10, "target": 27}, {"distance": 1.6930098979631212, "on_path": 0, "source": 11, "target": 22}, {"distance": 1.4184218960244943, "on_path": 0, "source": 11, "target": 16}, {"distance": 2.057425341453991, "on_path": 0, "source": 11, "target": 13}, {"distance": 1.6084907486281987, "on_path": 0, "source": 12, "target": 17}, {"distance": 0.1432597545312698, "on_path": 0, "source": 13, "target": 31}, {"distance": 0.4568458448281767, "on_path": 0, "source": 14, "target": 30}, {"distance": 0.5049955542028025, "on_path": 1, "source": 14, "target": 20}, {"distance": 1.982333696487821, "on_path": 0, "source": 15, "target": 21}, {"distance": 2.0207029495112945, "on_path": 0, "source": 15, "target": 34}, {"distance": 1.065112856464487, "on_path": 0, "source": 16, "target": 21}, {"distance": 0.7752744346980514, "on_path": 0, "source": 17, "target": 34}, {"distance": 1.6895891578755915, "on_path": 0, "source": 17, "target": 18}, {"distance": 0.32298075859151715, "on_path": 0, "source": 17, "target": 20}, {"distance": 1.159603132662263, "on_path": 0, "source": 17, "target": 21}, {"distance": 0.6760712634983117, "on_path": 0, "source": 18, "target": 33}, {"distance": 0.8899242454427055, "on_path": 0, "source": 19, "target": 30}, {"distance": 0.3928713911598557, "on_path": 0, "source": 19, "target": 20}, {"distance": 0.572848103068101, "on_path": 0, "source": 19, "target": 27}, {"distance": 0.7605740609726724, "on_path": 0, "source": 19, "target": 29}, {"distance": 0.9626924714324188, "on_path": 1, "source": 20, "target": 24}, {"distance": 1.4274509093498413, "on_path": 0, "source": 20, "target": 25}, {"distance": 1.3194211554145843, "on_path": 0, "source": 20, "target": 26}, {"distance": 0.8221823985777698, "on_path": 0, "source": 21, "target": 29}, {"distance": 1.7804451576338383, "on_path": 0, "source": 21, "target": 30}, {"distance": 1.3423511904339787, "on_path": 0, "source": 22, "target": 31}, {"distance": 1.2462004964840916, "on_path": 0, "source": 23, "target": 26}, {"distance": 1.1124082424153958, "on_path": 1, "source": 23, "target": 32}, {"distance": 1.0013388059043873, "on_path": 1, "source": 23, "target": 24}, {"distance": 1.4468455005102416, "on_path": 0, "source": 24, "target": 27}, {"distance": 2.123190301756747, "on_path": 0, "source": 25, "target": 34}, {"distance": 0.1926378530108257, "on_path": 0, "source": 26, "target": 33}, {"distance": 0.3511304887487975, "on_path": 1, "source": 28, "target": 32}]}