{"directed": false, "multigraph": false, "graph": {}, "nodes": [{"node_features": [0.0, 0.0], "id": 0}, {"node_features": [0.0, 0.0], "id": 1}, {"node_features": [0.0, 0.0], "id": 2}, {"node_features": [0.0, 0.0], "id": 3}, {"node_features": [0.0, 0.0], "id": 4}, {"node_features": [0.0, 0.0], "id": 5}, {"node_features": [0.0, 0.0], "id": 6}, {"node_features": [0.0, 0.0], "id": 7}, {"node_features": [0.0, 0.0], "id": 8}, {"node_features": [0.0, 0.0], "id": 9}, {"node_features": [0.0, 0.0], "id": 10}, {"node_features": [0.0, 1.0], "id": 11}, {"node_features": [0.0, 0.0], "id": 12}, {"node_features": [1.0, 0.0], "id": 13}, {"node_features": [0.0, 0.0], "id": 14}, {"node_features": [0.0, 0.0], "id": 15}, {"node_features": [0.0, 0.0], "id": 16}, {"node_features": [0.0, 0.0], "id": 17}, {"node_features": [0.0, 0.0], "id": 18}], "links": [{"distance": 1.0128408131726194, "on_path": 0, "source": 0, "target": 7}, {"distance": 1.4010037289805906, "on_path": 0, "source": 0, "target": 11}, {"distance": 1.5487315874026826, "on_path": 0, "source": 0, "target": 16}, {"distance": 1.167860515856011, "on_path": 0, "source": 0, "target": 5}, {"distance": 0.7469058353835325, "on_path": 0, "source": 0, "target": 6}, {"distance": 1.3105637637020278, "on_path": 0, "source": 1, "target": 9}, {"distance": 1.8087485206675222, "on_path": 0, "source": 1, "target": 17}, {"distance": 1.5038156941059402, "on_path": 0, "source": 1, "target": 2}, {"distance": 0.6973387583343581, "on_path": 0, "source": 1, "target": 8}, {"distance": 1.0672771840652724, "on_path": 0, "source": 1, "target": 11}, {"distance": 0.5452315057563784, "on_path": 0, "source": 1, "target": 12}, {"distance": 0.518914637011353, "on_path": 0, "source": 2, "target": 14}, {"distance": 1.3658370688192725, "on_path": 0, "source": 2, "target": 12}, {"distance": 0.812351763559276, "on_path": 1, "source": 3, "target": 11}, {"distance": 0.5727091859837283, "on_path": 1, "source": 3, "target": 12}, {"distance": 1.4710964487648746, "on_path": 0, "source": 3, "target": 7}, {"distance": 2.318550820232502, "on_path": 0, "source": 3, "target": 17}, {"distance": 1.6904834201973966, "on_path": 0, "source": 4, "target": 7}, {"distance": 1.5012996645514316, "on_path": 0, "source": 4, "target": 8}, {"distance": 0.7755578685531759, "on_path": 1, "source": 4, "target": 12}, {"distance": 0.6592835264412544, "on_path": 1, "source": 4, "target": 13}, {"distance": 1.7897711278519968, "on_path": 0, "source": 4, "target": 14}, {"distance": 1.3404395000130473, "on_path": 0, "source": 5, "target": 18}, {"distance": 0.726232658421835, "on_path": 0, "source": 5, "target": 10}, {"distance": 2.0989863946522815, "on_path": 0, "source": 6, "target": 16}, {"distance": 0.35948405542869655, "on_path": 0, "source": 6, "target": 7}, {"distance": 0.725284449118087, "on_path": 0, "source": 6, "target": 10}, {"distance": 1.9812738557458873, "on_path": 0, "source": 6, "target": 13}, {"distance": 0.4667914755415774, "on_path": 0, "source": 6, "target": 15}, {"distance": 1.7554164119109086, "on_path": 0, "source": 9, "target": 14}, {"distance": 1.0953249940043102, "on_path": 0, "source": 9, "target": 16}, {"distance": 0.4834440880566453, "on_path": 0, "source": 10, "target": 15}, {"distance": 1.6181425261709774, "on_path": 0, "source": 12, "target": 16}, {"distance": 0.48581577398721665, "on_path": 0, "source": 13, "target": 16}, {"distance": 0.12544072521194238, "on_path": 0, "source": 14, "target": 17}, {"distance": 1.655921994725304, "on_path": 0, "source": 14, "target": 18}, {"distance": 0.2614640955619566, "on_path": 0, "source": 15, "target": 18}, {"distance": 1.1790291141049662, "on_path": 0, "source": 16, "target": 17}]}