{"directed": false, "multigraph": false, "graph": {}, "nodes": [{"node_features": [0.0, 0.0], "id": 0}, {"node_features": [0.0, 0.0], "id": 1}, {"node_features": [0.0, 0.0], "id": 2}, {"node_features": [0.0, 0.0], "id": 3}, {"node_features": [0.0, 0.0], "id": 4}, {"node_features": [0.0, 0.0], "id": 5}, {"node_features": [0.0, 0.0], "id": 6}, {"node_features": [0.0, 0.0], "id": 7}, {"node_features": [1.0, 0.0], "id": 8}, {"node_features": [0.0, 0.0], "id": 9}, {"node_features": [0.0, 0.0], "id": 10}, {"node_features": [0.0, 0.0], "id": 11}, {"node_features": [0.0, 1.0], "id": 12}, {"node_features": [0.0, 0.0], "id": 13}, {"node_features": [0.0, 0.0], "id": 14}], "links": [{"distance": 0.5125522031158939, "on_path": 1, "source": 0, "target": 8}, {"distance": 0.30402715304026645, "on_path": 1, "source": 0, "target": 9}, {"distance": 1.4251579111285004, "on_path": 0, "source": 0, "target": 4}, {"distance": 1.1436125996842614, "on_path": 0, "source": 1, "target": 6}, {"distance": 0.7769293916505944, "on_path": 0, "source": 1, "target": 5}, {"distance": 0.9751120058805859, "on_path": 0, "source": 1, "target": 12}, {"distance": 1.558914670888795, "on_path": 0, "source": 1, "target": 10}, {"distance": 0.7045782861335276, "on_path": 0, "source": 2, "target": 11}, {"distance": 0.7522385310281748, "on_path": 0, "source": 2, "target": 5}, {"distance": 1.084657278403274, "on_path": 0, "source": 2, "target": 3}, {"distance": 0.5776801703558334, "on_path": 0, "source": 3, "target": 14}, {"distance": 0.5589664307247325, "on_path": 0, "source": 3, "target": 11}, {"distance": 0.4722497880129038, "on_path": 0, "source": 3, "target": 5}, {"distance": 1.0192406454720033, "on_path": 0, "source": 3, "target": 10}, {"distance": 1.0694962784090767, "on_path": 0, "source": 4, "target": 12}, {"distance": 1.765203090832104, "on_path": 0, "source": 4, "target": 8}, {"distance": 1.1595215906838143, "on_path": 0, "source": 4, "target": 5}, {"distance": 0.44569243134254916, "on_path": 0, "source": 4, "target": 7}, {"distance": 0.7509818907431971, "on_path": 0, "source": 4, "target": 13}, {"distance": 0.5350435308761463, "on_path": 0, "source": 5, "target": 13}, {"distance": 0.387449626241067, "on_path": 1, "source": 5, "target": 6}, {"distance": 0.6992547299681432, "on_path": 1, "source": 5, "target": 9}, {"distance": 0.389698962102031, "on_path": 0, "source": 6, "target": 14}, {"distance": 0.7076519426441363, "on_path": 1, "source": 6, "target": 12}, {"distance": 0.8917673758659834, "on_path": 0, "source": 7, "target": 14}, {"distance": 1.0732640906657187, "on_path": 0, "source": 8, "target": 13}, {"distance": 1.8916856325467655, "on_path": 0, "source": 9, "target": 10}, {"distance": 1.2781897050097324, "on_path": 0, "source": 10, "target": 14}, {"distance": 0.029422803358446728, "on_path": 0, "source": 11, "target": 14}, {"distance": 0.4282212857858949, "on_path": 0, "source": 11, "target": 12}]}