{"directed": false, "multigraph": false, "graph": {}, "nodes": [{"node_features": [0.0, 0.0], "id": 0}, {"node_features": [0.0, 0.0], "id": 1}, {"node_features": [0.0, 0.0], "id": 2}, {"node_features": [0.0, 1.0], "id": 3}, {"node_features": [0.0, 0.0], "id": 4}, {"node_features": [0.0, 0.0], "id": 5}, {"node_features": [0.0, 0.0], "id": 6}, {"node_features": [0.0, 0.0], "id": 7}, {"node_features": [0.0, 0.0], "id": 8}, {"node_features": [0.0, 0.0], "id": 9}, {"node_features": [0.0, 0.0], "id": 10}, {"node_features": [0.0, 0.0], "id": 11}, {"node_features": [0.0, 0.0], "id": 12}, {"node_features": [0.0, 0.0], "id": 13}, {"node_features": [1.0, 0.0], "id": 14}, {"node_features": [0.0, 0.0], "id": 15}, {"node_features": [0.0, 0.0], "id": 16}], "links": [{"distance": 1.2098962543967378, "on_path": 0, "source": 0, "target": 13}, {"distance": 0.6809509038033402, "on_path": 1, "source": 0, "target": 11}, {"distance": 0.5884064189777997, "on_path": 1, "source": 0, "target": 14}, {"distance": 0.6073601292057805, "on_path": 0, "source": 0, "target": 10}, {"distance": 0.3461295981713617, "on_path": 0, "source": 1, "target": 13}, {"distance": 1.825998198670028, "on_path": 0, "source": 1, "target": 14}, {"distance": 1.1273103156715258, "on_path": 0, "source": 1, "target": 9}, {"distance": 1.6469471890022738, "on_path": 0, "source": 1, "target": 2}, {"distance": 0.7170607839847295, "on_path": 0, "source": 1, "target": 4}, {"distance": 1.395036064909364, "on_path": 0, "source": 2, "target": 16}, {"distance": 1.3914908437770719, "on_path": 0, "source": 2, "target": 8}, {"distance": 0.35187387801035286, "on_path": 0, "source": 3, "target": 16}, {"distance": 0.3707738036749464, "on_path": 0, "source": 3, "target": 13}, {"distance": 0.39475890309838396, "on_path": 1, "source": 3, "target": 6}, {"distance": 0.7655358287356031, "on_path": 0, "source": 4, "target": 10}, {"distance": 0.32927380644217025, "on_path": 0, "source": 4, "target": 7}, {"distance": 0.36623986776774553, "on_path": 0, "source": 4, "target": 11}, {"distance": 1.2453530972210585, "on_path": 0, "source": 4, "target": 12}, {"distance": 1.01983500416969, "on_path": 0, "source": 5, "target": 16}, {"distance": 0.8866059230573408, "on_path": 0, "source": 5, "target": 8}, {"distance": 0.42536155015065175, "on_path": 1, "source": 6, "target": 11}, {"distance": 0.8587697471429211, "on_path": 0, "source": 6, "target": 9}, {"distance": 0.8692147344605988, "on_path": 0, "source": 7, "target": 14}, {"distance": 1.0699031871401143, "on_path": 0, "source": 7, "target": 8}, {"distance": 0.6190360488616085, "on_path": 0, "source": 7, "target": 10}, {"distance": 0.9214531134097325, "on_path": 0, "source": 7, "target": 12}, {"distance": 0.7951343079335749, "on_path": 0, "source": 7, "target": 15}, {"distance": 0.8865782954016983, "on_path": 0, "source": 7, "target": 13}, {"distance": 1.2293264473392933, "on_path": 0, "source": 9, "target": 13}, {"distance": 1.458114223939405, "on_path": 0, "source": 9, "target": 12}, {"distance": 0.8033131337565291, "on_path": 0, "source": 11, "target": 16}, {"distance": 1.7491760381549317, "on_path": 0, "source": 12, "target": 16}, {"distance": 0.6219690896306067, "on_path": 0, "source": 12, "target": 14}, {"distance": 0.1812086802103886, "on_path": 0, "source": 14, "target": 15}]}