{"directed": false, "multigraph": false, "graph": {}, "nodes": [{"node_features": [0.0, 1.0], "id": 0}, {"node_features": [0.0, 0.0], "id": 1}, {"node_features": [0.0, 0.0], "id": 2}, {"node_features": [0.0, 0.0], "id": 3}, {"node_features": [0.0, 0.0], "id": 4}, {"node_features": [0.0, 0.0], "id": 5}, {"node_features": [0.0, 0.0], "id": 6}, {"node_features": [0.0, 0.0], "id": 7}, {"node_features": [0.0, 0.0], "id": 8}, {"node_features": [0.0, 0.0], "id": 9}, {"node_features": [0.0, 0.0], "id": 10}, {"node_features": [0.0, 0.0], "id": 11}, {"node_features": [0.0, 0.0], "id": 12}, {"node_features": [0.0, 0.0], "id": 13}, {"node_features": [0.0, 0.0], "id": 14}, {"node_features": [0.0, 0.0], "id": 15}, {"node_features": [0.0, 0.0], "id": 16}, {"node_features": [0.0, 0.0], "id": 17}, {"node_features": [0.0, 0.0], "id": 18}, {"node_features": [0.0, 0.0], "id": 19}, {"node_features": [0.0, 0.0], "id": 20}, {"node_features": [0.0, 0.0], "id": 21}, {"node_features": [0.0, 0.0], "id": 22}, {"node_features": [0.0, 0.0], "id": 23}, {"node_features": [0.0, 0.0], "id": 24}, {"node_features": [0.0, 0.0], "id": 25}, {"node_features": [0.0, 0.0], "id": 26}, {"node_features": [0.0, 0.0], "id": 27}, {"node_features": [0.0, 0.0], "id": 28}, {"node_features": [0.0, 0.0], "id": 29}, {"node_features": [0.0, 0.0], "id": 30}, {"node_features": [0.0, 0.0], "id": 31}, {"node_features": [0.0, 0.0], "id": 32}, {"node_features": [0.0, 0.0], "id": 33}, {"node_features": [0.0, 0.0], "id": 34}, {"node_features": [1.0, 0.0], "id": 35}, {"node_features": [0.0, 0.0], "id": 36}, {"node_features": [0.0, 0.0], "id": 37}, {"node_features": [0.0, 0.0], "id": 38}, {"node_features": [0.0, 0.0], "id": 39}, {"node_features": [0.0, 0.0], "id": 40}, {"node_features": [0.0, 0.0], "id": 41}, {"node_features": [0.0, 0.0], "id": 42}, {"node_features": [0.0, 0.0], "id": 43}, {"node_features": [0.0, 0.0], "id": 44}, {"node_features": [0.0, 0.0], "id": 45}, {"node_features": [0.0, 0.0], "id": 46}], "links": [{"distance": 1.870828889259725, "on_path": 0, "source": 0, "target": 25}, {"distance": 0.32394298873632854, "on_path": 0, "source": 0, "target": 33}, {"distance": 0.5538166012917344, "on_path": 1, "source": 0, "target": 6}, {"distance": 1.0964967025186476, "on_path": 0, "source": 0, "target": 7}, {"distance": 1.0145464447048982, "on_path": 0, "source": 1, "target": 43}, {"distance": 1.036004498489048, "on_path": 0, "source": 1, "target": 8}, {"distance": 0.7465031767002649, "on_path": 0, "source": 1, "target": 10}, {"distance": 0.5980473902844076, "on_path": 0, "source": 1, "target": 45}, {"distance": 1.54801703376114, "on_path": 0, "source": 1, "target": 9}, {"distance": 0.8238539408073485, "on_path": 0, "source": 1, "target": 16}, {"distance": 1.1073286013276626, "on_path": 0, "source": 2, "target": 22}, {"distance": 0.9027495416407234, "on_path": 0, "source": 2, "target": 12}, {"distance": 0.921254324653445, "on_path": 0, "source": 2, "target": 28}, {"distance": 0.617965367390509, "on_path": 0, "source": 2, "target": 29}, {"distance": 0.8859266336259441, "on_path": 0, "source": 2, "target": 45}, {"distance": 0.9912187745752793, "on_path": 0, "source": 3, "target": 39}, {"distance": 1.4519368452815389, "on_path": 0, "source": 3, "target": 19}, {"distance": 1.4953208012754353, "on_path": 0, "source": 4, "target": 28}, {"distance": 1.267517727408011, "on_path": 0, "source": 4, "target": 41}, {"distance": 0.22989620319282542, "on_path": 0, "source": 4, "target": 40}, {"distance": 0.768877623644993, "on_path": 0, "source": 5, "target": 34}, {"distance": 1.264215135084224, "on_path": 0, "source": 5, "target": 35}, {"distance": 0.8250689540279976, "on_path": 0, "source": 5, "target": 13}, {"distance": 0.648698878646979, "on_path": 0, "source": 5, "target": 46}, {"distance": 0.8674192738491819, "on_path": 1, "source": 6, "target": 28}, {"distance": 0.7489516523474683, "on_path": 0, "source": 6, "target": 9}, {"distance": 1.1045623264129834, "on_path": 0, "source": 7, "target": 22}, {"distance": 1.0679929414155962, "on_path": 0, "source": 7, "target": 41}, {"distance": 0.682995541538053, "on_path": 0, "source": 8, "target": 30}, {"distance": 1.0118831343942631, "on_path": 0, "source": 8, "target": 37}, {"distance": 0.19006378928102316, "on_path": 1, "source": 8, "target": 35}, {"distance": 1.3917344068507933, "on_path": 0, "source": 8, "target": 15}, {"distance": 0.17082522178063325, "on_path": 1, "source": 8, "target": 27}, {"distance": 0.7730607365183791, "on_path": 0, "source": 9, "target": 42}, {"distance": 1.2462406070992738, "on_path": 0, "source": 9, "target": 29}, {"distance": 0.47396704545448876, "on_path": 0, "source": 10, "target": 18}, {"distance": 0.8040849962021153, "on_path": 0, "source": 10, "target": 27}, {"distance": 1.4057572223059085, "on_path": 0, "source": 11, "target": 32}, {"distance": 1.0167428792475801, "on_path": 0, "source": 11, "target": 36}, {"distance": 1.5276545534246182, "on_path": 0, "source": 11, "target": 24}, {"distance": 0.35448809237687195, "on_path": 0, "source": 11, "target": 43}, {"distance": 1.775138847388134, "on_path": 0, "source": 12, "target": 20}, {"distance": 0.5768933939701631, "on_path": 0, "source": 12, "target": 36}, {"distance": 0.38756577514986934, "on_path": 0, "source": 12, "target": 32}, {"distance": 1.1218500769757143, "on_path": 0, "source": 13, "target": 44}, {"distance": 0.42307601149551616, "on_path": 0, "source": 13, "target": 34}, {"distance": 1.1946095103597114, "on_path": 0, "source": 13, "target": 30}, {"distance": 1.7243786294415795, "on_path": 0, "source": 14, "target": 30}, {"distance": 1.135871839288553, "on_path": 0, "source": 14, "target": 22}, {"distance": 0.592273492088481, "on_path": 0, "source": 15, "target": 44}, {"distance": 0.6004346710428577, "on_path": 0, "source": 16, "target": 23}, {"distance": 0.548944721867646, "on_path": 0, "source": 16, "target": 34}, {"distance": 1.186420751558076, "on_path": 0, "source": 16, "target": 40}, {"distance": 0.7906806246775945, "on_path": 0, "source": 16, "target": 17}, {"distance": 1.3660833965600179, "on_path": 0, "source": 16, "target": 21}, {"distance": 1.085299487775386, "on_path": 0, "source": 17, "target": 26}, {"distance": 1.4745167228051856, "on_path": 0, "source": 17, "target": 38}, {"distance": 0.9986910667858901, "on_path": 0, "source": 18, "target": 33}, {"distance": 0.8569772976682504, "on_path": 0, "source": 18, "target": 24}, {"distance": 1.1119422726321575, "on_path": 0, "source": 19, "target": 35}, {"distance": 1.1118265934165383, "on_path": 0, "source": 19, "target": 22}, {"distance": 1.479591458921173, "on_path": 0, "source": 20, "target": 31}, {"distance": 0.27145006703654995, "on_path": 0, "source": 21, "target": 31}, {"distance": 0.9848361591801665, "on_path": 0, "source": 21, "target": 38}, {"distance": 1.763721195701988, "on_path": 0, "source": 22, "target": 33}, {"distance": 1.783637336147957, "on_path": 0, "source": 22, "target": 31}, {"distance": 1.1184498054372591, "on_path": 0, "source": 22, "target": 45}, {"distance": 1.9707424776462947, "on_path": 0, "source": 23, "target": 31}, {"distance": 1.134825533543185, "on_path": 0, "source": 23, "target": 33}, {"distance": 1.7744079529250203, "on_path": 0, "source": 24, "target": 27}, {"distance": 1.099401353578153, "on_path": 0, "source": 24, "target": 33}, {"distance": 1.247040604948612, "on_path": 0, "source": 25, "target": 43}, {"distance": 1.1969806668150766, "on_path": 0, "source": 25, "target": 44}, {"distance": 1.5614400232881929, "on_path": 0, "source": 25, "target": 37}, {"distance": 0.08922641744034271, "on_path": 0, "source": 26, "target": 41}, {"distance": 1.3138377829521921, "on_path": 0, "source": 26, "target": 34}, {"distance": 0.5078598116738599, "on_path": 0, "source": 26, "target": 44}, {"distance": 1.1175209750550963, "on_path": 0, "source": 27, "target": 41}, {"distance": 0.5640960188791129, "on_path": 1, "source": 27, "target": 28}, {"distance": 0.9877927687361768, "on_path": 0, "source": 28, "target": 34}, {"distance": 0.9340292239938777, "on_path": 0, "source": 29, "target": 32}, {"distance": 1.231635040598934, "on_path": 0, "source": 29, "target": 34}, {"distance": 1.4353314033426927, "on_path": 0, "source": 29, "target": 42}, {"distance": 0.8693395751058058, "on_path": 0, "source": 30, "target": 35}, {"distance": 0.9424831549166394, "on_path": 0, "source": 31, "target": 46}, {"distance": 1.476605489902576, "on_path": 0, "source": 31, "target": 34}, {"distance": 1.516507106045197, "on_path": 0, "source": 32, "target": 37}, {"distance": 1.2337971472352354, "on_path": 0, "source": 33, "target": 42}, {"distance": 1.1175912479328276, "on_path": 0, "source": 35, "target": 39}, {"distance": 1.4092670940609517, "on_path": 0, "source": 35, "target": 41}, {"distance": 1.1567876594480075, "on_path": 0, "source": 35, "target": 43}, {"distance": 1.1177515278749623, "on_path": 0, "source": 35, "target": 36}, {"distance": 0.852284415685258, "on_path": 0, "source": 39, "target": 43}, {"distance": 1.1358242299782293, "on_path": 0, "source": 43, "target": 46}]}