{"directed": false, "multigraph": false, "graph": {}, "nodes": [{"node_features": [0.0, 0.0], "id": 0}, {"node_features": [0.0, 0.0], "id": 1}, {"node_features": [0.0, 0.0], "id": 2}, {"node_features": [0.0, 0.0], "id": 3}, {"node_features": [0.0, 0.0], "id": 4}, {"node_features": [0.0, 0.0], "id": 5}, {"node_features": [0.0, 1.0], "id": 6}, {"node_features": [0.0, 0.0], "id": 7}, {"node_features": [0.0, 0.0], "id": 8}, {"node_features": [0.0, 0.0], "id": 9}, {"node_features": [0.0, 0.0], "id": 10}, {"node_features": [1.0, 0.0], "id": 11}, {"node_features": [0.0, 0.0], "id": 12}, {"node_features": [0.0, 0.0], "id": 13}, {"node_features": [0.0, 0.0], "id": 14}, {"node_features": [0.0, 0.0], "id": 15}, {"node_features": [0.0, 0.0], "id": 16}, {"node_features": [0.0, 0.0], "id": 17}, {"node_features": [0.0, 0.0], "id": 18}, {"node_features": [0.0, 0.0], "id": 19}, {"node_features": [0.0, 0.0], "id": 20}], "links": [{"distance": 1.2679133283240236, "on_path": 0, "source": 0, "target": 9}, {"distance": 1.2764112769410012, "on_path": 0, "source": 0, "target": 1}, {"distance": 1.5100578636420412, "on_path": 0, "source": 0, "target": 12}, {"distance": 1.7401413058978659, "on_path": 0, "source": 1, "target": 5}, {"distance": 1.6624437631793398, "on_path": 0, "source": 1, "target": 6}, {"distance": 1.5110900018108495, "on_path": 0, "source": 2, "target": 16}, {"distance": 0.8226131693165607, "on_path": 0, "source": 2, "target": 9}, {"distance": 1.9300445511319344, "on_path": 0, "source": 2, "target": 10}, {"distance": 0.47596615619365784, "on_path": 0, "source": 2, "target": 18}, {"distance": 1.7529154624945156, "on_path": 0, "source": 2, "target": 14}, {"distance": 1.3385267098365146, "on_path": 0, "source": 3, "target": 19}, {"distance": 0.677697442070054, "on_path": 0, "source": 3, "target": 13}, {"distance": 0.8540727341508103, "on_path": 0, "source": 3, "target": 18}, {"distance": 0.7705110804002971, "on_path": 0, "source": 4, "target": 15}, {"distance": 1.6202589213841079, "on_path": 0, "source": 4, "target": 17}, {"distance": 0.8523916833512699, "on_path": 0, "source": 4, "target": 13}, {"distance": 1.194897010159071, "on_path": 0, "source": 4, "target": 9}, {"distance": 1.532124901827384, "on_path": 0, "source": 4, "target": 10}, {"distance": 0.8645613244409489, "on_path": 0, "source": 4, "target": 20}, {"distance": 1.7380550849118328, "on_path": 0, "source": 5, "target": 19}, {"distance": 1.8457067881783171, "on_path": 0, "source": 5, "target": 12}, {"distance": 1.6996841669913436, "on_path": 0, "source": 5, "target": 14}, {"distance": 1.7455277788112553, "on_path": 0, "source": 6, "target": 18}, {"distance": 0.6519390610453422, "on_path": 0, "source": 6, "target": 13}, {"distance": 0.6371699236139667, "on_path": 1, "source": 6, "target": 19}, {"distance": 1.0100941827837422, "on_path": 0, "source": 6, "target": 10}, {"distance": 1.2492183077899286, "on_path": 0, "source": 7, "target": 12}, {"distance": 0.9322178008987498, "on_path": 0, "source": 7, "target": 20}, {"distance": 1.4851566442511839, "on_path": 0, "source": 7, "target": 8}, {"distance": 0.8589639429420267, "on_path": 1, "source": 7, "target": 14}, {"distance": 0.9167786054228221, "on_path": 1, "source": 7, "target": 19}, {"distance": 1.6290278880004496, "on_path": 0, "source": 8, "target": 14}, {"distance": 0.31258908473174113, "on_path": 0, "source": 8, "target": 12}, {"distance": 1.3115709702952578, "on_path": 0, "source": 11, "target": 20}, {"distance": 0.27186635393802994, "on_path": 1, "source": 11, "target": 14}, {"distance": 0.5442095723524203, "on_path": 0, "source": 12, "target": 15}, {"distance": 1.4050870901655508, "on_path": 0, "source": 12, "target": 16}, {"distance": 1.5199691675672826, "on_path": 0, "source": 13, "target": 18}, {"distance": 1.3722305291484704, "on_path": 0, "source": 13, "target": 15}, {"distance": 1.7452192216407367, "on_path": 0, "source": 14, "target": 17}, {"distance": 1.507566499872596, "on_path": 0, "source": 15, "target": 16}, {"distance": 2.2554320080970935, "on_path": 0, "source": 17, "target": 18}]}