{"directed": false, "multigraph": false, "graph": {}, "nodes": [{"node_features": [0.0, 0.0], "id": 0}, {"node_features": [0.0, 0.0], "id": 1}, {"node_features": [0.0, 0.0], "id": 2}, {"node_features": [0.0, 0.0], "id": 3}, {"node_features": [0.0, 0.0], "id": 4}, {"node_features": [0.0, 0.0], "id": 5}, {"node_features": [0.0, 0.0], "id": 6}, {"node_features": [0.0, 0.0], "id": 7}, {"node_features": [0.0, 0.0], "id": 8}, {"node_features": [0.0, 0.0], "id": 9}, {"node_features": [0.0, 0.0], "id": 10}, {"node_features": [0.0, 0.0], "id": 11}, {"node_features": [0.0, 0.0], "id": 12}, {"node_features": [0.0, 0.0], "id": 13}, {"node_features": [0.0, 0.0], "id": 14}, {"node_features": [0.0, 0.0], "id": 15}, {"node_features": [0.0, 0.0], "id": 16}, {"node_features": [0.0, 0.0], "id": 17}, {"node_features": [0.0, 0.0], "id": 18}, {"node_features": [0.0, 0.0], "id": 19}, {"node_features": [0.0, 0.0], "id": 20}, {"node_features": [0.0, 0.0], "id": 21}, {"node_features": [0.0, 0.0], "id": 22}, {"node_features": [0.0, 0.0], "id": 23}, {"node_features": [0.0, 0.0], "id": 24}, {"node_features": [0.0, 0.0], "id": 25}, {"node_features": [0.0, 0.0], "id": 26}, {"node_features": [0.0, 0.0], "id": 27}, {"node_features": [0.0, 0.0], "id": 28}, {"node_features": [0.0, 0.0], "id": 29}, {"node_features": [0.0, 0.0], "id": 30}, {"node_features": [0.0, 0.0], "id": 31}, {"node_features": [1.0, 0.0], "id": 32}, {"node_features": [0.0, 0.0], "id": 33}, {"node_features": [0.0, 0.0], "id": 34}, {"node_features": [0.0, 1.0], "id": 35}, {"node_features": [0.0, 0.0], "id": 36}, {"node_features": [0.0, 0.0], "id": 37}, {"node_features": [0.0, 0.0], "id": 38}, {"node_features": [0.0, 0.0], "id": 39}, {"node_features": [0.0, 0.0], "id": 40}, {"node_features": [0.0, 0.0], "id": 41}, {"node_features": [0.0, 0.0], "id": 42}, {"node_features": [0.0, 0.0], "id": 43}, {"node_features": [0.0, 0.0], "id": 44}, {"node_features": [0.0, 0.0], "id": 45}, {"node_features": [0.0, 0.0], "id": 46}], "links": [{"distance": 0.5902916436767944, "on_path": 0, "source": 0, "target": 23}, {"distance": 1.2604269783082735, "on_path": 0, "source": 0, "target": 6}, {"distance": 0.5064462025735983, "on_path": 0, "source": 0, "target": 38}, {"distance": 0.6444341217872362, "on_path": 0, "source": 0, "target": 14}, {"distance": 1.0702540401287013, "on_path": 0, "source": 0, "target": 43}, {"distance": 1.1317857567289065, "on_path": 0, "source": 1, "target": 13}, {"distance": 0.48868720438298857, "on_path": 0, "source": 1, "target": 43}, {"distance": 0.8223316570998391, "on_path": 0, "source": 1, "target": 17}, {"distance": 0.8991297817732226, "on_path": 0, "source": 2, "target": 45}, {"distance": 1.2602742635662023, "on_path": 0, "source": 2, "target": 13}, {"distance": 0.5110413723897909, "on_path": 0, "source": 2, "target": 20}, {"distance": 0.679222371888714, "on_path": 0, "source": 2, "target": 10}, {"distance": 1.146657695820734, "on_path": 0, "source": 2, "target": 44}, {"distance": 0.4094715990228569, "on_path": 0, "source": 3, "target": 35}, {"distance": 1.4425092570111913, "on_path": 0, "source": 3, "target": 28}, {"distance": 0.8546784536913662, "on_path": 0, "source": 3, "target": 39}, {"distance": 1.2870824335874667, "on_path": 0, "source": 3, "target": 20}, {"distance": 1.2245919238500727, "on_path": 0, "source": 3, "target": 34}, {"distance": 0.5783929510021281, "on_path": 0, "source": 4, "target": 36}, {"distance": 0.6881473580423105, "on_path": 0, "source": 4, "target": 33}, {"distance": 1.1712186300697534, "on_path": 0, "source": 5, "target": 20}, {"distance": 1.4459626112630675, "on_path": 0, "source": 5, "target": 46}, {"distance": 1.3461215934106587, "on_path": 0, "source": 5, "target": 31}, {"distance": 0.8511994777460329, "on_path": 0, "source": 5, "target": 23}, {"distance": 1.3382223670950792, "on_path": 0, "source": 6, "target": 18}, {"distance": 1.7297110435949088, "on_path": 0, "source": 7, "target": 30}, {"distance": 0.40953155812076963, "on_path": 0, "source": 7, "target": 36}, {"distance": 0.3663484410881242, "on_path": 0, "source": 8, "target": 19}, {"distance": 0.20776330259025994, "on_path": 0, "source": 8, "target": 15}, {"distance": 0.7005176571603385, "on_path": 0, "source": 8, "target": 18}, {"distance": 0.6923592113817743, "on_path": 0, "source": 8, "target": 40}, {"distance": 1.370622086862114, "on_path": 0, "source": 8, "target": 10}, {"distance": 0.6949598016304727, "on_path": 0, "source": 8, "target": 42}, {"distance": 1.0844193591918638, "on_path": 0, "source": 8, "target": 45}, {"distance": 0.6561574894146732, "on_path": 0, "source": 9, "target": 40}, {"distance": 1.6910629496447598, "on_path": 0, "source": 9, "target": 25}, {"distance": 0.9060695995692911, "on_path": 0, "source": 9, "target": 46}, {"distance": 1.4226912968788967, "on_path": 0, "source": 10, "target": 29}, {"distance": 1.5391011558684913, "on_path": 0, "source": 10, "target": 25}, {"distance": 1.3841384801215353, "on_path": 0, "source": 10, "target": 19}, {"distance": 0.6968592900602888, "on_path": 0, "source": 10, "target": 30}, {"distance": 1.7152706808281428, "on_path": 0, "source": 10, "target": 33}, {"distance": 1.271126279980674, "on_path": 0, "source": 11, "target": 28}, {"distance": 1.0742574318881455, "on_path": 0, "source": 11, "target": 38}, {"distance": 0.7406307384396265, "on_path": 0, "source": 11, "target": 46}, {"distance": 1.4656491102373634, "on_path": 0, "source": 11, "target": 21}, {"distance": 1.5965124469759295, "on_path": 0, "source": 12, "target": 20}, {"distance": 0.06361077556248018, "on_path": 0, "source": 12, "target": 13}, {"distance": 1.2616772144543942, "on_path": 0, "source": 12, "target": 24}, {"distance": 1.3039454222276599, "on_path": 0, "source": 13, "target": 30}, {"distance": 1.035816945294909, "on_path": 0, "source": 14, "target": 35}, {"distance": 1.2533329002654336, "on_path": 0, "source": 15, "target": 32}, {"distance": 0.3247576955668613, "on_path": 0, "source": 15, "target": 44}, {"distance": 1.1741180232179338, "on_path": 0, "source": 15, "target": 43}, {"distance": 1.4336557062979853, "on_path": 0, "source": 15, "target": 25}, {"distance": 1.587143185573757, "on_path": 0, "source": 16, "target": 36}, {"distance": 1.0357896573609613, "on_path": 0, "source": 16, "target": 21}, {"distance": 0.6089969067228334, "on_path": 0, "source": 16, "target": 28}, {"distance": 0.17648352475055626, "on_path": 0, "source": 17, "target": 28}, {"distance": 0.5043632121444876, "on_path": 0, "source": 17, "target": 24}, {"distance": 0.6947955645516373, "on_path": 0, "source": 18, "target": 46}, {"distance": 0.11944181463134304, "on_path": 0, "source": 19, "target": 34}, {"distance": 1.2571266711738838, "on_path": 0, "source": 19, "target": 33}, {"distance": 1.3172236944144395, "on_path": 0, "source": 20, "target": 29}, {"distance": 0.9784929079425848, "on_path": 0, "source": 20, "target": 35}, {"distance": 1.4077300898082699, "on_path": 0, "source": 20, "target": 45}, {"distance": 1.065060604610236, "on_path": 0, "source": 21, "target": 34}, {"distance": 1.7139317166562242, "on_path": 0, "source": 21, "target": 36}, {"distance": 0.8583381200848259, "on_path": 0, "source": 22, "target": 26}, {"distance": 1.3273105130740193, "on_path": 0, "source": 22, "target": 30}, {"distance": 1.1409258687312274, "on_path": 0, "source": 23, "target": 44}, {"distance": 0.514044675198671, "on_path": 0, "source": 23, "target": 28}, {"distance": 0.7831617231829923, "on_path": 0, "source": 23, "target": 31}, {"distance": 0.45848557879240126, "on_path": 1, "source": 24, "target": 31}, {"distance": 0.258432709352019, "on_path": 1, "source": 24, "target": 32}, {"distance": 1.2931367678485428, "on_path": 0, "source": 26, "target": 33}, {"distance": 1.24805530834406, "on_path": 0, "source": 26, "target": 32}, {"distance": 0.5604210586227353, "on_path": 0, "source": 27, "target": 36}, {"distance": 0.6645571171408622, "on_path": 0, "source": 27, "target": 35}, {"distance": 0.9743813354738105, "on_path": 0, "source": 28, "target": 41}, {"distance": 1.872021680567454, "on_path": 0, "source": 29, "target": 38}, {"distance": 1.63738645318119, "on_path": 0, "source": 30, "target": 33}, {"distance": 1.0120272688623881, "on_path": 0, "source": 30, "target": 35}, {"distance": 0.5611730852877869, "on_path": 0, "source": 30, "target": 37}, {"distance": 0.8240484772970295, "on_path": 1, "source": 31, "target": 39}, {"distance": 1.08012130164725, "on_path": 0, "source": 33, "target": 40}, {"distance": 0.9483490695724572, "on_path": 0, "source": 33, "target": 41}, {"distance": 0.9963720614116282, "on_path": 0, "source": 34, "target": 37}, {"distance": 0.35184734214478747, "on_path": 1, "source": 35, "target": 36}, {"distance": 0.9891213609613698, "on_path": 0, "source": 35, "target": 40}, {"distance": 0.8786696839914448, "on_path": 1, "source": 36, "target": 39}, {"distance": 0.16539137835865386, "on_path": 0, "source": 37, "target": 42}, {"distance": 1.1482937065410466, "on_path": 0, "source": 38, "target": 39}, {"distance": 1.8138126762996578, "on_path": 0, "source": 40, "target": 43}]}