{"directed": false, "multigraph": false, "graph": {}, "nodes": [{"node_features": [0.0, 0.0], "id": 0}, {"node_features": [0.0, 0.0], "id": 1}, {"node_features": [0.0, 0.0], "id": 2}, {"node_features": [0.0, 0.0], "id": 3}, {"node_features": [0.0, 1.0], "id": 4}, {"node_features": [1.0, 0.0], "id": 5}, {"node_features": [0.0, 0.0], "id": 6}, {"node_features": [0.0, 0.0], "id": 7}, {"node_features": [0.0, 0.0], "id": 8}, {"node_features": [0.0, 0.0], "id": 9}, {"node_features": [0.0, 0.0], "id": 10}, {"node_features": [0.0, 0.0], "id": 11}, {"node_features": [0.0, 0.0], "id": 12}, {"node_features": [0.0, 0.0], "id": 13}, {"node_features": [0.0, 0.0], "id": 14}, {"node_features": [0.0, 0.0], "id": 15}, {"node_features": [0.0, 0.0], "id": 16}, {"node_features": [0.0, 0.0], "id": 17}, {"node_features": [0.0, 0.0], "id": 18}, {"node_features": [0.0, 0.0], "id": 19}, {"node_features": [0.0, 0.0], "id": 20}, {"node_features": [0.0, 0.0], "id": 21}, {"node_features": [0.0, 0.0], "id": 22}, {"node_features": [0.0, 0.0], "id": 23}, {"node_features": [0.0, 0.0], "id": 24}, {"node_features": [0.0, 0.0], "id": 25}, {"node_features": [0.0, 0.0], "id": 26}, {"node_features": [0.0, 0.0], "id": 27}], "links": [{"distance": 0.6229598320218714, "on_path": 0, "source": 0, "target": 17}, {"distance": 0.8542442503883679, "on_path": 0, "source": 0, "target": 14}, {"distance": 0.5332659834225539, "on_path": 0, "source": 0, "target": 10}, {"distance": 1.1121719748163883, "on_path": 0, "source": 0, "target": 15}, {"distance": 0.999980207900115, "on_path": 0, "source": 1, "target": 26}, {"distance": 1.8339511417232925, "on_path": 0, "source": 1, "target": 4}, {"distance": 1.0900186470190056, "on_path": 0, "source": 2, "target": 27}, {"distance": 0.4290156761433686, "on_path": 0, "source": 2, "target": 7}, {"distance": 1.6881699414281823, "on_path": 0, "source": 2, "target": 5}, {"distance": 0.9134858579649552, "on_path": 0, "source": 3, "target": 11}, {"distance": 0.2420623859566814, "on_path": 0, "source": 3, "target": 16}, {"distance": 0.9363231741219381, "on_path": 0, "source": 3, "target": 19}, {"distance": 1.099783101219816, "on_path": 0, "source": 3, "target": 23}, {"distance": 1.287288162492151, "on_path": 0, "source": 4, "target": 16}, {"distance": 0.836246357511531, "on_path": 1, "source": 4, "target": 26}, {"distance": 0.9929344440743904, "on_path": 0, "source": 4, "target": 24}, {"distance": 1.6382693603521528, "on_path": 1, "source": 5, "target": 8}, {"distance": 0.8683008148395527, "on_path": 0, "source": 6, "target": 19}, {"distance": 0.2587778933214461, "on_path": 0, "source": 6, "target": 10}, {"distance": 0.3696514334336656, "on_path": 0, "source": 6, "target": 15}, {"distance": 0.5963181311504415, "on_path": 0, "source": 6, "target": 20}, {"distance": 0.784832523055247, "on_path": 0, "source": 6, "target": 25}, {"distance": 0.6834473319325949, "on_path": 0, "source": 6, "target": 27}, {"distance": 0.8145978163202701, "on_path": 0, "source": 7, "target": 17}, {"distance": 0.9270683859450687, "on_path": 0, "source": 7, "target": 12}, {"distance": 1.7260623505284598, "on_path": 0, "source": 7, "target": 19}, {"distance": 1.584058424504204, "on_path": 0, "source": 8, "target": 25}, {"distance": 1.4841693880065554, "on_path": 0, "source": 8, "target": 14}, {"distance": 0.5860756698507371, "on_path": 1, "source": 8, "target": 12}, {"distance": 0.8945435197977881, "on_path": 0, "source": 9, "target": 20}, {"distance": 1.0760579782792479, "on_path": 0, "source": 9, "target": 21}, {"distance": 0.45498942815545956, "on_path": 0, "source": 9, "target": 17}, {"distance": 0.8454252049118457, "on_path": 0, "source": 9, "target": 26}, {"distance": 1.561123675175562, "on_path": 0, "source": 11, "target": 23}, {"distance": 1.4316539167809708, "on_path": 0, "source": 11, "target": 12}, {"distance": 0.9059805032401974, "on_path": 0, "source": 11, "target": 16}, {"distance": 0.17494788043752146, "on_path": 1, "source": 12, "target": 13}, {"distance": 0.35903020105211775, "on_path": 0, "source": 12, "target": 18}, {"distance": 1.237076379298246, "on_path": 0, "source": 12, "target": 22}, {"distance": 0.7759245526689008, "on_path": 0, "source": 12, "target": 16}, {"distance": 0.4727258705924436, "on_path": 0, "source": 13, "target": 20}, {"distance": 0.9376687468407121, "on_path": 0, "source": 13, "target": 25}, {"distance": 0.7739950775748821, "on_path": 0, "source": 13, "target": 27}, {"distance": 0.17634501724216362, "on_path": 1, "source": 13, "target": 26}, {"distance": 1.2435773056253494, "on_path": 0, "source": 14, "target": 20}, {"distance": 0.35787696046811546, "on_path": 0, "source": 14, "target": 21}, {"distance": 0.6301487227368776, "on_path": 0, "source": 15, "target": 19}, {"distance": 0.8775020366783296, "on_path": 0, "source": 16, "target": 23}, {"distance": 0.8867610421328591, "on_path": 0, "source": 16, "target": 22}, {"distance": 1.4508270626519884, "on_path": 0, "source": 17, "target": 25}, {"distance": 0.7182525563075955, "on_path": 0, "source": 17, "target": 18}, {"distance": 0.9128699521300714, "on_path": 0, "source": 17, "target": 19}, {"distance": 0.917620501987056, "on_path": 0, "source": 19, "target": 24}, {"distance": 0.3984411217015044, "on_path": 0, "source": 20, "target": 26}, {"distance": 0.44911364156104544, "on_path": 0, "source": 21, "target": 25}, {"distance": 0.9216802075314707, "on_path": 0, "source": 22, "target": 24}]}