{"directed": false, "multigraph": false, "graph": {}, "nodes": [{"node_features": [0.0, 0.0], "id": 0}, {"node_features": [0.0, 0.0], "id": 1}, {"node_features": [0.0, 0.0], "id": 2}, {"node_features": [0.0, 0.0], "id": 3}, {"node_features": [0.0, 0.0], "id": 4}, {"node_features": [0.0, 0.0], "id": 5}, {"node_features": [0.0, 0.0], "id": 6}, {"node_features": [0.0, 0.0], "id": 7}, {"node_features": [1.0, 0.0], "id": 8}, {"node_features": [0.0, 0.0], "id": 9}, {"node_features": [0.0, 0.0], "id": 10}, {"node_features": [0.0, 0.0], "id": 11}, {"node_features": [0.0, 0.0], "id": 12}, {"node_features": [0.0, 0.0], "id": 13}, {"node_features": [0.0, 1.0], "id": 14}, {"node_features": [0.0, 0.0], "id": 15}, {"node_features": [0.0, 0.0], "id": 16}, {"node_features": [0.0, 0.0], "id": 17}, {"node_features": [0.0, 0.0], "id": 18}, {"node_features": [0.0, 0.0], "id": 19}, {"node_features": [0.0, 0.0], "id": 20}, {"node_features": [0.0, 0.0], "id": 21}, {"node_features": [0.0, 0.0], "id": 22}, {"node_features": [0.0, 0.0], "id": 23}, {"node_features": [0.0, 0.0], "id": 24}, {"node_features": [0.0, 0.0], "id": 25}], "links": [{"distance": 0.1538355129616664, "on_path": 0, "source": 0, "target": 7}, {"distance": 1.782720829908353, "on_path": 0, "source": 0, "target": 19}, {"distance": 1.6036770715063782, "on_path": 0, "source": 0, "target": 20}, {"distance": 0.6962299861806515, "on_path": 0, "source": 0, "target": 17}, {"distance": 0.4559829889105195, "on_path": 0, "source": 0, "target": 12}, {"distance": 1.727924775112613, "on_path": 0, "source": 1, "target": 13}, {"distance": 1.7981593373055205, "on_path": 0, "source": 1, "target": 8}, {"distance": 1.0916303384381019, "on_path": 0, "source": 1, "target": 21}, {"distance": 0.7471420770550006, "on_path": 0, "source": 2, "target": 10}, {"distance": 1.7022906117253334, "on_path": 0, "source": 2, "target": 3}, {"distance": 1.4585227695429737, "on_path": 0, "source": 2, "target": 9}, {"distance": 0.4496769167908187, "on_path": 0, "source": 3, "target": 6}, {"distance": 0.6056049555709703, "on_path": 0, "source": 3, "target": 9}, {"distance": 1.4060125819589262, "on_path": 0, "source": 3, "target": 13}, {"distance": 0.15307121329686496, "on_path": 0, "source": 4, "target": 9}, {"distance": 0.7058587271767457, "on_path": 0, "source": 4, "target": 19}, {"distance": 1.6750824821512378, "on_path": 0, "source": 5, "target": 15}, {"distance": 0.6728861986188588, "on_path": 0, "source": 5, "target": 16}, {"distance": 1.0944093891743572, "on_path": 0, "source": 5, "target": 20}, {"distance": 1.1047730628668984, "on_path": 0, "source": 6, "target": 7}, {"distance": 0.779784183745694, "on_path": 0, "source": 6, "target": 14}, {"distance": 1.6338394929931053, "on_path": 0, "source": 7, "target": 20}, {"distance": 0.41100918436028905, "on_path": 0, "source": 7, "target": 13}, {"distance": 1.2015673215569815, "on_path": 0, "source": 7, "target": 8}, {"distance": 0.7092925638277938, "on_path": 1, "source": 8, "target": 21}, {"distance": 0.9190314628098886, "on_path": 0, "source": 8, "target": 13}, {"distance": 1.348430119480915, "on_path": 0, "source": 8, "target": 22}, {"distance": 0.8902696196551935, "on_path": 0, "source": 9, "target": 22}, {"distance": 0.6510954912396214, "on_path": 0, "source": 9, "target": 15}, {"distance": 0.41590370909444024, "on_path": 1, "source": 10, "target": 16}, {"distance": 1.3240659701613868, "on_path": 0, "source": 10, "target": 11}, {"distance": 0.13730162108214272, "on_path": 0, "source": 10, "target": 17}, {"distance": 0.3827240054803273, "on_path": 1, "source": 10, "target": 21}, {"distance": 1.1937048886548138, "on_path": 0, "source": 11, "target": 21}, {"distance": 1.1970199182118288, "on_path": 0, "source": 11, "target": 25}, {"distance": 0.35147570416516083, "on_path": 0, "source": 12, "target": 25}, {"distance": 1.2139658373290376, "on_path": 0, "source": 12, "target": 15}, {"distance": 0.5867961213275376, "on_path": 0, "source": 12, "target": 18}, {"distance": 0.9197431976580523, "on_path": 0, "source": 13, "target": 22}, {"distance": 0.3628285201545074, "on_path": 1, "source": 14, "target": 19}, {"distance": 0.07666592775581033, "on_path": 0, "source": 14, "target": 24}, {"distance": 0.5680946325182484, "on_path": 0, "source": 15, "target": 24}, {"distance": 1.0072085383202287, "on_path": 0, "source": 15, "target": 16}, {"distance": 0.326521236307182, "on_path": 0, "source": 16, "target": 25}, {"distance": 1.013250064636344, "on_path": 1, "source": 16, "target": 19}, {"distance": 0.27869286581270586, "on_path": 0, "source": 16, "target": 17}, {"distance": 0.9692854562658589, "on_path": 0, "source": 16, "target": 23}, {"distance": 0.23774853062927576, "on_path": 0, "source": 18, "target": 25}, {"distance": 1.1303839113322773, "on_path": 0, "source": 19, "target": 23}, {"distance": 1.6665350979510762, "on_path": 0, "source": 20, "target": 23}, {"distance": 1.043505466304506, "on_path": 0, "source": 20, "target": 25}, {"distance": 0.5958717984095566, "on_path": 0, "source": 21, "target": 25}]}