{"directed": false, "multigraph": false, "graph": {}, "nodes": [{"node_features": [0.0, 0.0], "id": 0}, {"node_features": [0.0, 0.0], "id": 1}, {"node_features": [0.0, 0.0], "id": 2}, {"node_features": [0.0, 0.0], "id": 3}, {"node_features": [0.0, 0.0], "id": 4}, {"node_features": [0.0, 0.0], "id": 5}, {"node_features": [0.0, 0.0], "id": 6}, {"node_features": [0.0, 0.0], "id": 7}, {"node_features": [0.0, 0.0], "id": 8}, {"node_features": [0.0, 0.0], "id": 9}, {"node_features": [0.0, 0.0], "id": 10}, {"node_features": [0.0, 0.0], "id": 11}, {"node_features": [0.0, 0.0], "id": 12}, {"node_features": [0.0, 0.0], "id": 13}, {"node_features": [0.0, 1.0], "id": 14}, {"node_features": [0.0, 0.0], "id": 15}, {"node_features": [1.0, 0.0], "id": 16}, {"node_features": [0.0, 0.0], "id": 17}, {"node_features": [0.0, 0.0], "id": 18}, {"node_features": [0.0, 0.0], "id": 19}, {"node_features": [0.0, 0.0], "id": 20}, {"node_features": [0.0, 0.0], "id": 21}, {"node_features": [0.0, 0.0], "id": 22}, {"node_features": [0.0, 0.0], "id": 23}, {"node_features": [0.0, 0.0], "id": 24}, {"node_features": [0.0, 0.0], "id": 25}, {"node_features": [0.0, 0.0], "id": 26}, {"node_features": [0.0, 0.0], "id": 27}, {"node_features": [0.0, 0.0], "id": 28}, {"node_features": [0.0, 0.0], "id": 29}, {"node_features": [0.0, 0.0], "id": 30}, {"node_features": [0.0, 0.0], "id": 31}, {"node_features": [0.0, 0.0], "id": 32}, {"node_features": [0.0, 0.0], "id": 33}, {"node_features": [0.0, 0.0], "id": 34}, {"node_features": [0.0, 0.0], "id": 35}, {"node_features": [0.0, 0.0], "id": 36}, {"node_features": [0.0, 0.0], "id": 37}, {"node_features": [0.0, 0.0], "id": 38}, {"node_features": [0.0, 0.0], "id": 39}, {"node_features": [0.0, 0.0], "id": 40}], "links": [{"distance": 1.368273328963083, "on_path": 0, "source": 0, "target": 26}, {"distance": 1.5186934736162276, "on_path": 0, "source": 0, "target": 13}, {"distance": 0.7622160159337267, "on_path": 0, "source": 0, "target": 29}, {"distance": 1.248361467352015, "on_path": 0, "source": 0, "target": 15}, {"distance": 1.2177961555166832, "on_path": 0, "source": 1, "target": 29}, {"distance": 0.7666957520038373, "on_path": 0, "source": 1, "target": 8}, {"distance": 0.6772483687144695, "on_path": 0, "source": 1, "target": 27}, {"distance": 0.44049868723842306, "on_path": 0, "source": 2, "target": 16}, {"distance": 1.2553424955285595, "on_path": 0, "source": 2, "target": 28}, {"distance": 1.1750664181040014, "on_path": 0, "source": 3, "target": 40}, {"distance": 0.8662749001239409, "on_path": 0, "source": 3, "target": 22}, {"distance": 1.6552756856003918, "on_path": 0, "source": 4, "target": 31}, {"distance": 0.21679040766772684, "on_path": 0, "source": 4, "target": 29}, {"distance": 0.7605102966013627, "on_path": 0, "source": 5, "target": 11}, {"distance": 1.1700201801032515, "on_path": 0, "source": 5, "target": 21}, {"distance": 0.6808972676829317, "on_path": 0, "source": 5, "target": 30}, {"distance": 0.7064545174689161, "on_path": 0, "source": 5, "target": 6}, {"distance": 0.4245701864975174, "on_path": 0, "source": 5, "target": 17}, {"distance": 0.2826026547568219, "on_path": 0, "source": 6, "target": 16}, {"distance": 1.257093953757422, "on_path": 0, "source": 6, "target": 32}, {"distance": 1.5363081621967158, "on_path": 0, "source": 6, "target": 18}, {"distance": 0.7350164393111064, "on_path": 0, "source": 6, "target": 20}, {"distance": 1.6496910972237773, "on_path": 0, "source": 7, "target": 34}, {"distance": 2.240367675521741, "on_path": 0, "source": 7, "target": 24}, {"distance": 1.3837392454644724, "on_path": 0, "source": 7, "target": 13}, {"distance": 1.8884305006279816, "on_path": 0, "source": 7, "target": 38}, {"distance": 0.5475353335959537, "on_path": 0, "source": 8, "target": 11}, {"distance": 0.9641873209942864, "on_path": 0, "source": 8, "target": 17}, {"distance": 1.1062455436324214, "on_path": 0, "source": 8, "target": 38}, {"distance": 0.48810886028042005, "on_path": 0, "source": 8, "target": 34}, {"distance": 1.2253300403017906, "on_path": 0, "source": 9, "target": 18}, {"distance": 2.012697723046187, "on_path": 0, "source": 9, "target": 10}, {"distance": 1.2426349342869416, "on_path": 0, "source": 9, "target": 15}, {"distance": 1.7464568328083887, "on_path": 0, "source": 9, "target": 29}, {"distance": 1.2250205883210918, "on_path": 0, "source": 9, "target": 27}, {"distance": 1.4026965239944398, "on_path": 0, "source": 10, "target": 33}, {"distance": 0.9967287616789929, "on_path": 0, "source": 10, "target": 16}, {"distance": 0.3248096746708766, "on_path": 0, "source": 11, "target": 20}, {"distance": 0.47034364502352705, "on_path": 0, "source": 11, "target": 31}, {"distance": 0.9715704631352505, "on_path": 0, "source": 11, "target": 29}, {"distance": 1.1403020229580456, "on_path": 0, "source": 11, "target": 22}, {"distance": 1.9552131462635087, "on_path": 0, "source": 12, "target": 40}, {"distance": 1.1527112889954831, "on_path": 0, "source": 12, "target": 16}, {"distance": 0.6201352711582077, "on_path": 0, "source": 12, "target": 37}, {"distance": 1.7268357851216842, "on_path": 0, "source": 12, "target": 25}, {"distance": 1.021162336263097, "on_path": 0, "source": 12, "target": 19}, {"distance": 1.2053312928317463, "on_path": 0, "source": 14, "target": 25}, {"distance": 1.4782408072912365, "on_path": 1, "source": 14, "target": 39}, {"distance": 1.1352476666631057, "on_path": 0, "source": 15, "target": 28}, {"distance": 1.1537704464511094, "on_path": 0, "source": 16, "target": 24}, {"distance": 0.688726612670972, "on_path": 1, "source": 16, "target": 26}, {"distance": 0.9060175204590898, "on_path": 0, "source": 16, "target": 35}, {"distance": 1.5090654305079716, "on_path": 0, "source": 17, "target": 31}, {"distance": 1.4390794170244965, "on_path": 0, "source": 18, "target": 26}, {"distance": 1.3571809901531287, "on_path": 0, "source": 18, "target": 31}, {"distance": 1.0357125067327964, "on_path": 0, "source": 19, "target": 38}, {"distance": 1.0600805441898105, "on_path": 0, "source": 20, "target": 34}, {"distance": 0.9063471443897342, "on_path": 0, "source": 21, "target": 27}, {"distance": 0.837916768083516, "on_path": 0, "source": 21, "target": 39}, {"distance": 0.23100336002948843, "on_path": 0, "source": 21, "target": 31}, {"distance": 1.6600876929799908, "on_path": 0, "source": 21, "target": 30}, {"distance": 1.4680671309515827, "on_path": 0, "source": 22, "target": 35}, {"distance": 1.7467288767445026, "on_path": 0, "source": 23, "target": 36}, {"distance": 0.16512124203236903, "on_path": 0, "source": 23, "target": 32}, {"distance": 0.5078841366052955, "on_path": 0, "source": 24, "target": 40}, {"distance": 2.4545241341328348, "on_path": 0, "source": 24, "target": 32}, {"distance": 1.1095108609862265, "on_path": 0, "source": 25, "target": 37}, {"distance": 1.6841681088863296, "on_path": 0, "source": 25, "target": 35}, {"distance": 0.7011604118859314, "on_path": 0, "source": 25, "target": 33}, {"distance": 1.6122711773212717, "on_path": 0, "source": 26, "target": 29}, {"distance": 0.13288778715704241, "on_path": 1, "source": 26, "target": 40}, {"distance": 0.5984609127439896, "on_path": 0, "source": 26, "target": 36}, {"distance": 1.037800835416979, "on_path": 0, "source": 28, "target": 32}, {"distance": 0.6130282655351842, "on_path": 0, "source": 29, "target": 32}, {"distance": 0.9471104974951972, "on_path": 0, "source": 29, "target": 34}, {"distance": 0.6208568023942176, "on_path": 0, "source": 30, "target": 33}, {"distance": 0.7448882863405828, "on_path": 0, "source": 33, "target": 36}, {"distance": 0.976362834432052, "on_path": 0, "source": 34, "target": 39}, {"distance": 0.9876362123100373, "on_path": 0, "source": 34, "target": 37}, {"distance": 1.691546608898302, "on_path": 0, "source": 35, "target": 36}, {"distance": 1.3650772083331109, "on_path": 0, "source": 37, "target": 39}, {"distance": 0.6376945005280195, "on_path": 1, "source": 39, "target": 40}]}