{"directed": false, "multigraph": false, "graph": {}, "nodes": [{"node_features": [0.0, 0.0], "id": 0}, {"node_features": [0.0, 0.0], "id": 1}, {"node_features": [0.0, 0.0], "id": 2}, {"node_features": [0.0, 0.0], "id": 3}, {"node_features": [0.0, 0.0], "id": 4}, {"node_features": [0.0, 0.0], "id": 5}, {"node_features": [1.0, 0.0], "id": 6}, {"node_features": [0.0, 0.0], "id": 7}, {"node_features": [0.0, 0.0], "id": 8}, {"node_features": [0.0, 0.0], "id": 9}, {"node_features": [0.0, 1.0], "id": 10}, {"node_features": [0.0, 0.0], "id": 11}, {"node_features": [0.0, 0.0], "id": 12}, {"node_features": [0.0, 0.0], "id": 13}, {"node_features": [0.0, 0.0], "id": 14}, {"node_features": [0.0, 0.0], "id": 15}, {"node_features": [0.0, 0.0], "id": 16}, {"node_features": [0.0, 0.0], "id": 17}, {"node_features": [0.0, 0.0], "id": 18}, {"node_features": [0.0, 0.0], "id": 19}, {"node_features": [0.0, 0.0], "id": 20}, {"node_features": [0.0, 0.0], "id": 21}, {"node_features": [0.0, 0.0], "id": 22}, {"node_features": [0.0, 0.0], "id": 23}, {"node_features": [0.0, 0.0], "id": 24}, {"node_features": [0.0, 0.0], "id": 25}, {"node_features": [0.0, 0.0], "id": 26}, {"node_features": [0.0, 0.0], "id": 27}, {"node_features": [0.0, 0.0], "id": 28}, {"node_features": [0.0, 0.0], "id": 29}, {"node_features": [0.0, 0.0], "id": 30}, {"node_features": [0.0, 0.0], "id": 31}], "links": [{"distance": 0.4982785272534478, "on_path": 0, "source": 0, "target": 18}, {"distance": 0.8764775318800219, "on_path": 0, "source": 0, "target": 3}, {"distance": 1.645388526647037, "on_path": 0, "source": 0, "target": 1}, {"distance": 1.5047643312298384, "on_path": 0, "source": 0, "target": 2}, {"distance": 0.7262758616703775, "on_path": 0, "source": 0, "target": 5}, {"distance": 0.6874892423477925, "on_path": 0, "source": 0, "target": 14}, {"distance": 1.1727549223361535, "on_path": 0, "source": 1, "target": 9}, {"distance": 0.9080913699486266, "on_path": 0, "source": 1, "target": 24}, {"distance": 0.616983691149749, "on_path": 0, "source": 1, "target": 20}, {"distance": 2.180556999561282, "on_path": 0, "source": 1, "target": 6}, {"distance": 1.5758898804327333, "on_path": 0, "source": 1, "target": 18}, {"distance": 1.3925874298127447, "on_path": 0, "source": 2, "target": 10}, {"distance": 1.6118756882033405, "on_path": 0, "source": 2, "target": 26}, {"distance": 0.4635836705186589, "on_path": 0, "source": 3, "target": 17}, {"distance": 0.9075858120304285, "on_path": 0, "source": 3, "target": 16}, {"distance": 1.3912021512997141, "on_path": 0, "source": 4, "target": 11}, {"distance": 1.1448812551466623, "on_path": 0, "source": 4, "target": 7}, {"distance": 1.1937212221732239, "on_path": 0, "source": 4, "target": 9}, {"distance": 1.001972970625923, "on_path": 0, "source": 4, "target": 13}, {"distance": 0.6629155370532259, "on_path": 0, "source": 5, "target": 18}, {"distance": 0.43785698883274043, "on_path": 0, "source": 5, "target": 31}, {"distance": 0.8674488741837694, "on_path": 0, "source": 5, "target": 19}, {"distance": 0.7691365711773592, "on_path": 0, "source": 5, "target": 22}, {"distance": 0.9798820818835109, "on_path": 0, "source": 6, "target": 26}, {"distance": 1.6747288396645525, "on_path": 1, "source": 6, "target": 24}, {"distance": 1.3233934831318768, "on_path": 0, "source": 7, "target": 10}, {"distance": 0.4182221042747068, "on_path": 0, "source": 8, "target": 28}, {"distance": 0.37569042052473367, "on_path": 0, "source": 8, "target": 16}, {"distance": 1.4607261776060458, "on_path": 0, "source": 9, "target": 14}, {"distance": 1.003059460569453, "on_path": 0, "source": 9, "target": 25}, {"distance": 1.0552546111352845, "on_path": 0, "source": 9, "target": 17}, {"distance": 1.3149633692935085, "on_path": 0, "source": 9, "target": 28}, {"distance": 0.8737802869941038, "on_path": 0, "source": 10, "target": 15}, {"distance": 1.30745491471918, "on_path": 0, "source": 10, "target": 22}, {"distance": 0.5911131679711306, "on_path": 1, "source": 10, "target": 30}, {"distance": 0.961010818881134, "on_path": 0, "source": 10, "target": 20}, {"distance": 1.8623127066509653, "on_path": 0, "source": 11, "target": 28}, {"distance": 1.5938616378431896, "on_path": 0, "source": 11, "target": 23}, {"distance": 1.100432894763317, "on_path": 0, "source": 11, "target": 18}, {"distance": 0.7706109562476158, "on_path": 0, "source": 12, "target": 20}, {"distance": 0.6735657824080515, "on_path": 0, "source": 12, "target": 17}, {"distance": 0.7873889679753749, "on_path": 0, "source": 12, "target": 23}, {"distance": 1.204986680231623, "on_path": 0, "source": 13, "target": 18}, {"distance": 0.438382473764209, "on_path": 0, "source": 13, "target": 17}, {"distance": 0.666416206028823, "on_path": 0, "source": 13, "target": 28}, {"distance": 0.6335855419091595, "on_path": 0, "source": 14, "target": 26}, {"distance": 1.5699283796504948, "on_path": 0, "source": 14, "target": 20}, {"distance": 0.92038909045574, "on_path": 0, "source": 15, "target": 21}, {"distance": 0.854865380668739, "on_path": 0, "source": 15, "target": 19}, {"distance": 1.4085062361328249, "on_path": 0, "source": 16, "target": 25}, {"distance": 1.5522523637286805, "on_path": 0, "source": 16, "target": 27}, {"distance": 1.0275695611326006, "on_path": 0, "source": 17, "target": 25}, {"distance": 1.00690612829117, "on_path": 1, "source": 18, "target": 24}, {"distance": 0.22837173404366834, "on_path": 1, "source": 18, "target": 30}, {"distance": 0.34520237234718887, "on_path": 0, "source": 19, "target": 23}, {"distance": 1.7217158631939502, "on_path": 0, "source": 19, "target": 27}, {"distance": 0.42048373345562784, "on_path": 0, "source": 20, "target": 31}, {"distance": 0.9713566047166499, "on_path": 0, "source": 21, "target": 31}, {"distance": 1.5981645565115827, "on_path": 0, "source": 21, "target": 29}, {"distance": 0.1281042538829493, "on_path": 0, "source": 23, "target": 29}, {"distance": 0.5735545399337015, "on_path": 0, "source": 25, "target": 31}, {"distance": 1.190160325774127, "on_path": 0, "source": 25, "target": 29}, {"distance": 2.0665450417335447, "on_path": 0, "source": 27, "target": 28}, {"distance": 1.1266847847980637, "on_path": 0, "source": 28, "target": 31}]}