{"directed": false, "multigraph": false, "graph": {}, "nodes": [{"node_features": [0.0, 0.0], "id": 0}, {"node_features": [0.0, 0.0], "id": 1}, {"node_features": [0.0, 0.0], "id": 2}, {"node_features": [0.0, 0.0], "id": 3}, {"node_features": [0.0, 0.0], "id": 4}, {"node_features": [0.0, 0.0], "id": 5}, {"node_features": [0.0, 0.0], "id": 6}, {"node_features": [0.0, 0.0], "id": 7}, {"node_features": [0.0, 0.0], "id": 8}, {"node_features": [0.0, 0.0], "id": 9}, {"node_features": [0.0, 0.0], "id": 10}, {"node_features": [0.0, 0.0], "id": 11}, {"node_features": [0.0, 0.0], "id": 12}, {"node_features": [0.0, 0.0], "id": 13}, {"node_features": [0.0, 0.0], "id": 14}, {"node_features": [0.0, 0.0], "id": 15}, {"node_features": [0.0, 0.0], "id": 16}, {"node_features": [0.0, 0.0], "id": 17}, {"node_features": [0.0, 1.0], "id": 18}, {"node_features": [0.0, 0.0], "id": 19}, {"node_features": [0.0, 0.0], "id": 20}, {"node_features": [0.0, 0.0], "id": 21}, {"node_features": [0.0, 0.0], "id": 22}, {"node_features": [0.0, 0.0], "id": 23}, {"node_features": [0.0, 0.0], "id": 24}, {"node_features": [0.0, 0.0], "id": 25}, {"node_features": [0.0, 0.0], "id": 26}, {"node_features": [0.0, 0.0], "id": 27}, {"node_features": [0.0, 0.0], "id": 28}, {"node_features": [0.0, 0.0], "id": 29}, {"node_features": [0.0, 0.0], "id": 30}, {"node_features": [0.0, 0.0], "id": 31}, {"node_features": [0.0, 0.0], "id": 32}, {"node_features": [0.0, 0.0], "id": 33}, {"node_features": [0.0, 0.0], "id": 34}, {"node_features": [0.0, 0.0], "id": 35}, {"node_features": [0.0, 0.0], "id": 36}, {"node_features": [0.0, 0.0], "id": 37}, {"node_features": [0.0, 0.0], "id": 38}, {"node_features": [0.0, 0.0], "id": 39}, {"node_features": [0.0, 0.0], "id": 40}, {"node_features": [0.0, 0.0], "id": 41}, {"node_features": [1.0, 0.0], "id": 42}, {"node_features": [0.0, 0.0], "id": 43}, {"node_features": [0.0, 0.0], "id": 44}, {"node_features": [0.0, 0.0], "id": 45}, {"node_features": [0.0, 0.0], "id": 46}, {"node_features": [0.0, 0.0], "id": 47}], "links": [{"distance": 1.3466011349571099, "on_path": 0, "source": 0, "target": 43}, {"distance": 0.496522702912126, "on_path": 0, "source": 0, "target": 22}, {"distance": 1.863115741008386, "on_path": 0, "source": 0, "target": 7}, {"distance": 0.6066298953529623, "on_path": 0, "source": 1, "target": 42}, {"distance": 0.8058497696795758, "on_path": 0, "source": 1, "target": 20}, {"distance": 0.30739937191853006, "on_path": 0, "source": 1, "target": 26}, {"distance": 0.5830126916172208, "on_path": 0, "source": 1, "target": 35}, {"distance": 1.1757270717375057, "on_path": 0, "source": 1, "target": 36}, {"distance": 0.9182002984097969, "on_path": 0, "source": 1, "target": 13}, {"distance": 1.5516372548914144, "on_path": 0, "source": 1, "target": 43}, {"distance": 0.39145185773350344, "on_path": 0, "source": 2, "target": 13}, {"distance": 1.0358805005476288, "on_path": 0, "source": 2, "target": 12}, {"distance": 0.6434208144033471, "on_path": 0, "source": 2, "target": 32}, {"distance": 1.1589185398430721, "on_path": 0, "source": 2, "target": 40}, {"distance": 1.1131204545967968, "on_path": 0, "source": 2, "target": 7}, {"distance": 1.0543524063146, "on_path": 0, "source": 3, "target": 35}, {"distance": 0.3669037500781395, "on_path": 0, "source": 3, "target": 8}, {"distance": 0.4235871270840484, "on_path": 0, "source": 3, "target": 6}, {"distance": 1.027378177560031, "on_path": 0, "source": 3, "target": 9}, {"distance": 0.9152906371907142, "on_path": 0, "source": 4, "target": 40}, {"distance": 0.4243723509093547, "on_path": 0, "source": 4, "target": 12}, {"distance": 1.0236409923130823, "on_path": 0, "source": 5, "target": 36}, {"distance": 1.15057967082274, "on_path": 0, "source": 5, "target": 31}, {"distance": 0.5576588985446559, "on_path": 0, "source": 5, "target": 8}, {"distance": 1.5095540178221867, "on_path": 0, "source": 6, "target": 13}, {"distance": 0.8850409462394122, "on_path": 0, "source": 6, "target": 35}, {"distance": 1.550779226541101, "on_path": 0, "source": 7, "target": 32}, {"distance": 1.1491580998728141, "on_path": 0, "source": 8, "target": 37}, {"distance": 1.4864544204970915, "on_path": 0, "source": 8, "target": 13}, {"distance": 0.9837657170785661, "on_path": 0, "source": 8, "target": 12}, {"distance": 0.8155940406829716, "on_path": 0, "source": 8, "target": 32}, {"distance": 0.2736417334499623, "on_path": 0, "source": 9, "target": 16}, {"distance": 1.537326642732771, "on_path": 0, "source": 9, "target": 36}, {"distance": 0.6975617799498653, "on_path": 0, "source": 9, "target": 42}, {"distance": 0.6772515195302055, "on_path": 0, "source": 10, "target": 23}, {"distance": 1.0472585813312763, "on_path": 0, "source": 10, "target": 14}, {"distance": 1.9653842135119712, "on_path": 0, "source": 10, "target": 41}, {"distance": 0.8447422012252216, "on_path": 0, "source": 10, "target": 32}, {"distance": 0.7931721428151445, "on_path": 0, "source": 11, "target": 36}, {"distance": 0.3502835218729975, "on_path": 0, "source": 11, "target": 38}, {"distance": 0.8241615842680944, "on_path": 0, "source": 11, "target": 27}, {"distance": 0.9770506433945403, "on_path": 0, "source": 12, "target": 25}, {"distance": 1.3339691341151023, "on_path": 0, "source": 12, "target": 23}, {"distance": 0.6502098381643967, "on_path": 0, "source": 13, "target": 41}, {"distance": 1.1631397455554215, "on_path": 0, "source": 14, "target": 25}, {"distance": 0.29080542242081825, "on_path": 0, "source": 14, "target": 34}, {"distance": 0.4584169576663828, "on_path": 0, "source": 14, "target": 40}, {"distance": 0.7533656101007578, "on_path": 1, "source": 15, "target": 19}, {"distance": 0.9591742114760907, "on_path": 0, "source": 15, "target": 38}, {"distance": 1.6121252205132224, "on_path": 1, "source": 15, "target": 42}, {"distance": 1.610056607040584, "on_path": 0, "source": 15, "target": 35}, {"distance": 1.6978207662082823, "on_path": 0, "source": 16, "target": 36}, {"distance": 1.0460594927507463, "on_path": 0, "source": 16, "target": 22}, {"distance": 0.18815735575811576, "on_path": 0, "source": 16, "target": 37}, {"distance": 0.32854926669158624, "on_path": 0, "source": 17, "target": 44}, {"distance": 0.22825034178527265, "on_path": 0, "source": 17, "target": 30}, {"distance": 0.6017950611452015, "on_path": 0, "source": 17, "target": 47}, {"distance": 0.9717418789903349, "on_path": 0, "source": 17, "target": 31}, {"distance": 1.4927621051664748, "on_path": 0, "source": 17, "target": 24}, {"distance": 1.0243058184667369, "on_path": 0, "source": 18, "target": 27}, {"distance": 0.1375010940638293, "on_path": 1, "source": 18, "target": 47}, {"distance": 0.7234682406038909, "on_path": 0, "source": 18, "target": 38}, {"distance": 0.4194920497633149, "on_path": 1, "source": 19, "target": 47}, {"distance": 1.5450840903137546, "on_path": 0, "source": 19, "target": 37}, {"distance": 1.4236016441212196, "on_path": 0, "source": 19, "target": 46}, {"distance": 0.3285874610336731, "on_path": 0, "source": 20, "target": 45}, {"distance": 1.298643900373143, "on_path": 0, "source": 20, "target": 25}, {"distance": 1.5833020237221327, "on_path": 0, "source": 21, "target": 24}, {"distance": 0.8233446825153891, "on_path": 0, "source": 21, "target": 46}, {"distance": 0.27570344081798775, "on_path": 0, "source": 21, "target": 29}, {"distance": 1.35163707645466, "on_path": 0, "source": 21, "target": 45}, {"distance": 1.1533973834738527, "on_path": 0, "source": 21, "target": 47}, {"distance": 1.1055551161645316, "on_path": 0, "source": 22, "target": 31}, {"distance": 0.8096425622918748, "on_path": 0, "source": 23, "target": 29}, {"distance": 0.9178116608083424, "on_path": 0, "source": 24, "target": 46}, {"distance": 0.5747552044717309, "on_path": 0, "source": 24, "target": 31}, {"distance": 0.8377163071257006, "on_path": 0, "source": 25, "target": 33}, {"distance": 1.1701540558859933, "on_path": 0, "source": 25, "target": 44}, {"distance": 0.5056175493320748, "on_path": 0, "source": 26, "target": 40}, {"distance": 0.6071957097639951, "on_path": 0, "source": 27, "target": 43}, {"distance": 1.041104810590453, "on_path": 0, "source": 27, "target": 34}, {"distance": 1.6294035449245676, "on_path": 0, "source": 28, "target": 46}, {"distance": 1.701507770536918, "on_path": 0, "source": 28, "target": 45}, {"distance": 1.7085185530679345, "on_path": 0, "source": 28, "target": 41}, {"distance": 1.3647346089005181, "on_path": 0, "source": 29, "target": 36}, {"distance": 1.3486151913397704, "on_path": 0, "source": 29, "target": 39}, {"distance": 0.7309561198140541, "on_path": 0, "source": 29, "target": 30}, {"distance": 0.3192170616815377, "on_path": 0, "source": 30, "target": 33}, {"distance": 1.3431360889852422, "on_path": 0, "source": 32, "target": 43}, {"distance": 0.9286100815002037, "on_path": 0, "source": 32, "target": 44}, {"distance": 1.185577330403489, "on_path": 0, "source": 32, "target": 46}, {"distance": 0.8633969447037662, "on_path": 0, "source": 34, "target": 44}, {"distance": 0.7731199585598283, "on_path": 0, "source": 36, "target": 40}, {"distance": 1.5561514756562371, "on_path": 0, "source": 36, "target": 37}, {"distance": 1.2744989679076077, "on_path": 0, "source": 37, "target": 41}, {"distance": 0.05368741691827079, "on_path": 0, "source": 39, "target": 45}]}