{"directed": false, "multigraph": false, "graph": {}, "nodes": [{"node_features": [0.0, 0.0], "id": 0}, {"node_features": [0.0, 0.0], "id": 1}, {"node_features": [0.0, 0.0], "id": 2}, {"node_features": [0.0, 1.0], "id": 3}, {"node_features": [0.0, 0.0], "id": 4}, {"node_features": [1.0, 0.0], "id": 5}, {"node_features": [0.0, 0.0], "id": 6}, {"node_features": [0.0, 0.0], "id": 7}, {"node_features": [0.0, 0.0], "id": 8}, {"node_features": [0.0, 0.0], "id": 9}, {"node_features": [0.0, 0.0], "id": 10}, {"node_features": [0.0, 0.0], "id": 11}, {"node_features": [0.0, 0.0], "id": 12}, {"node_features": [0.0, 0.0], "id": 13}, {"node_features": [0.0, 0.0], "id": 14}, {"node_features": [0.0, 0.0], "id": 15}, {"node_features": [0.0, 0.0], "id": 16}, {"node_features": [0.0, 0.0], "id": 17}, {"node_features": [0.0, 0.0], "id": 18}, {"node_features": [0.0, 0.0], "id": 19}, {"node_features": [0.0, 0.0], "id": 20}, {"node_features": [0.0, 0.0], "id": 21}, {"node_features": [0.0, 0.0], "id": 22}, {"node_features": [0.0, 0.0], "id": 23}, {"node_features": [0.0, 0.0], "id": 24}, {"node_features": [0.0, 0.0], "id": 25}, {"node_features": [0.0, 0.0], "id": 26}, {"node_features": [0.0, 0.0], "id": 27}, {"node_features": [0.0, 0.0], "id": 28}, {"node_features": [0.0, 0.0], "id": 29}], "links": [{"distance": 0.8136118599070595, "on_path": 0, "source": 0, "target": 19}, {"distance": 0.6793302768805818, "on_path": 0, "source": 0, "target": 6}, {"distance": 1.4508893490756372, "on_path": 0, "source": 0, "target": 16}, {"distance": 0.560600895037709, "on_path": 0, "source": 0, "target": 13}, {"distance": 1.2419881833758615, "on_path": 0, "source": 1, "target": 16}, {"distance": 1.5839888581654364, "on_path": 0, "source": 1, "target": 15}, {"distance": 1.686138235182301, "on_path": 0, "source": 1, "target": 20}, {"distance": 1.6593748579637033, "on_path": 0, "source": 1, "target": 13}, {"distance": 1.2238792296875225, "on_path": 0, "source": 2, "target": 25}, {"distance": 0.786125022538495, "on_path": 0, "source": 2, "target": 5}, {"distance": 1.5685806076019768, "on_path": 0, "source": 2, "target": 22}, {"distance": 0.7081500062725443, "on_path": 0, "source": 3, "target": 29}, {"distance": 2.1058154060092935, "on_path": 0, "source": 3, "target": 26}, {"distance": 0.2441118834668494, "on_path": 1, "source": 3, "target": 23}, {"distance": 1.2872058726397402, "on_path": 0, "source": 4, "target": 9}, {"distance": 1.6303042769777185, "on_path": 0, "source": 4, "target": 7}, {"distance": 1.7481281544355032, "on_path": 0, "source": 4, "target": 19}, {"distance": 0.7263126424379246, "on_path": 1, "source": 5, "target": 21}, {"distance": 1.1330685070689412, "on_path": 0, "source": 5, "target": 28}, {"distance": 0.5230131809705225, "on_path": 0, "source": 5, "target": 27}, {"distance": 0.6202420573365648, "on_path": 0, "source": 5, "target": 24}, {"distance": 1.181467108126561, "on_path": 0, "source": 6, "target": 20}, {"distance": 1.495545309856087, "on_path": 0, "source": 6, "target": 26}, {"distance": 1.3400324986057455, "on_path": 0, "source": 7, "target": 20}, {"distance": 0.07243851734003116, "on_path": 0, "source": 7, "target": 15}, {"distance": 1.605136765968726, "on_path": 0, "source": 8, "target": 24}, {"distance": 1.82885700355373, "on_path": 0, "source": 8, "target": 13}, {"distance": 0.5716233063139423, "on_path": 0, "source": 8, "target": 19}, {"distance": 0.7330279897515046, "on_path": 0, "source": 8, "target": 9}, {"distance": 0.7064894782019865, "on_path": 0, "source": 8, "target": 14}, {"distance": 1.0979733312846658, "on_path": 0, "source": 9, "target": 24}, {"distance": 0.49124524501356104, "on_path": 0, "source": 9, "target": 10}, {"distance": 0.5809447401751372, "on_path": 0, "source": 10, "target": 17}, {"distance": 0.6571220911318696, "on_path": 0, "source": 10, "target": 21}, {"distance": 0.9293889666550706, "on_path": 0, "source": 10, "target": 29}, {"distance": 0.7329555481384012, "on_path": 0, "source": 10, "target": 11}, {"distance": 1.061111809512819, "on_path": 0, "source": 11, "target": 29}, {"distance": 0.7210127052316393, "on_path": 0, "source": 11, "target": 18}, {"distance": 1.4903776624595113, "on_path": 0, "source": 11, "target": 26}, {"distance": 1.1052374974075738, "on_path": 0, "source": 11, "target": 23}, {"distance": 0.4315827286148438, "on_path": 0, "source": 12, "target": 15}, {"distance": 1.5446581965454178, "on_path": 0, "source": 12, "target": 19}, {"distance": 1.3104808580013114, "on_path": 0, "source": 13, "target": 19}, {"distance": 1.1894424274689477, "on_path": 0, "source": 14, "target": 18}, {"distance": 0.8170279243804223, "on_path": 0, "source": 14, "target": 15}, {"distance": 0.6872966202788474, "on_path": 0, "source": 14, "target": 17}, {"distance": 0.8324813454462416, "on_path": 0, "source": 14, "target": 28}, {"distance": 1.524024211908328, "on_path": 0, "source": 15, "target": 27}, {"distance": 0.06011536758955063, "on_path": 0, "source": 16, "target": 28}, {"distance": 0.6038276694173433, "on_path": 0, "source": 16, "target": 25}, {"distance": 2.265928298796324, "on_path": 0, "source": 16, "target": 23}, {"distance": 0.3851157744351584, "on_path": 1, "source": 18, "target": 23}, {"distance": 1.6568859918108347, "on_path": 1, "source": 18, "target": 21}, {"distance": 0.7740548426610298, "on_path": 0, "source": 19, "target": 22}, {"distance": 1.3749612581965678, "on_path": 0, "source": 20, "target": 23}, {"distance": 2.093949241836209, "on_path": 0, "source": 22, "target": 23}, {"distance": 1.4069828514620912, "on_path": 0, "source": 22, "target": 29}, {"distance": 1.6877366755318446, "on_path": 0, "source": 24, "target": 28}, {"distance": 1.0713661952731708, "on_path": 0, "source": 24, "target": 25}, {"distance": 1.651798440388197, "on_path": 0, "source": 27, "target": 28}]}