{"directed": false, "multigraph": false, "graph": {}, "nodes": [{"node_features": [0.0, 0.0], "id": 0}, {"node_features": [0.0, 0.0], "id": 1}, {"node_features": [1.0, 0.0], "id": 2}, {"node_features": [0.0, 0.0], "id": 3}, {"node_features": [0.0, 0.0], "id": 4}, {"node_features": [0.0, 0.0], "id": 5}, {"node_features": [0.0, 0.0], "id": 6}, {"node_features": [0.0, 0.0], "id": 7}, {"node_features": [0.0, 0.0], "id": 8}, {"node_features": [0.0, 0.0], "id": 9}, {"node_features": [0.0, 0.0], "id": 10}, {"node_features": [0.0, 1.0], "id": 11}, {"node_features": [0.0, 0.0], "id": 12}, {"node_features": [0.0, 0.0], "id": 13}, {"node_features": [0.0, 0.0], "id": 14}, {"node_features": [0.0, 0.0], "id": 15}, {"node_features": [0.0, 0.0], "id": 16}, {"node_features": [0.0, 0.0], "id": 17}, {"node_features": [0.0, 0.0], "id": 18}], "links": [{"distance": 0.6985773278065923, "on_path": 1, "source": 0, "target": 9}, {"distance": 1.3702111580364316, "on_path": 0, "source": 0, "target": 15}, {"distance": 0.8926733939754045, "on_path": 0, "source": 0, "target": 1}, {"distance": 0.4996557209956733, "on_path": 1, "source": 0, "target": 2}, {"distance": 1.3808626067808814, "on_path": 0, "source": 1, "target": 7}, {"distance": 0.9565722845542363, "on_path": 0, "source": 1, "target": 6}, {"distance": 1.0868433054534898, "on_path": 0, "source": 1, "target": 14}, {"distance": 0.9276476475199419, "on_path": 0, "source": 1, "target": 16}, {"distance": 0.5124927433322795, "on_path": 0, "source": 2, "target": 12}, {"distance": 0.23673614504963145, "on_path": 0, "source": 3, "target": 10}, {"distance": 0.5643284753068135, "on_path": 0, "source": 3, "target": 12}, {"distance": 1.0555100539261113, "on_path": 0, "source": 3, "target": 4}, {"distance": 0.5855042782268193, "on_path": 0, "source": 4, "target": 18}, {"distance": 0.4994061854585661, "on_path": 0, "source": 4, "target": 9}, {"distance": 0.4979866431381195, "on_path": 0, "source": 4, "target": 14}, {"distance": 1.2841668566512479, "on_path": 0, "source": 5, "target": 9}, {"distance": 1.2610440237561038, "on_path": 0, "source": 5, "target": 15}, {"distance": 0.6248849954619112, "on_path": 0, "source": 5, "target": 17}, {"distance": 0.951394618477347, "on_path": 0, "source": 6, "target": 11}, {"distance": 1.5095987253087209, "on_path": 0, "source": 6, "target": 7}, {"distance": 0.8334691173181099, "on_path": 0, "source": 6, "target": 15}, {"distance": 1.855554864553791, "on_path": 0, "source": 7, "target": 15}, {"distance": 1.7823024630927549, "on_path": 0, "source": 7, "target": 13}, {"distance": 0.5809958495340757, "on_path": 0, "source": 7, "target": 12}, {"distance": 0.7834380271528947, "on_path": 0, "source": 8, "target": 13}, {"distance": 0.9698464419494787, "on_path": 0, "source": 8, "target": 18}, {"distance": 1.2536383682778127, "on_path": 0, "source": 8, "target": 15}, {"distance": 0.21171743496286413, "on_path": 1, "source": 9, "target": 14}, {"distance": 1.0597020833175932, "on_path": 0, "source": 10, "target": 16}, {"distance": 1.0500084482622056, "on_path": 0, "source": 10, "target": 15}, {"distance": 0.7068681388564421, "on_path": 1, "source": 11, "target": 14}, {"distance": 0.9950787853298204, "on_path": 0, "source": 11, "target": 16}, {"distance": 1.0639718994145337, "on_path": 0, "source": 12, "target": 17}, {"distance": 0.3825688357020045, "on_path": 0, "source": 13, "target": 16}, {"distance": 0.9443399949045249, "on_path": 0, "source": 13, "target": 17}, {"distance": 1.4548416718418302, "on_path": 0, "source": 13, "target": 18}, {"distance": 0.8415101593640061, "on_path": 0, "source": 16, "target": 17}, {"distance": 0.8745869476106299, "on_path": 0, "source": 17, "target": 18}]}