{"directed": false, "multigraph": false, "graph": {}, "nodes": [{"node_features": [0.0, 0.0], "id": 0}, {"node_features": [0.0, 0.0], "id": 1}, {"node_features": [0.0, 0.0], "id": 2}, {"node_features": [0.0, 0.0], "id": 3}, {"node_features": [0.0, 0.0], "id": 4}, {"node_features": [0.0, 0.0], "id": 5}, {"node_features": [1.0, 0.0], "id": 6}, {"node_features": [0.0, 0.0], "id": 7}, {"node_features": [0.0, 0.0], "id": 8}, {"node_features": [0.0, 0.0], "id": 9}, {"node_features": [0.0, 0.0], "id": 10}, {"node_features": [0.0, 0.0], "id": 11}, {"node_features": [0.0, 0.0], "id": 12}, {"node_features": [0.0, 0.0], "id": 13}, {"node_features": [0.0, 0.0], "id": 14}, {"node_features": [0.0, 0.0], "id": 15}, {"node_features": [0.0, 0.0], "id": 16}, {"node_features": [0.0, 0.0], "id": 17}, {"node_features": [0.0, 0.0], "id": 18}, {"node_features": [0.0, 1.0], "id": 19}, {"node_features": [0.0, 0.0], "id": 20}, {"node_features": [0.0, 0.0], "id": 21}, {"node_features": [0.0, 0.0], "id": 22}, {"node_features": [0.0, 0.0], "id": 23}, {"node_features": [0.0, 0.0], "id": 24}, {"node_features": [0.0, 0.0], "id": 25}, {"node_features": [0.0, 0.0], "id": 26}, {"node_features": [0.0, 0.0], "id": 27}, {"node_features": [0.0, 0.0], "id": 28}, {"node_features": [0.0, 0.0], "id": 29}, {"node_features": [0.0, 0.0], "id": 30}, {"node_features": [0.0, 0.0], "id": 31}, {"node_features": [0.0, 0.0], "id": 32}, {"node_features": [0.0, 0.0], "id": 33}, {"node_features": [0.0, 0.0], "id": 34}, {"node_features": [0.0, 0.0], "id": 35}, {"node_features": [0.0, 0.0], "id": 36}, {"node_features": [0.0, 0.0], "id": 37}, {"node_features": [0.0, 0.0], "id": 38}, {"node_features": [0.0, 0.0], "id": 39}], "links": [{"distance": 1.7059796872873012, "on_path": 0, "source": 0, "target": 36}, {"distance": 0.2779947085682887, "on_path": 1, "source": 0, "target": 13}, {"distance": 0.1506200855214398, "on_path": 1, "source": 0, "target": 19}, {"distance": 0.67618857557276, "on_path": 0, "source": 0, "target": 2}, {"distance": 1.6698710993554546, "on_path": 0, "source": 1, "target": 8}, {"distance": 0.6890623072562649, "on_path": 0, "source": 1, "target": 15}, {"distance": 0.6742407693461225, "on_path": 0, "source": 1, "target": 38}, {"distance": 0.41188432502625866, "on_path": 0, "source": 1, "target": 20}, {"distance": 1.1421422888915955, "on_path": 0, "source": 1, "target": 4}, {"distance": 0.6609787604241038, "on_path": 0, "source": 1, "target": 31}, {"distance": 0.42799179424679545, "on_path": 0, "source": 2, "target": 33}, {"distance": 1.4851996707633033, "on_path": 0, "source": 2, "target": 7}, {"distance": 1.1528648423385217, "on_path": 0, "source": 2, "target": 24}, {"distance": 1.1109708808225285, "on_path": 0, "source": 3, "target": 9}, {"distance": 0.9204138688353993, "on_path": 0, "source": 3, "target": 19}, {"distance": 1.8817986157329778, "on_path": 0, "source": 3, "target": 21}, {"distance": 2.0158113881547526, "on_path": 0, "source": 3, "target": 31}, {"distance": 1.906143422351442, "on_path": 0, "source": 3, "target": 29}, {"distance": 2.1875184155007177, "on_path": 0, "source": 3, "target": 14}, {"distance": 1.9231956653619302, "on_path": 0, "source": 3, "target": 17}, {"distance": 0.6631205480828524, "on_path": 0, "source": 3, "target": 26}, {"distance": 1.1137477165427236, "on_path": 0, "source": 4, "target": 14}, {"distance": 0.3727156810199133, "on_path": 0, "source": 4, "target": 9}, {"distance": 1.212818589182951, "on_path": 0, "source": 4, "target": 35}, {"distance": 0.624041885562691, "on_path": 0, "source": 5, "target": 18}, {"distance": 0.8705930903738995, "on_path": 0, "source": 5, "target": 10}, {"distance": 1.332618142563233, "on_path": 0, "source": 5, "target": 37}, {"distance": 1.3029752475129168, "on_path": 1, "source": 6, "target": 28}, {"distance": 1.2773121760061739, "on_path": 0, "source": 6, "target": 9}, {"distance": 1.1518353729806718, "on_path": 0, "source": 7, "target": 23}, {"distance": 1.1780637058660677, "on_path": 0, "source": 8, "target": 33}, {"distance": 0.7858116971211415, "on_path": 0, "source": 8, "target": 23}, {"distance": 0.6324833851763041, "on_path": 0, "source": 8, "target": 19}, {"distance": 1.469952375010046, "on_path": 0, "source": 9, "target": 20}, {"distance": 0.9322611790436319, "on_path": 0, "source": 9, "target": 24}, {"distance": 1.4396527900785954, "on_path": 0, "source": 9, "target": 33}, {"distance": 1.5028485329317949, "on_path": 0, "source": 10, "target": 33}, {"distance": 0.5247317916643117, "on_path": 0, "source": 11, "target": 34}, {"distance": 0.9917597400477928, "on_path": 0, "source": 11, "target": 25}, {"distance": 1.563801194160993, "on_path": 0, "source": 11, "target": 35}, {"distance": 1.0084197684475613, "on_path": 0, "source": 12, "target": 31}, {"distance": 1.406507301064864, "on_path": 0, "source": 12, "target": 39}, {"distance": 0.06187137348492585, "on_path": 1, "source": 13, "target": 28}, {"distance": 1.3170424065026374, "on_path": 0, "source": 13, "target": 37}, {"distance": 0.6672819410242842, "on_path": 0, "source": 13, "target": 15}, {"distance": 0.5480642213620857, "on_path": 0, "source": 14, "target": 38}, {"distance": 0.6739088050659507, "on_path": 0, "source": 15, "target": 16}, {"distance": 0.37200753731484193, "on_path": 0, "source": 15, "target": 20}, {"distance": 0.7788492036663541, "on_path": 0, "source": 16, "target": 33}, {"distance": 1.2307932591579065, "on_path": 0, "source": 17, "target": 36}, {"distance": 0.848096393890485, "on_path": 0, "source": 18, "target": 23}, {"distance": 0.21518825385909, "on_path": 0, "source": 18, "target": 26}, {"distance": 1.0935105849148616, "on_path": 0, "source": 19, "target": 37}, {"distance": 0.940730217995916, "on_path": 0, "source": 19, "target": 39}, {"distance": 1.1606815701382986, "on_path": 0, "source": 19, "target": 25}, {"distance": 1.200807528624305, "on_path": 0, "source": 19, "target": 27}, {"distance": 1.242433898595297, "on_path": 0, "source": 19, "target": 30}, {"distance": 0.7573788959524487, "on_path": 0, "source": 19, "target": 38}, {"distance": 0.6284744657061705, "on_path": 0, "source": 20, "target": 36}, {"distance": 0.3829245216714792, "on_path": 0, "source": 21, "target": 35}, {"distance": 0.5911120750334024, "on_path": 0, "source": 21, "target": 22}, {"distance": 1.7537383970871891, "on_path": 0, "source": 22, "target": 27}, {"distance": 1.443393782637094, "on_path": 0, "source": 22, "target": 23}, {"distance": 1.6001399021441756, "on_path": 0, "source": 23, "target": 30}, {"distance": 1.5041831293557901, "on_path": 0, "source": 23, "target": 34}, {"distance": 0.3419972347864575, "on_path": 0, "source": 24, "target": 39}, {"distance": 0.1943061705166292, "on_path": 0, "source": 25, "target": 33}, {"distance": 0.5213309818356392, "on_path": 0, "source": 25, "target": 34}, {"distance": 0.5687070400904181, "on_path": 0, "source": 25, "target": 32}, {"distance": 1.6744359318286963, "on_path": 0, "source": 26, "target": 39}, {"distance": 0.8546275627393704, "on_path": 0, "source": 27, "target": 38}, {"distance": 2.089515104778139, "on_path": 0, "source": 27, "target": 34}, {"distance": 0.45158446238582195, "on_path": 0, "source": 27, "target": 39}, {"distance": 0.8863606264628255, "on_path": 0, "source": 28, "target": 29}, {"distance": 0.8224789883448088, "on_path": 0, "source": 28, "target": 38}, {"distance": 1.2463191129721602, "on_path": 0, "source": 29, "target": 36}, {"distance": 0.19627164870190145, "on_path": 0, "source": 30, "target": 33}, {"distance": 0.43719228243448816, "on_path": 0, "source": 32, "target": 38}, {"distance": 1.015666906905706, "on_path": 0, "source": 33, "target": 36}, {"distance": 2.017291093944464, "on_path": 0, "source": 34, "target": 37}]}