{"directed": false, "multigraph": false, "graph": {}, "nodes": [{"node_features": [0.0, 0.0], "id": 0}, {"node_features": [0.0, 0.0], "id": 1}, {"node_features": [0.0, 0.0], "id": 2}, {"node_features": [0.0, 0.0], "id": 3}, {"node_features": [0.0, 0.0], "id": 4}, {"node_features": [1.0, 0.0], "id": 5}, {"node_features": [0.0, 0.0], "id": 6}, {"node_features": [0.0, 0.0], "id": 7}, {"node_features": [0.0, 0.0], "id": 8}, {"node_features": [0.0, 0.0], "id": 9}, {"node_features": [0.0, 0.0], "id": 10}, {"node_features": [0.0, 0.0], "id": 11}, {"node_features": [0.0, 0.0], "id": 12}, {"node_features": [0.0, 0.0], "id": 13}, {"node_features": [0.0, 0.0], "id": 14}, {"node_features": [0.0, 0.0], "id": 15}, {"node_features": [0.0, 0.0], "id": 16}, {"node_features": [0.0, 0.0], "id": 17}, {"node_features": [0.0, 0.0], "id": 18}, {"node_features": [0.0, 0.0], "id": 19}, {"node_features": [0.0, 0.0], "id": 20}, {"node_features": [0.0, 1.0], "id": 21}, {"node_features": [0.0, 0.0], "id": 22}, {"node_features": [0.0, 0.0], "id": 23}, {"node_features": [0.0, 0.0], "id": 24}, {"node_features": [0.0, 0.0], "id": 25}, {"node_features": [0.0, 0.0], "id": 26}, {"node_features": [0.0, 0.0], "id": 27}, {"node_features": [0.0, 0.0], "id": 28}, {"node_features": [0.0, 0.0], "id": 29}, {"node_features": [0.0, 0.0], "id": 30}, {"node_features": [0.0, 0.0], "id": 31}], "links": [{"distance": 1.5028070457703568, "on_path": 0, "source": 0, "target": 28}, {"distance": 0.9462315790197754, "on_path": 1, "source": 0, "target": 14}, {"distance": 0.9318107477271804, "on_path": 1, "source": 0, "target": 20}, {"distance": 1.344489000623993, "on_path": 0, "source": 0, "target": 24}, {"distance": 1.3757897965574166, "on_path": 0, "source": 1, "target": 20}, {"distance": 1.27437383430011, "on_path": 0, "source": 1, "target": 16}, {"distance": 1.0144785207194935, "on_path": 0, "source": 1, "target": 13}, {"distance": 1.3666483499758102, "on_path": 0, "source": 1, "target": 2}, {"distance": 1.5427486538765312, "on_path": 0, "source": 2, "target": 8}, {"distance": 1.5023383142966649, "on_path": 0, "source": 2, "target": 12}, {"distance": 0.8827327539430919, "on_path": 1, "source": 3, "target": 14}, {"distance": 1.3109081723461868, "on_path": 0, "source": 3, "target": 27}, {"distance": 1.1835776246712966, "on_path": 1, "source": 3, "target": 21}, {"distance": 0.7267545845371884, "on_path": 0, "source": 4, "target": 25}, {"distance": 1.8052411637166539, "on_path": 0, "source": 4, "target": 8}, {"distance": 2.18537911763963, "on_path": 0, "source": 4, "target": 24}, {"distance": 0.6362228132936265, "on_path": 0, "source": 4, "target": 7}, {"distance": 0.29769253920247485, "on_path": 0, "source": 4, "target": 9}, {"distance": 1.5892491368421706, "on_path": 0, "source": 4, "target": 22}, {"distance": 1.330295562444351, "on_path": 0, "source": 4, "target": 28}, {"distance": 1.262879534696521, "on_path": 0, "source": 5, "target": 16}, {"distance": 0.6291575919890674, "on_path": 1, "source": 5, "target": 26}, {"distance": 0.6500160405472802, "on_path": 0, "source": 5, "target": 23}, {"distance": 0.538574190996557, "on_path": 0, "source": 6, "target": 18}, {"distance": 0.9305408831027688, "on_path": 0, "source": 6, "target": 26}, {"distance": 1.959521213140423, "on_path": 0, "source": 6, "target": 16}, {"distance": 1.2200769108019789, "on_path": 0, "source": 7, "target": 17}, {"distance": 1.623486705878511, "on_path": 0, "source": 7, "target": 11}, {"distance": 0.9078261215702293, "on_path": 0, "source": 7, "target": 15}, {"distance": 0.8064964099587365, "on_path": 0, "source": 7, "target": 27}, {"distance": 0.23624082373002595, "on_path": 0, "source": 8, "target": 13}, {"distance": 2.3069876025155196, "on_path": 0, "source": 8, "target": 23}, {"distance": 1.816359418326781, "on_path": 0, "source": 8, "target": 24}, {"distance": 1.0143242379727797, "on_path": 0, "source": 9, "target": 15}, {"distance": 1.578231481265232, "on_path": 0, "source": 9, "target": 11}, {"distance": 1.1215623096514433, "on_path": 0, "source": 10, "target": 17}, {"distance": 1.3433022146984495, "on_path": 0, "source": 10, "target": 19}, {"distance": 0.9199287779094933, "on_path": 0, "source": 10, "target": 23}, {"distance": 0.1982049723347586, "on_path": 0, "source": 10, "target": 20}, {"distance": 0.8493250896817047, "on_path": 0, "source": 11, "target": 15}, {"distance": 1.3683923684746144, "on_path": 0, "source": 11, "target": 17}, {"distance": 1.6099427433927775, "on_path": 0, "source": 11, "target": 21}, {"distance": 0.5573216030689445, "on_path": 0, "source": 11, "target": 29}, {"distance": 0.607398050673603, "on_path": 0, "source": 12, "target": 17}, {"distance": 2.2559801889317885, "on_path": 0, "source": 12, "target": 23}, {"distance": 0.5354470592061851, "on_path": 0, "source": 13, "target": 27}, {"distance": 1.503768422641817, "on_path": 0, "source": 13, "target": 20}, {"distance": 2.0060667146413267, "on_path": 0, "source": 13, "target": 18}, {"distance": 0.9917088493779869, "on_path": 0, "source": 14, "target": 30}, {"distance": 1.4339550521427398, "on_path": 0, "source": 14, "target": 22}, {"distance": 1.8760328706318015, "on_path": 0, "source": 14, "target": 29}, {"distance": 0.6336907094189483, "on_path": 0, "source": 15, "target": 25}, {"distance": 1.2349788755049915, "on_path": 0, "source": 16, "target": 25}, {"distance": 1.9152934213794963, "on_path": 0, "source": 17, "target": 28}, {"distance": 1.2141935071869032, "on_path": 0, "source": 17, "target": 20}, {"distance": 0.5091188921234915, "on_path": 0, "source": 17, "target": 30}, {"distance": 1.393620761858839, "on_path": 0, "source": 18, "target": 22}, {"distance": 0.6300519809975482, "on_path": 0, "source": 19, "target": 27}, {"distance": 0.7400800010621871, "on_path": 0, "source": 20, "target": 28}, {"distance": 0.31389123962792315, "on_path": 1, "source": 20, "target": 31}, {"distance": 1.0318772756504084, "on_path": 0, "source": 22, "target": 25}, {"distance": 1.2535880334974756, "on_path": 0, "source": 23, "target": 31}, {"distance": 0.8381214014538562, "on_path": 0, "source": 25, "target": 28}, {"distance": 0.4557347060008153, "on_path": 1, "source": 26, "target": 31}]}