{"directed": false, "multigraph": false, "graph": {}, "nodes": [{"node_features": [0.0, 0.0], "id": 0}, {"node_features": [0.0, 0.0], "id": 1}, {"node_features": [0.0, 0.0], "id": 2}, {"node_features": [0.0, 0.0], "id": 3}, {"node_features": [0.0, 0.0], "id": 4}, {"node_features": [0.0, 0.0], "id": 5}, {"node_features": [0.0, 0.0], "id": 6}, {"node_features": [0.0, 0.0], "id": 7}, {"node_features": [0.0, 0.0], "id": 8}, {"node_features": [0.0, 0.0], "id": 9}, {"node_features": [1.0, 0.0], "id": 10}, {"node_features": [0.0, 0.0], "id": 11}, {"node_features": [0.0, 0.0], "id": 12}, {"node_features": [0.0, 0.0], "id": 13}, {"node_features": [0.0, 0.0], "id": 14}, {"node_features": [0.0, 0.0], "id": 15}, {"node_features": [0.0, 0.0], "id": 16}, {"node_features": [0.0, 0.0], "id": 17}, {"node_features": [0.0, 1.0], "id": 18}, {"node_features": [0.0, 0.0], "id": 19}, {"node_features": [0.0, 0.0], "id": 20}, {"node_features": [0.0, 0.0], "id": 21}, {"node_features": [0.0, 0.0], "id": 22}, {"node_features": [0.0, 0.0], "id": 23}, {"node_features": [0.0, 0.0], "id": 24}, {"node_features": [0.0, 0.0], "id": 25}, {"node_features": [0.0, 0.0], "id": 26}, {"node_features": [0.0, 0.0], "id": 27}, {"node_features": [0.0, 0.0], "id": 28}, {"node_features": [0.0, 0.0], "id": 29}, {"node_features": [0.0, 0.0], "id": 30}, {"node_features": [0.0, 0.0], "id": 31}, {"node_features": [0.0, 0.0], "id": 32}, {"node_features": [0.0, 0.0], "id": 33}, {"node_features": [0.0, 0.0], "id": 34}, {"node_features": [0.0, 0.0], "id": 35}, {"node_features": [0.0, 0.0], "id": 36}, {"node_features": [0.0, 0.0], "id": 37}, {"node_features": [0.0, 0.0], "id": 38}, {"node_features": [0.0, 0.0], "id": 39}, {"node_features": [0.0, 0.0], "id": 40}, {"node_features": [0.0, 0.0], "id": 41}, {"node_features": [0.0, 0.0], "id": 42}], "links": [{"distance": 1.617785035364531, "on_path": 0, "source": 0, "target": 5}, {"distance": 0.3235232673027365, "on_path": 0, "source": 0, "target": 6}, {"distance": 1.5891615957930014, "on_path": 0, "source": 1, "target": 37}, {"distance": 1.2027439002981521, "on_path": 0, "source": 1, "target": 26}, {"distance": 0.8044595139665102, "on_path": 0, "source": 1, "target": 38}, {"distance": 1.8067753067800476, "on_path": 0, "source": 2, "target": 18}, {"distance": 1.4666754028391689, "on_path": 0, "source": 2, "target": 19}, {"distance": 1.812847755279808, "on_path": 0, "source": 3, "target": 39}, {"distance": 2.0074191201510514, "on_path": 0, "source": 3, "target": 9}, {"distance": 1.9547672025907787, "on_path": 0, "source": 3, "target": 5}, {"distance": 1.6430845366544622, "on_path": 0, "source": 3, "target": 16}, {"distance": 1.7016698736374591, "on_path": 0, "source": 3, "target": 27}, {"distance": 1.2731321758085918, "on_path": 0, "source": 4, "target": 18}, {"distance": 0.6311731371097649, "on_path": 0, "source": 4, "target": 13}, {"distance": 1.2966524807523674, "on_path": 0, "source": 4, "target": 29}, {"distance": 2.213115968297519, "on_path": 0, "source": 5, "target": 12}, {"distance": 0.3908685375315785, "on_path": 0, "source": 5, "target": 39}, {"distance": 0.9951165264259186, "on_path": 0, "source": 6, "target": 23}, {"distance": 1.3325950726174955, "on_path": 0, "source": 6, "target": 7}, {"distance": 1.0463009723600654, "on_path": 0, "source": 6, "target": 13}, {"distance": 1.5689707244570354, "on_path": 0, "source": 6, "target": 37}, {"distance": 0.8502790183365523, "on_path": 0, "source": 6, "target": 21}, {"distance": 1.5240422067568216, "on_path": 0, "source": 6, "target": 9}, {"distance": 1.9633063678435636, "on_path": 0, "source": 6, "target": 18}, {"distance": 0.6232980430378108, "on_path": 0, "source": 7, "target": 39}, {"distance": 1.264348272023033, "on_path": 0, "source": 7, "target": 37}, {"distance": 0.4848346802365954, "on_path": 0, "source": 7, "target": 32}, {"distance": 0.9207798119471275, "on_path": 0, "source": 8, "target": 40}, {"distance": 0.44373725849241497, "on_path": 0, "source": 8, "target": 41}, {"distance": 0.756552072183749, "on_path": 0, "source": 9, "target": 27}, {"distance": 1.078648488335717, "on_path": 0, "source": 10, "target": 35}, {"distance": 0.8730909304265425, "on_path": 0, "source": 10, "target": 31}, {"distance": 0.5288311166916924, "on_path": 1, "source": 10, "target": 23}, {"distance": 1.48461345013516, "on_path": 0, "source": 10, "target": 12}, {"distance": 1.3906596197692966, "on_path": 0, "source": 11, "target": 29}, {"distance": 1.858921438484331, "on_path": 0, "source": 11, "target": 17}, {"distance": 1.7816503062230544, "on_path": 0, "source": 11, "target": 33}, {"distance": 1.6229699801346738, "on_path": 0, "source": 12, "target": 33}, {"distance": 0.9730933791193297, "on_path": 0, "source": 13, "target": 18}, {"distance": 0.6498926813861714, "on_path": 0, "source": 14, "target": 21}, {"distance": 1.4460547357860984, "on_path": 0, "source": 14, "target": 32}, {"distance": 1.4507257121526758, "on_path": 0, "source": 14, "target": 25}, {"distance": 0.8209557504188463, "on_path": 0, "source": 14, "target": 26}, {"distance": 0.8819453352170085, "on_path": 0, "source": 15, "target": 18}, {"distance": 0.9862090513913234, "on_path": 0, "source": 15, "target": 29}, {"distance": 1.5387349975476847, "on_path": 0, "source": 15, "target": 35}, {"distance": 0.715316123019177, "on_path": 0, "source": 16, "target": 28}, {"distance": 1.5240069481784517, "on_path": 0, "source": 16, "target": 20}, {"distance": 1.955053670243315, "on_path": 0, "source": 16, "target": 37}, {"distance": 1.110526784254217, "on_path": 0, "source": 16, "target": 41}, {"distance": 1.9997544914575296, "on_path": 0, "source": 17, "target": 40}, {"distance": 1.6904742771503705, "on_path": 0, "source": 17, "target": 27}, {"distance": 0.6973738573410615, "on_path": 0, "source": 17, "target": 42}, {"distance": 0.792356008339533, "on_path": 1, "source": 18, "target": 36}, {"distance": 1.764622898392677, "on_path": 0, "source": 18, "target": 34}, {"distance": 0.7279517099947115, "on_path": 1, "source": 19, "target": 24}, {"distance": 0.4479975494584202, "on_path": 1, "source": 19, "target": 23}, {"distance": 0.5189957411254182, "on_path": 0, "source": 19, "target": 30}, {"distance": 1.8197121303943053, "on_path": 0, "source": 19, "target": 22}, {"distance": 1.398781798075789, "on_path": 0, "source": 20, "target": 24}, {"distance": 0.8673006847755675, "on_path": 0, "source": 20, "target": 36}, {"distance": 1.0400871618117136, "on_path": 0, "source": 21, "target": 31}, {"distance": 0.6931584468095574, "on_path": 0, "source": 21, "target": 39}, {"distance": 1.8059782606058812, "on_path": 0, "source": 22, "target": 39}, {"distance": 1.5963949432034974, "on_path": 0, "source": 22, "target": 36}, {"distance": 1.8232645404447199, "on_path": 0, "source": 22, "target": 35}, {"distance": 1.3923596752525698, "on_path": 0, "source": 22, "target": 23}, {"distance": 0.5495442814730711, "on_path": 0, "source": 24, "target": 38}, {"distance": 0.8036025699515825, "on_path": 0, "source": 24, "target": 28}, {"distance": 1.9461207123436841, "on_path": 0, "source": 24, "target": 35}, {"distance": 0.5344365265802978, "on_path": 1, "source": 24, "target": 36}, {"distance": 1.1748223286698551, "on_path": 0, "source": 24, "target": 30}, {"distance": 0.8799653580349068, "on_path": 0, "source": 25, "target": 42}, {"distance": 1.2255157451115972, "on_path": 0, "source": 25, "target": 34}, {"distance": 0.13186518778418438, "on_path": 0, "source": 26, "target": 27}, {"distance": 0.2636133227981607, "on_path": 0, "source": 28, "target": 32}, {"distance": 2.260262403220431, "on_path": 0, "source": 29, "target": 40}, {"distance": 0.9878928486386043, "on_path": 0, "source": 30, "target": 33}, {"distance": 1.7463433327644018, "on_path": 0, "source": 31, "target": 37}, {"distance": 0.8487401354628265, "on_path": 0, "source": 32, "target": 39}, {"distance": 0.43813071745692855, "on_path": 0, "source": 32, "target": 38}, {"distance": 0.679479072580462, "on_path": 0, "source": 33, "target": 42}, {"distance": 1.2965120979634632, "on_path": 0, "source": 33, "target": 35}, {"distance": 1.355763716281388, "on_path": 0, "source": 33, "target": 38}, {"distance": 0.6050201236604513, "on_path": 0, "source": 34, "target": 41}, {"distance": 0.37639452575090476, "on_path": 0, "source": 39, "target": 40}]}