{"directed": false, "multigraph": false, "graph": {}, "nodes": [{"node_features": [0.0, 0.0], "id": 0}, {"node_features": [0.0, 0.0], "id": 1}, {"node_features": [0.0, 0.0], "id": 2}, {"node_features": [0.0, 0.0], "id": 3}, {"node_features": [0.0, 0.0], "id": 4}, {"node_features": [0.0, 0.0], "id": 5}, {"node_features": [0.0, 0.0], "id": 6}, {"node_features": [0.0, 0.0], "id": 7}, {"node_features": [0.0, 0.0], "id": 8}, {"node_features": [0.0, 0.0], "id": 9}, {"node_features": [0.0, 0.0], "id": 10}, {"node_features": [0.0, 0.0], "id": 11}, {"node_features": [0.0, 0.0], "id": 12}, {"node_features": [0.0, 0.0], "id": 13}, {"node_features": [1.0, 0.0], "id": 14}, {"node_features": [0.0, 0.0], "id": 15}, {"node_features": [0.0, 0.0], "id": 16}, {"node_features": [0.0, 0.0], "id": 17}, {"node_features": [0.0, 0.0], "id": 18}, {"node_features": [0.0, 1.0], "id": 19}, {"node_features": [0.0, 0.0], "id": 20}, {"node_features": [0.0, 0.0], "id": 21}, {"node_features": [0.0, 0.0], "id": 22}, {"node_features": [0.0, 0.0], "id": 23}, {"node_features": [0.0, 0.0], "id": 24}, {"node_features": [0.0, 0.0], "id": 25}, {"node_features": [0.0, 0.0], "id": 26}, {"node_features": [0.0, 0.0], "id": 27}, {"node_features": [0.0, 0.0], "id": 28}, {"node_features": [0.0, 0.0], "id": 29}, {"node_features": [0.0, 0.0], "id": 30}, {"node_features": [0.0, 0.0], "id": 31}, {"node_features": [0.0, 0.0], "id": 32}, {"node_features": [0.0, 0.0], "id": 33}, {"node_features": [0.0, 0.0], "id": 34}, {"node_features": [0.0, 0.0], "id": 35}, {"node_features": [0.0, 0.0], "id": 36}, {"node_features": [0.0, 0.0], "id": 37}, {"node_features": [0.0, 0.0], "id": 38}, {"node_features": [0.0, 0.0], "id": 39}, {"node_features": [0.0, 0.0], "id": 40}, {"node_features": [0.0, 0.0], "id": 41}, {"node_features": [0.0, 0.0], "id": 42}, {"node_features": [0.0, 0.0], "id": 43}, {"node_features": [0.0, 0.0], "id": 44}, {"node_features": [0.0, 0.0], "id": 45}, {"node_features": [0.0, 0.0], "id": 46}, {"node_features": [0.0, 0.0], "id": 47}, {"node_features": [0.0, 0.0], "id": 48}], "links": [{"distance": 1.7750853618935676, "on_path": 0, "source": 0, "target": 36}, {"distance": 0.7185044723807554, "on_path": 0, "source": 0, "target": 9}, {"distance": 0.3164577876912973, "on_path": 0, "source": 0, "target": 17}, {"distance": 0.819979612083603, "on_path": 0, "source": 0, "target": 48}, {"distance": 0.8722677660798778, "on_path": 0, "source": 1, "target": 4}, {"distance": 1.2542262845614436, "on_path": 0, "source": 1, "target": 26}, {"distance": 1.5692618541467278, "on_path": 0, "source": 2, "target": 46}, {"distance": 0.7818106943035436, "on_path": 0, "source": 2, "target": 27}, {"distance": 0.311745840881137, "on_path": 0, "source": 2, "target": 33}, {"distance": 1.3264323130643059, "on_path": 0, "source": 2, "target": 25}, {"distance": 0.16253743833354387, "on_path": 0, "source": 3, "target": 26}, {"distance": 0.32532010050441934, "on_path": 0, "source": 3, "target": 42}, {"distance": 0.4803559283999071, "on_path": 0, "source": 3, "target": 34}, {"distance": 0.9798291809896232, "on_path": 0, "source": 4, "target": 42}, {"distance": 1.0086176271383205, "on_path": 0, "source": 4, "target": 29}, {"distance": 1.7509456086868276, "on_path": 0, "source": 4, "target": 28}, {"distance": 1.4321766830234415, "on_path": 0, "source": 4, "target": 14}, {"distance": 0.6875909821638837, "on_path": 0, "source": 4, "target": 16}, {"distance": 0.7627335277390153, "on_path": 0, "source": 4, "target": 48}, {"distance": 0.7089370874101358, "on_path": 0, "source": 5, "target": 46}, {"distance": 1.0959648608101307, "on_path": 0, "source": 5, "target": 29}, {"distance": 1.3343978236180742, "on_path": 0, "source": 5, "target": 28}, {"distance": 1.3066341797043568, "on_path": 0, "source": 5, "target": 41}, {"distance": 1.4488268935474236, "on_path": 0, "source": 6, "target": 16}, {"distance": 1.9462904538543666, "on_path": 0, "source": 6, "target": 46}, {"distance": 1.2435007378600067, "on_path": 0, "source": 6, "target": 18}, {"distance": 0.49557047317840114, "on_path": 0, "source": 7, "target": 26}, {"distance": 0.1781460888616758, "on_path": 0, "source": 7, "target": 32}, {"distance": 1.6703300664703111, "on_path": 0, "source": 8, "target": 36}, {"distance": 1.143807444215266, "on_path": 0, "source": 8, "target": 41}, {"distance": 1.3821862558970668, "on_path": 0, "source": 8, "target": 44}, {"distance": 0.4756698526102818, "on_path": 0, "source": 8, "target": 30}, {"distance": 1.138281124764646, "on_path": 0, "source": 8, "target": 31}, {"distance": 1.3164612513678073, "on_path": 0, "source": 9, "target": 36}, {"distance": 0.8868624698598276, "on_path": 0, "source": 9, "target": 38}, {"distance": 1.2603285692969362, "on_path": 0, "source": 9, "target": 27}, {"distance": 0.859013996047937, "on_path": 0, "source": 9, "target": 37}, {"distance": 0.8259283089920838, "on_path": 0, "source": 10, "target": 36}, {"distance": 1.0938448138346655, "on_path": 0, "source": 10, "target": 39}, {"distance": 1.0674448330966337, "on_path": 0, "source": 10, "target": 38}, {"distance": 1.491482763025159, "on_path": 0, "source": 11, "target": 34}, {"distance": 1.1277737123226867, "on_path": 0, "source": 11, "target": 32}, {"distance": 0.6963321832771489, "on_path": 0, "source": 12, "target": 20}, {"distance": 1.3236721984205593, "on_path": 0, "source": 12, "target": 21}, {"distance": 1.0797270828311547, "on_path": 0, "source": 12, "target": 23}, {"distance": 0.8489293494446776, "on_path": 0, "source": 12, "target": 42}, {"distance": 1.2265271852931037, "on_path": 0, "source": 13, "target": 30}, {"distance": 0.3937667914364438, "on_path": 1, "source": 13, "target": 38}, {"distance": 0.46897607410730496, "on_path": 1, "source": 13, "target": 24}, {"distance": 1.3059180032152868, "on_path": 0, "source": 13, "target": 44}, {"distance": 0.5477293912419958, "on_path": 1, "source": 14, "target": 31}, {"distance": 0.7901369678849525, "on_path": 0, "source": 14, "target": 32}, {"distance": 0.8437832435947623, "on_path": 0, "source": 15, "target": 38}, {"distance": 0.7651344384129504, "on_path": 0, "source": 15, "target": 48}, {"distance": 1.3521120632499812, "on_path": 0, "source": 15, "target": 21}, {"distance": 0.4199990898076384, "on_path": 0, "source": 15, "target": 34}, {"distance": 0.6350085478096879, "on_path": 0, "source": 15, "target": 47}, {"distance": 0.3515161542616793, "on_path": 0, "source": 16, "target": 26}, {"distance": 0.7177383291818262, "on_path": 0, "source": 16, "target": 30}, {"distance": 0.45877057044469627, "on_path": 0, "source": 17, "target": 35}, {"distance": 1.129079436263407, "on_path": 0, "source": 17, "target": 41}, {"distance": 0.6236631676152418, "on_path": 0, "source": 18, "target": 25}, {"distance": 0.3048300269246599, "on_path": 0, "source": 18, "target": 26}, {"distance": 0.5005949790338982, "on_path": 0, "source": 19, "target": 37}, {"distance": 1.3775606404944232, "on_path": 0, "source": 19, "target": 28}, {"distance": 1.1393638061627234, "on_path": 1, "source": 19, "target": 38}, {"distance": 0.9546176682251092, "on_path": 0, "source": 20, "target": 44}, {"distance": 0.6308604742801105, "on_path": 0, "source": 20, "target": 43}, {"distance": 2.2196782410147353, "on_path": 0, "source": 22, "target": 44}, {"distance": 2.0545295992280113, "on_path": 0, "source": 22, "target": 43}, {"distance": 0.9038030936014907, "on_path": 0, "source": 23, "target": 44}, {"distance": 1.502043530982549, "on_path": 0, "source": 23, "target": 40}, {"distance": 0.6607123548253694, "on_path": 1, "source": 24, "target": 31}, {"distance": 0.6035307698111327, "on_path": 0, "source": 25, "target": 46}, {"distance": 0.7937066444614602, "on_path": 0, "source": 25, "target": 29}, {"distance": 1.069125026495573, "on_path": 0, "source": 26, "target": 30}, {"distance": 0.7310368225943226, "on_path": 0, "source": 27, "target": 33}, {"distance": 0.6489958282854799, "on_path": 0, "source": 27, "target": 36}, {"distance": 2.149863806675406, "on_path": 0, "source": 28, "target": 43}, {"distance": 1.015952754902659, "on_path": 0, "source": 28, "target": 48}, {"distance": 0.4934920510474143, "on_path": 0, "source": 28, "target": 35}, {"distance": 1.3301551678029087, "on_path": 0, "source": 29, "target": 39}, {"distance": 1.2746443957549047, "on_path": 0, "source": 30, "target": 41}, {"distance": 1.3234723421140342, "on_path": 0, "source": 31, "target": 46}, {"distance": 1.2884033631104381, "on_path": 0, "source": 31, "target": 47}, {"distance": 0.979314067732507, "on_path": 0, "source": 32, "target": 40}, {"distance": 0.5550871305338521, "on_path": 0, "source": 32, "target": 33}, {"distance": 1.300971574048585, "on_path": 0, "source": 32, "target": 46}, {"distance": 1.3610198304383208, "on_path": 0, "source": 33, "target": 40}, {"distance": 0.9513197393539616, "on_path": 0, "source": 33, "target": 48}, {"distance": 0.7295736873963539, "on_path": 0, "source": 34, "target": 43}, {"distance": 0.7928133543005774, "on_path": 0, "source": 34, "target": 42}, {"distance": 1.7092696951555448, "on_path": 0, "source": 35, "target": 39}, {"distance": 1.833194962902823, "on_path": 0, "source": 35, "target": 43}, {"distance": 1.2248566482969527, "on_path": 0, "source": 37, "target": 47}, {"distance": 0.3529578313896076, "on_path": 0, "source": 40, "target": 46}, {"distance": 0.23494720450245143, "on_path": 0, "source": 40, "target": 45}, {"distance": 0.7326253895946309, "on_path": 0, "source": 45, "target": 48}]}