{"directed": false, "multigraph": false, "graph": {}, "nodes": [{"node_features": [0.0, 0.0], "id": 0}, {"node_features": [0.0, 1.0], "id": 1}, {"node_features": [0.0, 0.0], "id": 2}, {"node_features": [0.0, 0.0], "id": 3}, {"node_features": [0.0, 0.0], "id": 4}, {"node_features": [0.0, 0.0], "id": 5}, {"node_features": [0.0, 0.0], "id": 6}, {"node_features": [0.0, 0.0], "id": 7}, {"node_features": [1.0, 0.0], "id": 8}, {"node_features": [0.0, 0.0], "id": 9}, {"node_features": [0.0, 0.0], "id": 10}, {"node_features": [0.0, 0.0], "id": 11}, {"node_features": [0.0, 0.0], "id": 12}, {"node_features": [0.0, 0.0], "id": 13}, {"node_features": [0.0, 0.0], "id": 14}, {"node_features": [0.0, 0.0], "id": 15}], "links": [{"distance": 0.9528370412735564, "on_path": 0, "source": 0, "target": 3}, {"distance": 1.6322725981673505, "on_path": 0, "source": 0, "target": 1}, {"distance": 0.7603565831487675, "on_path": 0, "source": 0, "target": 13}, {"distance": 0.7534839970388544, "on_path": 0, "source": 0, "target": 8}, {"distance": 1.878829216830476, "on_path": 0, "source": 0, "target": 11}, {"distance": 0.35103179801480294, "on_path": 1, "source": 1, "target": 5}, {"distance": 1.6304975161850845, "on_path": 0, "source": 1, "target": 4}, {"distance": 1.105077071477162, "on_path": 0, "source": 1, "target": 10}, {"distance": 1.2706612017482188, "on_path": 0, "source": 2, "target": 11}, {"distance": 1.813572541767752, "on_path": 0, "source": 2, "target": 14}, {"distance": 1.8977969144395281, "on_path": 0, "source": 2, "target": 7}, {"distance": 1.8095646734925073, "on_path": 0, "source": 2, "target": 5}, {"distance": 1.3194298048227437, "on_path": 0, "source": 2, "target": 15}, {"distance": 1.4102472973198383, "on_path": 0, "source": 3, "target": 12}, {"distance": 1.2411448589012075, "on_path": 0, "source": 3, "target": 11}, {"distance": 1.4862903862131516, "on_path": 0, "source": 3, "target": 9}, {"distance": 1.1391725550171479, "on_path": 0, "source": 3, "target": 4}, {"distance": 1.421291585172282, "on_path": 0, "source": 4, "target": 12}, {"distance": 0.7727746673168415, "on_path": 0, "source": 4, "target": 8}, {"distance": 1.7667345411764501, "on_path": 0, "source": 4, "target": 7}, {"distance": 0.17930896645702202, "on_path": 1, "source": 5, "target": 12}, {"distance": 1.194148631177088, "on_path": 0, "source": 6, "target": 13}, {"distance": 1.4517183606631576, "on_path": 0, "source": 6, "target": 7}, {"distance": 1.089838075413383, "on_path": 0, "source": 6, "target": 15}, {"distance": 1.3008028076676188, "on_path": 0, "source": 6, "target": 9}, {"distance": 1.1292923606608396, "on_path": 0, "source": 7, "target": 10}, {"distance": 0.8866716246740035, "on_path": 1, "source": 8, "target": 9}, {"distance": 0.611851702143007, "on_path": 0, "source": 9, "target": 15}, {"distance": 0.1732714518668963, "on_path": 1, "source": 9, "target": 12}, {"distance": 0.8620080904213387, "on_path": 0, "source": 9, "target": 13}, {"distance": 0.41326852679070186, "on_path": 0, "source": 10, "target": 13}, {"distance": 0.7649528811662808, "on_path": 0, "source": 13, "target": 14}]}