{"directed": false, "multigraph": false, "graph": {}, "nodes": [{"node_features": [1.0, 0.0], "id": 0}, {"node_features": [0.0, 1.0], "id": 1}, {"node_features": [0.0, 0.0], "id": 2}, {"node_features": [0.0, 0.0], "id": 3}, {"node_features": [0.0, 0.0], "id": 4}, {"node_features": [0.0, 0.0], "id": 5}, {"node_features": [0.0, 0.0], "id": 6}, {"node_features": [0.0, 0.0], "id": 7}, {"node_features": [0.0, 0.0], "id": 8}, {"node_features": [0.0, 0.0], "id": 9}, {"node_features": [0.0, 0.0], "id": 10}, {"node_features": [0.0, 0.0], "id": 11}, {"node_features": [0.0, 0.0], "id": 12}, {"node_features": [0.0, 0.0], "id": 13}, {"node_features": [0.0, 0.0], "id": 14}, {"node_features": [0.0, 0.0], "id": 15}, {"node_features": [0.0, 0.0], "id": 16}, {"node_features": [0.0, 0.0], "id": 17}, {"node_features": [0.0, 0.0], "id": 18}, {"node_features": [0.0, 0.0], "id": 19}, {"node_features": [0.0, 0.0], "id": 20}, {"node_features": [0.0, 0.0], "id": 21}, {"node_features": [0.0, 0.0], "id": 22}, {"node_features": [0.0, 0.0], "id": 23}, {"node_features": [0.0, 0.0], "id": 24}, {"node_features": [0.0, 0.0], "id": 25}, {"node_features": [0.0, 0.0], "id": 26}, {"node_features": [0.0, 0.0], "id": 27}, {"node_features": [0.0, 0.0], "id": 28}], "links": [{"distance": 2.038287110226502, "on_path": 0, "source": 0, "target": 23}, {"distance": 1.3935027848928474, "on_path": 0, "source": 0, "target": 11}, {"distance": 0.45555768738024377, "on_path": 1, "source": 0, "target": 15}, {"distance": 1.9570949568734348, "on_path": 0, "source": 0, "target": 9}, {"distance": 0.3413214148922857, "on_path": 1, "source": 1, "target": 5}, {"distance": 0.2965455572021539, "on_path": 0, "source": 1, "target": 6}, {"distance": 1.0893541195930545, "on_path": 0, "source": 1, "target": 22}, {"distance": 0.9260361554398511, "on_path": 0, "source": 1, "target": 4}, {"distance": 0.9909654875946533, "on_path": 0, "source": 2, "target": 12}, {"distance": 1.5854049494184543, "on_path": 0, "source": 2, "target": 15}, {"distance": 1.9035890991990065, "on_path": 0, "source": 2, "target": 18}, {"distance": 1.671310245380042, "on_path": 0, "source": 3, "target": 16}, {"distance": 2.1211517576514374, "on_path": 0, "source": 3, "target": 18}, {"distance": 0.9850584987086572, "on_path": 0, "source": 3, "target": 5}, {"distance": 0.6187796864886466, "on_path": 0, "source": 3, "target": 6}, {"distance": 0.6017197435272439, "on_path": 0, "source": 4, "target": 7}, {"distance": 0.8947896333611486, "on_path": 0, "source": 4, "target": 8}, {"distance": 0.9695862874058926, "on_path": 0, "source": 4, "target": 26}, {"distance": 1.5374725993735696, "on_path": 0, "source": 5, "target": 18}, {"distance": 0.7942232453287354, "on_path": 0, "source": 5, "target": 17}, {"distance": 0.47518772484654775, "on_path": 1, "source": 5, "target": 28}, {"distance": 1.8581727061991866, "on_path": 0, "source": 6, "target": 9}, {"distance": 0.9381467415745558, "on_path": 0, "source": 6, "target": 12}, {"distance": 1.953015165670167, "on_path": 0, "source": 6, "target": 23}, {"distance": 1.691898030100808, "on_path": 0, "source": 6, "target": 16}, {"distance": 0.5719877555421705, "on_path": 0, "source": 6, "target": 20}, {"distance": 2.0928958514262677, "on_path": 0, "source": 7, "target": 23}, {"distance": 1.0777539568325645, "on_path": 0, "source": 7, "target": 12}, {"distance": 0.3100115734376438, "on_path": 0, "source": 8, "target": 25}, {"distance": 0.8223300455726833, "on_path": 0, "source": 8, "target": 22}, {"distance": 1.1837020408568073, "on_path": 0, "source": 8, "target": 19}, {"distance": 1.8050318551524114, "on_path": 0, "source": 9, "target": 14}, {"distance": 1.5418796606614715, "on_path": 0, "source": 9, "target": 15}, {"distance": 1.8719155737787374, "on_path": 0, "source": 10, "target": 18}, {"distance": 0.9932579996511982, "on_path": 0, "source": 10, "target": 28}, {"distance": 1.2343119520830095, "on_path": 0, "source": 10, "target": 13}, {"distance": 1.7480917121880488, "on_path": 0, "source": 10, "target": 14}, {"distance": 1.2375135961341956, "on_path": 0, "source": 11, "target": 15}, {"distance": 0.785265392717449, "on_path": 0, "source": 12, "target": 13}, {"distance": 1.1379369795065897, "on_path": 0, "source": 12, "target": 17}, {"distance": 1.1865800224701635, "on_path": 0, "source": 12, "target": 24}, {"distance": 1.3740240038638074, "on_path": 0, "source": 13, "target": 18}, {"distance": 1.955241025072839, "on_path": 0, "source": 13, "target": 20}, {"distance": 1.510184505282, "on_path": 0, "source": 15, "target": 27}, {"distance": 0.24443285913931348, "on_path": 1, "source": 15, "target": 28}, {"distance": 0.9283701618179412, "on_path": 0, "source": 15, "target": 18}, {"distance": 0.8717548622346513, "on_path": 0, "source": 15, "target": 22}, {"distance": 1.7034229369742204, "on_path": 0, "source": 16, "target": 24}, {"distance": 1.5415984177132949, "on_path": 0, "source": 17, "target": 21}, {"distance": 1.8374632443410417, "on_path": 0, "source": 18, "target": 27}, {"distance": 1.6780663022414575, "on_path": 0, "source": 19, "target": 26}, {"distance": 0.6070458408097384, "on_path": 0, "source": 19, "target": 22}, {"distance": 0.5405790408427797, "on_path": 0, "source": 19, "target": 27}, {"distance": 0.4419687436430953, "on_path": 0, "source": 20, "target": 24}, {"distance": 0.437372322759506, "on_path": 0, "source": 20, "target": 25}, {"distance": 1.1104587193349083, "on_path": 0, "source": 21, "target": 25}, {"distance": 0.11910922778141667, "on_path": 0, "source": 23, "target": 27}, {"distance": 0.33958066515749247, "on_path": 0, "source": 25, "target": 26}]}