{"directed": false, "multigraph": false, "graph": {}, "nodes": [{"node_features": [0.0, 0.0], "id": 0}, {"node_features": [0.0, 0.0], "id": 1}, {"node_features": [0.0, 0.0], "id": 2}, {"node_features": [0.0, 0.0], "id": 3}, {"node_features": [0.0, 0.0], "id": 4}, {"node_features": [0.0, 0.0], "id": 5}, {"node_features": [0.0, 0.0], "id": 6}, {"node_features": [0.0, 0.0], "id": 7}, {"node_features": [0.0, 0.0], "id": 8}, {"node_features": [0.0, 0.0], "id": 9}, {"node_features": [0.0, 0.0], "id": 10}, {"node_features": [0.0, 0.0], "id": 11}, {"node_features": [0.0, 0.0], "id": 12}, {"node_features": [0.0, 0.0], "id": 13}, {"node_features": [0.0, 0.0], "id": 14}, {"node_features": [0.0, 0.0], "id": 15}, {"node_features": [0.0, 0.0], "id": 16}, {"node_features": [0.0, 0.0], "id": 17}, {"node_features": [0.0, 0.0], "id": 18}, {"node_features": [0.0, 0.0], "id": 19}, {"node_features": [0.0, 1.0], "id": 20}, {"node_features": [1.0, 0.0], "id": 21}, {"node_features": [0.0, 0.0], "id": 22}, {"node_features": [0.0, 0.0], "id": 23}, {"node_features": [0.0, 0.0], "id": 24}, {"node_features": [0.0, 0.0], "id": 25}, {"node_features": [0.0, 0.0], "id": 26}, {"node_features": [0.0, 0.0], "id": 27}, {"node_features": [0.0, 0.0], "id": 28}, {"node_features": [0.0, 0.0], "id": 29}, {"node_features": [0.0, 0.0], "id": 30}, {"node_features": [0.0, 0.0], "id": 31}, {"node_features": [0.0, 0.0], "id": 32}, {"node_features": [0.0, 0.0], "id": 33}, {"node_features": [0.0, 0.0], "id": 34}, {"node_features": [0.0, 0.0], "id": 35}, {"node_features": [0.0, 0.0], "id": 36}, {"node_features": [0.0, 0.0], "id": 37}, {"node_features": [0.0, 0.0], "id": 38}, {"node_features": [0.0, 0.0], "id": 39}, {"node_features": [0.0, 0.0], "id": 40}, {"node_features": [0.0, 0.0], "id": 41}, {"node_features": [0.0, 0.0], "id": 42}, {"node_features": [0.0, 0.0], "id": 43}, {"node_features": [0.0, 0.0], "id": 44}], "links": [{"distance": 1.0570358717159574, "on_path": 0, "source": 0, "target": 17}, {"distance": 0.5114932563697508, "on_path": 0, "source": 0, "target": 14}, {"distance": 0.1545297403701536, "on_path": 0, "source": 0, "target": 39}, {"distance": 0.6427393198633523, "on_path": 0, "source": 0, "target": 19}, {"distance": 0.7380526110851728, "on_path": 0, "source": 1, "target": 18}, {"distance": 0.5136382883953465, "on_path": 0, "source": 1, "target": 9}, {"distance": 1.3814025831610308, "on_path": 0, "source": 2, "target": 10}, {"distance": 1.005578116522784, "on_path": 0, "source": 2, "target": 34}, {"distance": 1.3639684743501388, "on_path": 0, "source": 2, "target": 14}, {"distance": 0.8696117570104241, "on_path": 1, "source": 3, "target": 15}, {"distance": 1.635643194104051, "on_path": 0, "source": 3, "target": 17}, {"distance": 1.0021591547532573, "on_path": 1, "source": 3, "target": 20}, {"distance": 1.1341598943444564, "on_path": 0, "source": 3, "target": 44}, {"distance": 1.8122914753154797, "on_path": 0, "source": 4, "target": 31}, {"distance": 0.711896972990225, "on_path": 0, "source": 4, "target": 10}, {"distance": 0.4837761480260684, "on_path": 0, "source": 4, "target": 18}, {"distance": 1.556072100924926, "on_path": 0, "source": 4, "target": 25}, {"distance": 1.1355198229898427, "on_path": 0, "source": 4, "target": 6}, {"distance": 1.5231412940995905, "on_path": 0, "source": 4, "target": 9}, {"distance": 1.0472903637806463, "on_path": 0, "source": 4, "target": 13}, {"distance": 1.855585519678434, "on_path": 0, "source": 5, "target": 37}, {"distance": 2.2460940941539356, "on_path": 0, "source": 5, "target": 24}, {"distance": 0.9384532418547616, "on_path": 0, "source": 5, "target": 41}, {"distance": 2.496881434455941, "on_path": 0, "source": 5, "target": 30}, {"distance": 1.5484622390118121, "on_path": 0, "source": 6, "target": 24}, {"distance": 1.249776258092415, "on_path": 0, "source": 6, "target": 7}, {"distance": 1.560608244230272, "on_path": 0, "source": 6, "target": 42}, {"distance": 2.054846453649968, "on_path": 0, "source": 6, "target": 43}, {"distance": 1.3434081206296342, "on_path": 0, "source": 7, "target": 33}, {"distance": 1.8600932188854837, "on_path": 0, "source": 7, "target": 25}, {"distance": 2.200170164870028, "on_path": 0, "source": 7, "target": 28}, {"distance": 0.6231201453422425, "on_path": 0, "source": 8, "target": 11}, {"distance": 1.7100813082232464, "on_path": 0, "source": 8, "target": 9}, {"distance": 1.99081780845859, "on_path": 0, "source": 8, "target": 31}, {"distance": 1.2641590802794576, "on_path": 0, "source": 8, "target": 36}, {"distance": 1.442944504356179, "on_path": 0, "source": 8, "target": 41}, {"distance": 2.324204036227185, "on_path": 0, "source": 8, "target": 44}, {"distance": 0.15934917432335105, "on_path": 0, "source": 8, "target": 26}, {"distance": 1.5682882490965095, "on_path": 0, "source": 8, "target": 43}, {"distance": 1.2509374102643238, "on_path": 0, "source": 9, "target": 10}, {"distance": 0.8086075919552512, "on_path": 0, "source": 10, "target": 20}, {"distance": 1.3896376923616185, "on_path": 0, "source": 11, "target": 38}, {"distance": 0.5629506687575315, "on_path": 0, "source": 11, "target": 15}, {"distance": 1.412274930794866, "on_path": 0, "source": 11, "target": 33}, {"distance": 0.9103900543076702, "on_path": 0, "source": 11, "target": 41}, {"distance": 0.760008101222414, "on_path": 0, "source": 12, "target": 20}, {"distance": 0.9175606752752613, "on_path": 0, "source": 12, "target": 38}, {"distance": 1.178391776841993, "on_path": 0, "source": 12, "target": 28}, {"distance": 0.4542666936325441, "on_path": 0, "source": 13, "target": 20}, {"distance": 0.5375911727713332, "on_path": 0, "source": 14, "target": 21}, {"distance": 0.9679680611215461, "on_path": 0, "source": 14, "target": 30}, {"distance": 0.7464502309885926, "on_path": 0, "source": 14, "target": 26}, {"distance": 0.5671823629241873, "on_path": 0, "source": 15, "target": 42}, {"distance": 0.10378083990815572, "on_path": 1, "source": 15, "target": 16}, {"distance": 1.1253852135995017, "on_path": 0, "source": 16, "target": 30}, {"distance": 1.3688894747432867, "on_path": 0, "source": 16, "target": 37}, {"distance": 1.0274860582050829, "on_path": 0, "source": 16, "target": 40}, {"distance": 0.23728537482548992, "on_path": 1, "source": 16, "target": 32}, {"distance": 0.8590493780956933, "on_path": 0, "source": 17, "target": 23}, {"distance": 1.1471646121839703, "on_path": 0, "source": 17, "target": 39}, {"distance": 1.8083580701468522, "on_path": 0, "source": 17, "target": 24}, {"distance": 2.2562308044506, "on_path": 0, "source": 17, "target": 37}, {"distance": 0.455653110280481, "on_path": 0, "source": 18, "target": 24}, {"distance": 1.1110083313591668, "on_path": 0, "source": 19, "target": 36}, {"distance": 0.8392253495764532, "on_path": 0, "source": 20, "target": 31}, {"distance": 1.578558613914852, "on_path": 0, "source": 20, "target": 26}, {"distance": 1.2314133671656486, "on_path": 0, "source": 20, "target": 22}, {"distance": 1.3008261255084879, "on_path": 0, "source": 20, "target": 40}, {"distance": 0.3402577668859963, "on_path": 1, "source": 21, "target": 32}, {"distance": 0.7615768601684941, "on_path": 0, "source": 21, "target": 42}, {"distance": 1.5311390357350212, "on_path": 0, "source": 22, "target": 25}, {"distance": 1.517567597123256, "on_path": 0, "source": 22, "target": 23}, {"distance": 0.0391247214739728, "on_path": 0, "source": 23, "target": 25}, {"distance": 0.60095015903683, "on_path": 0, "source": 25, "target": 44}, {"distance": 0.82513964080584, "on_path": 0, "source": 25, "target": 36}, {"distance": 1.3767391573603978, "on_path": 0, "source": 27, "target": 40}, {"distance": 1.5430941213552598, "on_path": 0, "source": 27, "target": 35}, {"distance": 0.1720423596548608, "on_path": 0, "source": 27, "target": 28}, {"distance": 1.4500538445417244, "on_path": 0, "source": 27, "target": 42}, {"distance": 1.601980736240019, "on_path": 0, "source": 28, "target": 42}, {"distance": 1.078699004346015, "on_path": 0, "source": 29, "target": 42}, {"distance": 1.3802246928655593, "on_path": 0, "source": 29, "target": 44}, {"distance": 1.4258887152533937, "on_path": 0, "source": 29, "target": 30}, {"distance": 0.6034892392778417, "on_path": 0, "source": 29, "target": 35}, {"distance": 0.8438899904797298, "on_path": 0, "source": 31, "target": 43}, {"distance": 0.9556030094730716, "on_path": 0, "source": 34, "target": 35}, {"distance": 0.6715466737284289, "on_path": 0, "source": 34, "target": 38}, {"distance": 0.4069561992786054, "on_path": 0, "source": 34, "target": 39}, {"distance": 1.012338939573539, "on_path": 0, "source": 39, "target": 43}, {"distance": 1.013739116003867, "on_path": 0, "source": 39, "target": 40}]}