{"directed": false, "multigraph": false, "graph": {}, "nodes": [{"node_features": [0.0, 0.0], "id": 0}, {"node_features": [0.0, 0.0], "id": 1}, {"node_features": [0.0, 0.0], "id": 2}, {"node_features": [0.0, 0.0], "id": 3}, {"node_features": [0.0, 0.0], "id": 4}, {"node_features": [0.0, 0.0], "id": 5}, {"node_features": [0.0, 0.0], "id": 6}, {"node_features": [0.0, 0.0], "id": 7}, {"node_features": [0.0, 0.0], "id": 8}, {"node_features": [0.0, 0.0], "id": 9}, {"node_features": [0.0, 0.0], "id": 10}, {"node_features": [0.0, 0.0], "id": 11}, {"node_features": [0.0, 0.0], "id": 12}, {"node_features": [0.0, 0.0], "id": 13}, {"node_features": [0.0, 0.0], "id": 14}, {"node_features": [0.0, 0.0], "id": 15}, {"node_features": [0.0, 0.0], "id": 16}, {"node_features": [0.0, 0.0], "id": 17}, {"node_features": [0.0, 1.0], "id": 18}, {"node_features": [0.0, 0.0], "id": 19}, {"node_features": [0.0, 0.0], "id": 20}, {"node_features": [0.0, 0.0], "id": 21}, {"node_features": [0.0, 0.0], "id": 22}, {"node_features": [0.0, 0.0], "id": 23}, {"node_features": [0.0, 0.0], "id": 24}, {"node_features": [0.0, 0.0], "id": 25}, {"node_features": [0.0, 0.0], "id": 26}, {"node_features": [0.0, 0.0], "id": 27}, {"node_features": [0.0, 0.0], "id": 28}, {"node_features": [0.0, 0.0], "id": 29}, {"node_features": [0.0, 0.0], "id": 30}, {"node_features": [1.0, 0.0], "id": 31}, {"node_features": [0.0, 0.0], "id": 32}], "links": [{"distance": 1.4086720942912752, "on_path": 0, "source": 0, "target": 15}, {"distance": 1.7066660738337152, "on_path": 0, "source": 0, "target": 19}, {"distance": 1.8322372205966178, "on_path": 0, "source": 0, "target": 28}, {"distance": 0.46262911142762403, "on_path": 0, "source": 1, "target": 27}, {"distance": 0.16565041784468176, "on_path": 0, "source": 1, "target": 7}, {"distance": 1.4538793740697877, "on_path": 0, "source": 1, "target": 18}, {"distance": 1.300382916136604, "on_path": 0, "source": 1, "target": 4}, {"distance": 1.0028361328503979, "on_path": 0, "source": 1, "target": 24}, {"distance": 0.6359087602912299, "on_path": 0, "source": 2, "target": 20}, {"distance": 0.8722745233146092, "on_path": 0, "source": 2, "target": 21}, {"distance": 1.4013312920711178, "on_path": 0, "source": 2, "target": 18}, {"distance": 1.0901859273246928, "on_path": 0, "source": 3, "target": 9}, {"distance": 0.6590638798489158, "on_path": 0, "source": 3, "target": 10}, {"distance": 0.6334888135730733, "on_path": 0, "source": 4, "target": 20}, {"distance": 0.5930703206917809, "on_path": 0, "source": 4, "target": 21}, {"distance": 0.36772711903932503, "on_path": 0, "source": 4, "target": 24}, {"distance": 1.723624258864158, "on_path": 0, "source": 4, "target": 28}, {"distance": 1.9682179142499767, "on_path": 0, "source": 5, "target": 26}, {"distance": 1.5691683404015768, "on_path": 0, "source": 5, "target": 12}, {"distance": 0.6137077071100971, "on_path": 0, "source": 5, "target": 16}, {"distance": 1.7593771784392511, "on_path": 0, "source": 5, "target": 15}, {"distance": 0.3777159059770022, "on_path": 0, "source": 5, "target": 25}, {"distance": 1.4010123649835786, "on_path": 0, "source": 6, "target": 9}, {"distance": 0.20212950946016067, "on_path": 0, "source": 6, "target": 7}, {"distance": 1.530386222092651, "on_path": 0, "source": 6, "target": 26}, {"distance": 0.2916999258691992, "on_path": 0, "source": 6, "target": 27}, {"distance": 0.44249812038986336, "on_path": 0, "source": 6, "target": 28}, {"distance": 1.3440161438469924, "on_path": 0, "source": 7, "target": 18}, {"distance": 0.8903657154877338, "on_path": 0, "source": 7, "target": 23}, {"distance": 1.6031664697458998, "on_path": 0, "source": 8, "target": 13}, {"distance": 0.23864449390711254, "on_path": 0, "source": 8, "target": 11}, {"distance": 0.40962257571804955, "on_path": 0, "source": 8, "target": 30}, {"distance": 0.7902984865290635, "on_path": 0, "source": 9, "target": 14}, {"distance": 0.600652210057406, "on_path": 0, "source": 9, "target": 20}, {"distance": 0.6964904092379283, "on_path": 0, "source": 9, "target": 29}, {"distance": 0.684895098215571, "on_path": 1, "source": 10, "target": 18}, {"distance": 1.4421199262785822, "on_path": 1, "source": 10, "target": 22}, {"distance": 1.850522913863243, "on_path": 0, "source": 10, "target": 27}, {"distance": 1.3741648575476315, "on_path": 0, "source": 10, "target": 17}, {"distance": 0.22494455813295194, "on_path": 0, "source": 11, "target": 30}, {"distance": 1.2578712060711712, "on_path": 0, "source": 12, "target": 32}, {"distance": 1.0313705775056863, "on_path": 0, "source": 12, "target": 14}, {"distance": 1.5103748436713567, "on_path": 0, "source": 13, "target": 27}, {"distance": 0.19504805247498874, "on_path": 0, "source": 13, "target": 31}, {"distance": 0.5918190778693181, "on_path": 0, "source": 14, "target": 24}, {"distance": 0.37745804667520555, "on_path": 1, "source": 14, "target": 31}, {"distance": 0.8109047555678015, "on_path": 0, "source": 14, "target": 32}, {"distance": 0.34305256029016223, "on_path": 1, "source": 14, "target": 22}, {"distance": 0.6919627256271648, "on_path": 0, "source": 15, "target": 19}, {"distance": 1.7764339762138615, "on_path": 0, "source": 15, "target": 16}, {"distance": 0.8190612607927512, "on_path": 0, "source": 15, "target": 20}, {"distance": 0.7170719526451659, "on_path": 0, "source": 16, "target": 21}, {"distance": 1.5386954031098263, "on_path": 0, "source": 16, "target": 19}, {"distance": 0.7224312299873485, "on_path": 0, "source": 17, "target": 30}, {"distance": 0.9026248074952363, "on_path": 0, "source": 20, "target": 25}, {"distance": 1.1813855904077253, "on_path": 0, "source": 20, "target": 29}, {"distance": 0.42560162335043467, "on_path": 0, "source": 20, "target": 21}, {"distance": 0.7131930472062565, "on_path": 0, "source": 21, "target": 32}, {"distance": 1.8896837335635206, "on_path": 0, "source": 23, "target": 29}, {"distance": 0.9793391945201293, "on_path": 0, "source": 23, "target": 27}, {"distance": 2.030789857893202, "on_path": 0, "source": 23, "target": 26}, {"distance": 1.315652626706772, "on_path": 0, "source": 25, "target": 30}, {"distance": 1.6959390823196536, "on_path": 0, "source": 26, "target": 32}, {"distance": 1.6377662208748431, "on_path": 0, "source": 27, "target": 30}, {"distance": 0.8594622681038464, "on_path": 0, "source": 29, "target": 30}, {"distance": 0.5464327714430858, "on_path": 0, "source": 31, "target": 32}]}