{"directed": false, "multigraph": false, "graph": {}, "nodes": [{"node_features": [0.0, 1.0], "id": 0}, {"node_features": [0.0, 0.0], "id": 1}, {"node_features": [0.0, 0.0], "id": 2}, {"node_features": [0.0, 0.0], "id": 3}, {"node_features": [0.0, 0.0], "id": 4}, {"node_features": [0.0, 0.0], "id": 5}, {"node_features": [0.0, 0.0], "id": 6}, {"node_features": [0.0, 0.0], "id": 7}, {"node_features": [0.0, 0.0], "id": 8}, {"node_features": [0.0, 0.0], "id": 9}, {"node_features": [0.0, 0.0], "id": 10}, {"node_features": [0.0, 0.0], "id": 11}, {"node_features": [0.0, 0.0], "id": 12}, {"node_features": [0.0, 0.0], "id": 13}, {"node_features": [1.0, 0.0], "id": 14}, {"node_features": [0.0, 0.0], "id": 15}, {"node_features": [0.0, 0.0], "id": 16}, {"node_features": [0.0, 0.0], "id": 17}, {"node_features": [0.0, 0.0], "id": 18}, {"node_features": [0.0, 0.0], "id": 19}, {"node_features": [0.0, 0.0], "id": 20}, {"node_features": [0.0, 0.0], "id": 21}, {"node_features": [0.0, 0.0], "id": 22}, {"node_features": [0.0, 0.0], "id": 23}, {"node_features": [0.0, 0.0], "id": 24}, {"node_features": [0.0, 0.0], "id": 25}, {"node_features": [0.0, 0.0], "id": 26}, {"node_features": [0.0, 0.0], "id": 27}, {"node_features": [0.0, 0.0], "id": 28}, {"node_features": [0.0, 0.0], "id": 29}], "links": [{"distance": 0.8628703946886452, "on_path": 1, "source": 0, "target": 5}, {"distance": 0.592502395874162, "on_path": 0, "source": 0, "target": 12}, {"distance": 1.2260085247183035, "on_path": 0, "source": 0, "target": 26}, {"distance": 0.5615479536275304, "on_path": 0, "source": 1, "target": 12}, {"distance": 0.303719746967307, "on_path": 0, "source": 1, "target": 4}, {"distance": 1.3976068608071504, "on_path": 1, "source": 2, "target": 19}, {"distance": 1.4011090017868433, "on_path": 0, "source": 2, "target": 9}, {"distance": 0.7610787121402753, "on_path": 1, "source": 2, "target": 14}, {"distance": 0.2764619047483132, "on_path": 0, "source": 2, "target": 29}, {"distance": 1.3843238967057154, "on_path": 0, "source": 3, "target": 18}, {"distance": 0.20902463657201856, "on_path": 0, "source": 3, "target": 11}, {"distance": 1.6745736821473396, "on_path": 0, "source": 3, "target": 16}, {"distance": 1.1774511714738434, "on_path": 0, "source": 4, "target": 17}, {"distance": 1.5872754538534595, "on_path": 0, "source": 4, "target": 9}, {"distance": 0.45223693334245063, "on_path": 0, "source": 5, "target": 8}, {"distance": 1.613117040665255, "on_path": 0, "source": 5, "target": 16}, {"distance": 0.5313106710075013, "on_path": 1, "source": 5, "target": 19}, {"distance": 1.0035560914002941, "on_path": 0, "source": 5, "target": 17}, {"distance": 0.7192417746220324, "on_path": 0, "source": 6, "target": 17}, {"distance": 1.0886925846675701, "on_path": 0, "source": 6, "target": 19}, {"distance": 0.49183987862876627, "on_path": 0, "source": 7, "target": 15}, {"distance": 1.0411209921565576, "on_path": 0, "source": 7, "target": 13}, {"distance": 1.7043599233115418, "on_path": 0, "source": 7, "target": 19}, {"distance": 1.171006057905462, "on_path": 0, "source": 7, "target": 27}, {"distance": 0.18859555115255394, "on_path": 0, "source": 8, "target": 11}, {"distance": 1.391614354735785, "on_path": 0, "source": 8, "target": 24}, {"distance": 1.098296432335679, "on_path": 0, "source": 8, "target": 18}, {"distance": 1.6219884934053264, "on_path": 0, "source": 8, "target": 20}, {"distance": 2.015591796036489, "on_path": 0, "source": 9, "target": 20}, {"distance": 1.4579464236675346, "on_path": 0, "source": 9, "target": 26}, {"distance": 0.16923301977455377, "on_path": 0, "source": 10, "target": 20}, {"distance": 0.9680327892589342, "on_path": 0, "source": 10, "target": 19}, {"distance": 0.6941154068362758, "on_path": 0, "source": 10, "target": 29}, {"distance": 1.3644140471559054, "on_path": 0, "source": 11, "target": 24}, {"distance": 1.2142199429559217, "on_path": 0, "source": 11, "target": 18}, {"distance": 1.4655569826506467, "on_path": 0, "source": 11, "target": 28}, {"distance": 0.6163178083931289, "on_path": 0, "source": 12, "target": 21}, {"distance": 0.3374510719061449, "on_path": 0, "source": 12, "target": 25}, {"distance": 0.9612095629346129, "on_path": 0, "source": 12, "target": 24}, {"distance": 0.3275943075203349, "on_path": 0, "source": 13, "target": 29}, {"distance": 0.46519469533647256, "on_path": 0, "source": 13, "target": 18}, {"distance": 0.7890752860754381, "on_path": 0, "source": 13, "target": 23}, {"distance": 0.6642965040238188, "on_path": 0, "source": 13, "target": 20}, {"distance": 1.1231976598895432, "on_path": 0, "source": 14, "target": 23}, {"distance": 1.532968123481196, "on_path": 0, "source": 14, "target": 22}, {"distance": 1.2346121209575855, "on_path": 0, "source": 15, "target": 28}, {"distance": 0.5349545857738974, "on_path": 0, "source": 15, "target": 26}, {"distance": 1.1730116878474761, "on_path": 0, "source": 15, "target": 21}, {"distance": 0.9017654113486409, "on_path": 0, "source": 15, "target": 23}, {"distance": 1.1037840638272778, "on_path": 0, "source": 15, "target": 24}, {"distance": 0.9568233330248529, "on_path": 0, "source": 16, "target": 24}, {"distance": 0.7218585806713648, "on_path": 0, "source": 17, "target": 27}, {"distance": 0.6466978620446685, "on_path": 0, "source": 17, "target": 20}, {"distance": 0.731360160879593, "on_path": 0, "source": 18, "target": 27}, {"distance": 1.121812817862109, "on_path": 0, "source": 19, "target": 29}, {"distance": 0.5305489514846157, "on_path": 0, "source": 20, "target": 27}, {"distance": 0.952267683859835, "on_path": 0, "source": 21, "target": 25}, {"distance": 1.6422816306561472, "on_path": 0, "source": 22, "target": 27}, {"distance": 0.8236248367833352, "on_path": 0, "source": 23, "target": 28}, {"distance": 0.952409822363376, "on_path": 0, "source": 24, "target": 25}]}