{"directed": false, "multigraph": false, "graph": {}, "nodes": [{"node_features": [0.0, 0.0], "id": 0}, {"node_features": [0.0, 0.0], "id": 1}, {"node_features": [0.0, 0.0], "id": 2}, {"node_features": [0.0, 0.0], "id": 3}, {"node_features": [0.0, 0.0], "id": 4}, {"node_features": [0.0, 0.0], "id": 5}, {"node_features": [0.0, 0.0], "id": 6}, {"node_features": [0.0, 0.0], "id": 7}, {"node_features": [0.0, 0.0], "id": 8}, {"node_features": [0.0, 0.0], "id": 9}, {"node_features": [0.0, 0.0], "id": 10}, {"node_features": [0.0, 0.0], "id": 11}, {"node_features": [0.0, 1.0], "id": 12}, {"node_features": [0.0, 0.0], "id": 13}, {"node_features": [0.0, 0.0], "id": 14}, {"node_features": [0.0, 0.0], "id": 15}, {"node_features": [0.0, 0.0], "id": 16}, {"node_features": [0.0, 0.0], "id": 17}, {"node_features": [0.0, 0.0], "id": 18}, {"node_features": [0.0, 0.0], "id": 19}, {"node_features": [0.0, 0.0], "id": 20}, {"node_features": [0.0, 0.0], "id": 21}, {"node_features": [0.0, 0.0], "id": 22}, {"node_features": [0.0, 0.0], "id": 23}, {"node_features": [0.0, 0.0], "id": 24}, {"node_features": [0.0, 0.0], "id": 25}, {"node_features": [0.0, 0.0], "id": 26}, {"node_features": [1.0, 0.0], "id": 27}, {"node_features": [0.0, 0.0], "id": 28}, {"node_features": [0.0, 0.0], "id": 29}, {"node_features": [0.0, 0.0], "id": 30}, {"node_features": [0.0, 0.0], "id": 31}, {"node_features": [0.0, 0.0], "id": 32}, {"node_features": [0.0, 0.0], "id": 33}, {"node_features": [0.0, 0.0], "id": 34}], "links": [{"distance": 1.0792711155308574, "on_path": 0, "source": 0, "target": 16}, {"distance": 0.9018474275356804, "on_path": 0, "source": 0, "target": 8}, {"distance": 1.2343709701462091, "on_path": 0, "source": 0, "target": 9}, {"distance": 0.8781343783280217, "on_path": 0, "source": 0, "target": 19}, {"distance": 0.713001641435036, "on_path": 0, "source": 1, "target": 14}, {"distance": 0.15446169994178133, "on_path": 0, "source": 1, "target": 27}, {"distance": 0.27850385090119045, "on_path": 0, "source": 2, "target": 7}, {"distance": 1.091811462335615, "on_path": 0, "source": 2, "target": 27}, {"distance": 0.6455994180630917, "on_path": 0, "source": 2, "target": 24}, {"distance": 1.5438714174700077, "on_path": 0, "source": 3, "target": 24}, {"distance": 0.9508977055854954, "on_path": 0, "source": 3, "target": 34}, {"distance": 1.8675194612910635, "on_path": 0, "source": 3, "target": 11}, {"distance": 0.3625599145559262, "on_path": 0, "source": 4, "target": 31}, {"distance": 1.1252792618433873, "on_path": 0, "source": 4, "target": 22}, {"distance": 1.5712347271430962, "on_path": 0, "source": 4, "target": 33}, {"distance": 1.5915795270414288, "on_path": 0, "source": 4, "target": 18}, {"distance": 0.9304079459695898, "on_path": 0, "source": 4, "target": 30}, {"distance": 1.0371726627521698, "on_path": 0, "source": 5, "target": 27}, {"distance": 0.2107714395032061, "on_path": 0, "source": 5, "target": 29}, {"distance": 0.5878734801109149, "on_path": 0, "source": 6, "target": 28}, {"distance": 1.9624143793076667, "on_path": 0, "source": 6, "target": 15}, {"distance": 1.5838659808106899, "on_path": 0, "source": 6, "target": 10}, {"distance": 1.0656961549835107, "on_path": 0, "source": 7, "target": 31}, {"distance": 0.9458147073109838, "on_path": 0, "source": 7, "target": 34}, {"distance": 1.737757123276733, "on_path": 0, "source": 7, "target": 29}, {"distance": 1.1980263293013784, "on_path": 0, "source": 8, "target": 13}, {"distance": 1.0888252142505794, "on_path": 0, "source": 8, "target": 30}, {"distance": 0.6163727856199118, "on_path": 1, "source": 8, "target": 31}, {"distance": 1.7436942852778168, "on_path": 0, "source": 8, "target": 33}, {"distance": 0.7181078071802701, "on_path": 0, "source": 8, "target": 17}, {"distance": 0.9140759566255036, "on_path": 1, "source": 8, "target": 27}, {"distance": 0.999238457086746, "on_path": 0, "source": 8, "target": 34}, {"distance": 1.9324011495258318, "on_path": 0, "source": 9, "target": 18}, {"distance": 1.9863996099380896, "on_path": 0, "source": 9, "target": 10}, {"distance": 0.5835381328410819, "on_path": 0, "source": 9, "target": 19}, {"distance": 1.6576375325199384, "on_path": 0, "source": 10, "target": 32}, {"distance": 0.9048918284062778, "on_path": 0, "source": 11, "target": 19}, {"distance": 1.615704711809182, "on_path": 0, "source": 12, "target": 26}, {"distance": 1.8742090044642554, "on_path": 0, "source": 12, "target": 23}, {"distance": 1.0465309166364127, "on_path": 0, "source": 12, "target": 13}, {"distance": 0.4380238088014333, "on_path": 1, "source": 12, "target": 25}, {"distance": 0.9406338063187509, "on_path": 0, "source": 13, "target": 32}, {"distance": 1.4100193768346012, "on_path": 0, "source": 13, "target": 19}, {"distance": 1.8809147865489748, "on_path": 0, "source": 14, "target": 19}, {"distance": 1.135672889072595, "on_path": 0, "source": 14, "target": 22}, {"distance": 1.7371278071593856, "on_path": 0, "source": 15, "target": 28}, {"distance": 1.9233439003657908, "on_path": 0, "source": 15, "target": 19}, {"distance": 0.04161094483713317, "on_path": 1, "source": 15, "target": 25}, {"distance": 0.9203706917507126, "on_path": 0, "source": 15, "target": 16}, {"distance": 0.6746176507905302, "on_path": 1, "source": 15, "target": 31}, {"distance": 1.207736291348321, "on_path": 0, "source": 16, "target": 30}, {"distance": 0.6604603055875585, "on_path": 0, "source": 16, "target": 22}, {"distance": 0.3707174821829855, "on_path": 0, "source": 17, "target": 30}, {"distance": 0.7832253478621338, "on_path": 0, "source": 17, "target": 29}, {"distance": 0.5425008880269333, "on_path": 0, "source": 18, "target": 26}, {"distance": 1.4400990205887114, "on_path": 0, "source": 19, "target": 29}, {"distance": 0.6273236989471471, "on_path": 0, "source": 20, "target": 29}, {"distance": 0.28329248995175177, "on_path": 0, "source": 20, "target": 26}, {"distance": 1.4383120557650353, "on_path": 0, "source": 20, "target": 23}, {"distance": 0.963900915432219, "on_path": 0, "source": 20, "target": 21}, {"distance": 1.4416118977083574, "on_path": 0, "source": 21, "target": 25}, {"distance": 0.7351001912751555, "on_path": 0, "source": 22, "target": 27}, {"distance": 1.5954365048370716, "on_path": 0, "source": 22, "target": 23}, {"distance": 0.951411229395883, "on_path": 0, "source": 24, "target": 34}, {"distance": 1.3547261696991344, "on_path": 0, "source": 24, "target": 33}, {"distance": 0.8964513829771338, "on_path": 0, "source": 24, "target": 32}, {"distance": 0.3180610238266196, "on_path": 0, "source": 26, "target": 30}, {"distance": 0.3348309899297531, "on_path": 0, "source": 28, "target": 34}, {"distance": 0.9404273049235911, "on_path": 0, "source": 28, "target": 29}, {"distance": 0.6007795910852133, "on_path": 0, "source": 29, "target": 33}]}