{"directed": false, "multigraph": false, "graph": {}, "nodes": [{"node_features": [0.0, 0.0], "id": 0}, {"node_features": [0.0, 0.0], "id": 1}, {"node_features": [0.0, 0.0], "id": 2}, {"node_features": [0.0, 0.0], "id": 3}, {"node_features": [1.0, 0.0], "id": 4}, {"node_features": [0.0, 0.0], "id": 5}, {"node_features": [0.0, 0.0], "id": 6}, {"node_features": [0.0, 0.0], "id": 7}, {"node_features": [0.0, 0.0], "id": 8}, {"node_features": [0.0, 0.0], "id": 9}, {"node_features": [0.0, 0.0], "id": 10}, {"node_features": [0.0, 1.0], "id": 11}, {"node_features": [0.0, 0.0], "id": 12}, {"node_features": [0.0, 0.0], "id": 13}, {"node_features": [0.0, 0.0], "id": 14}, {"node_features": [0.0, 0.0], "id": 15}, {"node_features": [0.0, 0.0], "id": 16}, {"node_features": [0.0, 0.0], "id": 17}, {"node_features": [0.0, 0.0], "id": 18}, {"node_features": [0.0, 0.0], "id": 19}, {"node_features": [0.0, 0.0], "id": 20}, {"node_features": [0.0, 0.0], "id": 21}, {"node_features": [0.0, 0.0], "id": 22}], "links": [{"distance": 1.7597240173785988, "on_path": 0, "source": 0, "target": 14}, {"distance": 0.737872669728219, "on_path": 0, "source": 0, "target": 10}, {"distance": 2.0849252861394887, "on_path": 0, "source": 0, "target": 9}, {"distance": 0.4110611450455786, "on_path": 0, "source": 0, "target": 5}, {"distance": 1.011639465965235, "on_path": 0, "source": 1, "target": 19}, {"distance": 1.5516993543208868, "on_path": 0, "source": 1, "target": 2}, {"distance": 0.5400677821972873, "on_path": 0, "source": 1, "target": 9}, {"distance": 1.2713962969649628, "on_path": 0, "source": 1, "target": 17}, {"distance": 1.9267958182303453, "on_path": 0, "source": 1, "target": 20}, {"distance": 0.17848519732406487, "on_path": 0, "source": 2, "target": 5}, {"distance": 0.39747061837485204, "on_path": 0, "source": 2, "target": 10}, {"distance": 0.5378977662236957, "on_path": 0, "source": 3, "target": 11}, {"distance": 0.6279444880791099, "on_path": 0, "source": 3, "target": 18}, {"distance": 1.1132281918938, "on_path": 0, "source": 3, "target": 12}, {"distance": 0.8759724107786042, "on_path": 0, "source": 3, "target": 7}, {"distance": 0.7241685984351758, "on_path": 0, "source": 4, "target": 8}, {"distance": 1.2385952228594697, "on_path": 0, "source": 4, "target": 22}, {"distance": 0.24417259289884205, "on_path": 1, "source": 4, "target": 17}, {"distance": 0.8413694542393545, "on_path": 0, "source": 5, "target": 20}, {"distance": 0.7472491036034433, "on_path": 0, "source": 5, "target": 13}, {"distance": 1.3598271709968899, "on_path": 0, "source": 5, "target": 14}, {"distance": 1.5385342684368721, "on_path": 0, "source": 5, "target": 22}, {"distance": 0.38466480157030547, "on_path": 1, "source": 6, "target": 14}, {"distance": 0.5250569461445095, "on_path": 0, "source": 6, "target": 22}, {"distance": 0.852705730170872, "on_path": 1, "source": 6, "target": 17}, {"distance": 1.1380485500031523, "on_path": 0, "source": 7, "target": 10}, {"distance": 0.49860599973532366, "on_path": 0, "source": 7, "target": 11}, {"distance": 1.325190909798406, "on_path": 0, "source": 8, "target": 15}, {"distance": 1.2287151805159857, "on_path": 0, "source": 8, "target": 16}, {"distance": 1.2868511346510996, "on_path": 0, "source": 8, "target": 21}, {"distance": 0.6060914903415878, "on_path": 0, "source": 8, "target": 17}, {"distance": 1.4815827402647297, "on_path": 0, "source": 8, "target": 18}, {"distance": 0.9615284423337488, "on_path": 0, "source": 8, "target": 19}, {"distance": 1.500133091777374, "on_path": 0, "source": 9, "target": 12}, {"distance": 1.139851219550332, "on_path": 0, "source": 9, "target": 19}, {"distance": 0.4421411296571014, "on_path": 0, "source": 9, "target": 22}, {"distance": 1.1928255491946012, "on_path": 0, "source": 9, "target": 16}, {"distance": 2.2532615348422778, "on_path": 0, "source": 9, "target": 21}, {"distance": 1.3821114394275587, "on_path": 0, "source": 10, "target": 20}, {"distance": 0.8601370317117496, "on_path": 0, "source": 10, "target": 11}, {"distance": 0.3631487039955742, "on_path": 0, "source": 10, "target": 13}, {"distance": 0.4788873792285673, "on_path": 0, "source": 11, "target": 15}, {"distance": 0.9398691982256633, "on_path": 1, "source": 11, "target": 14}, {"distance": 1.1353860836995353, "on_path": 0, "source": 12, "target": 22}, {"distance": 0.4985556518068834, "on_path": 0, "source": 15, "target": 19}, {"distance": 0.9439952890956529, "on_path": 0, "source": 19, "target": 20}]}