{"directed": false, "multigraph": false, "graph": {}, "nodes": [{"node_features": [0.0, 0.0], "id": 0}, {"node_features": [0.0, 0.0], "id": 1}, {"node_features": [0.0, 0.0], "id": 2}, {"node_features": [1.0, 0.0], "id": 3}, {"node_features": [0.0, 0.0], "id": 4}, {"node_features": [0.0, 0.0], "id": 5}, {"node_features": [0.0, 0.0], "id": 6}, {"node_features": [0.0, 0.0], "id": 7}, {"node_features": [0.0, 0.0], "id": 8}, {"node_features": [0.0, 0.0], "id": 9}, {"node_features": [0.0, 0.0], "id": 10}, {"node_features": [0.0, 0.0], "id": 11}, {"node_features": [0.0, 0.0], "id": 12}, {"node_features": [0.0, 0.0], "id": 13}, {"node_features": [0.0, 0.0], "id": 14}, {"node_features": [0.0, 0.0], "id": 15}, {"node_features": [0.0, 0.0], "id": 16}, {"node_features": [0.0, 0.0], "id": 17}, {"node_features": [0.0, 0.0], "id": 18}, {"node_features": [0.0, 0.0], "id": 19}, {"node_features": [0.0, 0.0], "id": 20}, {"node_features": [0.0, 0.0], "id": 21}, {"node_features": [0.0, 0.0], "id": 22}, {"node_features": [0.0, 0.0], "id": 23}, {"node_features": [0.0, 0.0], "id": 24}, {"node_features": [0.0, 0.0], "id": 25}, {"node_features": [0.0, 1.0], "id": 26}, {"node_features": [0.0, 0.0], "id": 27}, {"node_features": [0.0, 0.0], "id": 28}, {"node_features": [0.0, 0.0], "id": 29}, {"node_features": [0.0, 0.0], "id": 30}, {"node_features": [0.0, 0.0], "id": 31}, {"node_features": [0.0, 0.0], "id": 32}, {"node_features": [0.0, 0.0], "id": 33}, {"node_features": [0.0, 0.0], "id": 34}, {"node_features": [0.0, 0.0], "id": 35}, {"node_features": [0.0, 0.0], "id": 36}, {"node_features": [0.0, 0.0], "id": 37}, {"node_features": [0.0, 0.0], "id": 38}, {"node_features": [0.0, 0.0], "id": 39}, {"node_features": [0.0, 0.0], "id": 40}, {"node_features": [0.0, 0.0], "id": 41}, {"node_features": [0.0, 0.0], "id": 42}, {"node_features": [0.0, 0.0], "id": 43}, {"node_features": [0.0, 0.0], "id": 44}, {"node_features": [0.0, 0.0], "id": 45}], "links": [{"distance": 0.09819960085611676, "on_path": 0, "source": 0, "target": 13}, {"distance": 0.9222546366148504, "on_path": 0, "source": 0, "target": 27}, {"distance": 0.5063776074447334, "on_path": 0, "source": 0, "target": 31}, {"distance": 1.122501446376766, "on_path": 0, "source": 0, "target": 4}, {"distance": 0.9137840829917891, "on_path": 0, "source": 1, "target": 34}, {"distance": 0.3634027847426532, "on_path": 0, "source": 1, "target": 15}, {"distance": 1.0253888296224858, "on_path": 0, "source": 1, "target": 12}, {"distance": 0.47309292780955536, "on_path": 0, "source": 1, "target": 40}, {"distance": 1.9046162781003682, "on_path": 0, "source": 2, "target": 41}, {"distance": 2.029113743386854, "on_path": 0, "source": 2, "target": 27}, {"distance": 0.6507730532588084, "on_path": 1, "source": 3, "target": 33}, {"distance": 0.661924403271698, "on_path": 0, "source": 3, "target": 43}, {"distance": 0.9951490046546302, "on_path": 0, "source": 3, "target": 24}, {"distance": 1.3815111488694272, "on_path": 0, "source": 4, "target": 14}, {"distance": 1.1063473795848127, "on_path": 0, "source": 4, "target": 13}, {"distance": 1.2755399690609304, "on_path": 1, "source": 4, "target": 26}, {"distance": 0.06610246590035654, "on_path": 1, "source": 4, "target": 39}, {"distance": 1.4319939718551156, "on_path": 0, "source": 5, "target": 9}, {"distance": 0.6108351479859953, "on_path": 0, "source": 5, "target": 45}, {"distance": 0.5696924105765602, "on_path": 0, "source": 5, "target": 26}, {"distance": 0.7856676817990088, "on_path": 0, "source": 6, "target": 18}, {"distance": 0.7934846582414099, "on_path": 0, "source": 6, "target": 14}, {"distance": 1.207669120120157, "on_path": 0, "source": 6, "target": 29}, {"distance": 1.0344883633763693, "on_path": 0, "source": 6, "target": 27}, {"distance": 1.2117135156256964, "on_path": 0, "source": 7, "target": 34}, {"distance": 0.3878020466285964, "on_path": 0, "source": 7, "target": 30}, {"distance": 0.39674293112029396, "on_path": 0, "source": 7, "target": 36}, {"distance": 1.1219377119024039, "on_path": 0, "source": 7, "target": 22}, {"distance": 1.4509955342510978, "on_path": 0, "source": 8, "target": 23}, {"distance": 1.5262354114626322, "on_path": 0, "source": 8, "target": 35}, {"distance": 0.1205330104370774, "on_path": 0, "source": 8, "target": 21}, {"distance": 1.7014528596214635, "on_path": 0, "source": 9, "target": 27}, {"distance": 1.5904427134089723, "on_path": 0, "source": 9, "target": 41}, {"distance": 1.927503710693636, "on_path": 0, "source": 9, "target": 14}, {"distance": 1.3551958824271257, "on_path": 0, "source": 10, "target": 30}, {"distance": 1.8966239613889353, "on_path": 0, "source": 10, "target": 14}, {"distance": 1.4374133185041733, "on_path": 0, "source": 10, "target": 16}, {"distance": 0.8265443805688175, "on_path": 0, "source": 10, "target": 24}, {"distance": 0.15486887204467634, "on_path": 0, "source": 11, "target": 42}, {"distance": 0.8582717633292947, "on_path": 0, "source": 11, "target": 38}, {"distance": 1.2279567736500026, "on_path": 0, "source": 11, "target": 18}, {"distance": 0.8407550875870562, "on_path": 0, "source": 11, "target": 25}, {"distance": 1.3577322079476544, "on_path": 0, "source": 11, "target": 32}, {"distance": 1.770658324405018, "on_path": 0, "source": 11, "target": 34}, {"distance": 2.215978921962793, "on_path": 0, "source": 11, "target": 37}, {"distance": 0.7162718703201724, "on_path": 0, "source": 12, "target": 33}, {"distance": 1.714214079885494, "on_path": 0, "source": 12, "target": 21}, {"distance": 2.133951750419187, "on_path": 0, "source": 12, "target": 17}, {"distance": 0.27551855624146837, "on_path": 0, "source": 12, "target": 29}, {"distance": 0.3063802765622575, "on_path": 0, "source": 12, "target": 42}, {"distance": 1.1207391363576302, "on_path": 0, "source": 13, "target": 37}, {"distance": 1.131497772924397, "on_path": 0, "source": 14, "target": 24}, {"distance": 0.9903416954601407, "on_path": 0, "source": 15, "target": 33}, {"distance": 0.34886141808098364, "on_path": 0, "source": 15, "target": 38}, {"distance": 0.9541625521270897, "on_path": 0, "source": 16, "target": 28}, {"distance": 0.8096562254198552, "on_path": 0, "source": 16, "target": 22}, {"distance": 0.2325345775457779, "on_path": 0, "source": 16, "target": 32}, {"distance": 0.7748238034829967, "on_path": 0, "source": 16, "target": 21}, {"distance": 1.0544080620754355, "on_path": 0, "source": 17, "target": 31}, {"distance": 1.4638856143299268, "on_path": 0, "source": 17, "target": 21}, {"distance": 0.5633043132959233, "on_path": 0, "source": 18, "target": 22}, {"distance": 0.8440821560098685, "on_path": 0, "source": 18, "target": 31}, {"distance": 0.33081486847427877, "on_path": 0, "source": 19, "target": 33}, {"distance": 0.9042071978647342, "on_path": 0, "source": 19, "target": 42}, {"distance": 0.27391461039969406, "on_path": 0, "source": 19, "target": 44}, {"distance": 1.356419129133509, "on_path": 0, "source": 20, "target": 36}, {"distance": 0.9195541251706745, "on_path": 0, "source": 20, "target": 25}, {"distance": 1.2677280801308404, "on_path": 0, "source": 21, "target": 37}, {"distance": 0.9020732778355538, "on_path": 0, "source": 21, "target": 45}, {"distance": 1.0957085237690856, "on_path": 0, "source": 22, "target": 40}, {"distance": 0.9633597949822383, "on_path": 0, "source": 22, "target": 33}, {"distance": 1.281018663495132, "on_path": 0, "source": 22, "target": 35}, {"distance": 0.36998416821096397, "on_path": 0, "source": 23, "target": 39}, {"distance": 0.6954552094284749, "on_path": 0, "source": 23, "target": 36}, {"distance": 1.008375397668256, "on_path": 0, "source": 24, "target": 45}, {"distance": 0.13173494294189203, "on_path": 0, "source": 25, "target": 31}, {"distance": 0.20032818525932397, "on_path": 0, "source": 26, "target": 34}, {"distance": 1.3729845011982469, "on_path": 0, "source": 26, "target": 44}, {"distance": 0.9789587555231389, "on_path": 0, "source": 27, "target": 31}, {"distance": 0.2076339684799258, "on_path": 0, "source": 28, "target": 38}, {"distance": 0.8872362269911708, "on_path": 0, "source": 28, "target": 34}, {"distance": 1.1541872854056314, "on_path": 0, "source": 29, "target": 38}, {"distance": 0.4125816969667505, "on_path": 0, "source": 30, "target": 45}, {"distance": 0.6276872729312271, "on_path": 0, "source": 30, "target": 39}, {"distance": 0.8524883358988862, "on_path": 0, "source": 31, "target": 41}, {"distance": 1.3072266777405697, "on_path": 0, "source": 32, "target": 38}, {"distance": 0.21199201117448782, "on_path": 1, "source": 33, "target": 39}, {"distance": 0.8066641686339351, "on_path": 0, "source": 33, "target": 38}, {"distance": 1.5619746075158163, "on_path": 0, "source": 34, "target": 44}, {"distance": 1.5261621502146818, "on_path": 0, "source": 36, "target": 37}, {"distance": 1.4310551603177935, "on_path": 0, "source": 41, "target": 44}, {"distance": 0.8718173369918508, "on_path": 0, "source": 42, "target": 43}]}