{"directed": false, "multigraph": false, "graph": {}, "nodes": [{"node_features": [0.0, 1.0], "id": 0}, {"node_features": [0.0, 0.0], "id": 1}, {"node_features": [0.0, 0.0], "id": 2}, {"node_features": [0.0, 0.0], "id": 3}, {"node_features": [0.0, 0.0], "id": 4}, {"node_features": [0.0, 0.0], "id": 5}, {"node_features": [0.0, 0.0], "id": 6}, {"node_features": [0.0, 0.0], "id": 7}, {"node_features": [0.0, 0.0], "id": 8}, {"node_features": [1.0, 0.0], "id": 9}, {"node_features": [0.0, 0.0], "id": 10}, {"node_features": [0.0, 0.0], "id": 11}, {"node_features": [0.0, 0.0], "id": 12}, {"node_features": [0.0, 0.0], "id": 13}, {"node_features": [0.0, 0.0], "id": 14}, {"node_features": [0.0, 0.0], "id": 15}], "links": [{"distance": 0.36398982593350243, "on_path": 1, "source": 0, "target": 7}, {"distance": 1.3991494422624096, "on_path": 0, "source": 0, "target": 10}, {"distance": 1.2285066764155348, "on_path": 0, "source": 1, "target": 10}, {"distance": 0.694340990899569, "on_path": 0, "source": 1, "target": 13}, {"distance": 1.7595494183064981, "on_path": 0, "source": 1, "target": 9}, {"distance": 1.459205512386494, "on_path": 0, "source": 1, "target": 5}, {"distance": 1.665350300729563, "on_path": 0, "source": 2, "target": 7}, {"distance": 1.2380822760832848, "on_path": 0, "source": 2, "target": 15}, {"distance": 0.5367434907450996, "on_path": 0, "source": 3, "target": 8}, {"distance": 1.3853437942780056, "on_path": 0, "source": 3, "target": 6}, {"distance": 0.5797272257736333, "on_path": 0, "source": 4, "target": 15}, {"distance": 1.2961459741342298, "on_path": 0, "source": 4, "target": 10}, {"distance": 1.3792596588004427, "on_path": 0, "source": 5, "target": 12}, {"distance": 1.5228882829348886, "on_path": 0, "source": 5, "target": 15}, {"distance": 1.3325769605453746, "on_path": 0, "source": 6, "target": 14}, {"distance": 2.014948665149281, "on_path": 0, "source": 6, "target": 9}, {"distance": 1.6697658110777522, "on_path": 0, "source": 6, "target": 11}, {"distance": 0.42963986065093884, "on_path": 0, "source": 6, "target": 15}, {"distance": 0.7159315194291734, "on_path": 0, "source": 6, "target": 10}, {"distance": 1.378366241995116, "on_path": 0, "source": 7, "target": 10}, {"distance": 1.301513524628428, "on_path": 0, "source": 7, "target": 13}, {"distance": 0.1585449294793764, "on_path": 1, "source": 7, "target": 8}, {"distance": 0.8121434192312369, "on_path": 0, "source": 7, "target": 11}, {"distance": 0.9807820974880126, "on_path": 1, "source": 8, "target": 12}, {"distance": 0.8267954699206993, "on_path": 0, "source": 8, "target": 14}, {"distance": 1.4520138862175933, "on_path": 0, "source": 8, "target": 13}, {"distance": 1.4452341347493476, "on_path": 1, "source": 9, "target": 12}, {"distance": 1.6655866378014337, "on_path": 0, "source": 9, "target": 13}, {"distance": 0.7438428078420359, "on_path": 0, "source": 10, "target": 15}, {"distance": 1.838666792981161, "on_path": 0, "source": 10, "target": 13}, {"distance": 0.15179326999927403, "on_path": 0, "source": 12, "target": 15}, {"distance": 0.8013673516708006, "on_path": 0, "source": 12, "target": 14}]}