{"directed": false, "multigraph": false, "graph": {}, "nodes": [{"node_features": [0.0, 0.0], "id": 0}, {"node_features": [0.0, 1.0], "id": 1}, {"node_features": [0.0, 0.0], "id": 2}, {"node_features": [0.0, 0.0], "id": 3}, {"node_features": [0.0, 0.0], "id": 4}, {"node_features": [0.0, 0.0], "id": 5}, {"node_features": [0.0, 0.0], "id": 6}, {"node_features": [0.0, 0.0], "id": 7}, {"node_features": [0.0, 0.0], "id": 8}, {"node_features": [0.0, 0.0], "id": 9}, {"node_features": [0.0, 0.0], "id": 10}, {"node_features": [0.0, 0.0], "id": 11}, {"node_features": [0.0, 0.0], "id": 12}, {"node_features": [0.0, 0.0], "id": 13}, {"node_features": [0.0, 0.0], "id": 14}, {"node_features": [1.0, 0.0], "id": 15}, {"node_features": [0.0, 0.0], "id": 16}, {"node_features": [0.0, 0.0], "id": 17}, {"node_features": [0.0, 0.0], "id": 18}, {"node_features": [0.0, 0.0], "id": 19}, {"node_features": [0.0, 0.0], "id": 20}, {"node_features": [0.0, 0.0], "id": 21}, {"node_features": [0.0, 0.0], "id": 22}, {"node_features": [0.0, 0.0], "id": 23}, {"node_features": [0.0, 0.0], "id": 24}, {"node_features": [0.0, 0.0], "id": 25}, {"node_features": [0.0, 0.0], "id": 26}, {"node_features": [0.0, 0.0], "id": 27}], "links": [{"distance": 0.251030769915673, "on_path": 1, "source": 0, "target": 23}, {"distance": 0.45830953953155995, "on_path": 1, "source": 0, "target": 1}, {"distance": 0.8284666327331356, "on_path": 0, "source": 0, "target": 17}, {"distance": 1.2855452476614528, "on_path": 0, "source": 0, "target": 25}, {"distance": 0.9554709056647496, "on_path": 0, "source": 1, "target": 16}, {"distance": 0.7497087333244874, "on_path": 0, "source": 1, "target": 10}, {"distance": 1.0522482684828813, "on_path": 0, "source": 1, "target": 26}, {"distance": 0.8721652402401177, "on_path": 0, "source": 2, "target": 6}, {"distance": 0.7116717842229842, "on_path": 0, "source": 2, "target": 14}, {"distance": 2.234986029251737, "on_path": 0, "source": 3, "target": 10}, {"distance": 2.0900577553221344, "on_path": 0, "source": 3, "target": 23}, {"distance": 1.7079940763360133, "on_path": 0, "source": 3, "target": 17}, {"distance": 1.0585555535348976, "on_path": 0, "source": 3, "target": 5}, {"distance": 0.37027085752716804, "on_path": 0, "source": 3, "target": 8}, {"distance": 1.0313687606021, "on_path": 0, "source": 4, "target": 20}, {"distance": 0.19880676981492704, "on_path": 0, "source": 4, "target": 16}, {"distance": 1.8111418337074299, "on_path": 0, "source": 4, "target": 18}, {"distance": 1.3771518313799611, "on_path": 0, "source": 4, "target": 12}, {"distance": 0.3165605657089079, "on_path": 0, "source": 4, "target": 23}, {"distance": 0.028737759250444937, "on_path": 0, "source": 5, "target": 9}, {"distance": 0.27186691352644415, "on_path": 0, "source": 5, "target": 18}, {"distance": 1.8481254468186463, "on_path": 0, "source": 5, "target": 20}, {"distance": 0.7967841925417644, "on_path": 0, "source": 6, "target": 27}, {"distance": 1.0401113039469514, "on_path": 0, "source": 6, "target": 25}, {"distance": 0.22450046781798488, "on_path": 0, "source": 6, "target": 19}, {"distance": 0.3643188054272458, "on_path": 0, "source": 7, "target": 10}, {"distance": 0.8817786822545194, "on_path": 0, "source": 7, "target": 26}, {"distance": 1.433237589770491, "on_path": 0, "source": 7, "target": 13}, {"distance": 1.7241514522175536, "on_path": 1, "source": 8, "target": 23}, {"distance": 0.20706773684110288, "on_path": 1, "source": 8, "target": 15}, {"distance": 0.262153534759118, "on_path": 0, "source": 8, "target": 22}, {"distance": 1.2959648789690434, "on_path": 0, "source": 9, "target": 23}, {"distance": 1.7126184479259938, "on_path": 0, "source": 9, "target": 26}, {"distance": 0.07896519441774762, "on_path": 0, "source": 9, "target": 13}, {"distance": 1.715899509135134, "on_path": 0, "source": 9, "target": 16}, {"distance": 1.1319806741606095, "on_path": 0, "source": 10, "target": 21}, {"distance": 1.2348521489550177, "on_path": 0, "source": 10, "target": 26}, {"distance": 0.916701853752314, "on_path": 0, "source": 10, "target": 11}, {"distance": 1.2804472199239019, "on_path": 0, "source": 11, "target": 16}, {"distance": 1.0696887630554912, "on_path": 0, "source": 11, "target": 27}, {"distance": 0.24989240491813156, "on_path": 0, "source": 11, "target": 12}, {"distance": 0.29014823951027796, "on_path": 0, "source": 12, "target": 17}, {"distance": 0.10034492876003245, "on_path": 0, "source": 12, "target": 24}, {"distance": 0.9174363084770166, "on_path": 0, "source": 13, "target": 22}, {"distance": 0.6792782340240575, "on_path": 0, "source": 13, "target": 17}, {"distance": 1.2203527744669274, "on_path": 0, "source": 13, "target": 14}, {"distance": 0.6700672688784046, "on_path": 0, "source": 14, "target": 20}, {"distance": 1.5302993996298437, "on_path": 0, "source": 14, "target": 24}, {"distance": 0.6885556346483889, "on_path": 0, "source": 15, "target": 18}, {"distance": 0.32993150449004666, "on_path": 0, "source": 15, "target": 27}, {"distance": 0.7613272671896335, "on_path": 0, "source": 19, "target": 24}, {"distance": 0.9873677707991054, "on_path": 0, "source": 19, "target": 27}, {"distance": 0.2218856265676911, "on_path": 0, "source": 20, "target": 26}, {"distance": 1.0124158715161073, "on_path": 0, "source": 21, "target": 26}, {"distance": 1.9854551676784957, "on_path": 0, "source": 22, "target": 23}, {"distance": 1.1531949351132622, "on_path": 0, "source": 23, "target": 26}]}