{"directed": false, "multigraph": false, "graph": {}, "nodes": [{"node_features": [0.0, 0.0], "id": 0}, {"node_features": [0.0, 0.0], "id": 1}, {"node_features": [0.0, 0.0], "id": 2}, {"node_features": [0.0, 0.0], "id": 3}, {"node_features": [0.0, 0.0], "id": 4}, {"node_features": [0.0, 0.0], "id": 5}, {"node_features": [0.0, 0.0], "id": 6}, {"node_features": [0.0, 0.0], "id": 7}, {"node_features": [0.0, 0.0], "id": 8}, {"node_features": [0.0, 0.0], "id": 9}, {"node_features": [0.0, 0.0], "id": 10}, {"node_features": [0.0, 0.0], "id": 11}, {"node_features": [0.0, 0.0], "id": 12}, {"node_features": [0.0, 0.0], "id": 13}, {"node_features": [0.0, 0.0], "id": 14}, {"node_features": [0.0, 0.0], "id": 15}, {"node_features": [1.0, 0.0], "id": 16}, {"node_features": [0.0, 0.0], "id": 17}, {"node_features": [0.0, 0.0], "id": 18}, {"node_features": [0.0, 0.0], "id": 19}, {"node_features": [0.0, 0.0], "id": 20}, {"node_features": [0.0, 0.0], "id": 21}, {"node_features": [0.0, 0.0], "id": 22}, {"node_features": [0.0, 1.0], "id": 23}, {"node_features": [0.0, 0.0], "id": 24}, {"node_features": [0.0, 0.0], "id": 25}, {"node_features": [0.0, 0.0], "id": 26}, {"node_features": [0.0, 0.0], "id": 27}, {"node_features": [0.0, 0.0], "id": 28}, {"node_features": [0.0, 0.0], "id": 29}, {"node_features": [0.0, 0.0], "id": 30}], "links": [{"distance": 1.0144914783917245, "on_path": 1, "source": 0, "target": 20}, {"distance": 0.6510982809964508, "on_path": 0, "source": 0, "target": 1}, {"distance": 0.5630715326593357, "on_path": 0, "source": 0, "target": 4}, {"distance": 0.39686838901798716, "on_path": 0, "source": 0, "target": 12}, {"distance": 1.2458212674748173, "on_path": 0, "source": 0, "target": 11}, {"distance": 1.2705145734920047, "on_path": 1, "source": 0, "target": 9}, {"distance": 1.7236588695594306, "on_path": 0, "source": 1, "target": 17}, {"distance": 1.0708188435158092, "on_path": 0, "source": 1, "target": 5}, {"distance": 1.467944990985267, "on_path": 0, "source": 2, "target": 23}, {"distance": 1.1678175740024777, "on_path": 0, "source": 2, "target": 8}, {"distance": 1.2208824826122482, "on_path": 0, "source": 2, "target": 10}, {"distance": 2.003635321960892, "on_path": 0, "source": 2, "target": 30}, {"distance": 0.8530385556981912, "on_path": 0, "source": 3, "target": 19}, {"distance": 0.8955372000903671, "on_path": 0, "source": 3, "target": 11}, {"distance": 0.8306530349591379, "on_path": 0, "source": 3, "target": 26}, {"distance": 1.035240129065426, "on_path": 0, "source": 3, "target": 6}, {"distance": 1.4892504030264424, "on_path": 0, "source": 4, "target": 7}, {"distance": 0.4120637476371751, "on_path": 0, "source": 4, "target": 28}, {"distance": 1.4513483230228623, "on_path": 0, "source": 4, "target": 14}, {"distance": 1.6901348864323378, "on_path": 0, "source": 4, "target": 24}, {"distance": 0.37966302974226457, "on_path": 0, "source": 5, "target": 14}, {"distance": 1.5254653502775357, "on_path": 0, "source": 5, "target": 6}, {"distance": 0.640386833781329, "on_path": 0, "source": 5, "target": 21}, {"distance": 0.35853899455236593, "on_path": 0, "source": 7, "target": 8}, {"distance": 0.7451640499755647, "on_path": 0, "source": 7, "target": 25}, {"distance": 1.415390011172116, "on_path": 0, "source": 7, "target": 12}, {"distance": 1.4727604409810426, "on_path": 0, "source": 8, "target": 26}, {"distance": 1.599875814432225, "on_path": 0, "source": 8, "target": 27}, {"distance": 1.1941855317865495, "on_path": 0, "source": 8, "target": 21}, {"distance": 1.7275324122250908, "on_path": 0, "source": 8, "target": 18}, {"distance": 0.815088229743006, "on_path": 1, "source": 9, "target": 23}, {"distance": 1.4390163613712947, "on_path": 0, "source": 10, "target": 15}, {"distance": 0.6623820048010017, "on_path": 0, "source": 10, "target": 21}, {"distance": 1.4231349240845903, "on_path": 0, "source": 11, "target": 18}, {"distance": 0.5459032291394197, "on_path": 0, "source": 11, "target": 25}, {"distance": 2.0405752058709044, "on_path": 0, "source": 12, "target": 23}, {"distance": 1.404388524298891, "on_path": 0, "source": 12, "target": 17}, {"distance": 0.25302878486630775, "on_path": 0, "source": 12, "target": 26}, {"distance": 0.7428304725456131, "on_path": 0, "source": 13, "target": 20}, {"distance": 1.5097987727459552, "on_path": 0, "source": 13, "target": 28}, {"distance": 1.3173505652180142, "on_path": 0, "source": 13, "target": 21}, {"distance": 0.6675208959757936, "on_path": 0, "source": 14, "target": 20}, {"distance": 1.028636343805795, "on_path": 0, "source": 14, "target": 19}, {"distance": 1.1258000930207297, "on_path": 0, "source": 15, "target": 20}, {"distance": 1.5001103190846197, "on_path": 0, "source": 15, "target": 18}, {"distance": 0.9742494700787233, "on_path": 0, "source": 15, "target": 21}, {"distance": 1.2019564365003432, "on_path": 0, "source": 15, "target": 19}, {"distance": 0.9936297554594214, "on_path": 1, "source": 16, "target": 20}, {"distance": 1.7930228871261311, "on_path": 0, "source": 16, "target": 27}, {"distance": 1.494178527084724, "on_path": 0, "source": 16, "target": 28}, {"distance": 1.1288956415540852, "on_path": 0, "source": 17, "target": 24}, {"distance": 0.6535979942744015, "on_path": 0, "source": 17, "target": 29}, {"distance": 0.4829714600992428, "on_path": 0, "source": 19, "target": 22}, {"distance": 0.6342386894048752, "on_path": 0, "source": 20, "target": 29}, {"distance": 1.2504249286222466, "on_path": 0, "source": 20, "target": 27}, {"distance": 1.515768763740808, "on_path": 0, "source": 20, "target": 22}, {"distance": 1.6081540694925247, "on_path": 0, "source": 22, "target": 30}, {"distance": 0.7224545069277621, "on_path": 0, "source": 22, "target": 27}, {"distance": 1.7936804058008442, "on_path": 0, "source": 23, "target": 26}, {"distance": 1.6788807325428265, "on_path": 0, "source": 23, "target": 24}, {"distance": 1.333529909018424, "on_path": 0, "source": 24, "target": 28}, {"distance": 1.0305220500041075, "on_path": 0, "source": 27, "target": 29}]}