{"directed": false, "multigraph": false, "graph": {}, "nodes": [{"node_features": [0.0, 0.0], "id": 0}, {"node_features": [0.0, 0.0], "id": 1}, {"node_features": [0.0, 0.0], "id": 2}, {"node_features": [1.0, 0.0], "id": 3}, {"node_features": [0.0, 0.0], "id": 4}, {"node_features": [0.0, 0.0], "id": 5}, {"node_features": [0.0, 0.0], "id": 6}, {"node_features": [0.0, 0.0], "id": 7}, {"node_features": [0.0, 0.0], "id": 8}, {"node_features": [0.0, 0.0], "id": 9}, {"node_features": [0.0, 0.0], "id": 10}, {"node_features": [0.0, 0.0], "id": 11}, {"node_features": [0.0, 1.0], "id": 12}, {"node_features": [0.0, 0.0], "id": 13}, {"node_features": [0.0, 0.0], "id": 14}, {"node_features": [0.0, 0.0], "id": 15}], "links": [{"distance": 0.9444740550021636, "on_path": 0, "source": 0, "target": 3}, {"distance": 1.7068452993559553, "on_path": 0, "source": 0, "target": 1}, {"distance": 1.3661168039623628, "on_path": 0, "source": 0, "target": 9}, {"distance": 0.10803841421532473, "on_path": 0, "source": 0, "target": 7}, {"distance": 1.7723036736079965, "on_path": 0, "source": 1, "target": 12}, {"distance": 1.9762455297303303, "on_path": 0, "source": 1, "target": 3}, {"distance": 0.9766715701465758, "on_path": 0, "source": 2, "target": 5}, {"distance": 0.45292249206040747, "on_path": 0, "source": 2, "target": 12}, {"distance": 0.8417838589426931, "on_path": 1, "source": 3, "target": 7}, {"distance": 1.9151090657929937, "on_path": 0, "source": 3, "target": 13}, {"distance": 0.6141542643224962, "on_path": 0, "source": 4, "target": 15}, {"distance": 1.2182700447534949, "on_path": 0, "source": 4, "target": 11}, {"distance": 1.7367254797937117, "on_path": 0, "source": 4, "target": 14}, {"distance": 0.5696285679590782, "on_path": 0, "source": 4, "target": 7}, {"distance": 1.4578313370722416, "on_path": 0, "source": 4, "target": 8}, {"distance": 1.0111376634698133, "on_path": 0, "source": 5, "target": 13}, {"distance": 1.2491900372227198, "on_path": 0, "source": 5, "target": 6}, {"distance": 0.96951852178771, "on_path": 1, "source": 6, "target": 15}, {"distance": 0.1865446294182624, "on_path": 1, "source": 6, "target": 12}, {"distance": 1.2359045843037237, "on_path": 0, "source": 6, "target": 9}, {"distance": 2.0473343595708693, "on_path": 0, "source": 6, "target": 14}, {"distance": 0.639455828739204, "on_path": 1, "source": 7, "target": 15}, {"distance": 0.3469406938834178, "on_path": 0, "source": 8, "target": 14}, {"distance": 1.1977918672039845, "on_path": 0, "source": 8, "target": 9}, {"distance": 1.4653022035073267, "on_path": 0, "source": 9, "target": 14}, {"distance": 1.239200812876868, "on_path": 0, "source": 9, "target": 12}, {"distance": 1.759674893691217, "on_path": 0, "source": 10, "target": 14}, {"distance": 0.5448118759370498, "on_path": 0, "source": 10, "target": 15}, {"distance": 1.2937087591754906, "on_path": 0, "source": 10, "target": 11}, {"distance": 0.5260832417172568, "on_path": 0, "source": 11, "target": 14}, {"distance": 0.817696849217467, "on_path": 0, "source": 13, "target": 14}, {"distance": 1.2178630468558214, "on_path": 0, "source": 14, "target": 15}]}