{"directed": false, "multigraph": false, "graph": {}, "nodes": [{"node_features": [0.0, 0.0], "id": 0}, {"node_features": [0.0, 0.0], "id": 1}, {"node_features": [0.0, 0.0], "id": 2}, {"node_features": [0.0, 0.0], "id": 3}, {"node_features": [0.0, 0.0], "id": 4}, {"node_features": [0.0, 0.0], "id": 5}, {"node_features": [0.0, 0.0], "id": 6}, {"node_features": [0.0, 0.0], "id": 7}, {"node_features": [0.0, 0.0], "id": 8}, {"node_features": [0.0, 0.0], "id": 9}, {"node_features": [0.0, 0.0], "id": 10}, {"node_features": [0.0, 0.0], "id": 11}, {"node_features": [0.0, 1.0], "id": 12}, {"node_features": [0.0, 0.0], "id": 13}, {"node_features": [1.0, 0.0], "id": 14}, {"node_features": [0.0, 0.0], "id": 15}, {"node_features": [0.0, 0.0], "id": 16}, {"node_features": [0.0, 0.0], "id": 17}, {"node_features": [0.0, 0.0], "id": 18}, {"node_features": [0.0, 0.0], "id": 19}, {"node_features": [0.0, 0.0], "id": 20}, {"node_features": [0.0, 0.0], "id": 21}, {"node_features": [0.0, 0.0], "id": 22}, {"node_features": [0.0, 0.0], "id": 23}, {"node_features": [0.0, 0.0], "id": 24}, {"node_features": [0.0, 0.0], "id": 25}, {"node_features": [0.0, 0.0], "id": 26}, {"node_features": [0.0, 0.0], "id": 27}, {"node_features": [0.0, 0.0], "id": 28}, {"node_features": [0.0, 0.0], "id": 29}, {"node_features": [0.0, 0.0], "id": 30}, {"node_features": [0.0, 0.0], "id": 31}, {"node_features": [0.0, 0.0], "id": 32}, {"node_features": [0.0, 0.0], "id": 33}, {"node_features": [0.0, 0.0], "id": 34}, {"node_features": [0.0, 0.0], "id": 35}, {"node_features": [0.0, 0.0], "id": 36}, {"node_features": [0.0, 0.0], "id": 37}, {"node_features": [0.0, 0.0], "id": 38}, {"node_features": [0.0, 0.0], "id": 39}, {"node_features": [0.0, 0.0], "id": 40}, {"node_features": [0.0, 0.0], "id": 41}, {"node_features": [0.0, 0.0], "id": 42}, {"node_features": [0.0, 0.0], "id": 43}, {"node_features": [0.0, 0.0], "id": 44}, {"node_features": [0.0, 0.0], "id": 45}, {"node_features": [0.0, 0.0], "id": 46}], "links": [{"distance": 1.2002536060856557, "on_path": 0, "source": 0, "target": 13}, {"distance": 1.2027176660660766, "on_path": 0, "source": 0, "target": 19}, {"distance": 0.4707788040236287, "on_path": 0, "source": 1, "target": 31}, {"distance": 0.6925735258137051, "on_path": 0, "source": 1, "target": 13}, {"distance": 1.2064367311745372, "on_path": 0, "source": 1, "target": 18}, {"distance": 1.4237315386047358, "on_path": 0, "source": 1, "target": 37}, {"distance": 1.459022280140709, "on_path": 0, "source": 2, "target": 31}, {"distance": 0.1345818783839969, "on_path": 1, "source": 2, "target": 14}, {"distance": 0.7424998656433685, "on_path": 1, "source": 2, "target": 39}, {"distance": 0.6834553640879159, "on_path": 0, "source": 3, "target": 15}, {"distance": 0.9333929576835168, "on_path": 0, "source": 3, "target": 20}, {"distance": 0.9712663089708427, "on_path": 0, "source": 3, "target": 16}, {"distance": 0.6707204162134921, "on_path": 0, "source": 3, "target": 42}, {"distance": 0.9945872025848148, "on_path": 0, "source": 4, "target": 25}, {"distance": 1.4852806769657112, "on_path": 0, "source": 4, "target": 23}, {"distance": 0.7184523870716837, "on_path": 0, "source": 4, "target": 39}, {"distance": 1.1513140483704623, "on_path": 0, "source": 4, "target": 46}, {"distance": 1.2265186075772263, "on_path": 0, "source": 4, "target": 24}, {"distance": 1.856820066159204, "on_path": 0, "source": 5, "target": 11}, {"distance": 1.9738715834759388, "on_path": 0, "source": 5, "target": 8}, {"distance": 0.1521680335802424, "on_path": 0, "source": 5, "target": 34}, {"distance": 1.5519526833198576, "on_path": 0, "source": 5, "target": 40}, {"distance": 1.1571897723012923, "on_path": 0, "source": 6, "target": 33}, {"distance": 1.48886154571476, "on_path": 0, "source": 6, "target": 34}, {"distance": 1.7248232070678804, "on_path": 0, "source": 7, "target": 20}, {"distance": 0.6228960998273835, "on_path": 0, "source": 7, "target": 29}, {"distance": 0.7500170907096366, "on_path": 0, "source": 7, "target": 36}, {"distance": 0.8764090472032606, "on_path": 0, "source": 7, "target": 10}, {"distance": 1.8379400431098403, "on_path": 0, "source": 8, "target": 18}, {"distance": 1.0240146793387026, "on_path": 0, "source": 9, "target": 19}, {"distance": 0.9320011175650578, "on_path": 0, "source": 9, "target": 43}, {"distance": 1.1273147412958537, "on_path": 0, "source": 9, "target": 22}, {"distance": 0.7057603318342806, "on_path": 0, "source": 10, "target": 13}, {"distance": 0.7406482616151044, "on_path": 0, "source": 10, "target": 23}, {"distance": 0.7245785532225926, "on_path": 0, "source": 10, "target": 31}, {"distance": 1.1921931352474329, "on_path": 0, "source": 10, "target": 34}, {"distance": 2.2672815201499614, "on_path": 0, "source": 11, "target": 40}, {"distance": 1.9939561649168847, "on_path": 0, "source": 11, "target": 44}, {"distance": 2.129828926466453, "on_path": 0, "source": 11, "target": 23}, {"distance": 1.8129503740142892, "on_path": 0, "source": 11, "target": 19}, {"distance": 0.4462417086637459, "on_path": 1, "source": 12, "target": 19}, {"distance": 1.267605406996159, "on_path": 0, "source": 12, "target": 15}, {"distance": 0.38687117153973655, "on_path": 0, "source": 12, "target": 24}, {"distance": 0.8579147342107539, "on_path": 0, "source": 12, "target": 27}, {"distance": 0.6477425471720548, "on_path": 0, "source": 12, "target": 29}, {"distance": 1.20416994218647, "on_path": 0, "source": 13, "target": 14}, {"distance": 1.7790890190644248, "on_path": 0, "source": 13, "target": 34}, {"distance": 1.1725662430643164, "on_path": 0, "source": 13, "target": 38}, {"distance": 0.2586771066216352, "on_path": 0, "source": 13, "target": 25}, {"distance": 1.7580614916190247, "on_path": 0, "source": 14, "target": 17}, {"distance": 1.1728757159744865, "on_path": 0, "source": 14, "target": 35}, {"distance": 1.5666953245213493, "on_path": 0, "source": 15, "target": 26}, {"distance": 1.4162592366199946, "on_path": 0, "source": 15, "target": 32}, {"distance": 1.4260225870339418, "on_path": 0, "source": 15, "target": 37}, {"distance": 0.7745685930510379, "on_path": 0, "source": 15, "target": 18}, {"distance": 0.6952523589421022, "on_path": 0, "source": 16, "target": 31}, {"distance": 0.4537996421733911, "on_path": 0, "source": 16, "target": 35}, {"distance": 0.9454653817322657, "on_path": 0, "source": 17, "target": 35}, {"distance": 1.8710489783395725, "on_path": 0, "source": 17, "target": 27}, {"distance": 1.5681535358145209, "on_path": 0, "source": 18, "target": 40}, {"distance": 0.7548966743052632, "on_path": 0, "source": 18, "target": 30}, {"distance": 0.23783655608943569, "on_path": 0, "source": 18, "target": 35}, {"distance": 0.5179533642078312, "on_path": 1, "source": 19, "target": 39}, {"distance": 0.6469059441372833, "on_path": 0, "source": 20, "target": 38}, {"distance": 1.851544562885339, "on_path": 0, "source": 20, "target": 41}, {"distance": 1.373940452856166, "on_path": 0, "source": 20, "target": 25}, {"distance": 1.7659748674257438, "on_path": 0, "source": 21, "target": 33}, {"distance": 1.4403723561942814, "on_path": 0, "source": 21, "target": 46}, {"distance": 1.4482136701262593, "on_path": 0, "source": 22, "target": 32}, {"distance": 0.6615562844065173, "on_path": 0, "source": 23, "target": 30}, {"distance": 0.5653269773911321, "on_path": 0, "source": 24, "target": 28}, {"distance": 0.42961612518847997, "on_path": 0, "source": 24, "target": 36}, {"distance": 1.1471022168123721, "on_path": 0, "source": 25, "target": 32}, {"distance": 0.904195585358793, "on_path": 0, "source": 26, "target": 27}, {"distance": 0.6698454440756368, "on_path": 0, "source": 27, "target": 37}, {"distance": 1.7161758270886571, "on_path": 0, "source": 28, "target": 35}, {"distance": 1.4556609750771643, "on_path": 0, "source": 28, "target": 38}, {"distance": 1.5333531246852048, "on_path": 0, "source": 28, "target": 32}, {"distance": 0.2353963835374476, "on_path": 0, "source": 29, "target": 40}, {"distance": 0.88353245355827, "on_path": 0, "source": 30, "target": 45}, {"distance": 0.6422428572179133, "on_path": 0, "source": 31, "target": 41}, {"distance": 0.9949150441844477, "on_path": 0, "source": 31, "target": 45}, {"distance": 0.9128122121735341, "on_path": 0, "source": 32, "target": 35}, {"distance": 0.5799354324187971, "on_path": 0, "source": 33, "target": 40}, {"distance": 0.4692299371564595, "on_path": 0, "source": 33, "target": 44}, {"distance": 0.9627719450014188, "on_path": 0, "source": 34, "target": 43}, {"distance": 0.3756977579074444, "on_path": 0, "source": 35, "target": 45}, {"distance": 0.4935719282657015, "on_path": 0, "source": 36, "target": 43}, {"distance": 0.4451497101573029, "on_path": 0, "source": 36, "target": 46}, {"distance": 1.123250015191905, "on_path": 0, "source": 36, "target": 38}, {"distance": 0.9855211402991, "on_path": 0, "source": 36, "target": 44}, {"distance": 0.8709959479477571, "on_path": 0, "source": 38, "target": 42}, {"distance": 0.33905376340876775, "on_path": 0, "source": 41, "target": 42}, {"distance": 0.4025020165453182, "on_path": 0, "source": 43, "target": 46}]}