{"directed": false, "multigraph": false, "graph": {}, "nodes": [{"node_features": [0.0, 0.0], "id": 0}, {"node_features": [0.0, 0.0], "id": 1}, {"node_features": [0.0, 0.0], "id": 2}, {"node_features": [0.0, 0.0], "id": 3}, {"node_features": [0.0, 0.0], "id": 4}, {"node_features": [0.0, 1.0], "id": 5}, {"node_features": [0.0, 0.0], "id": 6}, {"node_features": [0.0, 0.0], "id": 7}, {"node_features": [0.0, 0.0], "id": 8}, {"node_features": [0.0, 0.0], "id": 9}, {"node_features": [0.0, 0.0], "id": 10}, {"node_features": [0.0, 0.0], "id": 11}, {"node_features": [0.0, 0.0], "id": 12}, {"node_features": [0.0, 0.0], "id": 13}, {"node_features": [0.0, 0.0], "id": 14}, {"node_features": [0.0, 0.0], "id": 15}, {"node_features": [0.0, 0.0], "id": 16}, {"node_features": [1.0, 0.0], "id": 17}, {"node_features": [0.0, 0.0], "id": 18}, {"node_features": [0.0, 0.0], "id": 19}, {"node_features": [0.0, 0.0], "id": 20}], "links": [{"distance": 1.0492034951663645, "on_path": 0, "source": 0, "target": 6}, {"distance": 2.168345692971987, "on_path": 0, "source": 0, "target": 3}, {"distance": 0.9010425108955424, "on_path": 0, "source": 1, "target": 4}, {"distance": 1.5308930962917626, "on_path": 0, "source": 1, "target": 10}, {"distance": 1.5788723580267665, "on_path": 0, "source": 1, "target": 15}, {"distance": 0.5453805129720746, "on_path": 0, "source": 1, "target": 12}, {"distance": 1.005509906924552, "on_path": 0, "source": 2, "target": 6}, {"distance": 1.279249666707839, "on_path": 0, "source": 2, "target": 12}, {"distance": 1.169600642168734, "on_path": 0, "source": 2, "target": 15}, {"distance": 1.3791706131701311, "on_path": 0, "source": 2, "target": 20}, {"distance": 0.4123908159497091, "on_path": 0, "source": 2, "target": 10}, {"distance": 0.4841280234712961, "on_path": 0, "source": 2, "target": 9}, {"distance": 1.6679563481207866, "on_path": 0, "source": 2, "target": 11}, {"distance": 1.2113004450945584, "on_path": 0, "source": 3, "target": 20}, {"distance": 0.22994148650842336, "on_path": 0, "source": 3, "target": 13}, {"distance": 0.9838516365642145, "on_path": 0, "source": 3, "target": 7}, {"distance": 0.7302068199254017, "on_path": 0, "source": 3, "target": 18}, {"distance": 1.1109328423228302, "on_path": 0, "source": 4, "target": 16}, {"distance": 0.3254267651065806, "on_path": 0, "source": 4, "target": 19}, {"distance": 1.241184693251129, "on_path": 0, "source": 4, "target": 10}, {"distance": 1.7197553148548088, "on_path": 0, "source": 4, "target": 15}, {"distance": 0.560217831413468, "on_path": 1, "source": 5, "target": 20}, {"distance": 1.6294836701192073, "on_path": 0, "source": 5, "target": 11}, {"distance": 1.8486218861416697, "on_path": 0, "source": 5, "target": 9}, {"distance": 1.5250251988937473, "on_path": 0, "source": 6, "target": 11}, {"distance": 1.5460499228121136, "on_path": 0, "source": 6, "target": 18}, {"distance": 0.869963558559337, "on_path": 0, "source": 6, "target": 7}, {"distance": 0.4617391591277535, "on_path": 1, "source": 6, "target": 8}, {"distance": 1.591083539428234, "on_path": 0, "source": 6, "target": 13}, {"distance": 1.2931732414753285, "on_path": 0, "source": 6, "target": 16}, {"distance": 0.7799467920708751, "on_path": 1, "source": 6, "target": 17}, {"distance": 0.6423844633971976, "on_path": 0, "source": 6, "target": 19}, {"distance": 0.9460224039437776, "on_path": 0, "source": 7, "target": 20}, {"distance": 0.40844840545425726, "on_path": 0, "source": 7, "target": 8}, {"distance": 0.6921525075096739, "on_path": 1, "source": 8, "target": 20}, {"distance": 0.7896039078559921, "on_path": 0, "source": 9, "target": 15}, {"distance": 1.8977512773675254, "on_path": 0, "source": 9, "target": 19}, {"distance": 1.1939241107093166, "on_path": 0, "source": 11, "target": 14}, {"distance": 0.44857062638937134, "on_path": 0, "source": 11, "target": 16}, {"distance": 0.7514694728329671, "on_path": 0, "source": 12, "target": 14}, {"distance": 0.8132827557681663, "on_path": 0, "source": 13, "target": 17}, {"distance": 1.4048752409431424, "on_path": 0, "source": 14, "target": 18}]}