{"directed": false, "multigraph": false, "graph": {}, "nodes": [{"node_features": [0.0, 0.0], "id": 0}, {"node_features": [0.0, 0.0], "id": 1}, {"node_features": [0.0, 0.0], "id": 2}, {"node_features": [0.0, 0.0], "id": 3}, {"node_features": [0.0, 0.0], "id": 4}, {"node_features": [0.0, 0.0], "id": 5}, {"node_features": [0.0, 0.0], "id": 6}, {"node_features": [0.0, 0.0], "id": 7}, {"node_features": [0.0, 0.0], "id": 8}, {"node_features": [0.0, 0.0], "id": 9}, {"node_features": [0.0, 0.0], "id": 10}, {"node_features": [0.0, 0.0], "id": 11}, {"node_features": [0.0, 0.0], "id": 12}, {"node_features": [0.0, 0.0], "id": 13}, {"node_features": [0.0, 0.0], "id": 14}, {"node_features": [1.0, 0.0], "id": 15}, {"node_features": [0.0, 0.0], "id": 16}, {"node_features": [0.0, 0.0], "id": 17}, {"node_features": [0.0, 0.0], "id": 18}, {"node_features": [0.0, 0.0], "id": 19}, {"node_features": [0.0, 0.0], "id": 20}, {"node_features": [0.0, 0.0], "id": 21}, {"node_features": [0.0, 0.0], "id": 22}, {"node_features": [0.0, 0.0], "id": 23}, {"node_features": [0.0, 0.0], "id": 24}, {"node_features": [0.0, 0.0], "id": 25}, {"node_features": [0.0, 0.0], "id": 26}, {"node_features": [0.0, 0.0], "id": 27}, {"node_features": [0.0, 0.0], "id": 28}, {"node_features": [0.0, 0.0], "id": 29}, {"node_features": [0.0, 0.0], "id": 30}, {"node_features": [0.0, 0.0], "id": 31}, {"node_features": [0.0, 0.0], "id": 32}, {"node_features": [0.0, 0.0], "id": 33}, {"node_features": [0.0, 0.0], "id": 34}, {"node_features": [0.0, 0.0], "id": 35}, {"node_features": [0.0, 0.0], "id": 36}, {"node_features": [0.0, 0.0], "id": 37}, {"node_features": [0.0, 0.0], "id": 38}, {"node_features": [0.0, 0.0], "id": 39}, {"node_features": [0.0, 0.0], "id": 40}, {"node_features": [0.0, 0.0], "id": 41}, {"node_features": [0.0, 1.0], "id": 42}, {"node_features": [0.0, 0.0], "id": 43}], "links": [{"distance": 2.075854748780546, "on_path": 0, "source": 0, "target": 14}, {"distance": 1.3875615172798073, "on_path": 0, "source": 0, "target": 22}, {"distance": 0.5705954196961283, "on_path": 0, "source": 0, "target": 35}, {"distance": 0.8463809654897878, "on_path": 0, "source": 0, "target": 34}, {"distance": 0.6650602354412088, "on_path": 0, "source": 1, "target": 18}, {"distance": 0.9486166157467472, "on_path": 0, "source": 1, "target": 33}, {"distance": 0.7300891713157136, "on_path": 0, "source": 2, "target": 40}, {"distance": 1.353446770606893, "on_path": 0, "source": 2, "target": 25}, {"distance": 0.13460860390772555, "on_path": 0, "source": 2, "target": 27}, {"distance": 0.857563558687639, "on_path": 0, "source": 3, "target": 12}, {"distance": 1.5771086554622806, "on_path": 0, "source": 3, "target": 25}, {"distance": 0.6765048238890242, "on_path": 0, "source": 3, "target": 8}, {"distance": 0.682303219039264, "on_path": 0, "source": 3, "target": 43}, {"distance": 0.9508360970711738, "on_path": 0, "source": 4, "target": 31}, {"distance": 0.6717205278008352, "on_path": 0, "source": 4, "target": 11}, {"distance": 1.1603920321199943, "on_path": 0, "source": 4, "target": 23}, {"distance": 1.1107739316747123, "on_path": 0, "source": 5, "target": 13}, {"distance": 0.8648405279525126, "on_path": 0, "source": 5, "target": 8}, {"distance": 1.9030380886252811, "on_path": 0, "source": 6, "target": 14}, {"distance": 0.7080884392294908, "on_path": 0, "source": 6, "target": 36}, {"distance": 1.822069964116127, "on_path": 0, "source": 6, "target": 41}, {"distance": 1.5528040694327596, "on_path": 0, "source": 6, "target": 27}, {"distance": 1.7840864073844664, "on_path": 0, "source": 6, "target": 23}, {"distance": 0.962334181401449, "on_path": 0, "source": 6, "target": 30}, {"distance": 1.5184624188404272, "on_path": 0, "source": 6, "target": 35}, {"distance": 0.9020625249751987, "on_path": 0, "source": 7, "target": 30}, {"distance": 0.7676187194456484, "on_path": 0, "source": 7, "target": 16}, {"distance": 0.9395089913515668, "on_path": 0, "source": 7, "target": 13}, {"distance": 0.8420551936349877, "on_path": 0, "source": 7, "target": 19}, {"distance": 0.35823527543182754, "on_path": 1, "source": 8, "target": 11}, {"distance": 1.1181508885171774, "on_path": 0, "source": 8, "target": 24}, {"distance": 1.43537798868443, "on_path": 0, "source": 8, "target": 26}, {"distance": 0.3438686483553449, "on_path": 0, "source": 8, "target": 43}, {"distance": 0.5743438913480821, "on_path": 0, "source": 8, "target": 16}, {"distance": 0.13428581609786003, "on_path": 1, "source": 8, "target": 33}, {"distance": 0.8942679524514142, "on_path": 0, "source": 9, "target": 30}, {"distance": 1.5663054225498398, "on_path": 0, "source": 9, "target": 29}, {"distance": 1.5468487709092393, "on_path": 0, "source": 9, "target": 32}, {"distance": 0.9568643803108012, "on_path": 0, "source": 9, "target": 25}, {"distance": 0.48870273151647076, "on_path": 0, "source": 10, "target": 24}, {"distance": 0.5947809431602735, "on_path": 0, "source": 10, "target": 39}, {"distance": 0.9655937025779933, "on_path": 0, "source": 10, "target": 17}, {"distance": 1.6121260627944864, "on_path": 0, "source": 11, "target": 31}, {"distance": 0.17896308956174933, "on_path": 1, "source": 11, "target": 12}, {"distance": 0.5914995010112161, "on_path": 0, "source": 12, "target": 21}, {"distance": 0.34956274764264134, "on_path": 0, "source": 12, "target": 13}, {"distance": 1.099127964271774, "on_path": 0, "source": 12, "target": 27}, {"distance": 0.18634448612805252, "on_path": 0, "source": 12, "target": 37}, {"distance": 0.2340483404605597, "on_path": 1, "source": 12, "target": 36}, {"distance": 0.9467969295915599, "on_path": 0, "source": 13, "target": 23}, {"distance": 1.9481387669408379, "on_path": 0, "source": 14, "target": 37}, {"distance": 2.0924732073731724, "on_path": 0, "source": 14, "target": 17}, {"distance": 1.2599970564146785, "on_path": 0, "source": 15, "target": 31}, {"distance": 0.7000954912292837, "on_path": 1, "source": 15, "target": 20}, {"distance": 0.5681056572638685, "on_path": 0, "source": 15, "target": 30}, {"distance": 0.8843767434542902, "on_path": 0, "source": 15, "target": 28}, {"distance": 1.1400747250676924, "on_path": 0, "source": 15, "target": 22}, {"distance": 0.3777585901696545, "on_path": 0, "source": 16, "target": 34}, {"distance": 0.1527413913991331, "on_path": 0, "source": 17, "target": 33}, {"distance": 0.45296902173142795, "on_path": 0, "source": 18, "target": 28}, {"distance": 0.4015076159933215, "on_path": 0, "source": 18, "target": 43}, {"distance": 0.31293245903577727, "on_path": 0, "source": 18, "target": 36}, {"distance": 0.9173337986990058, "on_path": 0, "source": 19, "target": 26}, {"distance": 0.7299944149504, "on_path": 0, "source": 19, "target": 25}, {"distance": 0.48741984817385015, "on_path": 0, "source": 19, "target": 38}, {"distance": 0.4222678368219632, "on_path": 1, "source": 20, "target": 36}, {"distance": 1.6358966621636148, "on_path": 0, "source": 21, "target": 26}, {"distance": 0.894374155968556, "on_path": 0, "source": 21, "target": 28}, {"distance": 0.695819237715976, "on_path": 0, "source": 21, "target": 37}, {"distance": 0.41809886899646387, "on_path": 0, "source": 22, "target": 37}, {"distance": 1.523764144209621, "on_path": 0, "source": 23, "target": 31}, {"distance": 1.0069382343994395, "on_path": 0, "source": 23, "target": 29}, {"distance": 1.962104131249094, "on_path": 0, "source": 24, "target": 25}, {"distance": 1.6941797769984543, "on_path": 0, "source": 25, "target": 40}, {"distance": 1.5143089121952873, "on_path": 0, "source": 26, "target": 37}, {"distance": 1.0633874801852756, "on_path": 0, "source": 27, "target": 42}, {"distance": 1.66013138017754, "on_path": 0, "source": 28, "target": 32}, {"distance": 1.3854325738505486, "on_path": 0, "source": 29, "target": 41}, {"distance": 1.3470803354335448, "on_path": 0, "source": 31, "target": 38}, {"distance": 1.6073255754511337, "on_path": 0, "source": 32, "target": 39}, {"distance": 1.018583917498508, "on_path": 1, "source": 33, "target": 42}, {"distance": 0.4512622489182394, "on_path": 0, "source": 33, "target": 39}, {"distance": 1.149024884868767, "on_path": 0, "source": 34, "target": 35}, {"distance": 0.7250509055041205, "on_path": 0, "source": 34, "target": 42}, {"distance": 0.155334215504286, "on_path": 0, "source": 35, "target": 39}, {"distance": 0.6128368895832604, "on_path": 0, "source": 36, "target": 43}, {"distance": 0.41392631453988915, "on_path": 0, "source": 37, "target": 38}, {"distance": 0.586229298533327, "on_path": 0, "source": 40, "target": 43}]}