{"directed": false, "multigraph": false, "graph": {}, "nodes": [{"node_features": [0.0, 0.0], "id": 0}, {"node_features": [0.0, 0.0], "id": 1}, {"node_features": [0.0, 0.0], "id": 2}, {"node_features": [0.0, 0.0], "id": 3}, {"node_features": [0.0, 0.0], "id": 4}, {"node_features": [0.0, 0.0], "id": 5}, {"node_features": [0.0, 0.0], "id": 6}, {"node_features": [0.0, 0.0], "id": 7}, {"node_features": [0.0, 0.0], "id": 8}, {"node_features": [0.0, 0.0], "id": 9}, {"node_features": [0.0, 0.0], "id": 10}, {"node_features": [0.0, 0.0], "id": 11}, {"node_features": [0.0, 0.0], "id": 12}, {"node_features": [0.0, 0.0], "id": 13}, {"node_features": [0.0, 0.0], "id": 14}, {"node_features": [0.0, 0.0], "id": 15}, {"node_features": [0.0, 0.0], "id": 16}, {"node_features": [0.0, 0.0], "id": 17}, {"node_features": [0.0, 0.0], "id": 18}, {"node_features": [0.0, 0.0], "id": 19}, {"node_features": [0.0, 0.0], "id": 20}, {"node_features": [0.0, 0.0], "id": 21}, {"node_features": [0.0, 0.0], "id": 22}, {"node_features": [0.0, 0.0], "id": 23}, {"node_features": [0.0, 0.0], "id": 24}, {"node_features": [0.0, 0.0], "id": 25}, {"node_features": [0.0, 0.0], "id": 26}, {"node_features": [0.0, 0.0], "id": 27}, {"node_features": [0.0, 0.0], "id": 28}, {"node_features": [0.0, 0.0], "id": 29}, {"node_features": [0.0, 0.0], "id": 30}, {"node_features": [0.0, 0.0], "id": 31}, {"node_features": [0.0, 0.0], "id": 32}, {"node_features": [0.0, 0.0], "id": 33}, {"node_features": [0.0, 0.0], "id": 34}, {"node_features": [0.0, 0.0], "id": 35}, {"node_features": [0.0, 0.0], "id": 36}, {"node_features": [0.0, 0.0], "id": 37}, {"node_features": [0.0, 0.0], "id": 38}, {"node_features": [0.0, 0.0], "id": 39}, {"node_features": [0.0, 0.0], "id": 40}, {"node_features": [0.0, 0.0], "id": 41}, {"node_features": [1.0, 0.0], "id": 42}, {"node_features": [0.0, 0.0], "id": 43}, {"node_features": [0.0, 0.0], "id": 44}, {"node_features": [0.0, 1.0], "id": 45}], "links": [{"distance": 0.5992976899824285, "on_path": 0, "source": 0, "target": 36}, {"distance": 0.83197859339061, "on_path": 1, "source": 0, "target": 33}, {"distance": 0.6953494543646895, "on_path": 0, "source": 0, "target": 5}, {"distance": 1.5016485102931887, "on_path": 1, "source": 0, "target": 42}, {"distance": 0.5459335278689325, "on_path": 0, "source": 1, "target": 38}, {"distance": 0.8508688419036982, "on_path": 0, "source": 1, "target": 26}, {"distance": 1.8544852954196163, "on_path": 0, "source": 2, "target": 36}, {"distance": 0.7048946005321435, "on_path": 0, "source": 2, "target": 17}, {"distance": 0.9251831201135277, "on_path": 0, "source": 2, "target": 20}, {"distance": 1.2289340030884226, "on_path": 0, "source": 2, "target": 24}, {"distance": 1.1789718357562504, "on_path": 0, "source": 2, "target": 40}, {"distance": 1.418539687203676, "on_path": 0, "source": 2, "target": 45}, {"distance": 0.41153843245585014, "on_path": 0, "source": 3, "target": 27}, {"distance": 1.0483656357241982, "on_path": 0, "source": 3, "target": 12}, {"distance": 1.3073224191626425, "on_path": 0, "source": 3, "target": 4}, {"distance": 0.3371348854512751, "on_path": 0, "source": 3, "target": 44}, {"distance": 0.9531279080771399, "on_path": 0, "source": 4, "target": 10}, {"distance": 1.5215636149209149, "on_path": 0, "source": 4, "target": 9}, {"distance": 1.596047960672559, "on_path": 0, "source": 4, "target": 45}, {"distance": 0.7967328648896146, "on_path": 0, "source": 5, "target": 21}, {"distance": 0.1828892444250105, "on_path": 0, "source": 5, "target": 10}, {"distance": 0.7492227485826404, "on_path": 0, "source": 5, "target": 27}, {"distance": 1.6380465619064783, "on_path": 0, "source": 6, "target": 20}, {"distance": 1.0112858403283413, "on_path": 0, "source": 6, "target": 39}, {"distance": 2.099766600554746, "on_path": 0, "source": 6, "target": 42}, {"distance": 1.1200842747185127, "on_path": 0, "source": 6, "target": 11}, {"distance": 1.5210912045030396, "on_path": 0, "source": 6, "target": 23}, {"distance": 0.8659440536369194, "on_path": 0, "source": 6, "target": 25}, {"distance": 1.3829933091350042, "on_path": 0, "source": 6, "target": 36}, {"distance": 1.5673315503990257, "on_path": 0, "source": 7, "target": 43}, {"distance": 0.4635895211994265, "on_path": 0, "source": 7, "target": 11}, {"distance": 0.5249736033594428, "on_path": 0, "source": 7, "target": 22}, {"distance": 1.187635743736498, "on_path": 0, "source": 7, "target": 23}, {"distance": 0.8560885430131013, "on_path": 0, "source": 7, "target": 34}, {"distance": 0.7487859403250541, "on_path": 0, "source": 7, "target": 12}, {"distance": 1.4133542216144095, "on_path": 0, "source": 7, "target": 37}, {"distance": 0.5607964028620971, "on_path": 0, "source": 8, "target": 22}, {"distance": 0.9631470171763363, "on_path": 0, "source": 8, "target": 23}, {"distance": 1.1260117315682563, "on_path": 0, "source": 8, "target": 28}, {"distance": 0.6208202638590754, "on_path": 0, "source": 8, "target": 35}, {"distance": 0.7147515027266964, "on_path": 0, "source": 9, "target": 21}, {"distance": 1.5032325444402097, "on_path": 0, "source": 9, "target": 42}, {"distance": 0.9150386711493655, "on_path": 0, "source": 9, "target": 20}, {"distance": 1.1379999457944012, "on_path": 0, "source": 9, "target": 38}, {"distance": 1.6665310330898766, "on_path": 0, "source": 9, "target": 43}, {"distance": 0.6476570397711264, "on_path": 0, "source": 10, "target": 17}, {"distance": 1.1768160363770501, "on_path": 0, "source": 10, "target": 26}, {"distance": 0.6996326721859605, "on_path": 0, "source": 11, "target": 24}, {"distance": 0.9310840292353049, "on_path": 0, "source": 12, "target": 40}, {"distance": 1.1923715923938203, "on_path": 0, "source": 12, "target": 28}, {"distance": 0.8415627873589838, "on_path": 0, "source": 12, "target": 41}, {"distance": 0.6659757376386103, "on_path": 0, "source": 13, "target": 31}, {"distance": 1.0280742937121663, "on_path": 0, "source": 13, "target": 16}, {"distance": 0.7583906044787913, "on_path": 0, "source": 13, "target": 35}, {"distance": 1.2032760458709755, "on_path": 0, "source": 13, "target": 43}, {"distance": 0.44933787194863073, "on_path": 0, "source": 13, "target": 38}, {"distance": 0.5345838921666923, "on_path": 0, "source": 14, "target": 32}, {"distance": 0.9723942204174417, "on_path": 0, "source": 14, "target": 44}, {"distance": 1.4078906266505662, "on_path": 0, "source": 14, "target": 38}, {"distance": 1.5307597886952171, "on_path": 0, "source": 15, "target": 19}, {"distance": 1.0934517751696404, "on_path": 0, "source": 15, "target": 37}, {"distance": 1.5662544108103509, "on_path": 0, "source": 16, "target": 32}, {"distance": 0.2845815956764321, "on_path": 0, "source": 17, "target": 29}, {"distance": 0.6256314905236242, "on_path": 0, "source": 17, "target": 40}, {"distance": 0.7723832895843917, "on_path": 0, "source": 18, "target": 21}, {"distance": 0.995936234839042, "on_path": 0, "source": 18, "target": 38}, {"distance": 1.3158784741448222, "on_path": 0, "source": 18, "target": 42}, {"distance": 1.4245234317221762, "on_path": 0, "source": 19, "target": 23}, {"distance": 0.5505454551365093, "on_path": 0, "source": 19, "target": 26}, {"distance": 0.8047020958039136, "on_path": 0, "source": 20, "target": 25}, {"distance": 0.22581630305575387, "on_path": 0, "source": 20, "target": 23}, {"distance": 1.0341730952155281, "on_path": 0, "source": 20, "target": 29}, {"distance": 2.085733959953666, "on_path": 0, "source": 21, "target": 43}, {"distance": 1.3028793368366083, "on_path": 0, "source": 22, "target": 26}, {"distance": 1.2777266878439606, "on_path": 0, "source": 22, "target": 34}, {"distance": 0.1377125822886011, "on_path": 0, "source": 22, "target": 40}, {"distance": 1.235437438147588, "on_path": 0, "source": 23, "target": 37}, {"distance": 0.8021900470558111, "on_path": 0, "source": 24, "target": 40}, {"distance": 0.6502776296025082, "on_path": 0, "source": 25, "target": 41}, {"distance": 0.2201047217405762, "on_path": 0, "source": 27, "target": 41}, {"distance": 1.3514194610563517, "on_path": 0, "source": 28, "target": 41}, {"distance": 0.7147319945280127, "on_path": 0, "source": 29, "target": 31}, {"distance": 1.5417362614422034, "on_path": 0, "source": 30, "target": 41}, {"distance": 0.1212414431993094, "on_path": 1, "source": 30, "target": 45}, {"distance": 0.7374465940926533, "on_path": 1, "source": 30, "target": 33}, {"distance": 0.6662591359697317, "on_path": 0, "source": 31, "target": 43}, {"distance": 1.1406497299474225, "on_path": 0, "source": 31, "target": 32}, {"distance": 2.3478527405953016, "on_path": 0, "source": 32, "target": 36}, {"distance": 1.3555892891225518, "on_path": 0, "source": 33, "target": 36}, {"distance": 2.0946539768390933, "on_path": 0, "source": 34, "target": 42}, {"distance": 1.5897949628347854, "on_path": 0, "source": 35, "target": 36}, {"distance": 0.9706686243743295, "on_path": 0, "source": 36, "target": 39}]}