{"directed": false, "multigraph": false, "graph": {}, "nodes": [{"node_features": [0.0, 0.0], "id": 0}, {"node_features": [0.0, 1.0], "id": 1}, {"node_features": [0.0, 0.0], "id": 2}, {"node_features": [0.0, 0.0], "id": 3}, {"node_features": [0.0, 0.0], "id": 4}, {"node_features": [0.0, 0.0], "id": 5}, {"node_features": [0.0, 0.0], "id": 6}, {"node_features": [0.0, 0.0], "id": 7}, {"node_features": [0.0, 0.0], "id": 8}, {"node_features": [0.0, 0.0], "id": 9}, {"node_features": [0.0, 0.0], "id": 10}, {"node_features": [0.0, 0.0], "id": 11}, {"node_features": [0.0, 0.0], "id": 12}, {"node_features": [0.0, 0.0], "id": 13}, {"node_features": [0.0, 0.0], "id": 14}, {"node_features": [0.0, 0.0], "id": 15}, {"node_features": [0.0, 0.0], "id": 16}, {"node_features": [1.0, 0.0], "id": 17}, {"node_features": [0.0, 0.0], "id": 18}, {"node_features": [0.0, 0.0], "id": 19}, {"node_features": [0.0, 0.0], "id": 20}, {"node_features": [0.0, 0.0], "id": 21}, {"node_features": [0.0, 0.0], "id": 22}, {"node_features": [0.0, 0.0], "id": 23}, {"node_features": [0.0, 0.0], "id": 24}, {"node_features": [0.0, 0.0], "id": 25}, {"node_features": [0.0, 0.0], "id": 26}, {"node_features": [0.0, 0.0], "id": 27}, {"node_features": [0.0, 0.0], "id": 28}], "links": [{"distance": 1.465412729922891, "on_path": 0, "source": 0, "target": 18}, {"distance": 0.9637457444635661, "on_path": 0, "source": 0, "target": 3}, {"distance": 0.42007544927604606, "on_path": 0, "source": 0, "target": 20}, {"distance": 1.0185875193893668, "on_path": 0, "source": 0, "target": 28}, {"distance": 1.1663972095521111, "on_path": 0, "source": 1, "target": 16}, {"distance": 1.4184707824842642, "on_path": 0, "source": 1, "target": 21}, {"distance": 0.941382320021466, "on_path": 1, "source": 1, "target": 5}, {"distance": 1.7999773040845306, "on_path": 0, "source": 2, "target": 5}, {"distance": 1.4020467066485225, "on_path": 0, "source": 2, "target": 19}, {"distance": 1.890650299455079, "on_path": 0, "source": 2, "target": 24}, {"distance": 2.4994354362006397, "on_path": 0, "source": 2, "target": 14}, {"distance": 1.5668922731175774, "on_path": 0, "source": 2, "target": 20}, {"distance": 0.45206115373107153, "on_path": 1, "source": 3, "target": 12}, {"distance": 0.5018093653888204, "on_path": 0, "source": 3, "target": 18}, {"distance": 1.447894862029862, "on_path": 0, "source": 3, "target": 24}, {"distance": 0.09364504916080468, "on_path": 1, "source": 3, "target": 17}, {"distance": 1.2040623178472654, "on_path": 0, "source": 3, "target": 23}, {"distance": 1.541018007048607, "on_path": 0, "source": 4, "target": 28}, {"distance": 0.6979080302363275, "on_path": 0, "source": 4, "target": 25}, {"distance": 1.7819086184315152, "on_path": 0, "source": 4, "target": 19}, {"distance": 0.39697912639116545, "on_path": 1, "source": 5, "target": 12}, {"distance": 0.16014995963939885, "on_path": 0, "source": 5, "target": 13}, {"distance": 0.4215925688012998, "on_path": 0, "source": 5, "target": 19}, {"distance": 0.4106550542509136, "on_path": 0, "source": 6, "target": 19}, {"distance": 0.8047891907950713, "on_path": 0, "source": 6, "target": 22}, {"distance": 0.30330996381606345, "on_path": 0, "source": 6, "target": 17}, {"distance": 0.9714378668200422, "on_path": 0, "source": 7, "target": 16}, {"distance": 2.3389020575205546, "on_path": 0, "source": 7, "target": 10}, {"distance": 1.477003879871567, "on_path": 0, "source": 7, "target": 17}, {"distance": 1.5002960965028054, "on_path": 0, "source": 7, "target": 22}, {"distance": 0.8428968034827281, "on_path": 0, "source": 8, "target": 25}, {"distance": 0.19703715819694892, "on_path": 0, "source": 8, "target": 11}, {"distance": 2.1374695721532233, "on_path": 0, "source": 8, "target": 18}, {"distance": 1.5954268436531094, "on_path": 0, "source": 9, "target": 27}, {"distance": 1.443417607522358, "on_path": 0, "source": 9, "target": 14}, {"distance": 0.5272851752571937, "on_path": 0, "source": 10, "target": 19}, {"distance": 2.1979763538245662, "on_path": 0, "source": 10, "target": 24}, {"distance": 1.5810584097959492, "on_path": 0, "source": 10, "target": 16}, {"distance": 1.9787581386250555, "on_path": 0, "source": 11, "target": 19}, {"distance": 0.9103689125256432, "on_path": 0, "source": 11, "target": 25}, {"distance": 1.3576828573111204, "on_path": 0, "source": 12, "target": 27}, {"distance": 0.9093984018137345, "on_path": 0, "source": 13, "target": 18}, {"distance": 1.3939197862551727, "on_path": 0, "source": 13, "target": 21}, {"distance": 0.6209351713025326, "on_path": 0, "source": 13, "target": 28}, {"distance": 1.6572977672856353, "on_path": 0, "source": 14, "target": 26}, {"distance": 0.7612987769819776, "on_path": 0, "source": 15, "target": 21}, {"distance": 0.686296424817538, "on_path": 0, "source": 15, "target": 23}, {"distance": 0.4883644863685627, "on_path": 0, "source": 15, "target": 16}, {"distance": 0.9108670884250784, "on_path": 0, "source": 16, "target": 20}, {"distance": 0.9459844990985198, "on_path": 0, "source": 16, "target": 28}, {"distance": 0.6280075107133892, "on_path": 0, "source": 17, "target": 22}, {"distance": 0.6895185675983664, "on_path": 0, "source": 17, "target": 26}, {"distance": 1.6622812793507382, "on_path": 0, "source": 19, "target": 20}, {"distance": 0.5904432525816821, "on_path": 0, "source": 20, "target": 25}, {"distance": 1.9059396870209104, "on_path": 0, "source": 20, "target": 26}, {"distance": 1.3667926617678858, "on_path": 0, "source": 20, "target": 27}, {"distance": 0.4759720648599602, "on_path": 0, "source": 21, "target": 24}, {"distance": 1.4214816842721947, "on_path": 0, "source": 26, "target": 27}]}