{"directed": false, "multigraph": false, "graph": {}, "nodes": [{"node_features": [0.0, 0.0], "id": 0}, {"node_features": [0.0, 0.0], "id": 1}, {"node_features": [0.0, 0.0], "id": 2}, {"node_features": [0.0, 0.0], "id": 3}, {"node_features": [0.0, 0.0], "id": 4}, {"node_features": [0.0, 0.0], "id": 5}, {"node_features": [0.0, 0.0], "id": 6}, {"node_features": [0.0, 0.0], "id": 7}, {"node_features": [0.0, 0.0], "id": 8}, {"node_features": [0.0, 0.0], "id": 9}, {"node_features": [0.0, 0.0], "id": 10}, {"node_features": [0.0, 0.0], "id": 11}, {"node_features": [0.0, 0.0], "id": 12}, {"node_features": [0.0, 0.0], "id": 13}, {"node_features": [0.0, 0.0], "id": 14}, {"node_features": [0.0, 0.0], "id": 15}, {"node_features": [0.0, 0.0], "id": 16}, {"node_features": [0.0, 0.0], "id": 17}, {"node_features": [0.0, 0.0], "id": 18}, {"node_features": [0.0, 0.0], "id": 19}, {"node_features": [0.0, 0.0], "id": 20}, {"node_features": [0.0, 0.0], "id": 21}, {"node_features": [0.0, 0.0], "id": 22}, {"node_features": [0.0, 0.0], "id": 23}, {"node_features": [0.0, 0.0], "id": 24}, {"node_features": [0.0, 0.0], "id": 25}, {"node_features": [0.0, 0.0], "id": 26}, {"node_features": [0.0, 0.0], "id": 27}, {"node_features": [0.0, 0.0], "id": 28}, {"node_features": [1.0, 0.0], "id": 29}, {"node_features": [0.0, 0.0], "id": 30}, {"node_features": [0.0, 0.0], "id": 31}, {"node_features": [0.0, 0.0], "id": 32}, {"node_features": [0.0, 0.0], "id": 33}, {"node_features": [0.0, 1.0], "id": 34}, {"node_features": [0.0, 0.0], "id": 35}, {"node_features": [0.0, 0.0], "id": 36}, {"node_features": [0.0, 0.0], "id": 37}, {"node_features": [0.0, 0.0], "id": 38}, {"node_features": [0.0, 0.0], "id": 39}], "links": [{"distance": 1.0626129477478807, "on_path": 0, "source": 0, "target": 27}, {"distance": 1.2354013197273381, "on_path": 0, "source": 0, "target": 5}, {"distance": 0.6612537796556334, "on_path": 0, "source": 0, "target": 32}, {"distance": 0.6878539386474858, "on_path": 0, "source": 0, "target": 26}, {"distance": 1.4463393061193788, "on_path": 0, "source": 1, "target": 37}, {"distance": 1.5312305191123583, "on_path": 0, "source": 1, "target": 21}, {"distance": 1.8217199538359286, "on_path": 0, "source": 2, "target": 12}, {"distance": 2.0787035707475967, "on_path": 0, "source": 2, "target": 5}, {"distance": 1.7051580983900114, "on_path": 0, "source": 2, "target": 28}, {"distance": 2.2153440621468277, "on_path": 0, "source": 3, "target": 9}, {"distance": 0.9893963337797821, "on_path": 0, "source": 3, "target": 35}, {"distance": 0.15836943223157496, "on_path": 0, "source": 3, "target": 5}, {"distance": 1.5373767311760567, "on_path": 0, "source": 4, "target": 27}, {"distance": 1.3915233871738337, "on_path": 0, "source": 4, "target": 29}, {"distance": 1.9420121844494007, "on_path": 0, "source": 4, "target": 7}, {"distance": 0.3236327597672476, "on_path": 0, "source": 6, "target": 27}, {"distance": 1.945189659495717, "on_path": 0, "source": 6, "target": 20}, {"distance": 1.44512125947894, "on_path": 0, "source": 7, "target": 27}, {"distance": 0.4920876251454872, "on_path": 0, "source": 7, "target": 20}, {"distance": 1.2105342815441082, "on_path": 0, "source": 8, "target": 39}, {"distance": 1.2324056789630047, "on_path": 0, "source": 8, "target": 34}, {"distance": 0.7285919172833112, "on_path": 0, "source": 9, "target": 14}, {"distance": 0.9741579900961693, "on_path": 0, "source": 9, "target": 23}, {"distance": 1.7886790417362297, "on_path": 0, "source": 9, "target": 19}, {"distance": 1.4406782811682992, "on_path": 0, "source": 9, "target": 32}, {"distance": 1.6024308956298328, "on_path": 0, "source": 9, "target": 39}, {"distance": 0.0385797683717535, "on_path": 0, "source": 10, "target": 22}, {"distance": 1.759362758370763, "on_path": 0, "source": 10, "target": 16}, {"distance": 1.3111107478911228, "on_path": 0, "source": 10, "target": 26}, {"distance": 1.2253571347823187, "on_path": 0, "source": 10, "target": 34}, {"distance": 1.8045822147334236, "on_path": 0, "source": 10, "target": 18}, {"distance": 1.5987647099382394, "on_path": 0, "source": 11, "target": 39}, {"distance": 0.5330930774992021, "on_path": 0, "source": 11, "target": 17}, {"distance": 1.5938358994830242, "on_path": 0, "source": 11, "target": 34}, {"distance": 0.33876025659208553, "on_path": 0, "source": 11, "target": 36}, {"distance": 1.0088162428659615, "on_path": 0, "source": 11, "target": 26}, {"distance": 0.6823003659186517, "on_path": 0, "source": 11, "target": 13}, {"distance": 1.1602371363785544, "on_path": 0, "source": 12, "target": 29}, {"distance": 0.890305684535996, "on_path": 0, "source": 12, "target": 35}, {"distance": 0.8019707709889452, "on_path": 0, "source": 12, "target": 17}, {"distance": 1.534737272893675, "on_path": 0, "source": 13, "target": 19}, {"distance": 0.9516359148349023, "on_path": 0, "source": 13, "target": 18}, {"distance": 0.6253127354556699, "on_path": 0, "source": 13, "target": 37}, {"distance": 1.433157981677464, "on_path": 0, "source": 14, "target": 32}, {"distance": 1.4324853380257891, "on_path": 0, "source": 14, "target": 25}, {"distance": 1.1282618765691823, "on_path": 0, "source": 14, "target": 35}, {"distance": 0.8740153633825689, "on_path": 0, "source": 14, "target": 38}, {"distance": 0.9642224895140643, "on_path": 0, "source": 15, "target": 20}, {"distance": 1.9143777214967612, "on_path": 0, "source": 15, "target": 30}, {"distance": 1.4047046012441864, "on_path": 0, "source": 15, "target": 16}, {"distance": 1.5951681957071948, "on_path": 0, "source": 16, "target": 36}, {"distance": 1.3297286775671067, "on_path": 0, "source": 17, "target": 23}, {"distance": 1.2466517088209201, "on_path": 0, "source": 18, "target": 31}, {"distance": 1.399476805564329, "on_path": 0, "source": 19, "target": 37}, {"distance": 0.6723850269716858, "on_path": 0, "source": 20, "target": 34}, {"distance": 1.0048393865137337, "on_path": 0, "source": 20, "target": 32}, {"distance": 1.6931402327920742, "on_path": 0, "source": 20, "target": 27}, {"distance": 0.3957469032434122, "on_path": 1, "source": 21, "target": 25}, {"distance": 0.4008579917047413, "on_path": 1, "source": 21, "target": 32}, {"distance": 1.1137812503207003, "on_path": 0, "source": 21, "target": 33}, {"distance": 1.4900592939719237, "on_path": 0, "source": 21, "target": 27}, {"distance": 0.6605153721816214, "on_path": 0, "source": 22, "target": 27}, {"distance": 0.5774540336725075, "on_path": 0, "source": 22, "target": 38}, {"distance": 0.41372036519060235, "on_path": 0, "source": 22, "target": 37}, {"distance": 1.3797778465225854, "on_path": 0, "source": 23, "target": 32}, {"distance": 1.3039258152727216, "on_path": 0, "source": 23, "target": 28}, {"distance": 0.7111764020740772, "on_path": 0, "source": 23, "target": 33}, {"distance": 1.5577687064009258, "on_path": 0, "source": 24, "target": 37}, {"distance": 0.755810423017339, "on_path": 0, "source": 24, "target": 29}, {"distance": 1.5104300255614695, "on_path": 0, "source": 24, "target": 30}, {"distance": 1.7625391855228156, "on_path": 0, "source": 25, "target": 30}, {"distance": 0.8142676903971598, "on_path": 1, "source": 25, "target": 29}, {"distance": 0.9034291199923844, "on_path": 0, "source": 26, "target": 37}, {"distance": 0.3576100958905858, "on_path": 0, "source": 27, "target": 36}, {"distance": 1.1309461536616638, "on_path": 0, "source": 27, "target": 29}, {"distance": 1.4399070993325367, "on_path": 0, "source": 28, "target": 37}, {"distance": 0.6114615612055017, "on_path": 0, "source": 29, "target": 31}, {"distance": 1.0651671533180243, "on_path": 0, "source": 31, "target": 39}, {"distance": 0.424505960282103, "on_path": 1, "source": 32, "target": 34}, {"distance": 0.5601038996354134, "on_path": 0, "source": 33, "target": 35}]}