{"directed": false, "multigraph": false, "graph": {}, "nodes": [{"node_features": [0.0, 0.0], "id": 0}, {"node_features": [0.0, 0.0], "id": 1}, {"node_features": [0.0, 0.0], "id": 2}, {"node_features": [0.0, 0.0], "id": 3}, {"node_features": [0.0, 0.0], "id": 4}, {"node_features": [0.0, 0.0], "id": 5}, {"node_features": [0.0, 0.0], "id": 6}, {"node_features": [0.0, 0.0], "id": 7}, {"node_features": [0.0, 0.0], "id": 8}, {"node_features": [0.0, 0.0], "id": 9}, {"node_features": [0.0, 0.0], "id": 10}, {"node_features": [0.0, 0.0], "id": 11}, {"node_features": [0.0, 0.0], "id": 12}, {"node_features": [0.0, 0.0], "id": 13}, {"node_features": [0.0, 0.0], "id": 14}, {"node_features": [0.0, 0.0], "id": 15}, {"node_features": [0.0, 0.0], "id": 16}, {"node_features": [0.0, 0.0], "id": 17}, {"node_features": [0.0, 0.0], "id": 18}, {"node_features": [0.0, 0.0], "id": 19}, {"node_features": [0.0, 0.0], "id": 20}, {"node_features": [0.0, 1.0], "id": 21}, {"node_features": [0.0, 0.0], "id": 22}, {"node_features": [0.0, 0.0], "id": 23}, {"node_features": [0.0, 0.0], "id": 24}, {"node_features": [0.0, 0.0], "id": 25}, {"node_features": [0.0, 0.0], "id": 26}, {"node_features": [0.0, 0.0], "id": 27}, {"node_features": [0.0, 0.0], "id": 28}, {"node_features": [0.0, 0.0], "id": 29}, {"node_features": [0.0, 0.0], "id": 30}, {"node_features": [0.0, 0.0], "id": 31}, {"node_features": [0.0, 0.0], "id": 32}, {"node_features": [0.0, 0.0], "id": 33}, {"node_features": [0.0, 0.0], "id": 34}, {"node_features": [0.0, 0.0], "id": 35}, {"node_features": [0.0, 0.0], "id": 36}, {"node_features": [0.0, 0.0], "id": 37}, {"node_features": [0.0, 0.0], "id": 38}, {"node_features": [0.0, 0.0], "id": 39}, {"node_features": [0.0, 0.0], "id": 40}, {"node_features": [0.0, 0.0], "id": 41}, {"node_features": [0.0, 0.0], "id": 42}, {"node_features": [1.0, 0.0], "id": 43}, {"node_features": [0.0, 0.0], "id": 44}, {"node_features": [0.0, 0.0], "id": 45}, {"node_features": [0.0, 0.0], "id": 46}, {"node_features": [0.0, 0.0], "id": 47}], "links": [{"distance": 0.42569448385287, "on_path": 0, "source": 0, "target": 15}, {"distance": 1.7606584300515726, "on_path": 0, "source": 0, "target": 1}, {"distance": 0.6435823678642723, "on_path": 0, "source": 0, "target": 8}, {"distance": 0.8676539571852205, "on_path": 0, "source": 0, "target": 13}, {"distance": 1.1167500169996316, "on_path": 0, "source": 1, "target": 13}, {"distance": 0.30860006874888735, "on_path": 0, "source": 1, "target": 19}, {"distance": 0.1381180881782487, "on_path": 0, "source": 2, "target": 40}, {"distance": 1.398205579149501, "on_path": 0, "source": 2, "target": 18}, {"distance": 1.3471698087557191, "on_path": 0, "source": 2, "target": 27}, {"distance": 1.5424557731029402, "on_path": 0, "source": 2, "target": 42}, {"distance": 0.632595154634199, "on_path": 0, "source": 2, "target": 19}, {"distance": 0.8546425302474622, "on_path": 0, "source": 2, "target": 32}, {"distance": 0.7990464159108686, "on_path": 0, "source": 2, "target": 47}, {"distance": 1.157987967273639, "on_path": 0, "source": 3, "target": 20}, {"distance": 1.5619076759808448, "on_path": 0, "source": 3, "target": 42}, {"distance": 0.5668762633758156, "on_path": 0, "source": 3, "target": 44}, {"distance": 1.4783917585577189, "on_path": 0, "source": 3, "target": 39}, {"distance": 1.5860137633100946, "on_path": 0, "source": 4, "target": 20}, {"distance": 1.2821349297794906, "on_path": 0, "source": 4, "target": 11}, {"distance": 0.8046995876097375, "on_path": 0, "source": 4, "target": 24}, {"distance": 0.4849098909229943, "on_path": 0, "source": 4, "target": 26}, {"distance": 1.4067103451234912, "on_path": 0, "source": 4, "target": 31}, {"distance": 0.21338246282890708, "on_path": 0, "source": 4, "target": 15}, {"distance": 1.7543013974565282, "on_path": 0, "source": 4, "target": 16}, {"distance": 2.0772134850472437, "on_path": 0, "source": 4, "target": 34}, {"distance": 1.5394716412159934, "on_path": 0, "source": 5, "target": 42}, {"distance": 0.5386625928197335, "on_path": 0, "source": 5, "target": 16}, {"distance": 0.39427137991283284, "on_path": 1, "source": 6, "target": 24}, {"distance": 0.8333976925420824, "on_path": 0, "source": 6, "target": 40}, {"distance": 1.1422969969379533, "on_path": 0, "source": 6, "target": 46}, {"distance": 0.5625766343248291, "on_path": 0, "source": 6, "target": 13}, {"distance": 1.1516306238549359, "on_path": 0, "source": 6, "target": 17}, {"distance": 1.2209905773871548, "on_path": 1, "source": 6, "target": 43}, {"distance": 1.363817467527286, "on_path": 0, "source": 7, "target": 31}, {"distance": 0.5863802109645369, "on_path": 0, "source": 7, "target": 20}, {"distance": 1.7365827154640743, "on_path": 0, "source": 7, "target": 45}, {"distance": 0.37407050638111805, "on_path": 0, "source": 8, "target": 45}, {"distance": 0.6088448642297362, "on_path": 0, "source": 8, "target": 18}, {"distance": 1.4823550916550363, "on_path": 0, "source": 8, "target": 46}, {"distance": 0.11861073275538661, "on_path": 1, "source": 9, "target": 24}, {"distance": 0.6899984768843375, "on_path": 0, "source": 9, "target": 10}, {"distance": 0.29735759743186807, "on_path": 0, "source": 9, "target": 39}, {"distance": 1.331168587949063, "on_path": 0, "source": 9, "target": 34}, {"distance": 1.3199414360089499, "on_path": 1, "source": 9, "target": 21}, {"distance": 0.1711448820275568, "on_path": 0, "source": 10, "target": 19}, {"distance": 0.8284614042850734, "on_path": 0, "source": 10, "target": 44}, {"distance": 0.9471631061608308, "on_path": 0, "source": 11, "target": 44}, {"distance": 0.9875973129669906, "on_path": 0, "source": 11, "target": 37}, {"distance": 1.2428533789258065, "on_path": 0, "source": 12, "target": 46}, {"distance": 0.4396914674136021, "on_path": 0, "source": 12, "target": 15}, {"distance": 0.8753141015972046, "on_path": 0, "source": 12, "target": 25}, {"distance": 1.508688155023227, "on_path": 0, "source": 13, "target": 21}, {"distance": 0.12094614386408034, "on_path": 0, "source": 14, "target": 28}, {"distance": 1.0318092408399449, "on_path": 0, "source": 14, "target": 29}, {"distance": 1.1406002528577417, "on_path": 0, "source": 14, "target": 18}, {"distance": 1.479173794170593, "on_path": 0, "source": 14, "target": 45}, {"distance": 0.5424872981554256, "on_path": 0, "source": 15, "target": 26}, {"distance": 1.8677266660345488, "on_path": 0, "source": 15, "target": 34}, {"distance": 1.1960967715957824, "on_path": 0, "source": 16, "target": 38}, {"distance": 1.9758951503848246, "on_path": 0, "source": 17, "target": 40}, {"distance": 1.3967437070624733, "on_path": 0, "source": 17, "target": 27}, {"distance": 0.9684076809487079, "on_path": 0, "source": 17, "target": 30}, {"distance": 0.8173625317523696, "on_path": 0, "source": 17, "target": 41}, {"distance": 0.7781412030899387, "on_path": 0, "source": 18, "target": 19}, {"distance": 0.8515863985049414, "on_path": 0, "source": 18, "target": 35}, {"distance": 0.9964120465635776, "on_path": 0, "source": 19, "target": 44}, {"distance": 0.5447881917487467, "on_path": 0, "source": 19, "target": 40}, {"distance": 0.8703328125789445, "on_path": 0, "source": 20, "target": 30}, {"distance": 0.7849345490543336, "on_path": 0, "source": 20, "target": 31}, {"distance": 0.3715876419099331, "on_path": 0, "source": 20, "target": 36}, {"distance": 1.0033145851887948, "on_path": 0, "source": 21, "target": 44}, {"distance": 1.517793141153045, "on_path": 0, "source": 22, "target": 43}, {"distance": 0.33361051962735877, "on_path": 0, "source": 22, "target": 35}, {"distance": 1.279351366553107, "on_path": 0, "source": 22, "target": 37}, {"distance": 0.8676354604645511, "on_path": 0, "source": 22, "target": 36}, {"distance": 0.7157832345601313, "on_path": 0, "source": 23, "target": 32}, {"distance": 0.8664432784780381, "on_path": 0, "source": 23, "target": 28}, {"distance": 1.0844200196955953, "on_path": 0, "source": 23, "target": 33}, {"distance": 0.502823234418073, "on_path": 0, "source": 23, "target": 47}, {"distance": 0.27651902421830404, "on_path": 0, "source": 23, "target": 30}, {"distance": 0.34701339170148066, "on_path": 0, "source": 23, "target": 38}, {"distance": 0.3948876527164604, "on_path": 0, "source": 24, "target": 25}, {"distance": 1.4416650397599213, "on_path": 0, "source": 24, "target": 34}, {"distance": 0.1873493388115961, "on_path": 0, "source": 24, "target": 39}, {"distance": 0.8153042588600276, "on_path": 0, "source": 24, "target": 26}, {"distance": 1.0729155712384435, "on_path": 0, "source": 24, "target": 33}, {"distance": 0.8483420591261556, "on_path": 0, "source": 25, "target": 38}, {"distance": 1.297208566966638, "on_path": 0, "source": 28, "target": 41}, {"distance": 0.24977901401951763, "on_path": 0, "source": 28, "target": 33}, {"distance": 1.0446452771379373, "on_path": 0, "source": 29, "target": 41}, {"distance": 0.4192891324752823, "on_path": 0, "source": 29, "target": 47}, {"distance": 1.1368348622596751, "on_path": 0, "source": 30, "target": 37}, {"distance": 0.21949510503139108, "on_path": 0, "source": 31, "target": 43}, {"distance": 1.7181993689475152, "on_path": 0, "source": 32, "target": 43}, {"distance": 0.7211396504527182, "on_path": 0, "source": 32, "target": 42}, {"distance": 1.2393488809206419, "on_path": 0, "source": 36, "target": 39}]}