{"directed": false, "multigraph": false, "graph": {}, "nodes": [{"node_features": [0.0, 0.0], "id": 0}, {"node_features": [0.0, 0.0], "id": 1}, {"node_features": [0.0, 0.0], "id": 2}, {"node_features": [1.0, 0.0], "id": 3}, {"node_features": [0.0, 0.0], "id": 4}, {"node_features": [0.0, 0.0], "id": 5}, {"node_features": [0.0, 0.0], "id": 6}, {"node_features": [0.0, 0.0], "id": 7}, {"node_features": [0.0, 0.0], "id": 8}, {"node_features": [0.0, 0.0], "id": 9}, {"node_features": [0.0, 0.0], "id": 10}, {"node_features": [0.0, 0.0], "id": 11}, {"node_features": [0.0, 0.0], "id": 12}, {"node_features": [0.0, 1.0], "id": 13}, {"node_features": [0.0, 0.0], "id": 14}, {"node_features": [0.0, 0.0], "id": 15}, {"node_features": [0.0, 0.0], "id": 16}, {"node_features": [0.0, 0.0], "id": 17}, {"node_features": [0.0, 0.0], "id": 18}, {"node_features": [0.0, 0.0], "id": 19}, {"node_features": [0.0, 0.0], "id": 20}, {"node_features": [0.0, 0.0], "id": 21}, {"node_features": [0.0, 0.0], "id": 22}, {"node_features": [0.0, 0.0], "id": 23}, {"node_features": [0.0, 0.0], "id": 24}, {"node_features": [0.0, 0.0], "id": 25}, {"node_features": [0.0, 0.0], "id": 26}, {"node_features": [0.0, 0.0], "id": 27}, {"node_features": [0.0, 0.0], "id": 28}, {"node_features": [0.0, 0.0], "id": 29}], "links": [{"distance": 0.6942532208331302, "on_path": 0, "source": 0, "target": 4}, {"distance": 1.2701931333284329, "on_path": 0, "source": 0, "target": 16}, {"distance": 1.9113839959663186, "on_path": 0, "source": 0, "target": 17}, {"distance": 1.3094837168811446, "on_path": 0, "source": 0, "target": 23}, {"distance": 0.4859021501936265, "on_path": 0, "source": 1, "target": 26}, {"distance": 1.090332489290991, "on_path": 0, "source": 1, "target": 27}, {"distance": 1.440168745694585, "on_path": 0, "source": 1, "target": 11}, {"distance": 1.4790132083124408, "on_path": 0, "source": 1, "target": 21}, {"distance": 1.261211896024936, "on_path": 0, "source": 2, "target": 12}, {"distance": 1.9143886919894413, "on_path": 0, "source": 2, "target": 3}, {"distance": 1.2054642258957156, "on_path": 0, "source": 2, "target": 5}, {"distance": 1.820319865280135, "on_path": 0, "source": 2, "target": 29}, {"distance": 0.5286625401943699, "on_path": 1, "source": 3, "target": 14}, {"distance": 2.3229691858789083, "on_path": 0, "source": 3, "target": 19}, {"distance": 1.2691257652349353, "on_path": 0, "source": 4, "target": 18}, {"distance": 0.6013087373842956, "on_path": 0, "source": 4, "target": 24}, {"distance": 0.8024405413996765, "on_path": 0, "source": 4, "target": 16}, {"distance": 1.1046677980268682, "on_path": 0, "source": 4, "target": 9}, {"distance": 0.531407648232227, "on_path": 0, "source": 4, "target": 14}, {"distance": 1.2575873020192205, "on_path": 0, "source": 4, "target": 15}, {"distance": 0.6512670831623701, "on_path": 0, "source": 5, "target": 11}, {"distance": 0.5349267198047083, "on_path": 0, "source": 5, "target": 20}, {"distance": 0.7642472072273195, "on_path": 0, "source": 5, "target": 17}, {"distance": 0.16017948411644153, "on_path": 0, "source": 5, "target": 16}, {"distance": 1.7133139835189743, "on_path": 0, "source": 6, "target": 28}, {"distance": 0.23320132622149561, "on_path": 0, "source": 6, "target": 26}, {"distance": 0.6673322334374114, "on_path": 0, "source": 6, "target": 24}, {"distance": 1.1145118966552223, "on_path": 0, "source": 7, "target": 11}, {"distance": 0.5913372433335535, "on_path": 0, "source": 7, "target": 23}, {"distance": 0.9848348088459988, "on_path": 0, "source": 7, "target": 20}, {"distance": 0.7785548164130495, "on_path": 0, "source": 7, "target": 27}, {"distance": 1.223169451341544, "on_path": 0, "source": 8, "target": 14}, {"distance": 1.0640471711283368, "on_path": 0, "source": 8, "target": 27}, {"distance": 1.6844094105053429, "on_path": 0, "source": 9, "target": 24}, {"distance": 1.6565420467932737, "on_path": 0, "source": 10, "target": 17}, {"distance": 0.8769287662565238, "on_path": 0, "source": 10, "target": 29}, {"distance": 0.869925331935321, "on_path": 0, "source": 10, "target": 24}, {"distance": 1.254284534292656, "on_path": 0, "source": 11, "target": 22}, {"distance": 0.9041545343436588, "on_path": 0, "source": 11, "target": 28}, {"distance": 1.2482940634087236, "on_path": 0, "source": 12, "target": 29}, {"distance": 0.6496978596457986, "on_path": 0, "source": 12, "target": 15}, {"distance": 1.513687843183104, "on_path": 0, "source": 12, "target": 19}, {"distance": 0.599284606428492, "on_path": 0, "source": 12, "target": 23}, {"distance": 0.2821057745787527, "on_path": 0, "source": 12, "target": 26}, {"distance": 1.7068990593579596, "on_path": 0, "source": 13, "target": 28}, {"distance": 0.6407202077395145, "on_path": 0, "source": 13, "target": 27}, {"distance": 0.6672210958100717, "on_path": 1, "source": 13, "target": 22}, {"distance": 1.5793437517237217, "on_path": 0, "source": 13, "target": 25}, {"distance": 0.438847725069342, "on_path": 1, "source": 14, "target": 29}, {"distance": 1.7944154389111213, "on_path": 0, "source": 14, "target": 19}, {"distance": 0.7740493503736849, "on_path": 0, "source": 14, "target": 21}, {"distance": 1.461409333724673, "on_path": 0, "source": 14, "target": 28}, {"distance": 0.8713913194448248, "on_path": 0, "source": 15, "target": 18}, {"distance": 0.5543238419955291, "on_path": 0, "source": 17, "target": 26}, {"distance": 1.9083976463568502, "on_path": 0, "source": 17, "target": 28}, {"distance": 2.0273414280868978, "on_path": 0, "source": 18, "target": 28}, {"distance": 1.8144716423603469, "on_path": 0, "source": 19, "target": 22}, {"distance": 1.84786825237767, "on_path": 0, "source": 19, "target": 20}, {"distance": 1.1269143516238447, "on_path": 1, "source": 22, "target": 29}, {"distance": 1.8318232899650915, "on_path": 0, "source": 24, "target": 25}]}