{"directed": false, "multigraph": false, "graph": {}, "nodes": [{"node_features": [0.0, 0.0], "id": 0}, {"node_features": [0.0, 0.0], "id": 1}, {"node_features": [0.0, 0.0], "id": 2}, {"node_features": [0.0, 0.0], "id": 3}, {"node_features": [0.0, 0.0], "id": 4}, {"node_features": [0.0, 1.0], "id": 5}, {"node_features": [0.0, 0.0], "id": 6}, {"node_features": [0.0, 0.0], "id": 7}, {"node_features": [0.0, 0.0], "id": 8}, {"node_features": [0.0, 0.0], "id": 9}, {"node_features": [0.0, 0.0], "id": 10}, {"node_features": [0.0, 0.0], "id": 11}, {"node_features": [0.0, 0.0], "id": 12}, {"node_features": [0.0, 0.0], "id": 13}, {"node_features": [0.0, 0.0], "id": 14}, {"node_features": [0.0, 0.0], "id": 15}, {"node_features": [0.0, 0.0], "id": 16}, {"node_features": [0.0, 0.0], "id": 17}, {"node_features": [1.0, 0.0], "id": 18}, {"node_features": [0.0, 0.0], "id": 19}, {"node_features": [0.0, 0.0], "id": 20}, {"node_features": [0.0, 0.0], "id": 21}, {"node_features": [0.0, 0.0], "id": 22}], "links": [{"distance": 0.8133151496850606, "on_path": 1, "source": 0, "target": 20}, {"distance": 0.5351906351962109, "on_path": 0, "source": 0, "target": 3}, {"distance": 0.16437180850848457, "on_path": 0, "source": 0, "target": 12}, {"distance": 0.6104341467161313, "on_path": 1, "source": 0, "target": 18}, {"distance": 0.5188672216598763, "on_path": 0, "source": 0, "target": 10}, {"distance": 0.6445776201863664, "on_path": 0, "source": 1, "target": 19}, {"distance": 0.7123086197410395, "on_path": 0, "source": 1, "target": 13}, {"distance": 1.1831837176179876, "on_path": 0, "source": 1, "target": 14}, {"distance": 0.46584125700406803, "on_path": 0, "source": 1, "target": 20}, {"distance": 1.5426014649919089, "on_path": 0, "source": 2, "target": 15}, {"distance": 1.3698722430090373, "on_path": 0, "source": 2, "target": 17}, {"distance": 0.5344385497478684, "on_path": 0, "source": 3, "target": 12}, {"distance": 1.85409395431892, "on_path": 0, "source": 3, "target": 6}, {"distance": 2.0868549001360863, "on_path": 0, "source": 4, "target": 13}, {"distance": 0.3611797034047104, "on_path": 0, "source": 4, "target": 17}, {"distance": 1.5226277671319677, "on_path": 0, "source": 4, "target": 15}, {"distance": 1.908635562605548, "on_path": 0, "source": 4, "target": 7}, {"distance": 1.2063219251482051, "on_path": 0, "source": 5, "target": 16}, {"distance": 0.41911363638644433, "on_path": 0, "source": 5, "target": 19}, {"distance": 0.7972740556271877, "on_path": 1, "source": 5, "target": 21}, {"distance": 1.6429615462218659, "on_path": 0, "source": 6, "target": 15}, {"distance": 0.7363097558780328, "on_path": 0, "source": 6, "target": 21}, {"distance": 0.797599745503202, "on_path": 0, "source": 7, "target": 11}, {"distance": 1.5105752343733512, "on_path": 0, "source": 8, "target": 15}, {"distance": 0.7814575719847419, "on_path": 0, "source": 8, "target": 17}, {"distance": 1.5062722511364648, "on_path": 0, "source": 8, "target": 12}, {"distance": 0.764923448725531, "on_path": 0, "source": 9, "target": 20}, {"distance": 1.544180040330792, "on_path": 0, "source": 9, "target": 17}, {"distance": 1.5833589465253535, "on_path": 0, "source": 9, "target": 19}, {"distance": 0.617939558412543, "on_path": 0, "source": 10, "target": 22}, {"distance": 1.1298992497245117, "on_path": 0, "source": 10, "target": 13}, {"distance": 0.8399685967870678, "on_path": 0, "source": 10, "target": 16}, {"distance": 1.1671704906858398, "on_path": 0, "source": 10, "target": 11}, {"distance": 1.5077328340090284, "on_path": 0, "source": 11, "target": 22}, {"distance": 0.12930832866658937, "on_path": 0, "source": 12, "target": 15}, {"distance": 1.182584975124195, "on_path": 0, "source": 13, "target": 18}, {"distance": 1.7119154306189206, "on_path": 0, "source": 13, "target": 22}, {"distance": 2.1380795998798674, "on_path": 0, "source": 14, "target": 17}, {"distance": 0.8238299343765895, "on_path": 0, "source": 14, "target": 20}, {"distance": 1.5917282353228122, "on_path": 0, "source": 14, "target": 18}, {"distance": 2.001205106031039, "on_path": 0, "source": 14, "target": 22}, {"distance": 0.7480035943219291, "on_path": 0, "source": 15, "target": 18}, {"distance": 0.6383961928890798, "on_path": 0, "source": 16, "target": 21}, {"distance": 0.7751657290938705, "on_path": 0, "source": 17, "target": 21}, {"distance": 0.6221436969912054, "on_path": 1, "source": 20, "target": 21}, {"distance": 0.589077821149832, "on_path": 0, "source": 21, "target": 22}]}