{"directed": false, "multigraph": false, "graph": {}, "nodes": [{"node_features": [0.0, 0.0], "id": 0}, {"node_features": [0.0, 0.0], "id": 1}, {"node_features": [0.0, 0.0], "id": 2}, {"node_features": [0.0, 0.0], "id": 3}, {"node_features": [0.0, 0.0], "id": 4}, {"node_features": [0.0, 0.0], "id": 5}, {"node_features": [0.0, 0.0], "id": 6}, {"node_features": [0.0, 0.0], "id": 7}, {"node_features": [0.0, 0.0], "id": 8}, {"node_features": [0.0, 0.0], "id": 9}, {"node_features": [0.0, 1.0], "id": 10}, {"node_features": [0.0, 0.0], "id": 11}, {"node_features": [0.0, 0.0], "id": 12}, {"node_features": [0.0, 0.0], "id": 13}, {"node_features": [0.0, 0.0], "id": 14}, {"node_features": [0.0, 0.0], "id": 15}, {"node_features": [0.0, 0.0], "id": 16}, {"node_features": [0.0, 0.0], "id": 17}, {"node_features": [1.0, 0.0], "id": 18}], "links": [{"distance": 0.2790696611773336, "on_path": 0, "source": 0, "target": 12}, {"distance": 0.6347788179964595, "on_path": 0, "source": 0, "target": 11}, {"distance": 0.7442772538784591, "on_path": 0, "source": 0, "target": 5}, {"distance": 1.309533565416463, "on_path": 0, "source": 1, "target": 16}, {"distance": 0.9675421222910129, "on_path": 0, "source": 1, "target": 9}, {"distance": 1.3457990424697588, "on_path": 0, "source": 1, "target": 10}, {"distance": 0.22658628554898688, "on_path": 1, "source": 2, "target": 12}, {"distance": 1.1085686614134365, "on_path": 0, "source": 2, "target": 9}, {"distance": 1.7269308642472951, "on_path": 0, "source": 2, "target": 15}, {"distance": 0.6455220272100742, "on_path": 1, "source": 2, "target": 18}, {"distance": 1.0135562217734115, "on_path": 0, "source": 3, "target": 9}, {"distance": 1.1281364108910321, "on_path": 0, "source": 3, "target": 6}, {"distance": 0.9959185207801255, "on_path": 0, "source": 3, "target": 18}, {"distance": 1.1934360288387715, "on_path": 0, "source": 3, "target": 13}, {"distance": 1.5498337641160167, "on_path": 0, "source": 3, "target": 10}, {"distance": 1.071453154045092, "on_path": 0, "source": 4, "target": 9}, {"distance": 0.658925614788251, "on_path": 0, "source": 4, "target": 10}, {"distance": 0.6841388556658998, "on_path": 0, "source": 4, "target": 8}, {"distance": 1.2126335052675872, "on_path": 0, "source": 4, "target": 14}, {"distance": 1.0150990746050004, "on_path": 0, "source": 4, "target": 17}, {"distance": 1.345948926297523, "on_path": 0, "source": 5, "target": 17}, {"distance": 0.9940151661807566, "on_path": 0, "source": 5, "target": 12}, {"distance": 1.2681940629095307, "on_path": 0, "source": 5, "target": 9}, {"distance": 1.3408072367972643, "on_path": 0, "source": 6, "target": 7}, {"distance": 0.6818719857295081, "on_path": 0, "source": 6, "target": 13}, {"distance": 0.8099523922602004, "on_path": 0, "source": 6, "target": 12}, {"distance": 0.6603096100571358, "on_path": 0, "source": 7, "target": 14}, {"distance": 1.3443446382582878, "on_path": 0, "source": 8, "target": 16}, {"distance": 0.42240255935370713, "on_path": 0, "source": 10, "target": 13}, {"distance": 1.1543045330744166, "on_path": 0, "source": 10, "target": 14}, {"distance": 1.686712106231777, "on_path": 0, "source": 10, "target": 15}, {"distance": 0.09706777344256598, "on_path": 1, "source": 10, "target": 11}, {"distance": 0.2132971570178192, "on_path": 0, "source": 10, "target": 16}, {"distance": 0.33192590885289436, "on_path": 1, "source": 11, "target": 17}, {"distance": 0.12195054479624588, "on_path": 0, "source": 11, "target": 16}, {"distance": 0.8239318970747688, "on_path": 0, "source": 12, "target": 13}, {"distance": 0.5383251610842901, "on_path": 1, "source": 12, "target": 17}, {"distance": 0.6650837042927129, "on_path": 0, "source": 13, "target": 17}]}