{"directed": false, "multigraph": false, "graph": {}, "nodes": [{"node_features": [0.0, 0.0], "id": 0}, {"node_features": [0.0, 0.0], "id": 1}, {"node_features": [0.0, 0.0], "id": 2}, {"node_features": [0.0, 0.0], "id": 3}, {"node_features": [0.0, 0.0], "id": 4}, {"node_features": [0.0, 0.0], "id": 5}, {"node_features": [0.0, 0.0], "id": 6}, {"node_features": [0.0, 0.0], "id": 7}, {"node_features": [1.0, 0.0], "id": 8}, {"node_features": [0.0, 0.0], "id": 9}, {"node_features": [0.0, 0.0], "id": 10}, {"node_features": [0.0, 0.0], "id": 11}, {"node_features": [0.0, 0.0], "id": 12}, {"node_features": [0.0, 0.0], "id": 13}, {"node_features": [0.0, 0.0], "id": 14}, {"node_features": [0.0, 0.0], "id": 15}, {"node_features": [0.0, 0.0], "id": 16}, {"node_features": [0.0, 0.0], "id": 17}, {"node_features": [0.0, 0.0], "id": 18}, {"node_features": [0.0, 0.0], "id": 19}, {"node_features": [0.0, 0.0], "id": 20}, {"node_features": [0.0, 0.0], "id": 21}, {"node_features": [0.0, 0.0], "id": 22}, {"node_features": [0.0, 0.0], "id": 23}, {"node_features": [0.0, 0.0], "id": 24}, {"node_features": [0.0, 0.0], "id": 25}, {"node_features": [0.0, 0.0], "id": 26}, {"node_features": [0.0, 0.0], "id": 27}, {"node_features": [0.0, 0.0], "id": 28}, {"node_features": [0.0, 0.0], "id": 29}, {"node_features": [0.0, 0.0], "id": 30}, {"node_features": [0.0, 0.0], "id": 31}, {"node_features": [0.0, 0.0], "id": 32}, {"node_features": [0.0, 0.0], "id": 33}, {"node_features": [0.0, 1.0], "id": 34}], "links": [{"distance": 0.5142589417383169, "on_path": 0, "source": 0, "target": 13}, {"distance": 0.9901155404282667, "on_path": 0, "source": 0, "target": 29}, {"distance": 1.0203398891775415, "on_path": 0, "source": 0, "target": 31}, {"distance": 1.925373725880568, "on_path": 0, "source": 0, "target": 21}, {"distance": 1.0467206316057784, "on_path": 0, "source": 1, "target": 28}, {"distance": 0.6465313339626962, "on_path": 0, "source": 1, "target": 26}, {"distance": 1.9118732069420679, "on_path": 0, "source": 2, "target": 21}, {"distance": 0.7524911585033632, "on_path": 0, "source": 2, "target": 23}, {"distance": 1.7128981276525477, "on_path": 0, "source": 2, "target": 26}, {"distance": 0.6813155996510059, "on_path": 1, "source": 2, "target": 8}, {"distance": 1.7970462738636006, "on_path": 0, "source": 2, "target": 17}, {"distance": 1.9949035753589937, "on_path": 0, "source": 2, "target": 19}, {"distance": 0.1558854017153616, "on_path": 1, "source": 2, "target": 32}, {"distance": 1.096189305534659, "on_path": 0, "source": 3, "target": 23}, {"distance": 0.8229365777336574, "on_path": 0, "source": 3, "target": 9}, {"distance": 1.2940259629334798, "on_path": 0, "source": 3, "target": 33}, {"distance": 0.960917522688374, "on_path": 0, "source": 3, "target": 24}, {"distance": 0.23300800269569008, "on_path": 0, "source": 3, "target": 20}, {"distance": 1.7439605697756748, "on_path": 0, "source": 4, "target": 26}, {"distance": 1.0912800518519101, "on_path": 0, "source": 4, "target": 19}, {"distance": 1.203035364904701, "on_path": 0, "source": 5, "target": 31}, {"distance": 0.6095706111446322, "on_path": 0, "source": 5, "target": 16}, {"distance": 1.0071823605204784, "on_path": 0, "source": 5, "target": 28}, {"distance": 0.7726897225263404, "on_path": 0, "source": 6, "target": 17}, {"distance": 1.139493857336578, "on_path": 0, "source": 6, "target": 23}, {"distance": 1.304315089354851, "on_path": 0, "source": 6, "target": 29}, {"distance": 1.4010489007130775, "on_path": 0, "source": 7, "target": 28}, {"distance": 1.1759249637072207, "on_path": 0, "source": 7, "target": 11}, {"distance": 2.0036347938319032, "on_path": 0, "source": 7, "target": 13}, {"distance": 0.5834647897553367, "on_path": 0, "source": 7, "target": 15}, {"distance": 1.1624435657174137, "on_path": 0, "source": 7, "target": 23}, {"distance": 0.23549186034565775, "on_path": 0, "source": 8, "target": 23}, {"distance": 1.0041383331717941, "on_path": 0, "source": 8, "target": 18}, {"distance": 0.9822820690048173, "on_path": 0, "source": 9, "target": 26}, {"distance": 1.6436545069005137, "on_path": 0, "source": 9, "target": 23}, {"distance": 2.0259865457716772, "on_path": 0, "source": 9, "target": 31}, {"distance": 1.0068828052331853, "on_path": 0, "source": 10, "target": 23}, {"distance": 1.308297558078676, "on_path": 0, "source": 10, "target": 28}, {"distance": 1.2252865214386859, "on_path": 0, "source": 10, "target": 30}, {"distance": 1.099681503992311, "on_path": 0, "source": 10, "target": 25}, {"distance": 0.3066190792422161, "on_path": 0, "source": 11, "target": 28}, {"distance": 1.2676273261470394, "on_path": 0, "source": 12, "target": 27}, {"distance": 1.3098387440901604, "on_path": 0, "source": 12, "target": 23}, {"distance": 1.8952231959660883, "on_path": 0, "source": 13, "target": 17}, {"distance": 2.01861018795129, "on_path": 0, "source": 13, "target": 16}, {"distance": 1.0555409937190168, "on_path": 0, "source": 13, "target": 26}, {"distance": 0.4953589961300206, "on_path": 0, "source": 14, "target": 23}, {"distance": 0.604634588692019, "on_path": 0, "source": 14, "target": 22}, {"distance": 0.37645973653296355, "on_path": 0, "source": 14, "target": 30}, {"distance": 1.1423456323163117, "on_path": 0, "source": 15, "target": 30}, {"distance": 1.1901278077072808, "on_path": 0, "source": 15, "target": 18}, {"distance": 1.5094589936389535, "on_path": 0, "source": 15, "target": 33}, {"distance": 0.65130180112552, "on_path": 0, "source": 16, "target": 22}, {"distance": 1.1972399057098577, "on_path": 0, "source": 16, "target": 27}, {"distance": 1.5819947290616359, "on_path": 0, "source": 17, "target": 34}, {"distance": 1.454783201118155, "on_path": 0, "source": 17, "target": 28}, {"distance": 0.39304255661889953, "on_path": 0, "source": 18, "target": 24}, {"distance": 1.7612885157908824, "on_path": 0, "source": 19, "target": 34}, {"distance": 1.4163390089392112, "on_path": 0, "source": 20, "target": 32}, {"distance": 0.9017594646715604, "on_path": 0, "source": 20, "target": 24}, {"distance": 1.4573495818764282, "on_path": 0, "source": 20, "target": 34}, {"distance": 1.5135454968913455, "on_path": 0, "source": 21, "target": 28}, {"distance": 1.4082529604261764, "on_path": 0, "source": 21, "target": 30}, {"distance": 0.5984885120692243, "on_path": 0, "source": 22, "target": 27}, {"distance": 0.5735113491511288, "on_path": 0, "source": 24, "target": 33}, {"distance": 1.909084394833208, "on_path": 0, "source": 25, "target": 34}, {"distance": 0.3376113999788625, "on_path": 0, "source": 25, "target": 33}, {"distance": 0.92187619061139, "on_path": 1, "source": 29, "target": 32}, {"distance": 1.1959554645747459, "on_path": 1, "source": 29, "target": 34}, {"distance": 1.7319470053891999, "on_path": 0, "source": 30, "target": 33}]}