{"directed": false, "multigraph": false, "graph": {}, "nodes": [{"node_features": [0.0, 0.0], "id": 0}, {"node_features": [0.0, 0.0], "id": 1}, {"node_features": [0.0, 0.0], "id": 2}, {"node_features": [0.0, 0.0], "id": 3}, {"node_features": [0.0, 0.0], "id": 4}, {"node_features": [0.0, 0.0], "id": 5}, {"node_features": [0.0, 0.0], "id": 6}, {"node_features": [0.0, 0.0], "id": 7}, {"node_features": [0.0, 0.0], "id": 8}, {"node_features": [0.0, 0.0], "id": 9}, {"node_features": [0.0, 0.0], "id": 10}, {"node_features": [0.0, 0.0], "id": 11}, {"node_features": [0.0, 0.0], "id": 12}, {"node_features": [0.0, 0.0], "id": 13}, {"node_features": [0.0, 0.0], "id": 14}, {"node_features": [0.0, 0.0], "id": 15}, {"node_features": [0.0, 0.0], "id": 16}, {"node_features": [1.0, 0.0], "id": 17}, {"node_features": [0.0, 0.0], "id": 18}, {"node_features": [0.0, 0.0], "id": 19}, {"node_features": [0.0, 0.0], "id": 20}, {"node_features": [0.0, 0.0], "id": 21}, {"node_features": [0.0, 0.0], "id": 22}, {"node_features": [0.0, 0.0], "id": 23}, {"node_features": [0.0, 0.0], "id": 24}, {"node_features": [0.0, 0.0], "id": 25}, {"node_features": [0.0, 0.0], "id": 26}, {"node_features": [0.0, 0.0], "id": 27}, {"node_features": [0.0, 1.0], "id": 28}, {"node_features": [0.0, 0.0], "id": 29}, {"node_features": [0.0, 0.0], "id": 30}, {"node_features": [0.0, 0.0], "id": 31}, {"node_features": [0.0, 0.0], "id": 32}, {"node_features": [0.0, 0.0], "id": 33}, {"node_features": [0.0, 0.0], "id": 34}, {"node_features": [0.0, 0.0], "id": 35}, {"node_features": [0.0, 0.0], "id": 36}, {"node_features": [0.0, 0.0], "id": 37}, {"node_features": [0.0, 0.0], "id": 38}, {"node_features": [0.0, 0.0], "id": 39}, {"node_features": [0.0, 0.0], "id": 40}, {"node_features": [0.0, 0.0], "id": 41}, {"node_features": [0.0, 0.0], "id": 42}, {"node_features": [0.0, 0.0], "id": 43}], "links": [{"distance": 0.22152738756140572, "on_path": 0, "source": 0, "target": 39}, {"distance": 0.7039341850145229, "on_path": 0, "source": 0, "target": 25}, {"distance": 0.5234687895344485, "on_path": 0, "source": 0, "target": 29}, {"distance": 0.4216347086269201, "on_path": 0, "source": 1, "target": 37}, {"distance": 1.9037081399934055, "on_path": 0, "source": 1, "target": 40}, {"distance": 0.17091172546214392, "on_path": 0, "source": 2, "target": 9}, {"distance": 1.609118193334928, "on_path": 0, "source": 2, "target": 14}, {"distance": 1.4002571256964471, "on_path": 0, "source": 2, "target": 39}, {"distance": 1.5187997996888192, "on_path": 0, "source": 2, "target": 36}, {"distance": 0.6594049676780451, "on_path": 0, "source": 3, "target": 7}, {"distance": 1.3696772179098478, "on_path": 0, "source": 3, "target": 21}, {"distance": 0.4701798442076148, "on_path": 0, "source": 3, "target": 35}, {"distance": 0.7198530311909119, "on_path": 0, "source": 3, "target": 27}, {"distance": 1.208047056090524, "on_path": 0, "source": 4, "target": 38}, {"distance": 0.18001520965000337, "on_path": 0, "source": 4, "target": 29}, {"distance": 1.159735477673354, "on_path": 0, "source": 5, "target": 39}, {"distance": 0.5497183224713107, "on_path": 0, "source": 5, "target": 16}, {"distance": 0.940926154410226, "on_path": 0, "source": 5, "target": 32}, {"distance": 0.803638475092122, "on_path": 0, "source": 5, "target": 10}, {"distance": 0.9662484709076175, "on_path": 0, "source": 5, "target": 11}, {"distance": 0.6370844082699331, "on_path": 0, "source": 6, "target": 32}, {"distance": 0.7618482454806591, "on_path": 0, "source": 6, "target": 43}, {"distance": 0.5247928963170994, "on_path": 0, "source": 6, "target": 39}, {"distance": 1.1289719706337302, "on_path": 0, "source": 7, "target": 23}, {"distance": 1.4486595883388356, "on_path": 0, "source": 7, "target": 31}, {"distance": 0.5043716724376432, "on_path": 0, "source": 8, "target": 23}, {"distance": 1.1822161071761905, "on_path": 0, "source": 8, "target": 12}, {"distance": 1.257173634202927, "on_path": 0, "source": 8, "target": 18}, {"distance": 1.9464735458535984, "on_path": 0, "source": 9, "target": 12}, {"distance": 0.2063355287136906, "on_path": 0, "source": 9, "target": 20}, {"distance": 1.6271353779105642, "on_path": 0, "source": 9, "target": 36}, {"distance": 0.2895581168260953, "on_path": 0, "source": 9, "target": 19}, {"distance": 1.3097449696953405, "on_path": 0, "source": 9, "target": 32}, {"distance": 0.7080829591770564, "on_path": 0, "source": 10, "target": 32}, {"distance": 0.8492241786755281, "on_path": 0, "source": 10, "target": 35}, {"distance": 0.7793396375699188, "on_path": 0, "source": 11, "target": 19}, {"distance": 1.5159662439429102, "on_path": 0, "source": 11, "target": 16}, {"distance": 0.3893282205307705, "on_path": 0, "source": 11, "target": 33}, {"distance": 0.05204966295101967, "on_path": 0, "source": 12, "target": 40}, {"distance": 0.08626246420615931, "on_path": 0, "source": 12, "target": 15}, {"distance": 1.2102686354081864, "on_path": 0, "source": 12, "target": 31}, {"distance": 0.0566301699148086, "on_path": 0, "source": 12, "target": 21}, {"distance": 1.4150300364591448, "on_path": 0, "source": 13, "target": 31}, {"distance": 1.9533435189691308, "on_path": 0, "source": 13, "target": 34}, {"distance": 2.2053711815062305, "on_path": 0, "source": 13, "target": 18}, {"distance": 2.1509136264127693, "on_path": 0, "source": 13, "target": 24}, {"distance": 0.5756426849738678, "on_path": 0, "source": 14, "target": 36}, {"distance": 0.3552625800163417, "on_path": 0, "source": 14, "target": 15}, {"distance": 0.7144083483277464, "on_path": 0, "source": 14, "target": 28}, {"distance": 1.1330229221434964, "on_path": 0, "source": 15, "target": 30}, {"distance": 1.7711918179029482, "on_path": 0, "source": 15, "target": 37}, {"distance": 1.2908292512829116, "on_path": 0, "source": 16, "target": 40}, {"distance": 1.6646555069009938, "on_path": 0, "source": 17, "target": 27}, {"distance": 0.777337261697897, "on_path": 0, "source": 17, "target": 29}, {"distance": 0.23894282320000224, "on_path": 1, "source": 17, "target": 31}, {"distance": 0.4461890913999282, "on_path": 0, "source": 17, "target": 34}, {"distance": 1.207053977875924, "on_path": 0, "source": 17, "target": 22}, {"distance": 1.7317893329571723, "on_path": 0, "source": 18, "target": 29}, {"distance": 1.7343315014309162, "on_path": 0, "source": 18, "target": 36}, {"distance": 0.9667617906330707, "on_path": 0, "source": 18, "target": 35}, {"distance": 0.47417389446649805, "on_path": 0, "source": 19, "target": 24}, {"distance": 1.1603373400993529, "on_path": 0, "source": 19, "target": 33}, {"distance": 1.221347118550331, "on_path": 0, "source": 20, "target": 38}, {"distance": 0.9866129730858435, "on_path": 0, "source": 20, "target": 26}, {"distance": 0.8460729466572475, "on_path": 0, "source": 20, "target": 34}, {"distance": 2.024512833121853, "on_path": 0, "source": 22, "target": 33}, {"distance": 0.7269140489612443, "on_path": 0, "source": 23, "target": 36}, {"distance": 0.606401788695588, "on_path": 0, "source": 23, "target": 42}, {"distance": 0.7186692125890691, "on_path": 0, "source": 23, "target": 34}, {"distance": 0.5798234786745431, "on_path": 0, "source": 24, "target": 42}, {"distance": 1.3156404824278272, "on_path": 0, "source": 25, "target": 30}, {"distance": 0.4495178829364812, "on_path": 0, "source": 26, "target": 41}, {"distance": 0.8999236534063467, "on_path": 1, "source": 26, "target": 35}, {"distance": 0.7573166270581706, "on_path": 1, "source": 26, "target": 31}, {"distance": 1.6322898175795413, "on_path": 0, "source": 27, "target": 43}, {"distance": 0.431163450818196, "on_path": 1, "source": 28, "target": 35}, {"distance": 1.028032293338436, "on_path": 0, "source": 29, "target": 38}, {"distance": 0.8163370559723393, "on_path": 0, "source": 30, "target": 37}, {"distance": 0.6452523791876491, "on_path": 0, "source": 32, "target": 40}, {"distance": 0.9521382999864539, "on_path": 0, "source": 32, "target": 42}, {"distance": 0.9636394108550396, "on_path": 0, "source": 33, "target": 41}, {"distance": 1.9685854801604301, "on_path": 0, "source": 33, "target": 36}, {"distance": 1.5437202077075147, "on_path": 0, "source": 34, "target": 38}, {"distance": 1.8088145781782747, "on_path": 0, "source": 37, "target": 40}, {"distance": 1.0217093608507997, "on_path": 0, "source": 38, "target": 42}, {"distance": 0.2371913600890727, "on_path": 0, "source": 39, "target": 43}, {"distance": 1.079817481354844, "on_path": 0, "source": 39, "target": 41}, {"distance": 1.2884577055317494, "on_path": 0, "source": 41, "target": 43}]}