{"directed": false, "multigraph": false, "graph": {}, "nodes": [{"node_features": [0.0, 0.0], "id": 0}, {"node_features": [0.0, 0.0], "id": 1}, {"node_features": [0.0, 0.0], "id": 2}, {"node_features": [0.0, 0.0], "id": 3}, {"node_features": [0.0, 0.0], "id": 4}, {"node_features": [1.0, 0.0], "id": 5}, {"node_features": [0.0, 0.0], "id": 6}, {"node_features": [0.0, 0.0], "id": 7}, {"node_features": [0.0, 0.0], "id": 8}, {"node_features": [0.0, 0.0], "id": 9}, {"node_features": [0.0, 0.0], "id": 10}, {"node_features": [0.0, 0.0], "id": 11}, {"node_features": [0.0, 1.0], "id": 12}, {"node_features": [0.0, 0.0], "id": 13}, {"node_features": [0.0, 0.0], "id": 14}, {"node_features": [0.0, 0.0], "id": 15}, {"node_features": [0.0, 0.0], "id": 16}, {"node_features": [0.0, 0.0], "id": 17}, {"node_features": [0.0, 0.0], "id": 18}, {"node_features": [0.0, 0.0], "id": 19}, {"node_features": [0.0, 0.0], "id": 20}, {"node_features": [0.0, 0.0], "id": 21}, {"node_features": [0.0, 0.0], "id": 22}, {"node_features": [0.0, 0.0], "id": 23}, {"node_features": [0.0, 0.0], "id": 24}, {"node_features": [0.0, 0.0], "id": 25}, {"node_features": [0.0, 0.0], "id": 26}, {"node_features": [0.0, 0.0], "id": 27}], "links": [{"distance": 0.03996021543924941, "on_path": 0, "source": 0, "target": 15}, {"distance": 1.638879145677963, "on_path": 0, "source": 0, "target": 5}, {"distance": 1.053987807403397, "on_path": 0, "source": 0, "target": 21}, {"distance": 1.5372419340333132, "on_path": 0, "source": 1, "target": 14}, {"distance": 1.7105372294029044, "on_path": 0, "source": 1, "target": 6}, {"distance": 1.3062934094320655, "on_path": 0, "source": 1, "target": 18}, {"distance": 0.8707271384795015, "on_path": 0, "source": 1, "target": 22}, {"distance": 1.0125983571999877, "on_path": 0, "source": 2, "target": 19}, {"distance": 0.8702849542091393, "on_path": 0, "source": 2, "target": 11}, {"distance": 0.47258471143140496, "on_path": 0, "source": 3, "target": 11}, {"distance": 0.6927546496250496, "on_path": 1, "source": 3, "target": 8}, {"distance": 0.7829909095449598, "on_path": 0, "source": 3, "target": 21}, {"distance": 0.8784371127392097, "on_path": 0, "source": 3, "target": 27}, {"distance": 0.9000668891691193, "on_path": 0, "source": 3, "target": 7}, {"distance": 1.099951597034478, "on_path": 1, "source": 3, "target": 5}, {"distance": 1.269121068553366, "on_path": 0, "source": 4, "target": 26}, {"distance": 1.710819522608753, "on_path": 0, "source": 4, "target": 23}, {"distance": 1.793197015181797, "on_path": 0, "source": 4, "target": 17}, {"distance": 1.1169292352623588, "on_path": 0, "source": 5, "target": 13}, {"distance": 0.8664641759720454, "on_path": 0, "source": 5, "target": 22}, {"distance": 0.42382574001905643, "on_path": 0, "source": 6, "target": 18}, {"distance": 0.3258643790797311, "on_path": 0, "source": 6, "target": 25}, {"distance": 0.6073681088721982, "on_path": 0, "source": 7, "target": 22}, {"distance": 1.5338897756343428, "on_path": 0, "source": 7, "target": 10}, {"distance": 1.169059689951302, "on_path": 0, "source": 8, "target": 19}, {"distance": 0.5081818416883129, "on_path": 0, "source": 8, "target": 25}, {"distance": 0.6957645225598318, "on_path": 0, "source": 8, "target": 13}, {"distance": 0.3616537372177752, "on_path": 1, "source": 8, "target": 18}, {"distance": 0.8007773482906887, "on_path": 0, "source": 9, "target": 21}, {"distance": 0.9221670639835885, "on_path": 0, "source": 9, "target": 16}, {"distance": 0.2718772792306951, "on_path": 0, "source": 9, "target": 17}, {"distance": 1.2197757012485155, "on_path": 0, "source": 9, "target": 24}, {"distance": 0.6909340357044479, "on_path": 0, "source": 9, "target": 10}, {"distance": 0.09117904950956493, "on_path": 0, "source": 10, "target": 19}, {"distance": 1.4271194851013762, "on_path": 0, "source": 10, "target": 23}, {"distance": 0.9853392502547166, "on_path": 0, "source": 11, "target": 21}, {"distance": 0.6010195759443738, "on_path": 0, "source": 11, "target": 22}, {"distance": 1.2852645782528616, "on_path": 0, "source": 11, "target": 14}, {"distance": 0.7392049233358382, "on_path": 1, "source": 12, "target": 18}, {"distance": 0.7742597933633603, "on_path": 0, "source": 12, "target": 25}, {"distance": 0.5458244053818284, "on_path": 0, "source": 12, "target": 24}, {"distance": 0.830345683281776, "on_path": 0, "source": 13, "target": 14}, {"distance": 1.0635869258705686, "on_path": 0, "source": 13, "target": 16}, {"distance": 0.3781404345408979, "on_path": 0, "source": 13, "target": 17}, {"distance": 1.770380584301816, "on_path": 0, "source": 13, "target": 20}, {"distance": 0.7829665990098781, "on_path": 0, "source": 13, "target": 21}, {"distance": 1.0406122108524707, "on_path": 0, "source": 15, "target": 21}, {"distance": 2.0014086911561733, "on_path": 0, "source": 15, "target": 19}, {"distance": 0.9107958912145614, "on_path": 0, "source": 16, "target": 23}, {"distance": 2.0070672898024493, "on_path": 0, "source": 17, "target": 20}, {"distance": 0.6191694952684288, "on_path": 0, "source": 17, "target": 26}, {"distance": 0.4219666941206887, "on_path": 0, "source": 17, "target": 19}, {"distance": 0.3943405491010665, "on_path": 0, "source": 18, "target": 21}, {"distance": 1.058435529818724, "on_path": 0, "source": 18, "target": 24}, {"distance": 2.0047184512333374, "on_path": 0, "source": 20, "target": 26}, {"distance": 1.0945416280246534, "on_path": 0, "source": 22, "target": 27}]}