{"directed": false, "multigraph": false, "graph": {}, "nodes": [{"node_features": [0.0, 0.0], "id": 0}, {"node_features": [0.0, 0.0], "id": 1}, {"node_features": [0.0, 0.0], "id": 2}, {"node_features": [0.0, 0.0], "id": 3}, {"node_features": [0.0, 0.0], "id": 4}, {"node_features": [0.0, 0.0], "id": 5}, {"node_features": [0.0, 0.0], "id": 6}, {"node_features": [0.0, 0.0], "id": 7}, {"node_features": [0.0, 0.0], "id": 8}, {"node_features": [0.0, 0.0], "id": 9}, {"node_features": [0.0, 0.0], "id": 10}, {"node_features": [0.0, 0.0], "id": 11}, {"node_features": [0.0, 0.0], "id": 12}, {"node_features": [0.0, 0.0], "id": 13}, {"node_features": [0.0, 0.0], "id": 14}, {"node_features": [0.0, 0.0], "id": 15}, {"node_features": [0.0, 0.0], "id": 16}, {"node_features": [0.0, 0.0], "id": 17}, {"node_features": [0.0, 0.0], "id": 18}, {"node_features": [0.0, 0.0], "id": 19}, {"node_features": [0.0, 0.0], "id": 20}, {"node_features": [0.0, 0.0], "id": 21}, {"node_features": [0.0, 0.0], "id": 22}, {"node_features": [0.0, 0.0], "id": 23}, {"node_features": [1.0, 0.0], "id": 24}, {"node_features": [0.0, 0.0], "id": 25}, {"node_features": [0.0, 0.0], "id": 26}, {"node_features": [0.0, 0.0], "id": 27}, {"node_features": [0.0, 0.0], "id": 28}, {"node_features": [0.0, 0.0], "id": 29}, {"node_features": [0.0, 0.0], "id": 30}, {"node_features": [0.0, 0.0], "id": 31}, {"node_features": [0.0, 0.0], "id": 32}, {"node_features": [0.0, 0.0], "id": 33}, {"node_features": [0.0, 0.0], "id": 34}, {"node_features": [0.0, 0.0], "id": 35}, {"node_features": [0.0, 0.0], "id": 36}, {"node_features": [0.0, 0.0], "id": 37}, {"node_features": [0.0, 0.0], "id": 38}, {"node_features": [0.0, 0.0], "id": 39}, {"node_features": [0.0, 1.0], "id": 40}, {"node_features": [0.0, 0.0], "id": 41}, {"node_features": [0.0, 0.0], "id": 42}, {"node_features": [0.0, 0.0], "id": 43}], "links": [{"distance": 1.144194415850502, "on_path": 0, "source": 0, "target": 10}, {"distance": 1.8703769981624114, "on_path": 0, "source": 0, "target": 6}, {"distance": 1.787953578842197, "on_path": 0, "source": 0, "target": 28}, {"distance": 1.9399781059205023, "on_path": 0, "source": 0, "target": 21}, {"distance": 0.8859167280723825, "on_path": 0, "source": 1, "target": 7}, {"distance": 0.662448924177283, "on_path": 0, "source": 1, "target": 16}, {"distance": 1.194196094426265, "on_path": 0, "source": 1, "target": 19}, {"distance": 0.4049935741937093, "on_path": 0, "source": 1, "target": 10}, {"distance": 1.2449226999699656, "on_path": 0, "source": 1, "target": 21}, {"distance": 0.9590872572843269, "on_path": 0, "source": 1, "target": 23}, {"distance": 1.0420574737973292, "on_path": 0, "source": 2, "target": 7}, {"distance": 0.9997077637463183, "on_path": 0, "source": 2, "target": 12}, {"distance": 1.8118334782513381, "on_path": 0, "source": 2, "target": 40}, {"distance": 1.3200977506909741, "on_path": 0, "source": 2, "target": 18}, {"distance": 0.5530289509709633, "on_path": 0, "source": 3, "target": 38}, {"distance": 0.8056896341322133, "on_path": 0, "source": 3, "target": 19}, {"distance": 1.4653184918667148, "on_path": 0, "source": 4, "target": 23}, {"distance": 2.0327094111843524, "on_path": 0, "source": 4, "target": 16}, {"distance": 2.1137312138964153, "on_path": 0, "source": 4, "target": 26}, {"distance": 0.21248923079373291, "on_path": 0, "source": 5, "target": 15}, {"distance": 0.19976639579965041, "on_path": 0, "source": 5, "target": 10}, {"distance": 1.3198450247368472, "on_path": 0, "source": 5, "target": 37}, {"distance": 0.714563865116101, "on_path": 0, "source": 6, "target": 27}, {"distance": 1.9945522509007754, "on_path": 0, "source": 6, "target": 40}, {"distance": 0.48652582836596747, "on_path": 0, "source": 7, "target": 41}, {"distance": 1.2173939684247135, "on_path": 0, "source": 7, "target": 10}, {"distance": 1.3387178481668411, "on_path": 0, "source": 7, "target": 27}, {"distance": 1.2321942144871818, "on_path": 0, "source": 7, "target": 42}, {"distance": 0.8328551043035357, "on_path": 0, "source": 8, "target": 19}, {"distance": 1.205785064883059, "on_path": 0, "source": 8, "target": 13}, {"distance": 1.0957592293154201, "on_path": 0, "source": 8, "target": 29}, {"distance": 0.4565738747545841, "on_path": 0, "source": 8, "target": 35}, {"distance": 0.43207919199673, "on_path": 0, "source": 9, "target": 34}, {"distance": 1.7260324104609506, "on_path": 0, "source": 9, "target": 10}, {"distance": 2.0684009955087794, "on_path": 0, "source": 9, "target": 36}, {"distance": 1.4271644982441685, "on_path": 0, "source": 10, "target": 11}, {"distance": 1.3517881175232176, "on_path": 0, "source": 10, "target": 39}, {"distance": 0.6607182890734368, "on_path": 0, "source": 11, "target": 34}, {"distance": 0.2860349870933079, "on_path": 0, "source": 11, "target": 38}, {"distance": 0.9325024637699035, "on_path": 0, "source": 12, "target": 37}, {"distance": 1.0201770690932839, "on_path": 0, "source": 12, "target": 41}, {"distance": 1.3181155563486417, "on_path": 0, "source": 13, "target": 40}, {"distance": 1.8664166299585638, "on_path": 0, "source": 13, "target": 23}, {"distance": 0.9475033643297566, "on_path": 0, "source": 13, "target": 20}, {"distance": 1.9063149142844114, "on_path": 0, "source": 13, "target": 15}, {"distance": 1.1368837696013159, "on_path": 0, "source": 14, "target": 32}, {"distance": 1.1931729492950611, "on_path": 0, "source": 14, "target": 38}, {"distance": 2.056151032965901, "on_path": 0, "source": 14, "target": 43}, {"distance": 0.35429801865180405, "on_path": 0, "source": 14, "target": 30}, {"distance": 0.6285724409732824, "on_path": 0, "source": 14, "target": 41}, {"distance": 1.6378528550063094, "on_path": 0, "source": 15, "target": 39}, {"distance": 1.1383247582135656, "on_path": 0, "source": 15, "target": 35}, {"distance": 1.3925849425161034, "on_path": 0, "source": 15, "target": 41}, {"distance": 0.7081358769947661, "on_path": 0, "source": 15, "target": 42}, {"distance": 1.8453010210469463, "on_path": 0, "source": 16, "target": 29}, {"distance": 1.8971598932868783, "on_path": 0, "source": 16, "target": 21}, {"distance": 1.9763129287442518, "on_path": 0, "source": 16, "target": 28}, {"distance": 0.899085046387364, "on_path": 0, "source": 17, "target": 42}, {"distance": 0.14398841798630363, "on_path": 0, "source": 17, "target": 36}, {"distance": 0.9936682824721146, "on_path": 0, "source": 17, "target": 20}, {"distance": 2.544294584042371, "on_path": 0, "source": 17, "target": 34}, {"distance": 0.5505380205707228, "on_path": 0, "source": 18, "target": 26}, {"distance": 1.1588049533682894, "on_path": 0, "source": 18, "target": 22}, {"distance": 0.4427198742479393, "on_path": 1, "source": 18, "target": 31}, {"distance": 1.421311386108898, "on_path": 1, "source": 18, "target": 37}, {"distance": 1.526122750565191, "on_path": 0, "source": 19, "target": 33}, {"distance": 0.8905209912891507, "on_path": 0, "source": 19, "target": 27}, {"distance": 1.1112429773766774, "on_path": 0, "source": 20, "target": 35}, {"distance": 1.6680735184961102, "on_path": 0, "source": 20, "target": 34}, {"distance": 1.35365887976212, "on_path": 0, "source": 20, "target": 33}, {"distance": 0.7299618860509359, "on_path": 0, "source": 21, "target": 37}, {"distance": 1.727741864765265, "on_path": 0, "source": 22, "target": 40}, {"distance": 2.424152149615848, "on_path": 0, "source": 23, "target": 40}, {"distance": 1.9176819649972987, "on_path": 0, "source": 23, "target": 43}, {"distance": 0.5893953007110176, "on_path": 0, "source": 24, "target": 30}, {"distance": 0.8674628222610755, "on_path": 1, "source": 24, "target": 37}, {"distance": 0.1017378156050782, "on_path": 0, "source": 25, "target": 33}, {"distance": 0.15714445965917226, "on_path": 0, "source": 25, "target": 35}, {"distance": 0.18541116468257704, "on_path": 0, "source": 26, "target": 31}, {"distance": 1.4352005816364322, "on_path": 0, "source": 27, "target": 32}, {"distance": 1.2460109607854088, "on_path": 0, "source": 29, "target": 32}, {"distance": 0.6824501402613079, "on_path": 0, "source": 30, "target": 37}, {"distance": 2.1106958209935343, "on_path": 0, "source": 30, "target": 43}, {"distance": 1.4074761534968272, "on_path": 0, "source": 31, "target": 39}, {"distance": 1.430558900801271, "on_path": 1, "source": 31, "target": 40}, {"distance": 0.9441479750939447, "on_path": 0, "source": 33, "target": 38}, {"distance": 1.5052665472011244, "on_path": 0, "source": 33, "target": 40}, {"distance": 1.5196523316449362, "on_path": 0, "source": 37, "target": 43}]}