{"directed": false, "multigraph": false, "graph": {}, "nodes": [{"node_features": [0.0, 0.0], "id": 0}, {"node_features": [0.0, 0.0], "id": 1}, {"node_features": [0.0, 0.0], "id": 2}, {"node_features": [0.0, 0.0], "id": 3}, {"node_features": [0.0, 0.0], "id": 4}, {"node_features": [0.0, 0.0], "id": 5}, {"node_features": [0.0, 0.0], "id": 6}, {"node_features": [0.0, 0.0], "id": 7}, {"node_features": [0.0, 0.0], "id": 8}, {"node_features": [0.0, 0.0], "id": 9}, {"node_features": [0.0, 0.0], "id": 10}, {"node_features": [0.0, 0.0], "id": 11}, {"node_features": [0.0, 0.0], "id": 12}, {"node_features": [0.0, 0.0], "id": 13}, {"node_features": [0.0, 0.0], "id": 14}, {"node_features": [0.0, 0.0], "id": 15}, {"node_features": [0.0, 0.0], "id": 16}, {"node_features": [0.0, 0.0], "id": 17}, {"node_features": [0.0, 0.0], "id": 18}, {"node_features": [0.0, 0.0], "id": 19}, {"node_features": [0.0, 0.0], "id": 20}, {"node_features": [0.0, 0.0], "id": 21}, {"node_features": [0.0, 0.0], "id": 22}, {"node_features": [0.0, 0.0], "id": 23}, {"node_features": [0.0, 0.0], "id": 24}, {"node_features": [0.0, 0.0], "id": 25}, {"node_features": [0.0, 0.0], "id": 26}, {"node_features": [0.0, 0.0], "id": 27}, {"node_features": [0.0, 0.0], "id": 28}, {"node_features": [0.0, 0.0], "id": 29}, {"node_features": [0.0, 0.0], "id": 30}, {"node_features": [0.0, 0.0], "id": 31}, {"node_features": [0.0, 0.0], "id": 32}, {"node_features": [0.0, 0.0], "id": 33}, {"node_features": [0.0, 0.0], "id": 34}, {"node_features": [1.0, 0.0], "id": 35}, {"node_features": [0.0, 0.0], "id": 36}, {"node_features": [0.0, 0.0], "id": 37}, {"node_features": [0.0, 0.0], "id": 38}, {"node_features": [0.0, 0.0], "id": 39}, {"node_features": [0.0, 0.0], "id": 40}, {"node_features": [0.0, 0.0], "id": 41}, {"node_features": [0.0, 0.0], "id": 42}, {"node_features": [0.0, 1.0], "id": 43}, {"node_features": [0.0, 0.0], "id": 44}, {"node_features": [0.0, 0.0], "id": 45}, {"node_features": [0.0, 0.0], "id": 46}, {"node_features": [0.0, 0.0], "id": 47}], "links": [{"distance": 1.3905594307788385, "on_path": 0, "source": 0, "target": 42}, {"distance": 1.3662198288244007, "on_path": 0, "source": 0, "target": 16}, {"distance": 1.374705124433451, "on_path": 0, "source": 0, "target": 6}, {"distance": 0.5228920660876147, "on_path": 0, "source": 0, "target": 25}, {"distance": 1.4717536958217365, "on_path": 0, "source": 0, "target": 29}, {"distance": 1.1508652105402615, "on_path": 0, "source": 0, "target": 31}, {"distance": 0.3804353502766797, "on_path": 0, "source": 0, "target": 39}, {"distance": 1.0778673238189245, "on_path": 0, "source": 1, "target": 29}, {"distance": 0.9946034437287573, "on_path": 0, "source": 1, "target": 36}, {"distance": 0.9839449422069791, "on_path": 0, "source": 1, "target": 4}, {"distance": 0.6423136840060149, "on_path": 0, "source": 1, "target": 37}, {"distance": 1.0139609522786324, "on_path": 0, "source": 2, "target": 9}, {"distance": 1.0132532728150558, "on_path": 0, "source": 2, "target": 31}, {"distance": 1.5530777137198069, "on_path": 0, "source": 2, "target": 45}, {"distance": 1.1052914963290645, "on_path": 0, "source": 2, "target": 35}, {"distance": 0.48790935148995807, "on_path": 0, "source": 3, "target": 40}, {"distance": 0.692597801356201, "on_path": 0, "source": 3, "target": 46}, {"distance": 0.9826638403567747, "on_path": 0, "source": 3, "target": 34}, {"distance": 1.8773514491229857, "on_path": 0, "source": 4, "target": 45}, {"distance": 0.5257411301433731, "on_path": 0, "source": 4, "target": 23}, {"distance": 0.46130038595637485, "on_path": 0, "source": 4, "target": 40}, {"distance": 0.8972598680965883, "on_path": 0, "source": 5, "target": 39}, {"distance": 0.6392513469377757, "on_path": 0, "source": 5, "target": 46}, {"distance": 0.8676018565753908, "on_path": 0, "source": 5, "target": 6}, {"distance": 1.595727791258152, "on_path": 0, "source": 6, "target": 26}, {"distance": 1.5601471415401185, "on_path": 0, "source": 6, "target": 42}, {"distance": 0.7112857245640526, "on_path": 0, "source": 7, "target": 30}, {"distance": 1.3134124688979547, "on_path": 0, "source": 7, "target": 22}, {"distance": 1.2304763730663546, "on_path": 0, "source": 7, "target": 47}, {"distance": 1.2702241873727433, "on_path": 0, "source": 7, "target": 8}, {"distance": 0.5796692634809252, "on_path": 0, "source": 8, "target": 35}, {"distance": 1.2421938030494581, "on_path": 0, "source": 8, "target": 43}, {"distance": 0.8793215440460642, "on_path": 0, "source": 9, "target": 18}, {"distance": 1.6966281537394436, "on_path": 0, "source": 9, "target": 42}, {"distance": 1.0236716224471338, "on_path": 0, "source": 9, "target": 28}, {"distance": 1.7876406950586405, "on_path": 0, "source": 10, "target": 35}, {"distance": 1.305695250359228, "on_path": 0, "source": 10, "target": 37}, {"distance": 1.3370474613193308, "on_path": 0, "source": 10, "target": 20}, {"distance": 1.014521392041093, "on_path": 0, "source": 11, "target": 46}, {"distance": 0.6306522999361867, "on_path": 0, "source": 11, "target": 28}, {"distance": 1.3063180522548385, "on_path": 0, "source": 11, "target": 39}, {"distance": 1.2917715657542257, "on_path": 0, "source": 11, "target": 14}, {"distance": 1.5308806394818897, "on_path": 0, "source": 12, "target": 39}, {"distance": 0.5646438045756107, "on_path": 0, "source": 12, "target": 17}, {"distance": 0.24876222032873363, "on_path": 0, "source": 13, "target": 37}, {"distance": 1.0350796499281039, "on_path": 0, "source": 13, "target": 24}, {"distance": 0.8877150989259021, "on_path": 0, "source": 13, "target": 25}, {"distance": 0.5119240499248806, "on_path": 0, "source": 14, "target": 38}, {"distance": 0.10909352470762834, "on_path": 0, "source": 14, "target": 26}, {"distance": 1.827003954644873, "on_path": 0, "source": 14, "target": 40}, {"distance": 0.427314714122287, "on_path": 0, "source": 14, "target": 16}, {"distance": 1.716272287020904, "on_path": 0, "source": 14, "target": 23}, {"distance": 1.1471076124832618, "on_path": 0, "source": 15, "target": 19}, {"distance": 1.2404192603835893, "on_path": 0, "source": 15, "target": 23}, {"distance": 0.851782390228194, "on_path": 0, "source": 16, "target": 25}, {"distance": 1.459018740962515, "on_path": 0, "source": 16, "target": 27}, {"distance": 0.7908418208112932, "on_path": 0, "source": 17, "target": 29}, {"distance": 1.4390611552212804, "on_path": 0, "source": 17, "target": 30}, {"distance": 1.7165943311453522, "on_path": 0, "source": 17, "target": 21}, {"distance": 1.6293024856854208, "on_path": 0, "source": 17, "target": 44}, {"distance": 0.22680526522667385, "on_path": 1, "source": 18, "target": 35}, {"distance": 0.7561713183616485, "on_path": 1, "source": 18, "target": 33}, {"distance": 1.2811530015760257, "on_path": 0, "source": 19, "target": 26}, {"distance": 1.1626910335927718, "on_path": 0, "source": 19, "target": 33}, {"distance": 0.5182181926777345, "on_path": 0, "source": 19, "target": 22}, {"distance": 0.8552027481108891, "on_path": 0, "source": 20, "target": 33}, {"distance": 0.44384269442156593, "on_path": 0, "source": 21, "target": 47}, {"distance": 0.7278071391192333, "on_path": 0, "source": 21, "target": 25}, {"distance": 1.2340819291763236, "on_path": 0, "source": 22, "target": 32}, {"distance": 1.1635155088376679, "on_path": 0, "source": 22, "target": 36}, {"distance": 1.8186373147536643, "on_path": 0, "source": 23, "target": 38}, {"distance": 1.8582175024855567, "on_path": 0, "source": 23, "target": 41}, {"distance": 0.5760716478551771, "on_path": 0, "source": 24, "target": 47}, {"distance": 0.5156931991875591, "on_path": 0, "source": 25, "target": 46}, {"distance": 0.05652036662615385, "on_path": 0, "source": 26, "target": 45}, {"distance": 1.0808748761916476, "on_path": 0, "source": 26, "target": 37}, {"distance": 2.048120285551321, "on_path": 0, "source": 27, "target": 44}, {"distance": 1.0431779099845016, "on_path": 0, "source": 27, "target": 30}, {"distance": 0.13464963732582003, "on_path": 0, "source": 28, "target": 29}, {"distance": 0.8350443973887407, "on_path": 0, "source": 28, "target": 47}, {"distance": 1.0495625070045003, "on_path": 0, "source": 30, "target": 35}, {"distance": 1.0615962500025897, "on_path": 0, "source": 30, "target": 47}, {"distance": 1.4988452056687014, "on_path": 0, "source": 30, "target": 32}, {"distance": 0.69443315592517, "on_path": 0, "source": 31, "target": 43}, {"distance": 1.8658059761153136, "on_path": 0, "source": 32, "target": 45}, {"distance": 0.34289836710728905, "on_path": 1, "source": 33, "target": 42}, {"distance": 0.37842453711173796, "on_path": 0, "source": 34, "target": 46}, {"distance": 1.4146847954684745, "on_path": 0, "source": 35, "target": 41}, {"distance": 0.7086058852788513, "on_path": 0, "source": 36, "target": 40}, {"distance": 2.016399795105257, "on_path": 0, "source": 36, "target": 44}, {"distance": 0.8059262674990971, "on_path": 0, "source": 37, "target": 46}, {"distance": 1.6188536292272098, "on_path": 0, "source": 38, "target": 47}, {"distance": 1.6201452264323133, "on_path": 0, "source": 38, "target": 44}, {"distance": 1.804551100969012, "on_path": 0, "source": 40, "target": 45}, {"distance": 0.4340156964886032, "on_path": 1, "source": 42, "target": 43}, {"distance": 1.2278421759302935, "on_path": 0, "source": 44, "target": 46}]}