{"directed": false, "multigraph": false, "graph": {}, "nodes": [{"node_features": [0.0, 0.0], "id": 0}, {"node_features": [0.0, 0.0], "id": 1}, {"node_features": [0.0, 1.0], "id": 2}, {"node_features": [1.0, 0.0], "id": 3}, {"node_features": [0.0, 0.0], "id": 4}, {"node_features": [0.0, 0.0], "id": 5}, {"node_features": [0.0, 0.0], "id": 6}, {"node_features": [0.0, 0.0], "id": 7}, {"node_features": [0.0, 0.0], "id": 8}, {"node_features": [0.0, 0.0], "id": 9}, {"node_features": [0.0, 0.0], "id": 10}, {"node_features": [0.0, 0.0], "id": 11}, {"node_features": [0.0, 0.0], "id": 12}, {"node_features": [0.0, 0.0], "id": 13}, {"node_features": [0.0, 0.0], "id": 14}, {"node_features": [0.0, 0.0], "id": 15}, {"node_features": [0.0, 0.0], "id": 16}, {"node_features": [0.0, 0.0], "id": 17}, {"node_features": [0.0, 0.0], "id": 18}, {"node_features": [0.0, 0.0], "id": 19}, {"node_features": [0.0, 0.0], "id": 20}, {"node_features": [0.0, 0.0], "id": 21}, {"node_features": [0.0, 0.0], "id": 22}, {"node_features": [0.0, 0.0], "id": 23}, {"node_features": [0.0, 0.0], "id": 24}, {"node_features": [0.0, 0.0], "id": 25}, {"node_features": [0.0, 0.0], "id": 26}, {"node_features": [0.0, 0.0], "id": 27}, {"node_features": [0.0, 0.0], "id": 28}, {"node_features": [0.0, 0.0], "id": 29}, {"node_features": [0.0, 0.0], "id": 30}, {"node_features": [0.0, 0.0], "id": 31}, {"node_features": [0.0, 0.0], "id": 32}, {"node_features": [0.0, 0.0], "id": 33}, {"node_features": [0.0, 0.0], "id": 34}, {"node_features": [0.0, 0.0], "id": 35}, {"node_features": [0.0, 0.0], "id": 36}, {"node_features": [0.0, 0.0], "id": 37}, {"node_features": [0.0, 0.0], "id": 38}], "links": [{"distance": 0.7583922816064018, "on_path": 0, "source": 0, "target": 30}, {"distance": 0.469570095536229, "on_path": 0, "source": 0, "target": 16}, {"distance": 0.8553837904703547, "on_path": 0, "source": 0, "target": 35}, {"distance": 0.4329887550019736, "on_path": 0, "source": 0, "target": 11}, {"distance": 1.4139701071748023, "on_path": 0, "source": 0, "target": 5}, {"distance": 1.3543454048802848, "on_path": 0, "source": 0, "target": 18}, {"distance": 1.060597722958594, "on_path": 0, "source": 0, "target": 26}, {"distance": 1.2147980564580896, "on_path": 0, "source": 1, "target": 33}, {"distance": 0.3267165023968892, "on_path": 0, "source": 1, "target": 7}, {"distance": 1.254896213463857, "on_path": 0, "source": 1, "target": 5}, {"distance": 0.38439416752016026, "on_path": 0, "source": 1, "target": 22}, {"distance": 0.8939542499646256, "on_path": 0, "source": 2, "target": 17}, {"distance": 0.8910425143104799, "on_path": 0, "source": 2, "target": 6}, {"distance": 1.1503916540796906, "on_path": 0, "source": 2, "target": 13}, {"distance": 1.0070931715503475, "on_path": 0, "source": 2, "target": 36}, {"distance": 0.5689969148469005, "on_path": 1, "source": 2, "target": 14}, {"distance": 1.1362810403960901, "on_path": 0, "source": 2, "target": 12}, {"distance": 1.1493008439024248, "on_path": 0, "source": 3, "target": 21}, {"distance": 0.8818363933864645, "on_path": 0, "source": 3, "target": 9}, {"distance": 1.9677151002724524, "on_path": 0, "source": 3, "target": 23}, {"distance": 0.5949770406672983, "on_path": 0, "source": 3, "target": 37}, {"distance": 0.880477898204254, "on_path": 0, "source": 3, "target": 4}, {"distance": 1.0578670053362957, "on_path": 1, "source": 3, "target": 7}, {"distance": 0.6110581659419373, "on_path": 0, "source": 3, "target": 10}, {"distance": 1.0203965868862457, "on_path": 0, "source": 4, "target": 27}, {"distance": 1.447408002369797, "on_path": 0, "source": 4, "target": 29}, {"distance": 1.407257104224362, "on_path": 0, "source": 4, "target": 34}, {"distance": 0.08386624874138983, "on_path": 0, "source": 5, "target": 18}, {"distance": 1.0374977096511069, "on_path": 0, "source": 5, "target": 29}, {"distance": 0.5091468795503259, "on_path": 0, "source": 6, "target": 30}, {"distance": 0.5325977907566254, "on_path": 0, "source": 6, "target": 23}, {"distance": 1.0601284682182657, "on_path": 0, "source": 7, "target": 33}, {"distance": 0.10138937813955526, "on_path": 1, "source": 7, "target": 28}, {"distance": 1.7206544343574683, "on_path": 0, "source": 8, "target": 23}, {"distance": 0.9488468219418145, "on_path": 0, "source": 8, "target": 35}, {"distance": 1.3396432975971277, "on_path": 0, "source": 9, "target": 27}, {"distance": 1.4942261622752102, "on_path": 0, "source": 9, "target": 38}, {"distance": 1.2619841495436968, "on_path": 0, "source": 9, "target": 22}, {"distance": 1.3425773037757234, "on_path": 0, "source": 10, "target": 25}, {"distance": 1.966362465186831, "on_path": 0, "source": 11, "target": 31}, {"distance": 1.2826684920221425, "on_path": 0, "source": 11, "target": 26}, {"distance": 0.9657832511309017, "on_path": 0, "source": 11, "target": 28}, {"distance": 1.7322473551826831, "on_path": 0, "source": 11, "target": 33}, {"distance": 0.680153614541048, "on_path": 0, "source": 11, "target": 14}, {"distance": 0.9800727595594332, "on_path": 0, "source": 11, "target": 21}, {"distance": 0.6207552856482902, "on_path": 0, "source": 12, "target": 35}, {"distance": 1.4552204206735877, "on_path": 0, "source": 12, "target": 17}, {"distance": 1.3266018036232718, "on_path": 0, "source": 12, "target": 18}, {"distance": 0.8485466003635194, "on_path": 0, "source": 12, "target": 27}, {"distance": 0.9554782927663188, "on_path": 0, "source": 13, "target": 31}, {"distance": 0.163586200397718, "on_path": 0, "source": 13, "target": 25}, {"distance": 0.3375720736461139, "on_path": 1, "source": 14, "target": 28}, {"distance": 0.4858698813500503, "on_path": 0, "source": 15, "target": 31}, {"distance": 0.7911744479928327, "on_path": 0, "source": 15, "target": 19}, {"distance": 1.0937579514414448, "on_path": 0, "source": 15, "target": 37}, {"distance": 1.4055044900288982, "on_path": 0, "source": 15, "target": 33}, {"distance": 0.6748564753415568, "on_path": 0, "source": 16, "target": 26}, {"distance": 0.8327750339449229, "on_path": 0, "source": 17, "target": 22}, {"distance": 1.0959511312314605, "on_path": 0, "source": 17, "target": 32}, {"distance": 0.2952787096166322, "on_path": 0, "source": 17, "target": 30}, {"distance": 0.8568483959445556, "on_path": 0, "source": 17, "target": 20}, {"distance": 1.599217508933803, "on_path": 0, "source": 18, "target": 19}, {"distance": 0.11813296841473797, "on_path": 0, "source": 18, "target": 24}, {"distance": 0.35907107023299334, "on_path": 0, "source": 19, "target": 25}, {"distance": 1.192710378112224, "on_path": 0, "source": 19, "target": 23}, {"distance": 1.54568805747131, "on_path": 0, "source": 19, "target": 33}, {"distance": 0.9776363852654494, "on_path": 0, "source": 20, "target": 25}, {"distance": 0.8761510444043376, "on_path": 0, "source": 20, "target": 24}, {"distance": 1.6879776773825457, "on_path": 0, "source": 21, "target": 24}, {"distance": 0.28919274382204774, "on_path": 0, "source": 21, "target": 30}, {"distance": 1.5664492031447994, "on_path": 0, "source": 22, "target": 34}, {"distance": 1.1192924396923956, "on_path": 0, "source": 22, "target": 35}, {"distance": 1.0842750919371056, "on_path": 0, "source": 28, "target": 31}, {"distance": 1.531886468453077, "on_path": 0, "source": 29, "target": 36}, {"distance": 0.06260615151498883, "on_path": 0, "source": 31, "target": 38}, {"distance": 1.5676316492482174, "on_path": 0, "source": 31, "target": 37}, {"distance": 0.5994600906025421, "on_path": 0, "source": 32, "target": 38}, {"distance": 1.513888066332114, "on_path": 0, "source": 37, "target": 38}]}