{"directed": false, "multigraph": false, "graph": {}, "nodes": [{"node_features": [0.0, 0.0], "id": 0}, {"node_features": [0.0, 1.0], "id": 1}, {"node_features": [0.0, 0.0], "id": 2}, {"node_features": [0.0, 0.0], "id": 3}, {"node_features": [0.0, 0.0], "id": 4}, {"node_features": [0.0, 0.0], "id": 5}, {"node_features": [0.0, 0.0], "id": 6}, {"node_features": [0.0, 0.0], "id": 7}, {"node_features": [0.0, 0.0], "id": 8}, {"node_features": [0.0, 0.0], "id": 9}, {"node_features": [0.0, 0.0], "id": 10}, {"node_features": [0.0, 0.0], "id": 11}, {"node_features": [0.0, 0.0], "id": 12}, {"node_features": [0.0, 0.0], "id": 13}, {"node_features": [0.0, 0.0], "id": 14}, {"node_features": [0.0, 0.0], "id": 15}, {"node_features": [0.0, 0.0], "id": 16}, {"node_features": [0.0, 0.0], "id": 17}, {"node_features": [0.0, 0.0], "id": 18}, {"node_features": [0.0, 0.0], "id": 19}, {"node_features": [0.0, 0.0], "id": 20}, {"node_features": [0.0, 0.0], "id": 21}, {"node_features": [0.0, 0.0], "id": 22}, {"node_features": [0.0, 0.0], "id": 23}, {"node_features": [0.0, 0.0], "id": 24}, {"node_features": [0.0, 0.0], "id": 25}, {"node_features": [0.0, 0.0], "id": 26}, {"node_features": [0.0, 0.0], "id": 27}, {"node_features": [0.0, 0.0], "id": 28}, {"node_features": [0.0, 0.0], "id": 29}, {"node_features": [0.0, 0.0], "id": 30}, {"node_features": [0.0, 0.0], "id": 31}, {"node_features": [0.0, 0.0], "id": 32}, {"node_features": [0.0, 0.0], "id": 33}, {"node_features": [0.0, 0.0], "id": 34}, {"node_features": [1.0, 0.0], "id": 35}, {"node_features": [0.0, 0.0], "id": 36}, {"node_features": [0.0, 0.0], "id": 37}, {"node_features": [0.0, 0.0], "id": 38}, {"node_features": [0.0, 0.0], "id": 39}, {"node_features": [0.0, 0.0], "id": 40}, {"node_features": [0.0, 0.0], "id": 41}, {"node_features": [0.0, 0.0], "id": 42}, {"node_features": [0.0, 0.0], "id": 43}], "links": [{"distance": 1.9047003714983934, "on_path": 0, "source": 0, "target": 21}, {"distance": 0.5198365181067297, "on_path": 0, "source": 0, "target": 6}, {"distance": 1.6938373687165211, "on_path": 0, "source": 0, "target": 41}, {"distance": 1.829921556124697, "on_path": 0, "source": 0, "target": 11}, {"distance": 1.1934055269184816, "on_path": 0, "source": 0, "target": 27}, {"distance": 1.2523971583565554, "on_path": 0, "source": 0, "target": 36}, {"distance": 0.15367432622486585, "on_path": 0, "source": 0, "target": 43}, {"distance": 0.5509792897703976, "on_path": 1, "source": 1, "target": 17}, {"distance": 0.3497820145685557, "on_path": 0, "source": 1, "target": 34}, {"distance": 1.1933546592111328, "on_path": 0, "source": 2, "target": 26}, {"distance": 1.1612974713407114, "on_path": 0, "source": 2, "target": 33}, {"distance": 1.2363482345394818, "on_path": 0, "source": 2, "target": 21}, {"distance": 0.6384249455595025, "on_path": 0, "source": 2, "target": 37}, {"distance": 1.1056807397418922, "on_path": 0, "source": 3, "target": 35}, {"distance": 0.481741504701197, "on_path": 0, "source": 3, "target": 33}, {"distance": 1.5052546984684165, "on_path": 0, "source": 4, "target": 28}, {"distance": 1.0097987828715334, "on_path": 0, "source": 4, "target": 25}, {"distance": 0.9478214273591032, "on_path": 0, "source": 4, "target": 36}, {"distance": 0.2217710470902563, "on_path": 0, "source": 4, "target": 43}, {"distance": 1.3220496582359713, "on_path": 0, "source": 4, "target": 12}, {"distance": 0.35765356510707613, "on_path": 0, "source": 4, "target": 6}, {"distance": 1.54863465999197, "on_path": 0, "source": 4, "target": 7}, {"distance": 1.25144887550623, "on_path": 0, "source": 4, "target": 16}, {"distance": 1.2173132161297853, "on_path": 0, "source": 5, "target": 38}, {"distance": 1.626618715630694, "on_path": 0, "source": 5, "target": 21}, {"distance": 0.31389647580089636, "on_path": 0, "source": 5, "target": 43}, {"distance": 0.510620267863535, "on_path": 0, "source": 5, "target": 23}, {"distance": 0.38848751781558544, "on_path": 0, "source": 6, "target": 33}, {"distance": 1.451620514949034, "on_path": 0, "source": 7, "target": 21}, {"distance": 1.3241861584624433, "on_path": 0, "source": 7, "target": 10}, {"distance": 1.3875113563157226, "on_path": 0, "source": 7, "target": 25}, {"distance": 0.9112547305365917, "on_path": 0, "source": 7, "target": 31}, {"distance": 1.387874716227093, "on_path": 0, "source": 7, "target": 41}, {"distance": 1.8460992104028044, "on_path": 0, "source": 8, "target": 22}, {"distance": 0.6813890386602022, "on_path": 0, "source": 8, "target": 15}, {"distance": 0.9198299939263217, "on_path": 0, "source": 8, "target": 26}, {"distance": 1.1064859521439134, "on_path": 0, "source": 8, "target": 19}, {"distance": 1.379745518362584, "on_path": 0, "source": 8, "target": 38}, {"distance": 0.7020578326176236, "on_path": 0, "source": 9, "target": 36}, {"distance": 1.2206396955525516, "on_path": 0, "source": 9, "target": 32}, {"distance": 1.7653467682408857, "on_path": 0, "source": 10, "target": 14}, {"distance": 1.285272603631248, "on_path": 0, "source": 10, "target": 38}, {"distance": 1.3973213183077153, "on_path": 0, "source": 10, "target": 24}, {"distance": 1.0279870861698512, "on_path": 0, "source": 11, "target": 31}, {"distance": 1.8233235825400353, "on_path": 0, "source": 11, "target": 16}, {"distance": 1.1011615994284845, "on_path": 0, "source": 12, "target": 23}, {"distance": 0.8774102857064047, "on_path": 0, "source": 12, "target": 37}, {"distance": 1.3333002323452248, "on_path": 0, "source": 12, "target": 33}, {"distance": 1.3535645827831093, "on_path": 0, "source": 13, "target": 20}, {"distance": 0.029998381111105265, "on_path": 1, "source": 13, "target": 42}, {"distance": 1.616995718456101, "on_path": 0, "source": 13, "target": 38}, {"distance": 0.8190915702264119, "on_path": 1, "source": 13, "target": 15}, {"distance": 1.1386343002008705, "on_path": 0, "source": 14, "target": 34}, {"distance": 0.23166634829829327, "on_path": 0, "source": 14, "target": 40}, {"distance": 1.2730112670291642, "on_path": 0, "source": 15, "target": 22}, {"distance": 0.5812820611165289, "on_path": 1, "source": 15, "target": 41}, {"distance": 0.47373727688684025, "on_path": 1, "source": 17, "target": 41}, {"distance": 0.0583030652258755, "on_path": 0, "source": 17, "target": 37}, {"distance": 1.4044644591331885, "on_path": 0, "source": 18, "target": 25}, {"distance": 0.4964965277394511, "on_path": 0, "source": 18, "target": 40}, {"distance": 1.1560372467984512, "on_path": 0, "source": 19, "target": 39}, {"distance": 1.7003538447883755, "on_path": 0, "source": 19, "target": 43}, {"distance": 1.4345299977662174, "on_path": 0, "source": 20, "target": 28}, {"distance": 0.8620899719933406, "on_path": 0, "source": 20, "target": 40}, {"distance": 1.54070214322812, "on_path": 0, "source": 20, "target": 31}, {"distance": 0.8964185201885225, "on_path": 0, "source": 20, "target": 32}, {"distance": 1.8649644025256635, "on_path": 0, "source": 21, "target": 29}, {"distance": 0.6810493483256427, "on_path": 0, "source": 21, "target": 31}, {"distance": 1.442424737139563, "on_path": 0, "source": 22, "target": 38}, {"distance": 0.9566075360846525, "on_path": 0, "source": 22, "target": 30}, {"distance": 0.9679576050502645, "on_path": 0, "source": 23, "target": 40}, {"distance": 1.1225160570851427, "on_path": 0, "source": 23, "target": 24}, {"distance": 0.09570258535789157, "on_path": 0, "source": 23, "target": 39}, {"distance": 0.9338805502448873, "on_path": 0, "source": 26, "target": 30}, {"distance": 1.8541522031272606, "on_path": 0, "source": 26, "target": 29}, {"distance": 0.36115718943646075, "on_path": 0, "source": 27, "target": 40}, {"distance": 0.5588690198641245, "on_path": 0, "source": 28, "target": 32}, {"distance": 1.076840785607888, "on_path": 0, "source": 28, "target": 31}, {"distance": 1.4025170043767208, "on_path": 0, "source": 29, "target": 34}, {"distance": 0.9378378672367469, "on_path": 0, "source": 29, "target": 30}, {"distance": 0.7399632873782264, "on_path": 0, "source": 30, "target": 41}, {"distance": 1.5378712920629565, "on_path": 0, "source": 31, "target": 39}, {"distance": 0.9559004842729205, "on_path": 0, "source": 32, "target": 43}, {"distance": 0.8298263888918375, "on_path": 0, "source": 33, "target": 40}, {"distance": 1.0402355945340918, "on_path": 0, "source": 33, "target": 35}, {"distance": 1.5094681132169594, "on_path": 0, "source": 34, "target": 43}, {"distance": 0.3737175429740048, "on_path": 1, "source": 35, "target": 42}, {"distance": 1.5873137619547577, "on_path": 0, "source": 38, "target": 42}]}