{"directed": false, "multigraph": false, "graph": {}, "nodes": [{"node_features": [0.0, 0.0], "id": 0}, {"node_features": [0.0, 0.0], "id": 1}, {"node_features": [0.0, 0.0], "id": 2}, {"node_features": [0.0, 0.0], "id": 3}, {"node_features": [0.0, 0.0], "id": 4}, {"node_features": [0.0, 0.0], "id": 5}, {"node_features": [0.0, 0.0], "id": 6}, {"node_features": [0.0, 0.0], "id": 7}, {"node_features": [0.0, 0.0], "id": 8}, {"node_features": [0.0, 0.0], "id": 9}, {"node_features": [0.0, 0.0], "id": 10}, {"node_features": [0.0, 0.0], "id": 11}, {"node_features": [0.0, 0.0], "id": 12}, {"node_features": [0.0, 0.0], "id": 13}, {"node_features": [0.0, 0.0], "id": 14}, {"node_features": [0.0, 1.0], "id": 15}, {"node_features": [0.0, 0.0], "id": 16}, {"node_features": [0.0, 0.0], "id": 17}, {"node_features": [0.0, 0.0], "id": 18}, {"node_features": [0.0, 0.0], "id": 19}, {"node_features": [0.0, 0.0], "id": 20}, {"node_features": [1.0, 0.0], "id": 21}, {"node_features": [0.0, 0.0], "id": 22}, {"node_features": [0.0, 0.0], "id": 23}], "links": [{"distance": 0.9613425340370163, "on_path": 0, "source": 0, "target": 7}, {"distance": 0.5594934175238306, "on_path": 0, "source": 0, "target": 1}, {"distance": 0.6042358543356235, "on_path": 0, "source": 0, "target": 14}, {"distance": 0.4531453964524186, "on_path": 0, "source": 1, "target": 4}, {"distance": 1.1679016872116978, "on_path": 0, "source": 1, "target": 22}, {"distance": 1.7196179063576245, "on_path": 0, "source": 1, "target": 12}, {"distance": 0.9880829628075148, "on_path": 0, "source": 2, "target": 9}, {"distance": 0.7255809618640626, "on_path": 0, "source": 2, "target": 7}, {"distance": 0.8852520143847258, "on_path": 0, "source": 2, "target": 8}, {"distance": 1.0270800136205487, "on_path": 0, "source": 2, "target": 12}, {"distance": 1.0750239010655518, "on_path": 0, "source": 2, "target": 13}, {"distance": 0.7883954033938153, "on_path": 0, "source": 3, "target": 7}, {"distance": 1.3958244884091255, "on_path": 0, "source": 3, "target": 19}, {"distance": 0.7383450347199079, "on_path": 0, "source": 3, "target": 18}, {"distance": 0.20457881823243398, "on_path": 0, "source": 3, "target": 23}, {"distance": 0.9038125447449039, "on_path": 0, "source": 4, "target": 23}, {"distance": 1.6624220592912438, "on_path": 0, "source": 4, "target": 5}, {"distance": 1.6973635100767162, "on_path": 0, "source": 4, "target": 7}, {"distance": 1.9535339725518763, "on_path": 0, "source": 5, "target": 19}, {"distance": 1.1395934036362108, "on_path": 0, "source": 5, "target": 9}, {"distance": 1.8420926008284892, "on_path": 0, "source": 6, "target": 9}, {"distance": 0.9944767561069637, "on_path": 0, "source": 6, "target": 19}, {"distance": 2.4786380556310528, "on_path": 0, "source": 6, "target": 15}, {"distance": 2.171063174755476, "on_path": 0, "source": 6, "target": 11}, {"distance": 0.9845232851326778, "on_path": 0, "source": 6, "target": 16}, {"distance": 1.6502017671801925, "on_path": 0, "source": 7, "target": 13}, {"distance": 1.1393512713417828, "on_path": 1, "source": 7, "target": 10}, {"distance": 1.2623747133615855, "on_path": 1, "source": 7, "target": 15}, {"distance": 1.396041975626867, "on_path": 0, "source": 8, "target": 18}, {"distance": 1.8369512106332553, "on_path": 0, "source": 8, "target": 19}, {"distance": 1.2899898744722222, "on_path": 0, "source": 9, "target": 17}, {"distance": 0.806423726250991, "on_path": 0, "source": 9, "target": 15}, {"distance": 1.7330062141013278, "on_path": 0, "source": 9, "target": 16}, {"distance": 1.3545182979324841, "on_path": 0, "source": 9, "target": 18}, {"distance": 1.1458956143822205, "on_path": 0, "source": 9, "target": 23}, {"distance": 1.6093620456043598, "on_path": 0, "source": 10, "target": 22}, {"distance": 0.25080045368351533, "on_path": 1, "source": 10, "target": 11}, {"distance": 1.7098817262259043, "on_path": 0, "source": 10, "target": 20}, {"distance": 0.6332539675518185, "on_path": 1, "source": 11, "target": 21}, {"distance": 1.6927455125519195, "on_path": 0, "source": 12, "target": 22}, {"distance": 0.5343177935801146, "on_path": 0, "source": 12, "target": 21}, {"distance": 0.9268248984762459, "on_path": 0, "source": 12, "target": 20}, {"distance": 0.838312524841394, "on_path": 0, "source": 13, "target": 22}, {"distance": 0.0665455448606459, "on_path": 0, "source": 14, "target": 17}, {"distance": 1.8886540511507957, "on_path": 0, "source": 14, "target": 15}, {"distance": 0.6033347588639085, "on_path": 0, "source": 16, "target": 17}, {"distance": 0.6278405964740367, "on_path": 0, "source": 17, "target": 23}, {"distance": 1.1586566617685214, "on_path": 0, "source": 21, "target": 22}]}