{"directed": false, "multigraph": false, "graph": {}, "nodes": [{"node_features": [0.0, 0.0], "id": 0}, {"node_features": [0.0, 0.0], "id": 1}, {"node_features": [0.0, 0.0], "id": 2}, {"node_features": [0.0, 0.0], "id": 3}, {"node_features": [0.0, 0.0], "id": 4}, {"node_features": [0.0, 0.0], "id": 5}, {"node_features": [0.0, 0.0], "id": 6}, {"node_features": [0.0, 0.0], "id": 7}, {"node_features": [0.0, 0.0], "id": 8}, {"node_features": [0.0, 0.0], "id": 9}, {"node_features": [0.0, 0.0], "id": 10}, {"node_features": [0.0, 0.0], "id": 11}, {"node_features": [0.0, 0.0], "id": 12}, {"node_features": [0.0, 0.0], "id": 13}, {"node_features": [0.0, 0.0], "id": 14}, {"node_features": [1.0, 0.0], "id": 15}, {"node_features": [0.0, 0.0], "id": 16}, {"node_features": [0.0, 1.0], "id": 17}, {"node_features": [0.0, 0.0], "id": 18}, {"node_features": [0.0, 0.0], "id": 19}], "links": [{"distance": 1.9392102035035783, "on_path": 0, "source": 0, "target": 11}, {"distance": 0.8702624724495677, "on_path": 0, "source": 0, "target": 4}, {"distance": 1.6567607688155066, "on_path": 0, "source": 0, "target": 9}, {"distance": 0.513414484738033, "on_path": 0, "source": 0, "target": 1}, {"distance": 1.0936765710487728, "on_path": 0, "source": 0, "target": 16}, {"distance": 2.05739747633061, "on_path": 0, "source": 1, "target": 11}, {"distance": 0.7268230334270591, "on_path": 0, "source": 1, "target": 18}, {"distance": 1.3480033309817827, "on_path": 0, "source": 1, "target": 17}, {"distance": 1.5290523002193805, "on_path": 0, "source": 2, "target": 19}, {"distance": 0.8968949977855877, "on_path": 0, "source": 2, "target": 7}, {"distance": 0.7821981151253463, "on_path": 0, "source": 2, "target": 8}, {"distance": 0.8198475400400987, "on_path": 0, "source": 2, "target": 18}, {"distance": 1.8457665569271915, "on_path": 0, "source": 3, "target": 7}, {"distance": 0.5731942607753743, "on_path": 0, "source": 3, "target": 9}, {"distance": 1.162104470227797, "on_path": 1, "source": 3, "target": 4}, {"distance": 1.12393303794241, "on_path": 0, "source": 3, "target": 14}, {"distance": 0.6017748989551667, "on_path": 1, "source": 3, "target": 15}, {"distance": 0.6335079803671877, "on_path": 1, "source": 4, "target": 18}, {"distance": 0.5002597631544253, "on_path": 0, "source": 5, "target": 18}, {"distance": 0.8722626631306014, "on_path": 0, "source": 5, "target": 17}, {"distance": 0.7294505501044231, "on_path": 0, "source": 5, "target": 12}, {"distance": 0.5217461408361883, "on_path": 0, "source": 6, "target": 14}, {"distance": 1.3146051892030903, "on_path": 0, "source": 6, "target": 15}, {"distance": 0.8532604170650562, "on_path": 0, "source": 6, "target": 10}, {"distance": 1.6282327272635155, "on_path": 0, "source": 6, "target": 11}, {"distance": 1.716763030226975, "on_path": 0, "source": 6, "target": 13}, {"distance": 0.8341635339719065, "on_path": 0, "source": 7, "target": 16}, {"distance": 1.266065669814561, "on_path": 0, "source": 7, "target": 17}, {"distance": 0.6086513863920814, "on_path": 0, "source": 8, "target": 16}, {"distance": 1.3511027632784098, "on_path": 0, "source": 9, "target": 14}, {"distance": 1.3534843223520754, "on_path": 0, "source": 9, "target": 16}, {"distance": 0.7818194160954409, "on_path": 0, "source": 10, "target": 18}, {"distance": 0.9598222950637604, "on_path": 0, "source": 10, "target": 19}, {"distance": 0.3570865920726364, "on_path": 0, "source": 10, "target": 14}, {"distance": 0.6378559091830363, "on_path": 0, "source": 11, "target": 15}, {"distance": 0.29841955500232636, "on_path": 0, "source": 12, "target": 17}, {"distance": 1.1984522444533128, "on_path": 0, "source": 12, "target": 13}, {"distance": 0.35522727574383767, "on_path": 0, "source": 12, "target": 18}, {"distance": 1.2889609718773956, "on_path": 0, "source": 14, "target": 19}, {"distance": 0.6265799420072686, "on_path": 1, "source": 17, "target": 18}]}