{"directed": false, "multigraph": false, "graph": {}, "nodes": [{"node_features": [0.0, 0.0], "id": 0}, {"node_features": [0.0, 0.0], "id": 1}, {"node_features": [0.0, 0.0], "id": 2}, {"node_features": [0.0, 0.0], "id": 3}, {"node_features": [0.0, 0.0], "id": 4}, {"node_features": [0.0, 0.0], "id": 5}, {"node_features": [0.0, 0.0], "id": 6}, {"node_features": [0.0, 0.0], "id": 7}, {"node_features": [0.0, 0.0], "id": 8}, {"node_features": [0.0, 0.0], "id": 9}, {"node_features": [0.0, 0.0], "id": 10}, {"node_features": [0.0, 0.0], "id": 11}, {"node_features": [0.0, 0.0], "id": 12}, {"node_features": [0.0, 0.0], "id": 13}, {"node_features": [0.0, 0.0], "id": 14}, {"node_features": [0.0, 0.0], "id": 15}, {"node_features": [0.0, 0.0], "id": 16}, {"node_features": [0.0, 0.0], "id": 17}, {"node_features": [0.0, 0.0], "id": 18}, {"node_features": [0.0, 0.0], "id": 19}, {"node_features": [0.0, 0.0], "id": 20}, {"node_features": [0.0, 0.0], "id": 21}, {"node_features": [0.0, 0.0], "id": 22}, {"node_features": [0.0, 0.0], "id": 23}, {"node_features": [0.0, 0.0], "id": 24}, {"node_features": [0.0, 0.0], "id": 25}, {"node_features": [0.0, 0.0], "id": 26}, {"node_features": [0.0, 0.0], "id": 27}, {"node_features": [0.0, 0.0], "id": 28}, {"node_features": [0.0, 0.0], "id": 29}, {"node_features": [0.0, 0.0], "id": 30}, {"node_features": [0.0, 0.0], "id": 31}, {"node_features": [0.0, 0.0], "id": 32}, {"node_features": [0.0, 0.0], "id": 33}, {"node_features": [0.0, 0.0], "id": 34}, {"node_features": [0.0, 0.0], "id": 35}, {"node_features": [0.0, 0.0], "id": 36}, {"node_features": [0.0, 1.0], "id": 37}, {"node_features": [0.0, 0.0], "id": 38}, {"node_features": [0.0, 0.0], "id": 39}, {"node_features": [0.0, 0.0], "id": 40}, {"node_features": [0.0, 0.0], "id": 41}, {"node_features": [0.0, 0.0], "id": 42}, {"node_features": [1.0, 0.0], "id": 43}, {"node_features": [0.0, 0.0], "id": 44}, {"node_features": [0.0, 0.0], "id": 45}], "links": [{"distance": 0.8981057680117593, "on_path": 0, "source": 0, "target": 29}, {"distance": 1.3151273809673836, "on_path": 0, "source": 0, "target": 35}, {"distance": 1.3270120616041474, "on_path": 0, "source": 0, "target": 5}, {"distance": 1.7539228784336465, "on_path": 0, "source": 1, "target": 44}, {"distance": 1.553549740188983, "on_path": 0, "source": 1, "target": 31}, {"distance": 1.5596129261723404, "on_path": 0, "source": 2, "target": 40}, {"distance": 2.0935050009656444, "on_path": 0, "source": 2, "target": 13}, {"distance": 0.8802975944884761, "on_path": 0, "source": 2, "target": 11}, {"distance": 1.2407292584214296, "on_path": 0, "source": 3, "target": 8}, {"distance": 1.1744160014877816, "on_path": 0, "source": 3, "target": 36}, {"distance": 1.0402096581697535, "on_path": 0, "source": 3, "target": 20}, {"distance": 1.6281043866216462, "on_path": 0, "source": 3, "target": 9}, {"distance": 1.1224524616193545, "on_path": 0, "source": 3, "target": 12}, {"distance": 1.406321413883845, "on_path": 0, "source": 4, "target": 22}, {"distance": 1.6446459137903962, "on_path": 0, "source": 4, "target": 44}, {"distance": 1.0335159705327222, "on_path": 0, "source": 5, "target": 17}, {"distance": 1.5497631997559111, "on_path": 0, "source": 5, "target": 19}, {"distance": 1.9090984657723453, "on_path": 0, "source": 5, "target": 10}, {"distance": 1.09973171860976, "on_path": 0, "source": 6, "target": 39}, {"distance": 0.7910379431638614, "on_path": 0, "source": 6, "target": 43}, {"distance": 1.182742558744241, "on_path": 0, "source": 6, "target": 9}, {"distance": 1.012203636882227, "on_path": 0, "source": 6, "target": 7}, {"distance": 1.5098494585135778, "on_path": 0, "source": 6, "target": 21}, {"distance": 1.274886513673669, "on_path": 0, "source": 7, "target": 13}, {"distance": 0.635930270699939, "on_path": 0, "source": 7, "target": 34}, {"distance": 0.5095376618236204, "on_path": 0, "source": 7, "target": 11}, {"distance": 0.14577446975463718, "on_path": 0, "source": 8, "target": 24}, {"distance": 0.9482910935407006, "on_path": 0, "source": 8, "target": 19}, {"distance": 0.1128084710044121, "on_path": 0, "source": 8, "target": 11}, {"distance": 1.5508486927510483, "on_path": 0, "source": 9, "target": 26}, {"distance": 1.4280997823873265, "on_path": 0, "source": 9, "target": 42}, {"distance": 0.649075504659701, "on_path": 0, "source": 10, "target": 36}, {"distance": 0.8222709359209667, "on_path": 0, "source": 11, "target": 38}, {"distance": 0.7315544356200727, "on_path": 0, "source": 11, "target": 29}, {"distance": 1.0993061729721478, "on_path": 0, "source": 11, "target": 30}, {"distance": 0.4124846644919664, "on_path": 0, "source": 12, "target": 33}, {"distance": 1.7473655300687045, "on_path": 0, "source": 12, "target": 30}, {"distance": 1.2350693732754388, "on_path": 0, "source": 13, "target": 41}, {"distance": 0.6483504715354781, "on_path": 0, "source": 13, "target": 14}, {"distance": 1.3173932045723429, "on_path": 0, "source": 13, "target": 22}, {"distance": 1.8050262400010624, "on_path": 0, "source": 14, "target": 29}, {"distance": 1.2082747604258812, "on_path": 0, "source": 14, "target": 45}, {"distance": 0.6680344474074136, "on_path": 0, "source": 14, "target": 26}, {"distance": 1.051154695347766, "on_path": 0, "source": 15, "target": 30}, {"distance": 1.192544541733483, "on_path": 0, "source": 15, "target": 20}, {"distance": 1.1953187455548755, "on_path": 0, "source": 15, "target": 43}, {"distance": 1.4811637687719994, "on_path": 0, "source": 16, "target": 32}, {"distance": 0.47245869776584837, "on_path": 0, "source": 16, "target": 26}, {"distance": 1.2265451702756338, "on_path": 0, "source": 17, "target": 30}, {"distance": 0.7793975724630431, "on_path": 1, "source": 17, "target": 37}, {"distance": 1.3282778286270533, "on_path": 1, "source": 17, "target": 28}, {"distance": 0.491274748970075, "on_path": 0, "source": 17, "target": 40}, {"distance": 1.3515670694576638, "on_path": 0, "source": 18, "target": 23}, {"distance": 0.7849728789144879, "on_path": 0, "source": 18, "target": 38}, {"distance": 0.4098191478625786, "on_path": 0, "source": 18, "target": 39}, {"distance": 0.9463066735210561, "on_path": 0, "source": 18, "target": 45}, {"distance": 0.6927881243101768, "on_path": 0, "source": 19, "target": 37}, {"distance": 0.8673727895960697, "on_path": 0, "source": 20, "target": 24}, {"distance": 0.48943584346993485, "on_path": 0, "source": 20, "target": 33}, {"distance": 1.9176565380057462, "on_path": 0, "source": 20, "target": 30}, {"distance": 0.3987605235915919, "on_path": 0, "source": 21, "target": 26}, {"distance": 0.7774610549843635, "on_path": 0, "source": 21, "target": 24}, {"distance": 1.644604097983266, "on_path": 0, "source": 21, "target": 42}, {"distance": 1.178189013295838, "on_path": 0, "source": 22, "target": 39}, {"distance": 1.6205209674791732, "on_path": 0, "source": 23, "target": 45}, {"distance": 1.0243766679531912, "on_path": 0, "source": 23, "target": 40}, {"distance": 0.7063526744300153, "on_path": 0, "source": 23, "target": 41}, {"distance": 0.9446993836248695, "on_path": 0, "source": 24, "target": 29}, {"distance": 0.7394819263375706, "on_path": 0, "source": 24, "target": 31}, {"distance": 0.9252715868844998, "on_path": 0, "source": 24, "target": 34}, {"distance": 0.07270922106942057, "on_path": 0, "source": 24, "target": 36}, {"distance": 0.7431157373319803, "on_path": 0, "source": 25, "target": 45}, {"distance": 1.6987720638047394, "on_path": 0, "source": 25, "target": 43}, {"distance": 1.3999334503908716, "on_path": 0, "source": 26, "target": 30}, {"distance": 1.6493127822101263, "on_path": 0, "source": 26, "target": 32}, {"distance": 0.32453069693881437, "on_path": 0, "source": 26, "target": 34}, {"distance": 1.3113140082709245, "on_path": 0, "source": 26, "target": 39}, {"distance": 0.8671509083662712, "on_path": 0, "source": 26, "target": 41}, {"distance": 0.611316884425831, "on_path": 0, "source": 27, "target": 40}, {"distance": 0.31461788322252593, "on_path": 0, "source": 27, "target": 39}, {"distance": 0.08986670723562125, "on_path": 1, "source": 28, "target": 32}, {"distance": 1.8180605041681255, "on_path": 0, "source": 28, "target": 40}, {"distance": 0.9138009911762357, "on_path": 0, "source": 29, "target": 38}, {"distance": 0.5724808614385455, "on_path": 0, "source": 30, "target": 37}, {"distance": 1.304188070819717, "on_path": 0, "source": 31, "target": 42}, {"distance": 0.6741549720848515, "on_path": 0, "source": 31, "target": 38}, {"distance": 0.7913537238592144, "on_path": 0, "source": 31, "target": 45}, {"distance": 0.5808384191439921, "on_path": 1, "source": 32, "target": 43}, {"distance": 1.5567758206527813, "on_path": 0, "source": 32, "target": 33}, {"distance": 2.119027071499171, "on_path": 0, "source": 35, "target": 42}, {"distance": 1.5373632066476515, "on_path": 0, "source": 38, "target": 44}, {"distance": 1.7040035241473097, "on_path": 0, "source": 43, "target": 44}]}