{"directed": false, "multigraph": false, "graph": {}, "nodes": [{"node_features": [0.0, 0.0], "id": 0}, {"node_features": [0.0, 0.0], "id": 1}, {"node_features": [0.0, 0.0], "id": 2}, {"node_features": [0.0, 0.0], "id": 3}, {"node_features": [0.0, 0.0], "id": 4}, {"node_features": [0.0, 0.0], "id": 5}, {"node_features": [0.0, 0.0], "id": 6}, {"node_features": [0.0, 0.0], "id": 7}, {"node_features": [0.0, 0.0], "id": 8}, {"node_features": [0.0, 0.0], "id": 9}, {"node_features": [0.0, 0.0], "id": 10}, {"node_features": [0.0, 0.0], "id": 11}, {"node_features": [0.0, 0.0], "id": 12}, {"node_features": [0.0, 0.0], "id": 13}, {"node_features": [0.0, 0.0], "id": 14}, {"node_features": [0.0, 0.0], "id": 15}, {"node_features": [0.0, 0.0], "id": 16}, {"node_features": [0.0, 1.0], "id": 17}, {"node_features": [0.0, 0.0], "id": 18}, {"node_features": [0.0, 0.0], "id": 19}, {"node_features": [0.0, 0.0], "id": 20}, {"node_features": [0.0, 0.0], "id": 21}, {"node_features": [1.0, 0.0], "id": 22}], "links": [{"distance": 1.0915875507086297, "on_path": 0, "source": 0, "target": 13}, {"distance": 1.7820842318539476, "on_path": 0, "source": 0, "target": 11}, {"distance": 0.9031514852839456, "on_path": 0, "source": 0, "target": 20}, {"distance": 0.7563985147856019, "on_path": 0, "source": 0, "target": 6}, {"distance": 1.784108136667871, "on_path": 0, "source": 1, "target": 6}, {"distance": 1.7228547123081983, "on_path": 0, "source": 1, "target": 5}, {"distance": 1.7164527111099925, "on_path": 0, "source": 1, "target": 12}, {"distance": 0.3263645496815884, "on_path": 0, "source": 1, "target": 18}, {"distance": 0.8791586398504948, "on_path": 0, "source": 2, "target": 8}, {"distance": 1.4543306972365506, "on_path": 0, "source": 2, "target": 17}, {"distance": 0.6337961618676107, "on_path": 0, "source": 3, "target": 21}, {"distance": 0.49017291606711494, "on_path": 0, "source": 3, "target": 7}, {"distance": 1.5420049696781126, "on_path": 0, "source": 4, "target": 21}, {"distance": 0.4711602882327863, "on_path": 0, "source": 4, "target": 7}, {"distance": 1.3504364849043484, "on_path": 0, "source": 4, "target": 5}, {"distance": 0.4285183682813244, "on_path": 0, "source": 4, "target": 14}, {"distance": 0.8874523168466507, "on_path": 0, "source": 5, "target": 7}, {"distance": 1.8146456878531554, "on_path": 0, "source": 6, "target": 22}, {"distance": 1.2994643653771019, "on_path": 0, "source": 6, "target": 7}, {"distance": 1.544656419612005, "on_path": 0, "source": 6, "target": 19}, {"distance": 1.1507976954337482, "on_path": 0, "source": 7, "target": 16}, {"distance": 0.6066664199382592, "on_path": 0, "source": 8, "target": 12}, {"distance": 1.660531150548507, "on_path": 1, "source": 8, "target": 17}, {"distance": 1.7565927193571131, "on_path": 0, "source": 8, "target": 15}, {"distance": 1.736893161901214, "on_path": 0, "source": 8, "target": 10}, {"distance": 0.5373378573523101, "on_path": 1, "source": 8, "target": 20}, {"distance": 0.18792923492096938, "on_path": 0, "source": 9, "target": 19}, {"distance": 1.455977911990622, "on_path": 0, "source": 9, "target": 12}, {"distance": 1.4746507866603755, "on_path": 0, "source": 9, "target": 13}, {"distance": 0.3981786302716161, "on_path": 0, "source": 10, "target": 19}, {"distance": 1.7488814585253867, "on_path": 0, "source": 10, "target": 13}, {"distance": 0.010800012046947215, "on_path": 0, "source": 10, "target": 16}, {"distance": 0.5491320884281702, "on_path": 0, "source": 10, "target": 18}, {"distance": 0.7550316912838598, "on_path": 0, "source": 11, "target": 19}, {"distance": 1.9194481065543678, "on_path": 0, "source": 11, "target": 15}, {"distance": 1.472662049655635, "on_path": 0, "source": 11, "target": 17}, {"distance": 0.2440637347942154, "on_path": 0, "source": 12, "target": 21}, {"distance": 1.4730864355504214, "on_path": 0, "source": 12, "target": 19}, {"distance": 0.4160439044496685, "on_path": 1, "source": 13, "target": 20}, {"distance": 1.7158744915189381, "on_path": 1, "source": 13, "target": 22}, {"distance": 1.2234959411269035, "on_path": 0, "source": 14, "target": 20}, {"distance": 1.8097696563398986, "on_path": 0, "source": 14, "target": 15}, {"distance": 1.4739874733027984, "on_path": 0, "source": 15, "target": 19}, {"distance": 1.6621609702987539, "on_path": 0, "source": 15, "target": 22}, {"distance": 1.1500623189475923, "on_path": 0, "source": 17, "target": 21}, {"distance": 0.2816062765426695, "on_path": 0, "source": 18, "target": 19}]}