{"directed": false, "multigraph": false, "graph": {}, "nodes": [{"node_features": [0.0, 0.0], "id": 0}, {"node_features": [0.0, 0.0], "id": 1}, {"node_features": [0.0, 0.0], "id": 2}, {"node_features": [0.0, 1.0], "id": 3}, {"node_features": [0.0, 0.0], "id": 4}, {"node_features": [0.0, 0.0], "id": 5}, {"node_features": [0.0, 0.0], "id": 6}, {"node_features": [0.0, 0.0], "id": 7}, {"node_features": [0.0, 0.0], "id": 8}, {"node_features": [0.0, 0.0], "id": 9}, {"node_features": [0.0, 0.0], "id": 10}, {"node_features": [0.0, 0.0], "id": 11}, {"node_features": [0.0, 0.0], "id": 12}, {"node_features": [0.0, 0.0], "id": 13}, {"node_features": [0.0, 0.0], "id": 14}, {"node_features": [0.0, 0.0], "id": 15}, {"node_features": [1.0, 0.0], "id": 16}, {"node_features": [0.0, 0.0], "id": 17}, {"node_features": [0.0, 0.0], "id": 18}, {"node_features": [0.0, 0.0], "id": 19}, {"node_features": [0.0, 0.0], "id": 20}, {"node_features": [0.0, 0.0], "id": 21}, {"node_features": [0.0, 0.0], "id": 22}, {"node_features": [0.0, 0.0], "id": 23}, {"node_features": [0.0, 0.0], "id": 24}, {"node_features": [0.0, 0.0], "id": 25}, {"node_features": [0.0, 0.0], "id": 26}, {"node_features": [0.0, 0.0], "id": 27}, {"node_features": [0.0, 0.0], "id": 28}, {"node_features": [0.0, 0.0], "id": 29}, {"node_features": [0.0, 0.0], "id": 30}, {"node_features": [0.0, 0.0], "id": 31}, {"node_features": [0.0, 0.0], "id": 32}, {"node_features": [0.0, 0.0], "id": 33}, {"node_features": [0.0, 0.0], "id": 34}, {"node_features": [0.0, 0.0], "id": 35}, {"node_features": [0.0, 0.0], "id": 36}, {"node_features": [0.0, 0.0], "id": 37}, {"node_features": [0.0, 0.0], "id": 38}, {"node_features": [0.0, 0.0], "id": 39}], "links": [{"distance": 0.26502735887078854, "on_path": 0, "source": 0, "target": 19}, {"distance": 0.47031775208217386, "on_path": 0, "source": 0, "target": 24}, {"distance": 0.3716509340960407, "on_path": 0, "source": 0, "target": 7}, {"distance": 1.1412071329045037, "on_path": 0, "source": 1, "target": 23}, {"distance": 1.2301261149973712, "on_path": 0, "source": 1, "target": 22}, {"distance": 0.9123985582054797, "on_path": 0, "source": 1, "target": 24}, {"distance": 0.2228997106308071, "on_path": 0, "source": 1, "target": 6}, {"distance": 1.3060755787237168, "on_path": 0, "source": 1, "target": 11}, {"distance": 1.622455242664612, "on_path": 0, "source": 2, "target": 27}, {"distance": 0.6619611298325995, "on_path": 0, "source": 2, "target": 38}, {"distance": 1.6831958658396309, "on_path": 0, "source": 2, "target": 39}, {"distance": 2.365749332559987, "on_path": 0, "source": 3, "target": 32}, {"distance": 0.994538555211876, "on_path": 1, "source": 3, "target": 7}, {"distance": 1.2674772618506056, "on_path": 0, "source": 3, "target": 11}, {"distance": 1.648461850595652, "on_path": 0, "source": 3, "target": 33}, {"distance": 1.8094680302285928, "on_path": 0, "source": 3, "target": 34}, {"distance": 1.7044820404097099, "on_path": 0, "source": 3, "target": 21}, {"distance": 1.0733932256823409, "on_path": 0, "source": 3, "target": 15}, {"distance": 1.1490220297651401, "on_path": 0, "source": 4, "target": 17}, {"distance": 1.3952748903221315, "on_path": 0, "source": 4, "target": 14}, {"distance": 1.1240402986620819, "on_path": 0, "source": 4, "target": 19}, {"distance": 1.016355932532431, "on_path": 0, "source": 5, "target": 21}, {"distance": 1.8285502662172402, "on_path": 0, "source": 5, "target": 8}, {"distance": 1.7502182718957484, "on_path": 0, "source": 5, "target": 26}, {"distance": 1.233712530063805, "on_path": 0, "source": 5, "target": 19}, {"distance": 1.3832884419550244, "on_path": 0, "source": 5, "target": 22}, {"distance": 1.0686538766307407, "on_path": 0, "source": 6, "target": 26}, {"distance": 1.2930200240087284, "on_path": 0, "source": 6, "target": 20}, {"distance": 0.9765287494941642, "on_path": 0, "source": 7, "target": 31}, {"distance": 1.5458864182875351, "on_path": 0, "source": 7, "target": 15}, {"distance": 1.101168222482273, "on_path": 1, "source": 7, "target": 8}, {"distance": 1.0270513141520476, "on_path": 0, "source": 8, "target": 9}, {"distance": 0.5656402300212336, "on_path": 1, "source": 8, "target": 20}, {"distance": 1.5253682357317107, "on_path": 0, "source": 8, "target": 25}, {"distance": 0.2531354379564358, "on_path": 0, "source": 9, "target": 13}, {"distance": 0.45026042951476863, "on_path": 0, "source": 9, "target": 23}, {"distance": 0.8079616145339215, "on_path": 0, "source": 10, "target": 25}, {"distance": 1.1514582497806392, "on_path": 0, "source": 10, "target": 29}, {"distance": 1.2625787731135205, "on_path": 0, "source": 10, "target": 28}, {"distance": 0.9782306117209406, "on_path": 0, "source": 11, "target": 13}, {"distance": 1.1458881852630052, "on_path": 0, "source": 11, "target": 17}, {"distance": 1.9584383724886738, "on_path": 0, "source": 12, "target": 33}, {"distance": 1.1879310223959225, "on_path": 0, "source": 12, "target": 17}, {"distance": 0.5866865626023166, "on_path": 0, "source": 12, "target": 27}, {"distance": 1.9848206468961924, "on_path": 0, "source": 12, "target": 32}, {"distance": 0.8903684866421644, "on_path": 0, "source": 13, "target": 39}, {"distance": 0.6226392848837187, "on_path": 0, "source": 14, "target": 33}, {"distance": 1.2787095602985594, "on_path": 0, "source": 14, "target": 37}, {"distance": 2.0149237794899886, "on_path": 0, "source": 15, "target": 30}, {"distance": 1.9137991681411037, "on_path": 0, "source": 15, "target": 18}, {"distance": 0.6810992587297081, "on_path": 1, "source": 16, "target": 39}, {"distance": 2.558390339087425, "on_path": 0, "source": 16, "target": 30}, {"distance": 1.9817989358108778, "on_path": 0, "source": 16, "target": 31}, {"distance": 0.8484937754717599, "on_path": 0, "source": 16, "target": 23}, {"distance": 1.3612312461961102, "on_path": 0, "source": 16, "target": 38}, {"distance": 1.1589694435144002, "on_path": 0, "source": 18, "target": 19}, {"distance": 0.3478722695098476, "on_path": 0, "source": 18, "target": 37}, {"distance": 1.9594731373233614, "on_path": 0, "source": 18, "target": 27}, {"distance": 0.30817637739892706, "on_path": 0, "source": 19, "target": 36}, {"distance": 0.8329192540385466, "on_path": 0, "source": 20, "target": 28}, {"distance": 0.21367830778499378, "on_path": 1, "source": 20, "target": 39}, {"distance": 1.4479787310210832, "on_path": 0, "source": 21, "target": 28}, {"distance": 0.5780446475826407, "on_path": 0, "source": 21, "target": 25}, {"distance": 0.8354300561278739, "on_path": 0, "source": 21, "target": 37}, {"distance": 0.4861405613700685, "on_path": 0, "source": 21, "target": 31}, {"distance": 1.6986259399246733, "on_path": 0, "source": 22, "target": 32}, {"distance": 0.456299477932435, "on_path": 0, "source": 23, "target": 27}, {"distance": 1.1841478003581243, "on_path": 0, "source": 24, "target": 37}, {"distance": 0.7341147486699536, "on_path": 0, "source": 25, "target": 38}, {"distance": 1.5084643010884116, "on_path": 0, "source": 26, "target": 37}, {"distance": 1.7862278386327548, "on_path": 0, "source": 27, "target": 29}, {"distance": 1.476141417735208, "on_path": 0, "source": 27, "target": 34}, {"distance": 1.3189963030252925, "on_path": 0, "source": 28, "target": 37}, {"distance": 0.8984809282878299, "on_path": 0, "source": 29, "target": 38}, {"distance": 2.0895457087382328, "on_path": 0, "source": 30, "target": 39}, {"distance": 1.6771504837253832, "on_path": 0, "source": 30, "target": 36}, {"distance": 0.5591592057600738, "on_path": 0, "source": 32, "target": 35}, {"distance": 1.6793909602817143, "on_path": 0, "source": 33, "target": 37}, {"distance": 0.7180970161191154, "on_path": 0, "source": 33, "target": 36}, {"distance": 0.6074204589031202, "on_path": 0, "source": 35, "target": 38}]}