{"directed": false, "multigraph": false, "graph": {}, "nodes": [{"node_features": [0.0, 0.0], "id": 0}, {"node_features": [0.0, 0.0], "id": 1}, {"node_features": [0.0, 0.0], "id": 2}, {"node_features": [0.0, 0.0], "id": 3}, {"node_features": [0.0, 0.0], "id": 4}, {"node_features": [0.0, 0.0], "id": 5}, {"node_features": [0.0, 0.0], "id": 6}, {"node_features": [0.0, 0.0], "id": 7}, {"node_features": [0.0, 0.0], "id": 8}, {"node_features": [0.0, 0.0], "id": 9}, {"node_features": [0.0, 0.0], "id": 10}, {"node_features": [0.0, 0.0], "id": 11}, {"node_features": [0.0, 0.0], "id": 12}, {"node_features": [0.0, 0.0], "id": 13}, {"node_features": [0.0, 0.0], "id": 14}, {"node_features": [0.0, 0.0], "id": 15}, {"node_features": [0.0, 0.0], "id": 16}, {"node_features": [0.0, 0.0], "id": 17}, {"node_features": [0.0, 0.0], "id": 18}, {"node_features": [0.0, 0.0], "id": 19}, {"node_features": [0.0, 0.0], "id": 20}, {"node_features": [0.0, 0.0], "id": 21}, {"node_features": [0.0, 0.0], "id": 22}, {"node_features": [0.0, 0.0], "id": 23}, {"node_features": [0.0, 1.0], "id": 24}, {"node_features": [0.0, 0.0], "id": 25}, {"node_features": [0.0, 0.0], "id": 26}, {"node_features": [0.0, 0.0], "id": 27}, {"node_features": [0.0, 0.0], "id": 28}, {"node_features": [0.0, 0.0], "id": 29}, {"node_features": [0.0, 0.0], "id": 30}, {"node_features": [0.0, 0.0], "id": 31}, {"node_features": [0.0, 0.0], "id": 32}, {"node_features": [0.0, 0.0], "id": 33}, {"node_features": [0.0, 0.0], "id": 34}, {"node_features": [0.0, 0.0], "id": 35}, {"node_features": [1.0, 0.0], "id": 36}, {"node_features": [0.0, 0.0], "id": 37}, {"node_features": [0.0, 0.0], "id": 38}, {"node_features": [0.0, 0.0], "id": 39}, {"node_features": [0.0, 0.0], "id": 40}, {"node_features": [0.0, 0.0], "id": 41}, {"node_features": [0.0, 0.0], "id": 42}, {"node_features": [0.0, 0.0], "id": 43}, {"node_features": [0.0, 0.0], "id": 44}, {"node_features": [0.0, 0.0], "id": 45}, {"node_features": [0.0, 0.0], "id": 46}, {"node_features": [0.0, 0.0], "id": 47}, {"node_features": [0.0, 0.0], "id": 48}], "links": [{"distance": 1.3990255965204672, "on_path": 0, "source": 0, "target": 44}, {"distance": 1.2387716575764753, "on_path": 0, "source": 0, "target": 28}, {"distance": 0.48419109844961705, "on_path": 0, "source": 0, "target": 33}, {"distance": 1.537494683592165, "on_path": 0, "source": 0, "target": 39}, {"distance": 1.0493724522889956, "on_path": 0, "source": 0, "target": 43}, {"distance": 0.6517629841744172, "on_path": 0, "source": 1, "target": 23}, {"distance": 0.6615325799794846, "on_path": 0, "source": 1, "target": 7}, {"distance": 0.8928064736139881, "on_path": 0, "source": 1, "target": 2}, {"distance": 0.666293148316487, "on_path": 0, "source": 1, "target": 22}, {"distance": 1.0234882858855805, "on_path": 0, "source": 1, "target": 34}, {"distance": 0.8324194637080534, "on_path": 0, "source": 2, "target": 20}, {"distance": 0.8703466679797415, "on_path": 0, "source": 2, "target": 18}, {"distance": 1.0635797134893665, "on_path": 0, "source": 2, "target": 10}, {"distance": 0.4276993148366878, "on_path": 0, "source": 3, "target": 9}, {"distance": 1.149430826061346, "on_path": 0, "source": 3, "target": 26}, {"distance": 0.6572512050724446, "on_path": 0, "source": 3, "target": 21}, {"distance": 0.8519467124185245, "on_path": 0, "source": 4, "target": 40}, {"distance": 0.5527703961782257, "on_path": 0, "source": 4, "target": 33}, {"distance": 0.7194445305627747, "on_path": 0, "source": 4, "target": 32}, {"distance": 0.4079696702323943, "on_path": 0, "source": 4, "target": 7}, {"distance": 0.2521854716322507, "on_path": 0, "source": 4, "target": 23}, {"distance": 1.12167023985683, "on_path": 0, "source": 4, "target": 35}, {"distance": 1.6272507288719271, "on_path": 0, "source": 5, "target": 17}, {"distance": 0.36573621222387304, "on_path": 0, "source": 5, "target": 19}, {"distance": 0.7059944539081812, "on_path": 0, "source": 5, "target": 45}, {"distance": 1.5400268874060847, "on_path": 0, "source": 5, "target": 20}, {"distance": 0.2398167309687293, "on_path": 0, "source": 6, "target": 12}, {"distance": 0.6261668464062309, "on_path": 0, "source": 6, "target": 17}, {"distance": 0.9855167537646603, "on_path": 0, "source": 6, "target": 29}, {"distance": 1.8237477038495271, "on_path": 0, "source": 6, "target": 31}, {"distance": 0.5744287528431512, "on_path": 0, "source": 6, "target": 37}, {"distance": 0.09415014005327747, "on_path": 0, "source": 7, "target": 22}, {"distance": 0.6361952537747584, "on_path": 0, "source": 7, "target": 37}, {"distance": 0.41794866686972276, "on_path": 0, "source": 7, "target": 30}, {"distance": 1.9729252206341417, "on_path": 0, "source": 8, "target": 26}, {"distance": 0.31458783419753955, "on_path": 0, "source": 8, "target": 34}, {"distance": 1.3787147168027438, "on_path": 0, "source": 8, "target": 25}, {"distance": 1.920468544626389, "on_path": 0, "source": 8, "target": 46}, {"distance": 0.8872710042767653, "on_path": 0, "source": 9, "target": 29}, {"distance": 0.4804845692713373, "on_path": 1, "source": 9, "target": 36}, {"distance": 1.145462472003053, "on_path": 1, "source": 9, "target": 41}, {"distance": 1.351127916598873, "on_path": 0, "source": 10, "target": 34}, {"distance": 0.22697233855785692, "on_path": 0, "source": 10, "target": 27}, {"distance": 0.9139375670780738, "on_path": 0, "source": 10, "target": 18}, {"distance": 1.7232104529037615, "on_path": 0, "source": 11, "target": 44}, {"distance": 1.9469001964523702, "on_path": 0, "source": 11, "target": 16}, {"distance": 1.1268839032171865, "on_path": 0, "source": 11, "target": 22}, {"distance": 0.8254535107327102, "on_path": 0, "source": 11, "target": 12}, {"distance": 1.2122748373622827, "on_path": 0, "source": 12, "target": 21}, {"distance": 1.9607529295582264, "on_path": 0, "source": 12, "target": 44}, {"distance": 1.9156922292758187, "on_path": 0, "source": 12, "target": 25}, {"distance": 2.3097520997455923, "on_path": 0, "source": 12, "target": 16}, {"distance": 1.1710601102444134, "on_path": 0, "source": 13, "target": 43}, {"distance": 1.4309307398770408, "on_path": 0, "source": 13, "target": 37}, {"distance": 1.041877283450985, "on_path": 0, "source": 13, "target": 14}, {"distance": 0.5476559999973274, "on_path": 0, "source": 13, "target": 44}, {"distance": 1.0734091698190669, "on_path": 0, "source": 14, "target": 39}, {"distance": 0.5822550224223936, "on_path": 0, "source": 15, "target": 44}, {"distance": 0.7157673211526431, "on_path": 0, "source": 15, "target": 25}, {"distance": 1.3710851515894347, "on_path": 0, "source": 15, "target": 26}, {"distance": 1.6224531857287399, "on_path": 0, "source": 16, "target": 34}, {"distance": 1.601452717517957, "on_path": 0, "source": 16, "target": 20}, {"distance": 0.633141706242002, "on_path": 0, "source": 17, "target": 34}, {"distance": 0.8706093258973107, "on_path": 0, "source": 18, "target": 25}, {"distance": 0.7423554100183736, "on_path": 0, "source": 18, "target": 31}, {"distance": 1.12318798545001, "on_path": 0, "source": 18, "target": 40}, {"distance": 1.4659774073674232, "on_path": 0, "source": 19, "target": 34}, {"distance": 0.4968541865093725, "on_path": 0, "source": 19, "target": 24}, {"distance": 0.5317063360932722, "on_path": 0, "source": 20, "target": 23}, {"distance": 1.0618641777971423, "on_path": 0, "source": 21, "target": 29}, {"distance": 1.3902696475694112, "on_path": 0, "source": 21, "target": 32}, {"distance": 1.2481954532370918, "on_path": 0, "source": 21, "target": 47}, {"distance": 0.7860124824483746, "on_path": 0, "source": 23, "target": 37}, {"distance": 0.6317776583378247, "on_path": 0, "source": 23, "target": 31}, {"distance": 0.6886227574499901, "on_path": 0, "source": 23, "target": 39}, {"distance": 1.3181899256610092, "on_path": 1, "source": 24, "target": 33}, {"distance": 0.8739592787188505, "on_path": 0, "source": 25, "target": 42}, {"distance": 1.0742161757582045, "on_path": 0, "source": 25, "target": 48}, {"distance": 1.5017367528954157, "on_path": 0, "source": 26, "target": 33}, {"distance": 1.6186451854331652, "on_path": 0, "source": 27, "target": 40}, {"distance": 2.285708098216564, "on_path": 0, "source": 27, "target": 35}, {"distance": 1.1065013149672278, "on_path": 0, "source": 27, "target": 29}, {"distance": 0.4112355825819096, "on_path": 0, "source": 27, "target": 36}, {"distance": 1.2613098719442766, "on_path": 0, "source": 28, "target": 32}, {"distance": 1.5686200922785134, "on_path": 0, "source": 28, "target": 38}, {"distance": 1.4196424469502678, "on_path": 0, "source": 28, "target": 35}, {"distance": 1.4354874832003823, "on_path": 0, "source": 29, "target": 48}, {"distance": 0.6847627162586363, "on_path": 0, "source": 30, "target": 34}, {"distance": 0.8833564683790962, "on_path": 0, "source": 32, "target": 35}, {"distance": 0.2885276881147376, "on_path": 1, "source": 33, "target": 41}, {"distance": 1.2478659004087747, "on_path": 0, "source": 34, "target": 42}, {"distance": 1.9169049788607764, "on_path": 0, "source": 35, "target": 38}, {"distance": 1.7060417298571604, "on_path": 0, "source": 36, "target": 43}, {"distance": 0.7406002594283888, "on_path": 0, "source": 37, "target": 41}, {"distance": 1.571837468206797, "on_path": 0, "source": 38, "target": 42}, {"distance": 1.7541132114887, "on_path": 0, "source": 41, "target": 46}, {"distance": 0.5281349310721789, "on_path": 0, "source": 41, "target": 45}, {"distance": 1.6484004419752263, "on_path": 0, "source": 46, "target": 47}]}