{"directed": false, "multigraph": false, "graph": {}, "nodes": [{"node_features": [0.0, 0.0], "id": 0}, {"node_features": [0.0, 0.0], "id": 1}, {"node_features": [0.0, 0.0], "id": 2}, {"node_features": [0.0, 0.0], "id": 3}, {"node_features": [0.0, 0.0], "id": 4}, {"node_features": [0.0, 0.0], "id": 5}, {"node_features": [0.0, 0.0], "id": 6}, {"node_features": [0.0, 0.0], "id": 7}, {"node_features": [0.0, 0.0], "id": 8}, {"node_features": [0.0, 0.0], "id": 9}, {"node_features": [0.0, 0.0], "id": 10}, {"node_features": [0.0, 0.0], "id": 11}, {"node_features": [0.0, 0.0], "id": 12}, {"node_features": [0.0, 0.0], "id": 13}, {"node_features": [0.0, 0.0], "id": 14}, {"node_features": [0.0, 0.0], "id": 15}, {"node_features": [0.0, 0.0], "id": 16}, {"node_features": [0.0, 0.0], "id": 17}, {"node_features": [0.0, 0.0], "id": 18}, {"node_features": [0.0, 0.0], "id": 19}, {"node_features": [0.0, 0.0], "id": 20}, {"node_features": [0.0, 0.0], "id": 21}, {"node_features": [0.0, 0.0], "id": 22}, {"node_features": [0.0, 0.0], "id": 23}, {"node_features": [0.0, 0.0], "id": 24}, {"node_features": [0.0, 0.0], "id": 25}, {"node_features": [0.0, 1.0], "id": 26}, {"node_features": [1.0, 0.0], "id": 27}, {"node_features": [0.0, 0.0], "id": 28}], "links": [{"distance": 0.3908247620748385, "on_path": 0, "source": 0, "target": 3}, {"distance": 1.242993378798277, "on_path": 0, "source": 0, "target": 1}, {"distance": 0.4675820148561772, "on_path": 0, "source": 0, "target": 9}, {"distance": 0.25996474673923037, "on_path": 0, "source": 0, "target": 23}, {"distance": 1.113696841850684, "on_path": 0, "source": 1, "target": 2}, {"distance": 0.3957986907946812, "on_path": 0, "source": 1, "target": 10}, {"distance": 0.9433777365934107, "on_path": 0, "source": 2, "target": 3}, {"distance": 0.5133918084855409, "on_path": 0, "source": 3, "target": 25}, {"distance": 1.4525085613751365, "on_path": 0, "source": 3, "target": 24}, {"distance": 0.4133122487233966, "on_path": 0, "source": 4, "target": 25}, {"distance": 0.3609811815490123, "on_path": 0, "source": 4, "target": 11}, {"distance": 0.8885564318630875, "on_path": 0, "source": 4, "target": 20}, {"distance": 0.8934765184750063, "on_path": 0, "source": 4, "target": 10}, {"distance": 0.8389492355551915, "on_path": 0, "source": 5, "target": 22}, {"distance": 0.4903057208522897, "on_path": 0, "source": 5, "target": 15}, {"distance": 1.1505110261651503, "on_path": 0, "source": 5, "target": 10}, {"distance": 0.8133047617869275, "on_path": 0, "source": 5, "target": 8}, {"distance": 0.9194696863155091, "on_path": 0, "source": 5, "target": 24}, {"distance": 0.6590753093382795, "on_path": 0, "source": 6, "target": 19}, {"distance": 0.8522039427001319, "on_path": 0, "source": 6, "target": 11}, {"distance": 0.5333326699239317, "on_path": 0, "source": 6, "target": 21}, {"distance": 0.853230830204695, "on_path": 0, "source": 7, "target": 20}, {"distance": 0.46552316438768054, "on_path": 0, "source": 7, "target": 19}, {"distance": 0.13075598631527766, "on_path": 0, "source": 7, "target": 15}, {"distance": 0.7694289646286433, "on_path": 0, "source": 8, "target": 17}, {"distance": 0.681721083359263, "on_path": 0, "source": 8, "target": 23}, {"distance": 1.0661224472259108, "on_path": 0, "source": 8, "target": 27}, {"distance": 0.4257778614495547, "on_path": 0, "source": 9, "target": 22}, {"distance": 0.3809273324800538, "on_path": 0, "source": 9, "target": 14}, {"distance": 0.44160836674653, "on_path": 0, "source": 9, "target": 19}, {"distance": 0.15311416929864333, "on_path": 0, "source": 9, "target": 25}, {"distance": 1.0649091596251077, "on_path": 0, "source": 9, "target": 24}, {"distance": 0.5139477011726644, "on_path": 0, "source": 9, "target": 17}, {"distance": 0.8603999825886063, "on_path": 0, "source": 10, "target": 22}, {"distance": 1.1470778753291238, "on_path": 0, "source": 10, "target": 24}, {"distance": 0.5022562847008644, "on_path": 0, "source": 10, "target": 25}, {"distance": 0.8360774366844419, "on_path": 0, "source": 11, "target": 26}, {"distance": 2.0123104175340933, "on_path": 0, "source": 12, "target": 17}, {"distance": 0.6104460119277761, "on_path": 0, "source": 12, "target": 13}, {"distance": 1.8964654857614016, "on_path": 0, "source": 13, "target": 27}, {"distance": 1.9642563727105997, "on_path": 0, "source": 13, "target": 18}, {"distance": 0.9010245278603993, "on_path": 0, "source": 13, "target": 28}, {"distance": 1.7711315403109555, "on_path": 0, "source": 13, "target": 22}, {"distance": 0.7391718219733835, "on_path": 0, "source": 14, "target": 24}, {"distance": 0.7672560689157146, "on_path": 0, "source": 14, "target": 19}, {"distance": 0.9659116983476544, "on_path": 0, "source": 15, "target": 28}, {"distance": 1.677838892259486, "on_path": 0, "source": 16, "target": 23}, {"distance": 1.798170521593326, "on_path": 0, "source": 16, "target": 17}, {"distance": 1.3704007698689493, "on_path": 0, "source": 16, "target": 22}, {"distance": 1.3816139240441025, "on_path": 0, "source": 16, "target": 19}, {"distance": 1.168102308253962, "on_path": 0, "source": 18, "target": 21}, {"distance": 0.7895914927217345, "on_path": 1, "source": 20, "target": 27}, {"distance": 0.8369886417918898, "on_path": 1, "source": 20, "target": 23}, {"distance": 1.1294675609934217, "on_path": 0, "source": 21, "target": 25}, {"distance": 0.4448309536990828, "on_path": 1, "source": 22, "target": 23}, {"distance": 0.4739495363750119, "on_path": 1, "source": 22, "target": 26}, {"distance": 0.861126211238135, "on_path": 0, "source": 25, "target": 26}, {"distance": 1.9818312986711868, "on_path": 0, "source": 27, "target": 28}]}