{"directed": false, "multigraph": false, "graph": {}, "nodes": [{"node_features": [0.0, 0.0], "id": 0}, {"node_features": [0.0, 1.0], "id": 1}, {"node_features": [0.0, 0.0], "id": 2}, {"node_features": [0.0, 0.0], "id": 3}, {"node_features": [0.0, 0.0], "id": 4}, {"node_features": [0.0, 0.0], "id": 5}, {"node_features": [1.0, 0.0], "id": 6}, {"node_features": [0.0, 0.0], "id": 7}, {"node_features": [0.0, 0.0], "id": 8}, {"node_features": [0.0, 0.0], "id": 9}, {"node_features": [0.0, 0.0], "id": 10}, {"node_features": [0.0, 0.0], "id": 11}, {"node_features": [0.0, 0.0], "id": 12}, {"node_features": [0.0, 0.0], "id": 13}, {"node_features": [0.0, 0.0], "id": 14}, {"node_features": [0.0, 0.0], "id": 15}, {"node_features": [0.0, 0.0], "id": 16}], "links": [{"distance": 1.4892007110161638, "on_path": 0, "source": 0, "target": 8}, {"distance": 0.733980112236004, "on_path": 0, "source": 0, "target": 4}, {"distance": 1.8044843295897406, "on_path": 0, "source": 0, "target": 5}, {"distance": 1.6950652621097695, "on_path": 0, "source": 1, "target": 14}, {"distance": 0.7522778379567655, "on_path": 0, "source": 1, "target": 7}, {"distance": 1.5626001024387992, "on_path": 1, "source": 1, "target": 9}, {"distance": 1.777952396572314, "on_path": 0, "source": 1, "target": 13}, {"distance": 1.0717014325542393, "on_path": 0, "source": 1, "target": 12}, {"distance": 1.2559707562080848, "on_path": 0, "source": 2, "target": 16}, {"distance": 0.21144246284004714, "on_path": 0, "source": 2, "target": 14}, {"distance": 1.396210296095846, "on_path": 0, "source": 2, "target": 7}, {"distance": 1.7056200034872544, "on_path": 0, "source": 2, "target": 13}, {"distance": 0.7729025908261651, "on_path": 0, "source": 3, "target": 12}, {"distance": 1.7342835268206223, "on_path": 0, "source": 3, "target": 6}, {"distance": 1.7864119248776986, "on_path": 0, "source": 3, "target": 4}, {"distance": 0.14154734592318313, "on_path": 0, "source": 3, "target": 14}, {"distance": 1.109430863946501, "on_path": 0, "source": 4, "target": 15}, {"distance": 1.6513989173762287, "on_path": 0, "source": 4, "target": 14}, {"distance": 1.0552402859118266, "on_path": 0, "source": 4, "target": 12}, {"distance": 1.9974520242500775, "on_path": 0, "source": 4, "target": 6}, {"distance": 0.6502894865573499, "on_path": 0, "source": 5, "target": 12}, {"distance": 1.6474401468450044, "on_path": 0, "source": 5, "target": 11}, {"distance": 1.4036095304649052, "on_path": 0, "source": 5, "target": 15}, {"distance": 1.7232534228685294, "on_path": 0, "source": 6, "target": 16}, {"distance": 0.3679670151439783, "on_path": 1, "source": 6, "target": 8}, {"distance": 0.7604896504544237, "on_path": 0, "source": 7, "target": 10}, {"distance": 0.8285983798980975, "on_path": 0, "source": 7, "target": 12}, {"distance": 1.488699423145371, "on_path": 0, "source": 8, "target": 16}, {"distance": 0.844125704666751, "on_path": 1, "source": 8, "target": 15}, {"distance": 1.0159719077982148, "on_path": 0, "source": 9, "target": 12}, {"distance": 0.6946359001113636, "on_path": 1, "source": 9, "target": 15}, {"distance": 1.3289132703013986, "on_path": 0, "source": 10, "target": 15}, {"distance": 1.086776251693036, "on_path": 0, "source": 11, "target": 12}, {"distance": 1.382199403157275, "on_path": 0, "source": 13, "target": 16}]}