{"directed": false, "multigraph": false, "graph": {}, "nodes": [{"node_features": [0.0, 0.0], "id": 0}, {"node_features": [0.0, 0.0], "id": 1}, {"node_features": [0.0, 0.0], "id": 2}, {"node_features": [0.0, 0.0], "id": 3}, {"node_features": [0.0, 0.0], "id": 4}, {"node_features": [0.0, 0.0], "id": 5}, {"node_features": [1.0, 0.0], "id": 6}, {"node_features": [0.0, 0.0], "id": 7}, {"node_features": [0.0, 0.0], "id": 8}, {"node_features": [0.0, 0.0], "id": 9}, {"node_features": [0.0, 0.0], "id": 10}, {"node_features": [0.0, 0.0], "id": 11}, {"node_features": [0.0, 0.0], "id": 12}, {"node_features": [0.0, 1.0], "id": 13}, {"node_features": [0.0, 0.0], "id": 14}, {"node_features": [0.0, 0.0], "id": 15}, {"node_features": [0.0, 0.0], "id": 16}], "links": [{"distance": 0.7803410217715292, "on_path": 0, "source": 0, "target": 11}, {"distance": 1.5005596436886908, "on_path": 0, "source": 0, "target": 9}, {"distance": 0.40558015943784204, "on_path": 0, "source": 0, "target": 7}, {"distance": 0.24251416159663033, "on_path": 0, "source": 1, "target": 10}, {"distance": 0.6616722198132267, "on_path": 1, "source": 1, "target": 4}, {"distance": 0.9081277588216108, "on_path": 0, "source": 1, "target": 2}, {"distance": 1.0128336514771143, "on_path": 1, "source": 1, "target": 6}, {"distance": 0.9958367462672456, "on_path": 0, "source": 1, "target": 12}, {"distance": 0.7354831486513066, "on_path": 0, "source": 2, "target": 8}, {"distance": 1.1684754338382113, "on_path": 0, "source": 2, "target": 3}, {"distance": 1.0105532239909645, "on_path": 0, "source": 2, "target": 9}, {"distance": 1.7228114411315705, "on_path": 0, "source": 3, "target": 6}, {"distance": 0.7826881945180912, "on_path": 0, "source": 3, "target": 12}, {"distance": 0.6325711236592083, "on_path": 0, "source": 3, "target": 10}, {"distance": 1.5478952277508324, "on_path": 0, "source": 3, "target": 16}, {"distance": 1.1159774479383686, "on_path": 1, "source": 4, "target": 16}, {"distance": 0.22504290430624593, "on_path": 0, "source": 4, "target": 7}, {"distance": 0.911772660901456, "on_path": 0, "source": 4, "target": 14}, {"distance": 0.79009412310448, "on_path": 0, "source": 5, "target": 10}, {"distance": 0.7632852913155683, "on_path": 0, "source": 5, "target": 8}, {"distance": 0.6747213389345981, "on_path": 0, "source": 5, "target": 15}, {"distance": 1.9890179204032161, "on_path": 0, "source": 6, "target": 12}, {"distance": 1.253283298956557, "on_path": 0, "source": 6, "target": 10}, {"distance": 1.4974559759769492, "on_path": 0, "source": 7, "target": 13}, {"distance": 1.1297697753546323, "on_path": 0, "source": 7, "target": 14}, {"distance": 1.0481914916499255, "on_path": 0, "source": 8, "target": 12}, {"distance": 0.48642494421660865, "on_path": 0, "source": 8, "target": 11}, {"distance": 1.1005936283229498, "on_path": 0, "source": 8, "target": 16}, {"distance": 0.958979353272213, "on_path": 0, "source": 9, "target": 13}, {"distance": 0.6234730893439399, "on_path": 0, "source": 9, "target": 14}, {"distance": 0.7844048631324482, "on_path": 0, "source": 9, "target": 11}, {"distance": 0.9321671361592566, "on_path": 0, "source": 11, "target": 15}, {"distance": 1.3547427062134125, "on_path": 0, "source": 12, "target": 16}, {"distance": 0.27762768402317745, "on_path": 1, "source": 13, "target": 16}]}