{"directed": false, "multigraph": false, "graph": {}, "nodes": [{"node_features": [0.0, 0.0], "id": 0}, {"node_features": [0.0, 0.0], "id": 1}, {"node_features": [0.0, 0.0], "id": 2}, {"node_features": [0.0, 0.0], "id": 3}, {"node_features": [0.0, 0.0], "id": 4}, {"node_features": [0.0, 0.0], "id": 5}, {"node_features": [1.0, 0.0], "id": 6}, {"node_features": [0.0, 1.0], "id": 7}, {"node_features": [0.0, 0.0], "id": 8}, {"node_features": [0.0, 0.0], "id": 9}, {"node_features": [0.0, 0.0], "id": 10}, {"node_features": [0.0, 0.0], "id": 11}, {"node_features": [0.0, 0.0], "id": 12}, {"node_features": [0.0, 0.0], "id": 13}, {"node_features": [0.0, 0.0], "id": 14}, {"node_features": [0.0, 0.0], "id": 15}, {"node_features": [0.0, 0.0], "id": 16}], "links": [{"distance": 0.8240404323780571, "on_path": 0, "source": 0, "target": 4}, {"distance": 0.9684363449374973, "on_path": 0, "source": 0, "target": 1}, {"distance": 0.38067419569209254, "on_path": 1, "source": 0, "target": 5}, {"distance": 0.2384152479687887, "on_path": 1, "source": 0, "target": 6}, {"distance": 1.3973148116709253, "on_path": 0, "source": 0, "target": 13}, {"distance": 0.8058128658455969, "on_path": 0, "source": 0, "target": 3}, {"distance": 1.3508807415986432, "on_path": 0, "source": 0, "target": 10}, {"distance": 2.2902712695249536, "on_path": 0, "source": 1, "target": 7}, {"distance": 1.8625561571095361, "on_path": 0, "source": 1, "target": 9}, {"distance": 0.60711566516064, "on_path": 0, "source": 2, "target": 16}, {"distance": 0.9327774214493764, "on_path": 0, "source": 2, "target": 5}, {"distance": 0.24825319971966897, "on_path": 0, "source": 2, "target": 13}, {"distance": 0.6671728992909131, "on_path": 0, "source": 3, "target": 10}, {"distance": 0.5887242898444265, "on_path": 0, "source": 3, "target": 16}, {"distance": 0.705065611084347, "on_path": 0, "source": 3, "target": 4}, {"distance": 0.4224726653365118, "on_path": 0, "source": 3, "target": 8}, {"distance": 1.6122770977091017, "on_path": 0, "source": 4, "target": 11}, {"distance": 0.40754534580797586, "on_path": 0, "source": 4, "target": 15}, {"distance": 0.9672076705688903, "on_path": 0, "source": 4, "target": 9}, {"distance": 1.0224840776017843, "on_path": 0, "source": 4, "target": 6}, {"distance": 0.9878434498995531, "on_path": 0, "source": 5, "target": 10}, {"distance": 0.4468272337108604, "on_path": 1, "source": 5, "target": 12}, {"distance": 1.277464393753492, "on_path": 0, "source": 7, "target": 8}, {"distance": 1.0562427408802124, "on_path": 1, "source": 7, "target": 12}, {"distance": 0.6312873867238703, "on_path": 0, "source": 7, "target": 10}, {"distance": 1.273453662358436, "on_path": 0, "source": 7, "target": 14}, {"distance": 1.354457927786718, "on_path": 0, "source": 9, "target": 15}, {"distance": 0.8313926992155161, "on_path": 0, "source": 9, "target": 10}, {"distance": 1.0902949937001694, "on_path": 0, "source": 9, "target": 11}, {"distance": 0.7973762347171938, "on_path": 0, "source": 10, "target": 13}, {"distance": 0.27510864252787964, "on_path": 0, "source": 10, "target": 11}, {"distance": 1.0939760629671087, "on_path": 0, "source": 10, "target": 16}, {"distance": 0.9029517576338036, "on_path": 0, "source": 11, "target": 14}, {"distance": 0.920758733637166, "on_path": 0, "source": 12, "target": 15}]}