{"directed": false, "multigraph": false, "graph": {}, "nodes": [{"node_features": [0.0, 0.0], "id": 0}, {"node_features": [0.0, 0.0], "id": 1}, {"node_features": [0.0, 0.0], "id": 2}, {"node_features": [0.0, 0.0], "id": 3}, {"node_features": [0.0, 0.0], "id": 4}, {"node_features": [0.0, 0.0], "id": 5}, {"node_features": [0.0, 0.0], "id": 6}, {"node_features": [0.0, 0.0], "id": 7}, {"node_features": [0.0, 0.0], "id": 8}, {"node_features": [0.0, 0.0], "id": 9}, {"node_features": [0.0, 0.0], "id": 10}, {"node_features": [0.0, 0.0], "id": 11}, {"node_features": [0.0, 0.0], "id": 12}, {"node_features": [0.0, 0.0], "id": 13}, {"node_features": [0.0, 0.0], "id": 14}, {"node_features": [0.0, 0.0], "id": 15}, {"node_features": [0.0, 0.0], "id": 16}, {"node_features": [0.0, 0.0], "id": 17}, {"node_features": [0.0, 0.0], "id": 18}, {"node_features": [0.0, 0.0], "id": 19}, {"node_features": [0.0, 0.0], "id": 20}, {"node_features": [0.0, 0.0], "id": 21}, {"node_features": [0.0, 0.0], "id": 22}, {"node_features": [0.0, 0.0], "id": 23}, {"node_features": [0.0, 0.0], "id": 24}, {"node_features": [0.0, 0.0], "id": 25}, {"node_features": [0.0, 0.0], "id": 26}, {"node_features": [0.0, 0.0], "id": 27}, {"node_features": [0.0, 0.0], "id": 28}, {"node_features": [0.0, 0.0], "id": 29}, {"node_features": [0.0, 0.0], "id": 30}, {"node_features": [0.0, 0.0], "id": 31}, {"node_features": [0.0, 0.0], "id": 32}, {"node_features": [0.0, 0.0], "id": 33}, {"node_features": [1.0, 0.0], "id": 34}, {"node_features": [0.0, 0.0], "id": 35}, {"node_features": [0.0, 0.0], "id": 36}, {"node_features": [0.0, 0.0], "id": 37}, {"node_features": [0.0, 0.0], "id": 38}, {"node_features": [0.0, 0.0], "id": 39}, {"node_features": [0.0, 0.0], "id": 40}, {"node_features": [0.0, 0.0], "id": 41}, {"node_features": [0.0, 0.0], "id": 42}, {"node_features": [0.0, 0.0], "id": 43}, {"node_features": [0.0, 1.0], "id": 44}, {"node_features": [0.0, 0.0], "id": 45}, {"node_features": [0.0, 0.0], "id": 46}], "links": [{"distance": 1.8753462435221162, "on_path": 0, "source": 0, "target": 25}, {"distance": 0.7657650027617587, "on_path": 0, "source": 0, "target": 10}, {"distance": 0.5698372273218725, "on_path": 0, "source": 0, "target": 39}, {"distance": 0.9729965777445193, "on_path": 0, "source": 0, "target": 43}, {"distance": 0.23838198784168177, "on_path": 1, "source": 1, "target": 41}, {"distance": 1.3997038221861262, "on_path": 0, "source": 1, "target": 29}, {"distance": 0.6388482816411697, "on_path": 0, "source": 1, "target": 40}, {"distance": 0.8679294588395411, "on_path": 0, "source": 1, "target": 25}, {"distance": 1.115099768923016, "on_path": 0, "source": 1, "target": 18}, {"distance": 1.2344447940416543, "on_path": 1, "source": 1, "target": 26}, {"distance": 0.8980022965282743, "on_path": 0, "source": 1, "target": 35}, {"distance": 1.4847170863422823, "on_path": 0, "source": 2, "target": 15}, {"distance": 1.7901367671265074, "on_path": 0, "source": 2, "target": 45}, {"distance": 0.8878773537032697, "on_path": 0, "source": 2, "target": 42}, {"distance": 0.9746138074494033, "on_path": 0, "source": 3, "target": 43}, {"distance": 0.6664216111786423, "on_path": 0, "source": 3, "target": 9}, {"distance": 0.6841061407131885, "on_path": 0, "source": 3, "target": 6}, {"distance": 0.5943316355759436, "on_path": 0, "source": 3, "target": 13}, {"distance": 0.5424667061529638, "on_path": 0, "source": 3, "target": 41}, {"distance": 1.1527443483405233, "on_path": 0, "source": 4, "target": 19}, {"distance": 1.9008279887774429, "on_path": 0, "source": 4, "target": 24}, {"distance": 0.7555935465926386, "on_path": 0, "source": 4, "target": 46}, {"distance": 0.8348812304349487, "on_path": 0, "source": 5, "target": 15}, {"distance": 1.5791990302257566, "on_path": 0, "source": 5, "target": 37}, {"distance": 1.1533210935281017, "on_path": 0, "source": 6, "target": 14}, {"distance": 1.2029630041444284, "on_path": 0, "source": 6, "target": 21}, {"distance": 1.3132788973012357, "on_path": 0, "source": 7, "target": 41}, {"distance": 0.36629751910308894, "on_path": 0, "source": 7, "target": 12}, {"distance": 1.8273804073635784, "on_path": 0, "source": 7, "target": 46}, {"distance": 1.0272026492108866, "on_path": 0, "source": 7, "target": 10}, {"distance": 2.0361372676574394, "on_path": 0, "source": 7, "target": 14}, {"distance": 0.6495923542232819, "on_path": 0, "source": 7, "target": 37}, {"distance": 1.6668307277451635, "on_path": 0, "source": 8, "target": 28}, {"distance": 1.3503468690272113, "on_path": 0, "source": 8, "target": 32}, {"distance": 2.0294800634290637, "on_path": 0, "source": 9, "target": 24}, {"distance": 1.628741297942002, "on_path": 0, "source": 9, "target": 43}, {"distance": 0.8142859787865806, "on_path": 0, "source": 10, "target": 11}, {"distance": 1.494694489018383, "on_path": 0, "source": 10, "target": 46}, {"distance": 0.8312558830981323, "on_path": 0, "source": 10, "target": 21}, {"distance": 0.7615284809221587, "on_path": 0, "source": 11, "target": 28}, {"distance": 1.4646379581588078, "on_path": 0, "source": 11, "target": 44}, {"distance": 1.321707608596799, "on_path": 0, "source": 12, "target": 13}, {"distance": 1.2974288694263394, "on_path": 0, "source": 12, "target": 22}, {"distance": 1.341971914426012, "on_path": 0, "source": 12, "target": 42}, {"distance": 0.815344488597679, "on_path": 0, "source": 13, "target": 38}, {"distance": 1.4075321233286027, "on_path": 0, "source": 13, "target": 24}, {"distance": 0.6870026892149569, "on_path": 0, "source": 13, "target": 32}, {"distance": 1.5725023453880214, "on_path": 0, "source": 14, "target": 35}, {"distance": 1.5582145253377802, "on_path": 0, "source": 15, "target": 40}, {"distance": 1.4499123260883262, "on_path": 0, "source": 15, "target": 43}, {"distance": 0.9813345995794711, "on_path": 0, "source": 15, "target": 38}, {"distance": 1.0878431059909506, "on_path": 0, "source": 16, "target": 31}, {"distance": 1.3218047388277638, "on_path": 0, "source": 16, "target": 32}, {"distance": 1.1259657206182236, "on_path": 0, "source": 16, "target": 34}, {"distance": 1.5582914648468442, "on_path": 0, "source": 16, "target": 27}, {"distance": 0.19947092602068286, "on_path": 0, "source": 17, "target": 43}, {"distance": 1.9696548766696858, "on_path": 0, "source": 17, "target": 27}, {"distance": 1.5778074289480333, "on_path": 0, "source": 17, "target": 25}, {"distance": 1.5402660855173205, "on_path": 0, "source": 17, "target": 28}, {"distance": 1.3225699591961297, "on_path": 0, "source": 18, "target": 41}, {"distance": 0.5961001042701176, "on_path": 0, "source": 18, "target": 42}, {"distance": 0.9728689299870048, "on_path": 0, "source": 18, "target": 38}, {"distance": 0.6238777818350558, "on_path": 0, "source": 19, "target": 42}, {"distance": 0.4704692512271914, "on_path": 0, "source": 19, "target": 22}, {"distance": 0.5127670048224054, "on_path": 0, "source": 19, "target": 31}, {"distance": 1.8276667529960318, "on_path": 0, "source": 19, "target": 46}, {"distance": 1.057285208111794, "on_path": 0, "source": 19, "target": 39}, {"distance": 1.667652013546519, "on_path": 0, "source": 20, "target": 26}, {"distance": 1.2556704377293755, "on_path": 0, "source": 20, "target": 29}, {"distance": 1.444733058970466, "on_path": 0, "source": 21, "target": 44}, {"distance": 1.204602124689975, "on_path": 0, "source": 22, "target": 41}, {"distance": 0.5320207794726798, "on_path": 0, "source": 23, "target": 35}, {"distance": 0.2245478480088323, "on_path": 0, "source": 23, "target": 36}, {"distance": 2.269590397134688, "on_path": 0, "source": 23, "target": 24}, {"distance": 1.415244783370815, "on_path": 0, "source": 25, "target": 36}, {"distance": 1.2555424290884578, "on_path": 0, "source": 25, "target": 42}, {"distance": 0.2675938063435865, "on_path": 0, "source": 25, "target": 30}, {"distance": 0.8668232222916188, "on_path": 1, "source": 26, "target": 34}, {"distance": 1.0568266103194919, "on_path": 0, "source": 26, "target": 29}, {"distance": 1.313912784367133, "on_path": 0, "source": 27, "target": 38}, {"distance": 1.3496855972063608, "on_path": 0, "source": 28, "target": 35}, {"distance": 1.4276016697749836, "on_path": 0, "source": 29, "target": 43}, {"distance": 0.35905402318976193, "on_path": 0, "source": 30, "target": 37}, {"distance": 1.2288316045471541, "on_path": 0, "source": 30, "target": 33}, {"distance": 1.1888448649786822, "on_path": 0, "source": 30, "target": 45}, {"distance": 0.3481618619740281, "on_path": 0, "source": 31, "target": 42}, {"distance": 0.724079513872557, "on_path": 0, "source": 32, "target": 41}, {"distance": 1.0787232501514232, "on_path": 0, "source": 33, "target": 42}, {"distance": 1.720824364172949, "on_path": 0, "source": 34, "target": 40}, {"distance": 0.9093211392537776, "on_path": 0, "source": 36, "target": 42}, {"distance": 0.8372367195321792, "on_path": 0, "source": 37, "target": 45}, {"distance": 1.5549198792279164, "on_path": 0, "source": 37, "target": 40}, {"distance": 1.4589206829963937, "on_path": 0, "source": 40, "target": 46}, {"distance": 1.2617525841618975, "on_path": 1, "source": 41, "target": 44}]}