{"directed": false, "multigraph": false, "graph": {}, "nodes": [{"node_features": [0.0, 0.0], "id": 0}, {"node_features": [0.0, 1.0], "id": 1}, {"node_features": [0.0, 0.0], "id": 2}, {"node_features": [0.0, 0.0], "id": 3}, {"node_features": [0.0, 0.0], "id": 4}, {"node_features": [0.0, 0.0], "id": 5}, {"node_features": [0.0, 0.0], "id": 6}, {"node_features": [0.0, 0.0], "id": 7}, {"node_features": [0.0, 0.0], "id": 8}, {"node_features": [0.0, 0.0], "id": 9}, {"node_features": [0.0, 0.0], "id": 10}, {"node_features": [0.0, 0.0], "id": 11}, {"node_features": [0.0, 0.0], "id": 12}, {"node_features": [0.0, 0.0], "id": 13}, {"node_features": [0.0, 0.0], "id": 14}, {"node_features": [0.0, 0.0], "id": 15}, {"node_features": [0.0, 0.0], "id": 16}, {"node_features": [0.0, 0.0], "id": 17}, {"node_features": [0.0, 0.0], "id": 18}, {"node_features": [0.0, 0.0], "id": 19}, {"node_features": [0.0, 0.0], "id": 20}, {"node_features": [0.0, 0.0], "id": 21}, {"node_features": [0.0, 0.0], "id": 22}, {"node_features": [0.0, 0.0], "id": 23}, {"node_features": [0.0, 0.0], "id": 24}, {"node_features": [1.0, 0.0], "id": 25}, {"node_features": [0.0, 0.0], "id": 26}, {"node_features": [0.0, 0.0], "id": 27}, {"node_features": [0.0, 0.0], "id": 28}, {"node_features": [0.0, 0.0], "id": 29}, {"node_features": [0.0, 0.0], "id": 30}, {"node_features": [0.0, 0.0], "id": 31}, {"node_features": [0.0, 0.0], "id": 32}], "links": [{"distance": 2.1220496759782925, "on_path": 0, "source": 0, "target": 16}, {"distance": 0.6976576660179582, "on_path": 0, "source": 0, "target": 10}, {"distance": 0.2568703243875996, "on_path": 0, "source": 0, "target": 18}, {"distance": 1.0867235695388109, "on_path": 0, "source": 0, "target": 23}, {"distance": 1.6425032241435804, "on_path": 0, "source": 0, "target": 24}, {"distance": 1.200132614361071, "on_path": 0, "source": 0, "target": 32}, {"distance": 0.658137404970185, "on_path": 1, "source": 1, "target": 31}, {"distance": 0.8571883773823977, "on_path": 0, "source": 1, "target": 15}, {"distance": 1.277957100756777, "on_path": 1, "source": 2, "target": 25}, {"distance": 0.2009822836811702, "on_path": 1, "source": 2, "target": 10}, {"distance": 0.5501665825896225, "on_path": 0, "source": 2, "target": 15}, {"distance": 0.9049066920545479, "on_path": 0, "source": 2, "target": 7}, {"distance": 0.8074186505697509, "on_path": 0, "source": 3, "target": 21}, {"distance": 0.38626957222334535, "on_path": 0, "source": 3, "target": 13}, {"distance": 1.0219967385670587, "on_path": 0, "source": 3, "target": 11}, {"distance": 0.6911283697042006, "on_path": 0, "source": 4, "target": 16}, {"distance": 0.9990351805444446, "on_path": 0, "source": 4, "target": 10}, {"distance": 1.099527344960858, "on_path": 0, "source": 5, "target": 24}, {"distance": 1.7114222140069266, "on_path": 0, "source": 5, "target": 9}, {"distance": 1.0836254030084718, "on_path": 0, "source": 5, "target": 11}, {"distance": 1.006706686368794, "on_path": 0, "source": 5, "target": 28}, {"distance": 0.16181419182239404, "on_path": 0, "source": 6, "target": 17}, {"distance": 0.9455462234906846, "on_path": 0, "source": 6, "target": 13}, {"distance": 1.4521726032950983, "on_path": 0, "source": 7, "target": 15}, {"distance": 0.5593518328646893, "on_path": 0, "source": 7, "target": 20}, {"distance": 0.4672019034237329, "on_path": 0, "source": 7, "target": 8}, {"distance": 0.5195139696880041, "on_path": 0, "source": 8, "target": 22}, {"distance": 0.595474121256644, "on_path": 0, "source": 8, "target": 30}, {"distance": 1.4332207004224173, "on_path": 0, "source": 8, "target": 14}, {"distance": 0.9728550151001865, "on_path": 0, "source": 8, "target": 17}, {"distance": 1.0368488538618084, "on_path": 0, "source": 9, "target": 12}, {"distance": 0.6018458432039344, "on_path": 0, "source": 9, "target": 22}, {"distance": 1.477357226346592, "on_path": 0, "source": 9, "target": 18}, {"distance": 1.6241936430774044, "on_path": 0, "source": 9, "target": 15}, {"distance": 0.3408629011962291, "on_path": 0, "source": 10, "target": 17}, {"distance": 0.4525380353814259, "on_path": 0, "source": 10, "target": 20}, {"distance": 0.2344393256770559, "on_path": 1, "source": 10, "target": 31}, {"distance": 1.5743179167850814, "on_path": 0, "source": 11, "target": 18}, {"distance": 0.2935674508719099, "on_path": 0, "source": 11, "target": 24}, {"distance": 0.9377863032395474, "on_path": 0, "source": 11, "target": 27}, {"distance": 0.53485446989554, "on_path": 0, "source": 11, "target": 28}, {"distance": 0.7740593579667442, "on_path": 0, "source": 11, "target": 19}, {"distance": 1.9653521143412414, "on_path": 0, "source": 12, "target": 16}, {"distance": 1.3614804262570623, "on_path": 0, "source": 12, "target": 28}, {"distance": 1.9353784228645037, "on_path": 0, "source": 12, "target": 25}, {"distance": 0.6444207126698118, "on_path": 0, "source": 13, "target": 30}, {"distance": 0.788853189632583, "on_path": 0, "source": 13, "target": 20}, {"distance": 0.38356835715304555, "on_path": 0, "source": 14, "target": 29}, {"distance": 0.42557359244829135, "on_path": 0, "source": 14, "target": 19}, {"distance": 1.6947687032011658, "on_path": 0, "source": 15, "target": 26}, {"distance": 1.3308442564322442, "on_path": 0, "source": 16, "target": 31}, {"distance": 1.3022088012410102, "on_path": 0, "source": 16, "target": 26}, {"distance": 0.26194557701502036, "on_path": 0, "source": 17, "target": 31}, {"distance": 0.407031806329339, "on_path": 0, "source": 17, "target": 20}, {"distance": 2.0201273106953197, "on_path": 0, "source": 18, "target": 27}, {"distance": 0.8479266194687259, "on_path": 0, "source": 18, "target": 29}, {"distance": 0.22749768439238927, "on_path": 0, "source": 20, "target": 21}, {"distance": 0.16331199492402865, "on_path": 0, "source": 20, "target": 30}, {"distance": 1.1840619632879923, "on_path": 0, "source": 21, "target": 26}, {"distance": 0.07160250192126595, "on_path": 0, "source": 21, "target": 30}, {"distance": 1.768334505847339, "on_path": 0, "source": 22, "target": 26}, {"distance": 0.1397320230723489, "on_path": 0, "source": 23, "target": 30}, {"distance": 1.6026539299338378, "on_path": 0, "source": 25, "target": 32}, {"distance": 2.1156037304915496, "on_path": 0, "source": 26, "target": 32}, {"distance": 1.5037849464042525, "on_path": 0, "source": 27, "target": 32}, {"distance": 1.303126589151261, "on_path": 0, "source": 29, "target": 32}]}