{"directed": false, "multigraph": false, "graph": {}, "nodes": [{"node_features": [0.0, 0.0], "id": 0}, {"node_features": [0.0, 0.0], "id": 1}, {"node_features": [0.0, 0.0], "id": 2}, {"node_features": [0.0, 0.0], "id": 3}, {"node_features": [0.0, 0.0], "id": 4}, {"node_features": [0.0, 0.0], "id": 5}, {"node_features": [0.0, 0.0], "id": 6}, {"node_features": [0.0, 0.0], "id": 7}, {"node_features": [0.0, 0.0], "id": 8}, {"node_features": [0.0, 0.0], "id": 9}, {"node_features": [0.0, 0.0], "id": 10}, {"node_features": [1.0, 0.0], "id": 11}, {"node_features": [0.0, 0.0], "id": 12}, {"node_features": [0.0, 0.0], "id": 13}, {"node_features": [0.0, 0.0], "id": 14}, {"node_features": [0.0, 0.0], "id": 15}, {"node_features": [0.0, 0.0], "id": 16}, {"node_features": [0.0, 0.0], "id": 17}, {"node_features": [0.0, 0.0], "id": 18}, {"node_features": [0.0, 0.0], "id": 19}, {"node_features": [0.0, 0.0], "id": 20}, {"node_features": [0.0, 0.0], "id": 21}, {"node_features": [0.0, 0.0], "id": 22}, {"node_features": [0.0, 0.0], "id": 23}, {"node_features": [0.0, 0.0], "id": 24}, {"node_features": [0.0, 0.0], "id": 25}, {"node_features": [0.0, 0.0], "id": 26}, {"node_features": [0.0, 0.0], "id": 27}, {"node_features": [0.0, 0.0], "id": 28}, {"node_features": [0.0, 0.0], "id": 29}, {"node_features": [0.0, 0.0], "id": 30}, {"node_features": [0.0, 0.0], "id": 31}, {"node_features": [0.0, 0.0], "id": 32}, {"node_features": [0.0, 0.0], "id": 33}, {"node_features": [0.0, 0.0], "id": 34}, {"node_features": [0.0, 0.0], "id": 35}, {"node_features": [0.0, 0.0], "id": 36}, {"node_features": [0.0, 0.0], "id": 37}, {"node_features": [0.0, 0.0], "id": 38}, {"node_features": [0.0, 0.0], "id": 39}, {"node_features": [0.0, 0.0], "id": 40}, {"node_features": [0.0, 0.0], "id": 41}, {"node_features": [0.0, 1.0], "id": 42}, {"node_features": [0.0, 0.0], "id": 43}, {"node_features": [0.0, 0.0], "id": 44}], "links": [{"distance": 1.4170001172062516, "on_path": 0, "source": 0, "target": 6}, {"distance": 0.8182605326153117, "on_path": 0, "source": 0, "target": 19}, {"distance": 1.5363527083816708, "on_path": 0, "source": 0, "target": 20}, {"distance": 0.056523191834194755, "on_path": 0, "source": 1, "target": 31}, {"distance": 0.976057238843024, "on_path": 0, "source": 1, "target": 27}, {"distance": 0.6742638351434597, "on_path": 0, "source": 1, "target": 30}, {"distance": 1.9211259213959542, "on_path": 0, "source": 1, "target": 20}, {"distance": 0.6627977874692504, "on_path": 0, "source": 1, "target": 15}, {"distance": 0.9188393142424053, "on_path": 0, "source": 1, "target": 24}, {"distance": 0.6222031207697907, "on_path": 0, "source": 2, "target": 30}, {"distance": 0.9483395083884167, "on_path": 0, "source": 2, "target": 19}, {"distance": 1.3478258113780581, "on_path": 0, "source": 2, "target": 23}, {"distance": 1.4159275267296156, "on_path": 0, "source": 2, "target": 40}, {"distance": 1.0966923266685256, "on_path": 0, "source": 2, "target": 7}, {"distance": 1.2220456749807673, "on_path": 0, "source": 2, "target": 10}, {"distance": 1.0148670639792363, "on_path": 0, "source": 3, "target": 39}, {"distance": 1.1065512659897687, "on_path": 0, "source": 3, "target": 41}, {"distance": 1.7305497384029704, "on_path": 0, "source": 4, "target": 13}, {"distance": 1.5314737701106036, "on_path": 0, "source": 4, "target": 5}, {"distance": 1.4174545676648211, "on_path": 0, "source": 4, "target": 37}, {"distance": 0.9152745271545447, "on_path": 0, "source": 5, "target": 28}, {"distance": 0.799314490381728, "on_path": 0, "source": 5, "target": 12}, {"distance": 1.0916823115929717, "on_path": 0, "source": 6, "target": 30}, {"distance": 1.3515473316154025, "on_path": 0, "source": 6, "target": 17}, {"distance": 2.3657125439043636, "on_path": 0, "source": 6, "target": 33}, {"distance": 1.8300586048249765, "on_path": 0, "source": 6, "target": 43}, {"distance": 0.5286380521283746, "on_path": 0, "source": 7, "target": 42}, {"distance": 0.8925507110565384, "on_path": 0, "source": 7, "target": 34}, {"distance": 0.49109378217070765, "on_path": 0, "source": 7, "target": 30}, {"distance": 1.1529608501273014, "on_path": 0, "source": 8, "target": 24}, {"distance": 0.2744012245290236, "on_path": 0, "source": 8, "target": 39}, {"distance": 1.0952820242157453, "on_path": 0, "source": 8, "target": 9}, {"distance": 1.9604193872804137, "on_path": 0, "source": 8, "target": 31}, {"distance": 0.9461149460056759, "on_path": 0, "source": 9, "target": 38}, {"distance": 0.5515749297411018, "on_path": 0, "source": 9, "target": 10}, {"distance": 0.15439460318885884, "on_path": 0, "source": 9, "target": 27}, {"distance": 0.8058927867356317, "on_path": 0, "source": 11, "target": 15}, {"distance": 0.9082031978952327, "on_path": 1, "source": 11, "target": 24}, {"distance": 1.7798654777264025, "on_path": 0, "source": 11, "target": 25}, {"distance": 1.6586887905448935, "on_path": 0, "source": 11, "target": 39}, {"distance": 1.6459022332860462, "on_path": 0, "source": 11, "target": 20}, {"distance": 1.6594827407056605, "on_path": 0, "source": 12, "target": 33}, {"distance": 1.4085253730033176, "on_path": 0, "source": 12, "target": 37}, {"distance": 0.7833867404984635, "on_path": 0, "source": 12, "target": 42}, {"distance": 1.4897108866044355, "on_path": 0, "source": 13, "target": 19}, {"distance": 1.215382708086638, "on_path": 0, "source": 13, "target": 41}, {"distance": 0.6744678013097957, "on_path": 0, "source": 13, "target": 32}, {"distance": 0.3286770555874395, "on_path": 0, "source": 14, "target": 23}, {"distance": 1.542775266938971, "on_path": 0, "source": 14, "target": 29}, {"distance": 0.44577715340563007, "on_path": 0, "source": 14, "target": 24}, {"distance": 1.9939708276861619, "on_path": 0, "source": 15, "target": 20}, {"distance": 1.246503653969133, "on_path": 0, "source": 15, "target": 26}, {"distance": 1.0866506863385714, "on_path": 0, "source": 15, "target": 44}, {"distance": 1.5320783219128609, "on_path": 0, "source": 15, "target": 17}, {"distance": 1.0341576924898823, "on_path": 0, "source": 16, "target": 41}, {"distance": 1.417113168594121, "on_path": 0, "source": 16, "target": 43}, {"distance": 0.1300512246589914, "on_path": 0, "source": 16, "target": 26}, {"distance": 1.0222355471023692, "on_path": 0, "source": 16, "target": 23}, {"distance": 1.4689748178255477, "on_path": 0, "source": 17, "target": 23}, {"distance": 0.3772668008380346, "on_path": 0, "source": 17, "target": 32}, {"distance": 1.3047035767289343, "on_path": 0, "source": 18, "target": 40}, {"distance": 0.4794897509775691, "on_path": 0, "source": 18, "target": 36}, {"distance": 1.112230032586117, "on_path": 0, "source": 18, "target": 34}, {"distance": 1.6534244809088987, "on_path": 0, "source": 19, "target": 41}, {"distance": 2.019513345747592, "on_path": 0, "source": 20, "target": 23}, {"distance": 1.1305108471450358, "on_path": 0, "source": 20, "target": 26}, {"distance": 0.89802142337928, "on_path": 0, "source": 20, "target": 36}, {"distance": 0.08041125579378894, "on_path": 1, "source": 21, "target": 24}, {"distance": 0.8613440043941747, "on_path": 0, "source": 21, "target": 36}, {"distance": 0.8566764172243742, "on_path": 0, "source": 21, "target": 26}, {"distance": 0.9938279355664652, "on_path": 1, "source": 21, "target": 38}, {"distance": 0.9142613966481773, "on_path": 0, "source": 22, "target": 33}, {"distance": 0.6041138428839298, "on_path": 0, "source": 22, "target": 29}, {"distance": 1.2386770156552447, "on_path": 0, "source": 23, "target": 35}, {"distance": 0.7477318060829542, "on_path": 0, "source": 25, "target": 34}, {"distance": 0.9684980341004928, "on_path": 0, "source": 27, "target": 31}, {"distance": 1.430409325184363, "on_path": 0, "source": 28, "target": 29}, {"distance": 1.3017278913005097, "on_path": 0, "source": 28, "target": 44}, {"distance": 1.3044891505908445, "on_path": 0, "source": 29, "target": 44}, {"distance": 0.9314550907188327, "on_path": 0, "source": 29, "target": 41}, {"distance": 0.9863470768510876, "on_path": 0, "source": 30, "target": 41}, {"distance": 2.014452155273413, "on_path": 0, "source": 32, "target": 33}, {"distance": 0.7438395969365441, "on_path": 0, "source": 34, "target": 41}, {"distance": 0.47791934077181125, "on_path": 0, "source": 35, "target": 43}, {"distance": 0.3100662489481387, "on_path": 0, "source": 35, "target": 38}, {"distance": 0.5024548730909093, "on_path": 0, "source": 35, "target": 42}, {"distance": 1.4488540043220655, "on_path": 0, "source": 35, "target": 39}, {"distance": 1.1409679939226565, "on_path": 0, "source": 37, "target": 44}, {"distance": 1.5207490049830064, "on_path": 0, "source": 38, "target": 40}, {"distance": 0.8105026204815016, "on_path": 1, "source": 38, "target": 42}]}