{"directed": false, "multigraph": false, "graph": {}, "nodes": [{"node_features": [0.0, 0.0], "id": 0}, {"node_features": [0.0, 0.0], "id": 1}, {"node_features": [0.0, 0.0], "id": 2}, {"node_features": [0.0, 0.0], "id": 3}, {"node_features": [0.0, 0.0], "id": 4}, {"node_features": [0.0, 0.0], "id": 5}, {"node_features": [0.0, 0.0], "id": 6}, {"node_features": [0.0, 1.0], "id": 7}, {"node_features": [0.0, 0.0], "id": 8}, {"node_features": [0.0, 0.0], "id": 9}, {"node_features": [0.0, 0.0], "id": 10}, {"node_features": [0.0, 0.0], "id": 11}, {"node_features": [0.0, 0.0], "id": 12}, {"node_features": [1.0, 0.0], "id": 13}, {"node_features": [0.0, 0.0], "id": 14}, {"node_features": [0.0, 0.0], "id": 15}, {"node_features": [0.0, 0.0], "id": 16}, {"node_features": [0.0, 0.0], "id": 17}, {"node_features": [0.0, 0.0], "id": 18}, {"node_features": [0.0, 0.0], "id": 19}, {"node_features": [0.0, 0.0], "id": 20}, {"node_features": [0.0, 0.0], "id": 21}, {"node_features": [0.0, 0.0], "id": 22}, {"node_features": [0.0, 0.0], "id": 23}, {"node_features": [0.0, 0.0], "id": 24}, {"node_features": [0.0, 0.0], "id": 25}, {"node_features": [0.0, 0.0], "id": 26}, {"node_features": [0.0, 0.0], "id": 27}, {"node_features": [0.0, 0.0], "id": 28}, {"node_features": [0.0, 0.0], "id": 29}, {"node_features": [0.0, 0.0], "id": 30}, {"node_features": [0.0, 0.0], "id": 31}, {"node_features": [0.0, 0.0], "id": 32}, {"node_features": [0.0, 0.0], "id": 33}, {"node_features": [0.0, 0.0], "id": 34}, {"node_features": [0.0, 0.0], "id": 35}, {"node_features": [0.0, 0.0], "id": 36}, {"node_features": [0.0, 0.0], "id": 37}, {"node_features": [0.0, 0.0], "id": 38}, {"node_features": [0.0, 0.0], "id": 39}, {"node_features": [0.0, 0.0], "id": 40}, {"node_features": [0.0, 0.0], "id": 41}, {"node_features": [0.0, 0.0], "id": 42}, {"node_features": [0.0, 0.0], "id": 43}, {"node_features": [0.0, 0.0], "id": 44}], "links": [{"distance": 0.32712935999684034, "on_path": 0, "source": 0, "target": 3}, {"distance": 0.9430003898931584, "on_path": 0, "source": 0, "target": 17}, {"distance": 1.413594838211391, "on_path": 0, "source": 0, "target": 9}, {"distance": 0.8114318699742853, "on_path": 0, "source": 0, "target": 13}, {"distance": 0.7837484882205082, "on_path": 0, "source": 1, "target": 23}, {"distance": 1.1179099135849777, "on_path": 0, "source": 1, "target": 36}, {"distance": 1.860171959048544, "on_path": 0, "source": 1, "target": 17}, {"distance": 1.4668169191779457, "on_path": 0, "source": 1, "target": 21}, {"distance": 0.6307210505500662, "on_path": 0, "source": 2, "target": 38}, {"distance": 0.6885921429495975, "on_path": 0, "source": 2, "target": 39}, {"distance": 0.5359640013371684, "on_path": 0, "source": 2, "target": 15}, {"distance": 1.6713716371989886, "on_path": 0, "source": 3, "target": 36}, {"distance": 1.2666049171578921, "on_path": 0, "source": 3, "target": 30}, {"distance": 1.0690669103573065, "on_path": 0, "source": 3, "target": 26}, {"distance": 0.601890863859378, "on_path": 0, "source": 4, "target": 11}, {"distance": 0.9979816247071023, "on_path": 0, "source": 4, "target": 41}, {"distance": 1.9685621229273893, "on_path": 0, "source": 5, "target": 42}, {"distance": 0.9421285813229848, "on_path": 0, "source": 5, "target": 43}, {"distance": 0.6022561418430401, "on_path": 0, "source": 5, "target": 19}, {"distance": 1.3558500403587745, "on_path": 0, "source": 6, "target": 39}, {"distance": 2.3207821569796576, "on_path": 0, "source": 6, "target": 13}, {"distance": 2.130658821072509, "on_path": 0, "source": 6, "target": 32}, {"distance": 0.9229767907515494, "on_path": 0, "source": 6, "target": 11}, {"distance": 0.49362862468527335, "on_path": 1, "source": 7, "target": 33}, {"distance": 1.3434060452255785, "on_path": 0, "source": 7, "target": 39}, {"distance": 0.7138164943637152, "on_path": 0, "source": 7, "target": 23}, {"distance": 1.6089777889373094, "on_path": 0, "source": 8, "target": 42}, {"distance": 1.0456167445892517, "on_path": 0, "source": 8, "target": 22}, {"distance": 0.31669962990598816, "on_path": 0, "source": 8, "target": 15}, {"distance": 1.1696874595879347, "on_path": 0, "source": 9, "target": 19}, {"distance": 1.2575550425659905, "on_path": 0, "source": 9, "target": 16}, {"distance": 1.126494430336008, "on_path": 0, "source": 10, "target": 44}, {"distance": 1.5943767669603313, "on_path": 0, "source": 10, "target": 37}, {"distance": 0.9955586244428006, "on_path": 0, "source": 10, "target": 34}, {"distance": 0.7464260110201744, "on_path": 0, "source": 11, "target": 35}, {"distance": 1.695304300030654, "on_path": 0, "source": 11, "target": 17}, {"distance": 0.9173520178131587, "on_path": 0, "source": 11, "target": 18}, {"distance": 1.3131963438439942, "on_path": 0, "source": 11, "target": 39}, {"distance": 0.19766810649134678, "on_path": 0, "source": 11, "target": 31}, {"distance": 1.0076300448508986, "on_path": 0, "source": 11, "target": 41}, {"distance": 0.24871192512474014, "on_path": 0, "source": 12, "target": 40}, {"distance": 0.016629614206757706, "on_path": 0, "source": 12, "target": 41}, {"distance": 0.47752937561650965, "on_path": 0, "source": 12, "target": 26}, {"distance": 1.2195175649217926, "on_path": 1, "source": 13, "target": 24}, {"distance": 1.502652725842318, "on_path": 0, "source": 13, "target": 34}, {"distance": 0.603517676215503, "on_path": 0, "source": 14, "target": 32}, {"distance": 0.7345315687208446, "on_path": 0, "source": 14, "target": 31}, {"distance": 0.6373859585028276, "on_path": 0, "source": 14, "target": 44}, {"distance": 1.3717325861593597, "on_path": 0, "source": 15, "target": 25}, {"distance": 0.6940744189017272, "on_path": 0, "source": 15, "target": 32}, {"distance": 1.3152331611202768, "on_path": 0, "source": 16, "target": 44}, {"distance": 0.9566972155075212, "on_path": 0, "source": 16, "target": 40}, {"distance": 1.3858074054187175, "on_path": 0, "source": 16, "target": 22}, {"distance": 1.960506896072815, "on_path": 0, "source": 16, "target": 28}, {"distance": 1.0256811542281485, "on_path": 0, "source": 16, "target": 38}, {"distance": 1.1942233754126708, "on_path": 0, "source": 16, "target": 42}, {"distance": 1.0651481218019103, "on_path": 0, "source": 17, "target": 30}, {"distance": 0.6054691568825964, "on_path": 0, "source": 17, "target": 24}, {"distance": 0.9460747961991, "on_path": 0, "source": 18, "target": 27}, {"distance": 1.3939586002776132, "on_path": 0, "source": 18, "target": 43}, {"distance": 1.051301118211903, "on_path": 1, "source": 18, "target": 28}, {"distance": 0.3766932131414193, "on_path": 1, "source": 18, "target": 20}, {"distance": 0.2934175108446979, "on_path": 0, "source": 19, "target": 41}, {"distance": 1.9613888456110735, "on_path": 0, "source": 20, "target": 26}, {"distance": 0.2549950454049873, "on_path": 1, "source": 20, "target": 33}, {"distance": 0.49554635253869134, "on_path": 0, "source": 20, "target": 35}, {"distance": 0.7746877885727699, "on_path": 0, "source": 21, "target": 40}, {"distance": 0.8977583874130809, "on_path": 0, "source": 21, "target": 29}, {"distance": 1.15511961812188, "on_path": 0, "source": 21, "target": 31}, {"distance": 0.9663159373778373, "on_path": 0, "source": 23, "target": 31}, {"distance": 0.38661415808942773, "on_path": 0, "source": 23, "target": 25}, {"distance": 0.6417793721303351, "on_path": 1, "source": 24, "target": 28}, {"distance": 0.30797605108995063, "on_path": 0, "source": 24, "target": 34}, {"distance": 1.5376453290953467, "on_path": 0, "source": 25, "target": 28}, {"distance": 0.6943383807653882, "on_path": 0, "source": 25, "target": 31}, {"distance": 2.13227240582268, "on_path": 0, "source": 26, "target": 42}, {"distance": 1.907097673325865, "on_path": 0, "source": 26, "target": 44}, {"distance": 0.8778791799431247, "on_path": 0, "source": 27, "target": 33}, {"distance": 0.8326053591218376, "on_path": 0, "source": 27, "target": 44}, {"distance": 1.6052436321208359, "on_path": 0, "source": 28, "target": 30}, {"distance": 0.3290428788800324, "on_path": 0, "source": 29, "target": 32}, {"distance": 1.3457089668703832, "on_path": 0, "source": 29, "target": 42}, {"distance": 1.424952472618571, "on_path": 0, "source": 32, "target": 40}, {"distance": 1.8090602234538657, "on_path": 0, "source": 33, "target": 39}, {"distance": 1.65388100336391, "on_path": 0, "source": 35, "target": 41}, {"distance": 1.745528670139097, "on_path": 0, "source": 35, "target": 40}, {"distance": 0.5949088353785081, "on_path": 0, "source": 36, "target": 43}, {"distance": 0.9663315742837428, "on_path": 0, "source": 37, "target": 40}, {"distance": 0.3168833608792265, "on_path": 0, "source": 38, "target": 41}, {"distance": 0.5164675878618906, "on_path": 0, "source": 40, "target": 43}]}