{"directed": false, "multigraph": false, "graph": {}, "nodes": [{"node_features": [0.0, 0.0], "id": 0}, {"node_features": [0.0, 0.0], "id": 1}, {"node_features": [0.0, 0.0], "id": 2}, {"node_features": [0.0, 0.0], "id": 3}, {"node_features": [0.0, 0.0], "id": 4}, {"node_features": [0.0, 0.0], "id": 5}, {"node_features": [0.0, 0.0], "id": 6}, {"node_features": [0.0, 0.0], "id": 7}, {"node_features": [0.0, 0.0], "id": 8}, {"node_features": [0.0, 0.0], "id": 9}, {"node_features": [0.0, 0.0], "id": 10}, {"node_features": [0.0, 0.0], "id": 11}, {"node_features": [0.0, 0.0], "id": 12}, {"node_features": [0.0, 0.0], "id": 13}, {"node_features": [1.0, 0.0], "id": 14}, {"node_features": [0.0, 0.0], "id": 15}, {"node_features": [0.0, 0.0], "id": 16}, {"node_features": [0.0, 0.0], "id": 17}, {"node_features": [0.0, 0.0], "id": 18}, {"node_features": [0.0, 0.0], "id": 19}, {"node_features": [0.0, 0.0], "id": 20}, {"node_features": [0.0, 0.0], "id": 21}, {"node_features": [0.0, 1.0], "id": 22}, {"node_features": [0.0, 0.0], "id": 23}, {"node_features": [0.0, 0.0], "id": 24}], "links": [{"distance": 0.3595840083124497, "on_path": 0, "source": 0, "target": 8}, {"distance": 1.2391950101866098, "on_path": 0, "source": 0, "target": 24}, {"distance": 1.730119545096539, "on_path": 0, "source": 1, "target": 23}, {"distance": 0.4739433038531811, "on_path": 0, "source": 1, "target": 5}, {"distance": 1.7103132619068897, "on_path": 0, "source": 1, "target": 21}, {"distance": 1.030804091169962, "on_path": 0, "source": 2, "target": 21}, {"distance": 1.1206327787085233, "on_path": 0, "source": 2, "target": 23}, {"distance": 1.0730421596894495, "on_path": 0, "source": 2, "target": 8}, {"distance": 1.3151380448722951, "on_path": 0, "source": 2, "target": 14}, {"distance": 0.1763052788585674, "on_path": 0, "source": 2, "target": 15}, {"distance": 0.787124988471902, "on_path": 0, "source": 2, "target": 24}, {"distance": 0.9697579353717475, "on_path": 0, "source": 3, "target": 7}, {"distance": 0.6712011142931632, "on_path": 0, "source": 3, "target": 23}, {"distance": 1.1957571552021604, "on_path": 0, "source": 3, "target": 9}, {"distance": 1.0516048773443687, "on_path": 0, "source": 3, "target": 4}, {"distance": 1.576274955166099, "on_path": 0, "source": 4, "target": 8}, {"distance": 1.4504089225679624, "on_path": 0, "source": 5, "target": 9}, {"distance": 0.5853837923151617, "on_path": 0, "source": 5, "target": 12}, {"distance": 0.7093022920852462, "on_path": 0, "source": 5, "target": 11}, {"distance": 0.7591449424804001, "on_path": 0, "source": 5, "target": 6}, {"distance": 0.7531828594076448, "on_path": 0, "source": 6, "target": 13}, {"distance": 1.6404384051073955, "on_path": 0, "source": 7, "target": 23}, {"distance": 1.7146726913418537, "on_path": 0, "source": 7, "target": 19}, {"distance": 1.5857351091474656, "on_path": 0, "source": 7, "target": 8}, {"distance": 0.5777832703268009, "on_path": 0, "source": 7, "target": 16}, {"distance": 0.9805893818430296, "on_path": 0, "source": 7, "target": 18}, {"distance": 0.28853574647656965, "on_path": 0, "source": 8, "target": 23}, {"distance": 1.5411161334183845, "on_path": 0, "source": 9, "target": 23}, {"distance": 1.2984630056756725, "on_path": 0, "source": 9, "target": 15}, {"distance": 0.3770540962894681, "on_path": 0, "source": 9, "target": 24}, {"distance": 0.9367502600914732, "on_path": 0, "source": 9, "target": 12}, {"distance": 1.081024210571552, "on_path": 1, "source": 9, "target": 13}, {"distance": 0.5924504982015774, "on_path": 1, "source": 9, "target": 22}, {"distance": 0.8005011433729398, "on_path": 0, "source": 10, "target": 17}, {"distance": 0.29584043091414614, "on_path": 1, "source": 10, "target": 13}, {"distance": 0.9767172436688308, "on_path": 1, "source": 10, "target": 14}, {"distance": 0.6219793285991748, "on_path": 0, "source": 10, "target": 11}, {"distance": 0.5539067287083331, "on_path": 0, "source": 11, "target": 15}, {"distance": 1.0997980133039331, "on_path": 0, "source": 11, "target": 20}, {"distance": 1.0781473103510508, "on_path": 0, "source": 11, "target": 16}, {"distance": 0.7739733721175543, "on_path": 0, "source": 15, "target": 18}, {"distance": 1.2040238697258696, "on_path": 0, "source": 15, "target": 21}, {"distance": 1.2541312707049983, "on_path": 0, "source": 16, "target": 22}, {"distance": 1.221198863863988, "on_path": 0, "source": 17, "target": 23}, {"distance": 0.5712405635299193, "on_path": 0, "source": 17, "target": 21}, {"distance": 1.2470269245323897, "on_path": 0, "source": 17, "target": 20}, {"distance": 0.9569053135565729, "on_path": 0, "source": 19, "target": 22}, {"distance": 0.6049550967120955, "on_path": 0, "source": 19, "target": 23}, {"distance": 0.3123839837150326, "on_path": 0, "source": 21, "target": 24}, {"distance": 1.2093587339332672, "on_path": 0, "source": 23, "target": 24}]}