{"directed": false, "multigraph": false, "graph": {}, "nodes": [{"node_features": [0.0, 0.0], "id": 0}, {"node_features": [0.0, 0.0], "id": 1}, {"node_features": [0.0, 0.0], "id": 2}, {"node_features": [0.0, 0.0], "id": 3}, {"node_features": [0.0, 0.0], "id": 4}, {"node_features": [0.0, 0.0], "id": 5}, {"node_features": [0.0, 0.0], "id": 6}, {"node_features": [0.0, 0.0], "id": 7}, {"node_features": [0.0, 1.0], "id": 8}, {"node_features": [0.0, 0.0], "id": 9}, {"node_features": [0.0, 0.0], "id": 10}, {"node_features": [0.0, 0.0], "id": 11}, {"node_features": [0.0, 0.0], "id": 12}, {"node_features": [0.0, 0.0], "id": 13}, {"node_features": [0.0, 0.0], "id": 14}, {"node_features": [0.0, 0.0], "id": 15}, {"node_features": [0.0, 0.0], "id": 16}, {"node_features": [0.0, 0.0], "id": 17}, {"node_features": [0.0, 0.0], "id": 18}, {"node_features": [0.0, 0.0], "id": 19}, {"node_features": [0.0, 0.0], "id": 20}, {"node_features": [1.0, 0.0], "id": 21}, {"node_features": [0.0, 0.0], "id": 22}, {"node_features": [0.0, 0.0], "id": 23}, {"node_features": [0.0, 0.0], "id": 24}, {"node_features": [0.0, 0.0], "id": 25}, {"node_features": [0.0, 0.0], "id": 26}, {"node_features": [0.0, 0.0], "id": 27}, {"node_features": [0.0, 0.0], "id": 28}, {"node_features": [0.0, 0.0], "id": 29}, {"node_features": [0.0, 0.0], "id": 30}, {"node_features": [0.0, 0.0], "id": 31}, {"node_features": [0.0, 0.0], "id": 32}, {"node_features": [0.0, 0.0], "id": 33}, {"node_features": [0.0, 0.0], "id": 34}], "links": [{"distance": 0.9608789477159846, "on_path": 0, "source": 0, "target": 26}, {"distance": 1.3212695039282951, "on_path": 0, "source": 0, "target": 10}, {"distance": 1.0622749003253649, "on_path": 0, "source": 0, "target": 27}, {"distance": 0.5725582563030096, "on_path": 0, "source": 0, "target": 20}, {"distance": 1.8821786247835872, "on_path": 0, "source": 0, "target": 11}, {"distance": 1.5155252780267054, "on_path": 0, "source": 1, "target": 13}, {"distance": 1.0241353177827097, "on_path": 0, "source": 1, "target": 14}, {"distance": 1.380940477553071, "on_path": 0, "source": 1, "target": 18}, {"distance": 1.2514860558889032, "on_path": 0, "source": 1, "target": 19}, {"distance": 0.46136962217097494, "on_path": 0, "source": 1, "target": 17}, {"distance": 1.1968690689103159, "on_path": 0, "source": 2, "target": 12}, {"distance": 0.8230284444409762, "on_path": 0, "source": 2, "target": 28}, {"distance": 1.6840568107327805, "on_path": 0, "source": 2, "target": 5}, {"distance": 0.9549068425462285, "on_path": 0, "source": 2, "target": 23}, {"distance": 0.8459819544508422, "on_path": 0, "source": 3, "target": 22}, {"distance": 0.7080887453444651, "on_path": 0, "source": 3, "target": 8}, {"distance": 0.8890137257604996, "on_path": 0, "source": 3, "target": 18}, {"distance": 1.4478477828632081, "on_path": 0, "source": 3, "target": 20}, {"distance": 1.3715603110496761, "on_path": 0, "source": 4, "target": 7}, {"distance": 1.7702300758297798, "on_path": 0, "source": 4, "target": 20}, {"distance": 1.7962206861050578, "on_path": 0, "source": 4, "target": 30}, {"distance": 2.0668047814139623, "on_path": 0, "source": 4, "target": 34}, {"distance": 1.5159369216870386, "on_path": 0, "source": 4, "target": 24}, {"distance": 1.3038986112325957, "on_path": 0, "source": 5, "target": 13}, {"distance": 0.9688513207799426, "on_path": 0, "source": 5, "target": 23}, {"distance": 1.3694141344181863, "on_path": 0, "source": 5, "target": 22}, {"distance": 1.3628604547658094, "on_path": 0, "source": 5, "target": 33}, {"distance": 2.3495219408435224, "on_path": 0, "source": 6, "target": 13}, {"distance": 1.7624857838952557, "on_path": 0, "source": 6, "target": 12}, {"distance": 1.56181129800168, "on_path": 0, "source": 6, "target": 10}, {"distance": 0.5915339396600288, "on_path": 0, "source": 6, "target": 7}, {"distance": 0.559082642276491, "on_path": 0, "source": 7, "target": 20}, {"distance": 0.5697064581514323, "on_path": 1, "source": 7, "target": 26}, {"distance": 0.3776272377298221, "on_path": 0, "source": 7, "target": 9}, {"distance": 0.147135253096296, "on_path": 1, "source": 7, "target": 24}, {"distance": 0.45978533650385756, "on_path": 0, "source": 7, "target": 30}, {"distance": 0.8306113976489028, "on_path": 1, "source": 8, "target": 25}, {"distance": 1.151362348146189, "on_path": 0, "source": 8, "target": 19}, {"distance": 0.9602911856931113, "on_path": 0, "source": 8, "target": 16}, {"distance": 1.976082567139919, "on_path": 0, "source": 9, "target": 33}, {"distance": 1.7184300482415868, "on_path": 0, "source": 9, "target": 16}, {"distance": 1.6010600390976037, "on_path": 0, "source": 10, "target": 34}, {"distance": 0.6459895519491022, "on_path": 0, "source": 10, "target": 15}, {"distance": 0.31428229815658815, "on_path": 0, "source": 11, "target": 32}, {"distance": 1.3505164590015986, "on_path": 0, "source": 12, "target": 31}, {"distance": 1.341467622783416, "on_path": 0, "source": 13, "target": 28}, {"distance": 1.2909189331767859, "on_path": 0, "source": 13, "target": 17}, {"distance": 0.10282654684806425, "on_path": 0, "source": 13, "target": 33}, {"distance": 1.4930741198893775, "on_path": 0, "source": 14, "target": 29}, {"distance": 0.6150294367123443, "on_path": 0, "source": 14, "target": 15}, {"distance": 1.5418744503470427, "on_path": 0, "source": 15, "target": 33}, {"distance": 0.453599552884512, "on_path": 0, "source": 15, "target": 24}, {"distance": 1.1016666202033454, "on_path": 0, "source": 15, "target": 31}, {"distance": 1.3558861245028748, "on_path": 0, "source": 15, "target": 16}, {"distance": 1.022900087915776, "on_path": 0, "source": 17, "target": 32}, {"distance": 1.2637828540957927, "on_path": 0, "source": 17, "target": 33}, {"distance": 1.0419300055634575, "on_path": 0, "source": 18, "target": 21}, {"distance": 1.113208768628039, "on_path": 0, "source": 19, "target": 33}, {"distance": 1.017047078940854, "on_path": 0, "source": 19, "target": 22}, {"distance": 0.5204841682609108, "on_path": 1, "source": 21, "target": 26}, {"distance": 1.281510188207518, "on_path": 0, "source": 21, "target": 22}, {"distance": 2.1628031485609833, "on_path": 0, "source": 22, "target": 25}, {"distance": 0.6240317220825644, "on_path": 0, "source": 23, "target": 28}, {"distance": 0.3286593607052514, "on_path": 1, "source": 24, "target": 25}, {"distance": 0.8763151528325099, "on_path": 0, "source": 24, "target": 27}, {"distance": 1.9924790498921474, "on_path": 0, "source": 25, "target": 32}, {"distance": 1.094122782605774, "on_path": 0, "source": 26, "target": 32}, {"distance": 0.6629224057180205, "on_path": 0, "source": 26, "target": 29}, {"distance": 1.3317176947279379, "on_path": 0, "source": 28, "target": 34}, {"distance": 1.8896606443712556, "on_path": 0, "source": 31, "target": 34}]}