{"directed": false, "multigraph": false, "graph": {}, "nodes": [{"node_features": [1.0, 0.0], "id": 0}, {"node_features": [0.0, 0.0], "id": 1}, {"node_features": [0.0, 0.0], "id": 2}, {"node_features": [0.0, 0.0], "id": 3}, {"node_features": [0.0, 0.0], "id": 4}, {"node_features": [0.0, 0.0], "id": 5}, {"node_features": [0.0, 0.0], "id": 6}, {"node_features": [0.0, 0.0], "id": 7}, {"node_features": [0.0, 0.0], "id": 8}, {"node_features": [0.0, 0.0], "id": 9}, {"node_features": [0.0, 1.0], "id": 10}, {"node_features": [0.0, 0.0], "id": 11}, {"node_features": [0.0, 0.0], "id": 12}, {"node_features": [0.0, 0.0], "id": 13}, {"node_features": [0.0, 0.0], "id": 14}, {"node_features": [0.0, 0.0], "id": 15}, {"node_features": [0.0, 0.0], "id": 16}, {"node_features": [0.0, 0.0], "id": 17}, {"node_features": [0.0, 0.0], "id": 18}, {"node_features": [0.0, 0.0], "id": 19}, {"node_features": [0.0, 0.0], "id": 20}, {"node_features": [0.0, 0.0], "id": 21}, {"node_features": [0.0, 0.0], "id": 22}, {"node_features": [0.0, 0.0], "id": 23}, {"node_features": [0.0, 0.0], "id": 24}, {"node_features": [0.0, 0.0], "id": 25}, {"node_features": [0.0, 0.0], "id": 26}, {"node_features": [0.0, 0.0], "id": 27}, {"node_features": [0.0, 0.0], "id": 28}, {"node_features": [0.0, 0.0], "id": 29}, {"node_features": [0.0, 0.0], "id": 30}, {"node_features": [0.0, 0.0], "id": 31}, {"node_features": [0.0, 0.0], "id": 32}, {"node_features": [0.0, 0.0], "id": 33}, {"node_features": [0.0, 0.0], "id": 34}, {"node_features": [0.0, 0.0], "id": 35}, {"node_features": [0.0, 0.0], "id": 36}, {"node_features": [0.0, 0.0], "id": 37}, {"node_features": [0.0, 0.0], "id": 38}, {"node_features": [0.0, 0.0], "id": 39}, {"node_features": [0.0, 0.0], "id": 40}, {"node_features": [0.0, 0.0], "id": 41}, {"node_features": [0.0, 0.0], "id": 42}, {"node_features": [0.0, 0.0], "id": 43}, {"node_features": [0.0, 0.0], "id": 44}, {"node_features": [0.0, 0.0], "id": 45}, {"node_features": [0.0, 0.0], "id": 46}, {"node_features": [0.0, 0.0], "id": 47}, {"node_features": [0.0, 0.0], "id": 48}], "links": [{"distance": 1.5337886361732622, "on_path": 0, "source": 0, "target": 20}, {"distance": 0.3439647212407185, "on_path": 1, "source": 0, "target": 23}, {"distance": 1.3374863923050324, "on_path": 0, "source": 1, "target": 29}, {"distance": 2.030262547500945, "on_path": 0, "source": 1, "target": 27}, {"distance": 0.1246130317432247, "on_path": 0, "source": 1, "target": 47}, {"distance": 1.2438916418310308, "on_path": 0, "source": 1, "target": 31}, {"distance": 0.9128211256199134, "on_path": 0, "source": 2, "target": 42}, {"distance": 1.3276823574109595, "on_path": 0, "source": 2, "target": 5}, {"distance": 0.9615764959920314, "on_path": 0, "source": 2, "target": 11}, {"distance": 2.1660138386901435, "on_path": 0, "source": 2, "target": 26}, {"distance": 2.194629359443265, "on_path": 0, "source": 2, "target": 47}, {"distance": 0.3646862401057294, "on_path": 0, "source": 3, "target": 43}, {"distance": 0.872331437065454, "on_path": 0, "source": 3, "target": 39}, {"distance": 0.5700528479246737, "on_path": 0, "source": 3, "target": 27}, {"distance": 0.5834716537531169, "on_path": 0, "source": 3, "target": 44}, {"distance": 1.192699664813054, "on_path": 0, "source": 4, "target": 36}, {"distance": 1.0600135064776057, "on_path": 0, "source": 4, "target": 23}, {"distance": 1.127587221387266, "on_path": 0, "source": 4, "target": 29}, {"distance": 0.5350161921440796, "on_path": 0, "source": 4, "target": 43}, {"distance": 0.7416057042042262, "on_path": 0, "source": 5, "target": 32}, {"distance": 1.168189195258297, "on_path": 0, "source": 5, "target": 20}, {"distance": 1.540413402214447, "on_path": 0, "source": 6, "target": 39}, {"distance": 1.0552102237563328, "on_path": 0, "source": 6, "target": 7}, {"distance": 0.3567917582833513, "on_path": 0, "source": 6, "target": 18}, {"distance": 0.941783360055801, "on_path": 0, "source": 6, "target": 30}, {"distance": 0.3027629288283868, "on_path": 0, "source": 6, "target": 36}, {"distance": 0.39087141352501686, "on_path": 0, "source": 6, "target": 12}, {"distance": 1.3258098636972622, "on_path": 0, "source": 7, "target": 17}, {"distance": 0.7925250030859323, "on_path": 0, "source": 7, "target": 36}, {"distance": 1.2503353655144065, "on_path": 0, "source": 7, "target": 47}, {"distance": 0.3515125686161597, "on_path": 0, "source": 8, "target": 26}, {"distance": 0.3677649105881581, "on_path": 0, "source": 8, "target": 40}, {"distance": 1.6021925076230636, "on_path": 0, "source": 8, "target": 44}, {"distance": 1.3892303270288537, "on_path": 0, "source": 8, "target": 11}, {"distance": 0.873575853022411, "on_path": 0, "source": 8, "target": 25}, {"distance": 1.1578974997400366, "on_path": 0, "source": 9, "target": 15}, {"distance": 1.042147187967365, "on_path": 0, "source": 9, "target": 34}, {"distance": 1.6630600191273859, "on_path": 0, "source": 10, "target": 16}, {"distance": 1.7363510445381165, "on_path": 1, "source": 10, "target": 15}, {"distance": 1.717040436971498, "on_path": 0, "source": 10, "target": 32}, {"distance": 1.0741613860982284, "on_path": 0, "source": 11, "target": 38}, {"distance": 1.588430788484087, "on_path": 0, "source": 12, "target": 16}, {"distance": 1.2756228856941616, "on_path": 0, "source": 12, "target": 42}, {"distance": 1.7860826747783671, "on_path": 0, "source": 13, "target": 26}, {"distance": 0.33186570046532776, "on_path": 0, "source": 13, "target": 27}, {"distance": 1.660852762648452, "on_path": 0, "source": 13, "target": 48}, {"distance": 0.6133879472733715, "on_path": 0, "source": 14, "target": 17}, {"distance": 0.5690095639400621, "on_path": 0, "source": 14, "target": 35}, {"distance": 1.2967180257658968, "on_path": 0, "source": 14, "target": 21}, {"distance": 0.8909553381333386, "on_path": 0, "source": 15, "target": 30}, {"distance": 0.7813610402979262, "on_path": 1, "source": 15, "target": 28}, {"distance": 1.5704709807251176, "on_path": 0, "source": 16, "target": 31}, {"distance": 0.07014873064049514, "on_path": 0, "source": 16, "target": 32}, {"distance": 0.4067354188640829, "on_path": 0, "source": 16, "target": 37}, {"distance": 0.5312870660905318, "on_path": 0, "source": 16, "target": 38}, {"distance": 0.8939000845444677, "on_path": 0, "source": 17, "target": 34}, {"distance": 0.43626368082180234, "on_path": 0, "source": 17, "target": 31}, {"distance": 1.148762754470922, "on_path": 0, "source": 18, "target": 25}, {"distance": 1.5084202377921743, "on_path": 0, "source": 18, "target": 31}, {"distance": 1.5250860391519345, "on_path": 0, "source": 18, "target": 46}, {"distance": 1.4404122801342956, "on_path": 0, "source": 19, "target": 37}, {"distance": 0.4621662732871165, "on_path": 0, "source": 19, "target": 31}, {"distance": 1.5231336807276534, "on_path": 0, "source": 20, "target": 29}, {"distance": 1.576956781904549, "on_path": 0, "source": 20, "target": 21}, {"distance": 1.7959348565037616, "on_path": 0, "source": 20, "target": 32}, {"distance": 1.480550360254165, "on_path": 0, "source": 20, "target": 33}, {"distance": 1.122213469766106, "on_path": 1, "source": 21, "target": 28}, {"distance": 0.32292327818135746, "on_path": 1, "source": 21, "target": 45}, {"distance": 0.30026451781608055, "on_path": 0, "source": 22, "target": 36}, {"distance": 1.2696860930638159, "on_path": 0, "source": 22, "target": 32}, {"distance": 0.22869393809312605, "on_path": 0, "source": 22, "target": 35}, {"distance": 0.49645009779970933, "on_path": 0, "source": 23, "target": 39}, {"distance": 1.5920341744635211, "on_path": 0, "source": 23, "target": 43}, {"distance": 1.7325998981054942, "on_path": 0, "source": 23, "target": 47}, {"distance": 0.43992439737902683, "on_path": 1, "source": 23, "target": 45}, {"distance": 1.3157594577384046, "on_path": 0, "source": 24, "target": 32}, {"distance": 0.9908854184669876, "on_path": 0, "source": 24, "target": 25}, {"distance": 0.8078931701016161, "on_path": 0, "source": 24, "target": 36}, {"distance": 1.2208971008300105, "on_path": 0, "source": 24, "target": 38}, {"distance": 0.6692150449016563, "on_path": 0, "source": 25, "target": 30}, {"distance": 1.435374942473029, "on_path": 0, "source": 25, "target": 41}, {"distance": 0.3506728226835749, "on_path": 0, "source": 26, "target": 35}, {"distance": 0.12604486710974963, "on_path": 0, "source": 26, "target": 47}, {"distance": 1.7368437535967354, "on_path": 0, "source": 27, "target": 34}, {"distance": 2.21912437732432, "on_path": 0, "source": 27, "target": 40}, {"distance": 0.6915629516779109, "on_path": 0, "source": 28, "target": 36}, {"distance": 1.4538129905271033, "on_path": 0, "source": 29, "target": 47}, {"distance": 1.4691083717788629, "on_path": 0, "source": 30, "target": 41}, {"distance": 0.5572392532459054, "on_path": 0, "source": 30, "target": 46}, {"distance": 0.4300449689781597, "on_path": 0, "source": 30, "target": 33}, {"distance": 0.7642323096722293, "on_path": 0, "source": 31, "target": 44}, {"distance": 0.4843772767533385, "on_path": 0, "source": 33, "target": 48}, {"distance": 0.883668657244509, "on_path": 0, "source": 34, "target": 46}, {"distance": 1.5658129580832452, "on_path": 0, "source": 37, "target": 43}, {"distance": 1.5884769933125849, "on_path": 0, "source": 39, "target": 48}, {"distance": 2.033632431879653, "on_path": 0, "source": 40, "target": 43}, {"distance": 0.7031654630613877, "on_path": 0, "source": 42, "target": 45}, {"distance": 1.5084166062367432, "on_path": 0, "source": 44, "target": 47}]}