{"directed": false, "multigraph": false, "graph": {}, "nodes": [{"node_features": [0.0, 0.0], "id": 0}, {"node_features": [0.0, 1.0], "id": 1}, {"node_features": [0.0, 0.0], "id": 2}, {"node_features": [0.0, 0.0], "id": 3}, {"node_features": [0.0, 0.0], "id": 4}, {"node_features": [0.0, 0.0], "id": 5}, {"node_features": [0.0, 0.0], "id": 6}, {"node_features": [0.0, 0.0], "id": 7}, {"node_features": [0.0, 0.0], "id": 8}, {"node_features": [0.0, 0.0], "id": 9}, {"node_features": [0.0, 0.0], "id": 10}, {"node_features": [0.0, 0.0], "id": 11}, {"node_features": [0.0, 0.0], "id": 12}, {"node_features": [0.0, 0.0], "id": 13}, {"node_features": [0.0, 0.0], "id": 14}, {"node_features": [0.0, 0.0], "id": 15}, {"node_features": [0.0, 0.0], "id": 16}, {"node_features": [0.0, 0.0], "id": 17}, {"node_features": [0.0, 0.0], "id": 18}, {"node_features": [0.0, 0.0], "id": 19}, {"node_features": [0.0, 0.0], "id": 20}, {"node_features": [0.0, 0.0], "id": 21}, {"node_features": [0.0, 0.0], "id": 22}, {"node_features": [0.0, 0.0], "id": 23}, {"node_features": [0.0, 0.0], "id": 24}, {"node_features": [1.0, 0.0], "id": 25}, {"node_features": [0.0, 0.0], "id": 26}, {"node_features": [0.0, 0.0], "id": 27}, {"node_features": [0.0, 0.0], "id": 28}, {"node_features": [0.0, 0.0], "id": 29}, {"node_features": [0.0, 0.0], "id": 30}, {"node_features": [0.0, 0.0], "id": 31}, {"node_features": [0.0, 0.0], "id": 32}, {"node_features": [0.0, 0.0], "id": 33}, {"node_features": [0.0, 0.0], "id": 34}, {"node_features": [0.0, 0.0], "id": 35}], "links": [{"distance": 0.16173645166021336, "on_path": 0, "source": 0, "target": 33}, {"distance": 0.7522697141176233, "on_path": 0, "source": 0, "target": 20}, {"distance": 1.0347096661212964, "on_path": 0, "source": 0, "target": 17}, {"distance": 0.8378921274880929, "on_path": 0, "source": 1, "target": 8}, {"distance": 0.9885283792591445, "on_path": 0, "source": 1, "target": 9}, {"distance": 1.844787682211581, "on_path": 0, "source": 1, "target": 23}, {"distance": 1.7224884126754556, "on_path": 0, "source": 1, "target": 29}, {"distance": 1.7702676673692936, "on_path": 0, "source": 1, "target": 27}, {"distance": 0.45602558540260973, "on_path": 1, "source": 1, "target": 28}, {"distance": 1.857016762945815, "on_path": 0, "source": 2, "target": 28}, {"distance": 1.0017528452948814, "on_path": 0, "source": 2, "target": 19}, {"distance": 1.8094391033515873, "on_path": 0, "source": 2, "target": 30}, {"distance": 1.6345260096420058, "on_path": 0, "source": 2, "target": 34}, {"distance": 0.7440931828105971, "on_path": 0, "source": 2, "target": 7}, {"distance": 0.7141708764399419, "on_path": 0, "source": 2, "target": 18}, {"distance": 0.8720288297985647, "on_path": 0, "source": 2, "target": 31}, {"distance": 1.1279248040120586, "on_path": 0, "source": 3, "target": 15}, {"distance": 1.1952485205892003, "on_path": 0, "source": 3, "target": 26}, {"distance": 1.3726477521706122, "on_path": 0, "source": 3, "target": 18}, {"distance": 2.519899383389382, "on_path": 0, "source": 4, "target": 28}, {"distance": 2.751937584068093, "on_path": 0, "source": 4, "target": 12}, {"distance": 0.8576722288496279, "on_path": 0, "source": 4, "target": 5}, {"distance": 1.8152881879182656, "on_path": 0, "source": 5, "target": 28}, {"distance": 1.0104393445336828, "on_path": 0, "source": 5, "target": 11}, {"distance": 1.4895447795361, "on_path": 0, "source": 5, "target": 35}, {"distance": 1.1575513194196674, "on_path": 0, "source": 5, "target": 23}, {"distance": 0.5253256759110624, "on_path": 0, "source": 6, "target": 25}, {"distance": 0.5124188950828611, "on_path": 0, "source": 6, "target": 18}, {"distance": 0.9216398960807305, "on_path": 0, "source": 6, "target": 20}, {"distance": 1.2619460931021174, "on_path": 0, "source": 7, "target": 35}, {"distance": 0.7737886465362479, "on_path": 0, "source": 7, "target": 29}, {"distance": 0.48365957632287754, "on_path": 0, "source": 8, "target": 20}, {"distance": 1.3346329894981788, "on_path": 0, "source": 8, "target": 14}, {"distance": 0.04680925470627998, "on_path": 0, "source": 8, "target": 12}, {"distance": 1.6740762386435062, "on_path": 0, "source": 8, "target": 19}, {"distance": 1.9666412559431803, "on_path": 0, "source": 9, "target": 35}, {"distance": 0.7500513283431761, "on_path": 0, "source": 10, "target": 35}, {"distance": 0.6658112633332071, "on_path": 0, "source": 10, "target": 22}, {"distance": 1.5402836762936432, "on_path": 0, "source": 10, "target": 28}, {"distance": 0.6782604088041172, "on_path": 0, "source": 10, "target": 33}, {"distance": 1.3492881531712049, "on_path": 0, "source": 10, "target": 14}, {"distance": 0.23071515054073222, "on_path": 0, "source": 10, "target": 21}, {"distance": 2.1865863381097883, "on_path": 0, "source": 11, "target": 16}, {"distance": 1.9886649213272487, "on_path": 0, "source": 12, "target": 26}, {"distance": 2.1802403839199367, "on_path": 0, "source": 12, "target": 23}, {"distance": 1.7333488969261013, "on_path": 0, "source": 12, "target": 27}, {"distance": 1.160150175264406, "on_path": 0, "source": 13, "target": 30}, {"distance": 1.5966413272366518, "on_path": 0, "source": 13, "target": 31}, {"distance": 1.5481539821688493, "on_path": 0, "source": 13, "target": 22}, {"distance": 0.652618930167645, "on_path": 0, "source": 14, "target": 15}, {"distance": 0.346514545499701, "on_path": 0, "source": 15, "target": 25}, {"distance": 0.42633151134781994, "on_path": 0, "source": 15, "target": 17}, {"distance": 0.6712624660806024, "on_path": 0, "source": 15, "target": 26}, {"distance": 0.5970376148282016, "on_path": 0, "source": 16, "target": 23}, {"distance": 0.17810460104789744, "on_path": 0, "source": 16, "target": 35}, {"distance": 0.669258951306797, "on_path": 1, "source": 17, "target": 25}, {"distance": 1.1367241315131447, "on_path": 0, "source": 17, "target": 24}, {"distance": 1.14404473523176, "on_path": 1, "source": 17, "target": 32}, {"distance": 0.980917488098056, "on_path": 0, "source": 17, "target": 34}, {"distance": 0.407867869165082, "on_path": 0, "source": 18, "target": 33}, {"distance": 0.9733501578454536, "on_path": 0, "source": 18, "target": 20}, {"distance": 1.0365215151128495, "on_path": 0, "source": 18, "target": 25}, {"distance": 0.831831065672478, "on_path": 0, "source": 19, "target": 29}, {"distance": 1.0361450047104905, "on_path": 0, "source": 21, "target": 26}, {"distance": 1.590288609742404, "on_path": 0, "source": 22, "target": 27}, {"distance": 0.9109015160482786, "on_path": 0, "source": 23, "target": 31}, {"distance": 0.1747626011226359, "on_path": 0, "source": 24, "target": 32}, {"distance": 0.6467040782569438, "on_path": 0, "source": 24, "target": 33}, {"distance": 1.6242307310186057, "on_path": 0, "source": 25, "target": 35}, {"distance": 1.6983553987916158, "on_path": 0, "source": 27, "target": 30}, {"distance": 0.39975835248684805, "on_path": 1, "source": 28, "target": 32}, {"distance": 1.8623093300511078, "on_path": 0, "source": 32, "target": 35}]}