{"directed": false, "multigraph": false, "graph": {}, "nodes": [{"node_features": [0.0, 0.0], "id": 0}, {"node_features": [0.0, 0.0], "id": 1}, {"node_features": [0.0, 0.0], "id": 2}, {"node_features": [1.0, 0.0], "id": 3}, {"node_features": [0.0, 0.0], "id": 4}, {"node_features": [0.0, 0.0], "id": 5}, {"node_features": [0.0, 0.0], "id": 6}, {"node_features": [0.0, 0.0], "id": 7}, {"node_features": [0.0, 0.0], "id": 8}, {"node_features": [0.0, 0.0], "id": 9}, {"node_features": [0.0, 0.0], "id": 10}, {"node_features": [0.0, 0.0], "id": 11}, {"node_features": [0.0, 0.0], "id": 12}, {"node_features": [0.0, 0.0], "id": 13}, {"node_features": [0.0, 0.0], "id": 14}, {"node_features": [0.0, 0.0], "id": 15}, {"node_features": [0.0, 0.0], "id": 16}, {"node_features": [0.0, 0.0], "id": 17}, {"node_features": [0.0, 0.0], "id": 18}, {"node_features": [0.0, 0.0], "id": 19}, {"node_features": [0.0, 1.0], "id": 20}, {"node_features": [0.0, 0.0], "id": 21}, {"node_features": [0.0, 0.0], "id": 22}, {"node_features": [0.0, 0.0], "id": 23}, {"node_features": [0.0, 0.0], "id": 24}, {"node_features": [0.0, 0.0], "id": 25}, {"node_features": [0.0, 0.0], "id": 26}], "links": [{"distance": 1.6439146496027897, "on_path": 0, "source": 0, "target": 21}, {"distance": 1.6304624258429259, "on_path": 0, "source": 0, "target": 3}, {"distance": 1.6014206757765361, "on_path": 0, "source": 0, "target": 5}, {"distance": 0.8983707093408541, "on_path": 0, "source": 0, "target": 23}, {"distance": 1.438706855327521, "on_path": 0, "source": 0, "target": 10}, {"distance": 0.7637640071448991, "on_path": 0, "source": 0, "target": 16}, {"distance": 0.7050279164503308, "on_path": 0, "source": 1, "target": 21}, {"distance": 1.5909690751378163, "on_path": 0, "source": 1, "target": 17}, {"distance": 1.4387747766802186, "on_path": 0, "source": 1, "target": 4}, {"distance": 1.396199961380629, "on_path": 0, "source": 1, "target": 9}, {"distance": 1.2592789919831697, "on_path": 0, "source": 1, "target": 11}, {"distance": 2.1173993839076846, "on_path": 0, "source": 2, "target": 19}, {"distance": 2.1669811779150336, "on_path": 0, "source": 2, "target": 14}, {"distance": 2.021166180045839, "on_path": 0, "source": 2, "target": 21}, {"distance": 2.0366015266562534, "on_path": 0, "source": 2, "target": 13}, {"distance": 1.8988938826846657, "on_path": 0, "source": 2, "target": 10}, {"distance": 1.107816875997047, "on_path": 1, "source": 3, "target": 24}, {"distance": 0.7655833576617621, "on_path": 0, "source": 3, "target": 8}, {"distance": 0.6609372740195664, "on_path": 0, "source": 4, "target": 19}, {"distance": 1.2550396553940995, "on_path": 0, "source": 4, "target": 18}, {"distance": 1.0099431917623296, "on_path": 0, "source": 4, "target": 20}, {"distance": 1.1712989132957423, "on_path": 0, "source": 4, "target": 6}, {"distance": 0.1637819619871875, "on_path": 0, "source": 5, "target": 10}, {"distance": 0.8474354998389526, "on_path": 0, "source": 5, "target": 11}, {"distance": 0.6594509112255982, "on_path": 0, "source": 5, "target": 25}, {"distance": 1.3598969525907805, "on_path": 0, "source": 6, "target": 19}, {"distance": 1.0433216812445743, "on_path": 0, "source": 6, "target": 12}, {"distance": 0.5672620973480502, "on_path": 0, "source": 6, "target": 24}, {"distance": 0.39778500353328194, "on_path": 0, "source": 7, "target": 25}, {"distance": 0.7305554182819224, "on_path": 0, "source": 7, "target": 15}, {"distance": 1.179052005893454, "on_path": 0, "source": 7, "target": 13}, {"distance": 0.9918883221525008, "on_path": 0, "source": 7, "target": 17}, {"distance": 0.7923194161765519, "on_path": 0, "source": 7, "target": 20}, {"distance": 0.8324128664692877, "on_path": 0, "source": 8, "target": 12}, {"distance": 0.9210418083697038, "on_path": 0, "source": 9, "target": 21}, {"distance": 1.4199741993743729, "on_path": 0, "source": 11, "target": 15}, {"distance": 1.0906909195472505, "on_path": 0, "source": 12, "target": 19}, {"distance": 1.5540566953740338, "on_path": 0, "source": 13, "target": 21}, {"distance": 1.8459936922429492, "on_path": 0, "source": 13, "target": 15}, {"distance": 1.7562481695489032, "on_path": 0, "source": 13, "target": 22}, {"distance": 0.2326202074715168, "on_path": 0, "source": 14, "target": 25}, {"distance": 1.0729083925540948, "on_path": 0, "source": 16, "target": 22}, {"distance": 1.3383853919578539, "on_path": 0, "source": 16, "target": 21}, {"distance": 1.677905067961795, "on_path": 0, "source": 17, "target": 22}, {"distance": 1.2427066226225256, "on_path": 0, "source": 17, "target": 25}, {"distance": 1.627679455030497, "on_path": 0, "source": 18, "target": 26}, {"distance": 1.2831249923017811, "on_path": 0, "source": 18, "target": 23}, {"distance": 1.3694350415985008, "on_path": 0, "source": 19, "target": 26}, {"distance": 1.0842657119476533, "on_path": 0, "source": 19, "target": 24}, {"distance": 1.1377498770921888, "on_path": 1, "source": 20, "target": 25}, {"distance": 1.2929582173788436, "on_path": 1, "source": 21, "target": 24}, {"distance": 0.12122260830697706, "on_path": 1, "source": 21, "target": 25}, {"distance": 1.595747802950829, "on_path": 0, "source": 21, "target": 23}, {"distance": 0.37686439685294537, "on_path": 0, "source": 23, "target": 26}]}