{"directed": false, "multigraph": false, "graph": {}, "nodes": [{"node_features": [0.0, 0.0], "id": 0}, {"node_features": [0.0, 0.0], "id": 1}, {"node_features": [0.0, 0.0], "id": 2}, {"node_features": [0.0, 0.0], "id": 3}, {"node_features": [0.0, 0.0], "id": 4}, {"node_features": [0.0, 0.0], "id": 5}, {"node_features": [0.0, 0.0], "id": 6}, {"node_features": [0.0, 0.0], "id": 7}, {"node_features": [0.0, 0.0], "id": 8}, {"node_features": [1.0, 0.0], "id": 9}, {"node_features": [0.0, 0.0], "id": 10}, {"node_features": [0.0, 0.0], "id": 11}, {"node_features": [0.0, 0.0], "id": 12}, {"node_features": [0.0, 0.0], "id": 13}, {"node_features": [0.0, 0.0], "id": 14}, {"node_features": [0.0, 0.0], "id": 15}, {"node_features": [0.0, 0.0], "id": 16}, {"node_features": [0.0, 1.0], "id": 17}, {"node_features": [0.0, 0.0], "id": 18}, {"node_features": [0.0, 0.0], "id": 19}, {"node_features": [0.0, 0.0], "id": 20}, {"node_features": [0.0, 0.0], "id": 21}, {"node_features": [0.0, 0.0], "id": 22}, {"node_features": [0.0, 0.0], "id": 23}, {"node_features": [0.0, 0.0], "id": 24}, {"node_features": [0.0, 0.0], "id": 25}, {"node_features": [0.0, 0.0], "id": 26}, {"node_features": [0.0, 0.0], "id": 27}, {"node_features": [0.0, 0.0], "id": 28}, {"node_features": [0.0, 0.0], "id": 29}, {"node_features": [0.0, 0.0], "id": 30}, {"node_features": [0.0, 0.0], "id": 31}, {"node_features": [0.0, 0.0], "id": 32}, {"node_features": [0.0, 0.0], "id": 33}, {"node_features": [0.0, 0.0], "id": 34}, {"node_features": [0.0, 0.0], "id": 35}], "links": [{"distance": 0.5368953002249863, "on_path": 0, "source": 0, "target": 23}, {"distance": 1.5059592697572877, "on_path": 0, "source": 0, "target": 10}, {"distance": 0.9672593625612042, "on_path": 0, "source": 0, "target": 11}, {"distance": 0.9738716018982893, "on_path": 0, "source": 0, "target": 27}, {"distance": 0.7568798182219846, "on_path": 0, "source": 0, "target": 16}, {"distance": 1.14006377778296, "on_path": 0, "source": 0, "target": 33}, {"distance": 1.008901823901927, "on_path": 0, "source": 1, "target": 22}, {"distance": 0.6561745754204461, "on_path": 0, "source": 1, "target": 29}, {"distance": 1.1314350344008617, "on_path": 0, "source": 1, "target": 6}, {"distance": 0.23665692224448784, "on_path": 0, "source": 2, "target": 10}, {"distance": 1.4989944216137683, "on_path": 0, "source": 2, "target": 16}, {"distance": 0.6830978534346048, "on_path": 0, "source": 2, "target": 17}, {"distance": 1.9180935104863317, "on_path": 0, "source": 2, "target": 25}, {"distance": 1.177753314199196, "on_path": 0, "source": 2, "target": 35}, {"distance": 2.0004509706599976, "on_path": 0, "source": 2, "target": 11}, {"distance": 1.449805562685159, "on_path": 0, "source": 2, "target": 15}, {"distance": 0.5015507474378171, "on_path": 0, "source": 3, "target": 26}, {"distance": 0.48992297975714727, "on_path": 0, "source": 3, "target": 19}, {"distance": 1.0310437774010481, "on_path": 0, "source": 3, "target": 27}, {"distance": 0.9572980366812381, "on_path": 0, "source": 3, "target": 33}, {"distance": 0.4010907350283432, "on_path": 0, "source": 3, "target": 16}, {"distance": 0.5783845190384815, "on_path": 0, "source": 4, "target": 20}, {"distance": 1.7875838434811684, "on_path": 0, "source": 4, "target": 12}, {"distance": 1.9017213365608014, "on_path": 0, "source": 5, "target": 25}, {"distance": 0.7188900164450318, "on_path": 0, "source": 5, "target": 26}, {"distance": 1.8018727409477702, "on_path": 0, "source": 5, "target": 24}, {"distance": 1.5437954949875985, "on_path": 0, "source": 5, "target": 13}, {"distance": 1.7483045672692128, "on_path": 0, "source": 6, "target": 12}, {"distance": 0.9961647094162713, "on_path": 0, "source": 6, "target": 15}, {"distance": 1.9690863177041669, "on_path": 0, "source": 6, "target": 10}, {"distance": 0.8211595385925338, "on_path": 0, "source": 6, "target": 28}, {"distance": 0.9970538013785083, "on_path": 1, "source": 7, "target": 28}, {"distance": 0.5577113063917205, "on_path": 1, "source": 7, "target": 8}, {"distance": 1.0724380195659495, "on_path": 0, "source": 7, "target": 10}, {"distance": 1.957719947020297, "on_path": 0, "source": 8, "target": 25}, {"distance": 0.9990086829376204, "on_path": 1, "source": 8, "target": 17}, {"distance": 1.5846817878878903, "on_path": 0, "source": 8, "target": 24}, {"distance": 1.0438741117594157, "on_path": 1, "source": 9, "target": 28}, {"distance": 1.7219199410339516, "on_path": 0, "source": 9, "target": 21}, {"distance": 1.1105907167555538, "on_path": 0, "source": 9, "target": 33}, {"distance": 0.18019589397629404, "on_path": 0, "source": 10, "target": 32}, {"distance": 1.3912397602545197, "on_path": 0, "source": 11, "target": 25}, {"distance": 0.48591010688729813, "on_path": 0, "source": 11, "target": 23}, {"distance": 0.8556377785697875, "on_path": 0, "source": 12, "target": 17}, {"distance": 1.354762458806971, "on_path": 0, "source": 12, "target": 22}, {"distance": 0.83757668296781, "on_path": 0, "source": 12, "target": 19}, {"distance": 1.8120351815059828, "on_path": 0, "source": 13, "target": 22}, {"distance": 1.6945483676509405, "on_path": 0, "source": 13, "target": 29}, {"distance": 0.5635757332571595, "on_path": 0, "source": 14, "target": 28}, {"distance": 1.0921516463482988, "on_path": 0, "source": 14, "target": 30}, {"distance": 0.6313039227168133, "on_path": 0, "source": 14, "target": 26}, {"distance": 1.475362907521692, "on_path": 0, "source": 15, "target": 20}, {"distance": 0.7007753069419226, "on_path": 0, "source": 15, "target": 23}, {"distance": 0.5061354230121159, "on_path": 0, "source": 15, "target": 25}, {"distance": 0.9414565990915945, "on_path": 0, "source": 16, "target": 34}, {"distance": 1.1042371764365364, "on_path": 0, "source": 18, "target": 25}, {"distance": 0.9584455770506949, "on_path": 0, "source": 18, "target": 19}, {"distance": 0.8856348079830939, "on_path": 0, "source": 18, "target": 29}, {"distance": 1.2261836865315638, "on_path": 0, "source": 19, "target": 29}, {"distance": 1.498481146130115, "on_path": 0, "source": 20, "target": 31}, {"distance": 0.9807691824128919, "on_path": 0, "source": 20, "target": 23}, {"distance": 1.382804530679778, "on_path": 0, "source": 21, "target": 31}, {"distance": 1.3621725829545934, "on_path": 0, "source": 21, "target": 34}, {"distance": 1.4740283555905727, "on_path": 0, "source": 22, "target": 32}, {"distance": 1.209012299556381, "on_path": 0, "source": 22, "target": 27}, {"distance": 1.4552613631966502, "on_path": 0, "source": 24, "target": 30}, {"distance": 0.4460779811740228, "on_path": 0, "source": 25, "target": 28}, {"distance": 1.5522495892006858, "on_path": 0, "source": 25, "target": 35}, {"distance": 0.8842629853024322, "on_path": 0, "source": 26, "target": 27}, {"distance": 1.3401401329917513, "on_path": 0, "source": 28, "target": 30}, {"distance": 0.5742381913837666, "on_path": 0, "source": 31, "target": 34}, {"distance": 1.1093046295572588, "on_path": 0, "source": 32, "target": 35}]}