{"directed": false, "multigraph": false, "graph": {}, "nodes": [{"node_features": [0.0, 0.0], "id": 0}, {"node_features": [0.0, 0.0], "id": 1}, {"node_features": [0.0, 0.0], "id": 2}, {"node_features": [0.0, 0.0], "id": 3}, {"node_features": [0.0, 0.0], "id": 4}, {"node_features": [1.0, 0.0], "id": 5}, {"node_features": [0.0, 0.0], "id": 6}, {"node_features": [0.0, 0.0], "id": 7}, {"node_features": [0.0, 0.0], "id": 8}, {"node_features": [0.0, 0.0], "id": 9}, {"node_features": [0.0, 0.0], "id": 10}, {"node_features": [0.0, 0.0], "id": 11}, {"node_features": [0.0, 0.0], "id": 12}, {"node_features": [0.0, 0.0], "id": 13}, {"node_features": [0.0, 0.0], "id": 14}, {"node_features": [0.0, 0.0], "id": 15}, {"node_features": [0.0, 0.0], "id": 16}, {"node_features": [0.0, 0.0], "id": 17}, {"node_features": [0.0, 0.0], "id": 18}, {"node_features": [0.0, 0.0], "id": 19}, {"node_features": [0.0, 0.0], "id": 20}, {"node_features": [0.0, 0.0], "id": 21}, {"node_features": [0.0, 1.0], "id": 22}, {"node_features": [0.0, 0.0], "id": 23}, {"node_features": [0.0, 0.0], "id": 24}, {"node_features": [0.0, 0.0], "id": 25}, {"node_features": [0.0, 0.0], "id": 26}, {"node_features": [0.0, 0.0], "id": 27}, {"node_features": [0.0, 0.0], "id": 28}, {"node_features": [0.0, 0.0], "id": 29}], "links": [{"distance": 0.724328376280108, "on_path": 0, "source": 0, "target": 4}, {"distance": 0.9426529703930175, "on_path": 0, "source": 0, "target": 27}, {"distance": 1.1253411420462374, "on_path": 0, "source": 0, "target": 21}, {"distance": 1.2475356176645813, "on_path": 0, "source": 1, "target": 8}, {"distance": 0.9959718248494737, "on_path": 0, "source": 1, "target": 4}, {"distance": 0.24553390288846974, "on_path": 0, "source": 1, "target": 6}, {"distance": 0.9481432466044747, "on_path": 0, "source": 1, "target": 19}, {"distance": 1.1747313474642498, "on_path": 0, "source": 1, "target": 11}, {"distance": 1.184367865643409, "on_path": 0, "source": 1, "target": 15}, {"distance": 0.9787479838371835, "on_path": 0, "source": 1, "target": 24}, {"distance": 1.9383926666999327, "on_path": 0, "source": 2, "target": 16}, {"distance": 1.11899624486159, "on_path": 1, "source": 2, "target": 5}, {"distance": 1.4858704744131777, "on_path": 0, "source": 2, "target": 7}, {"distance": 0.8823252690744728, "on_path": 1, "source": 2, "target": 23}, {"distance": 0.9023841748351116, "on_path": 0, "source": 2, "target": 28}, {"distance": 2.0716323245906496, "on_path": 0, "source": 2, "target": 20}, {"distance": 1.0857931121960225, "on_path": 0, "source": 2, "target": 27}, {"distance": 1.9779450886113843, "on_path": 0, "source": 3, "target": 9}, {"distance": 1.4881656296614334, "on_path": 0, "source": 3, "target": 25}, {"distance": 1.7140075486304793, "on_path": 0, "source": 3, "target": 5}, {"distance": 1.3678156738043492, "on_path": 0, "source": 4, "target": 10}, {"distance": 1.339187378236005, "on_path": 0, "source": 4, "target": 16}, {"distance": 0.9207610491267659, "on_path": 0, "source": 6, "target": 25}, {"distance": 0.06598870115479227, "on_path": 0, "source": 7, "target": 11}, {"distance": 1.4604601961738968, "on_path": 0, "source": 7, "target": 12}, {"distance": 0.5700991625840605, "on_path": 0, "source": 8, "target": 11}, {"distance": 1.1881781534082068, "on_path": 0, "source": 8, "target": 29}, {"distance": 0.9039767475785249, "on_path": 0, "source": 9, "target": 25}, {"distance": 1.8884722231271447, "on_path": 0, "source": 9, "target": 12}, {"distance": 0.12830241320907013, "on_path": 0, "source": 9, "target": 13}, {"distance": 0.6068678621747657, "on_path": 0, "source": 9, "target": 11}, {"distance": 1.3110701471927402, "on_path": 0, "source": 9, "target": 26}, {"distance": 0.47219998083959674, "on_path": 0, "source": 10, "target": 17}, {"distance": 0.8101209370656838, "on_path": 0, "source": 10, "target": 22}, {"distance": 1.6211012549607329, "on_path": 0, "source": 10, "target": 15}, {"distance": 0.6245536265157012, "on_path": 0, "source": 11, "target": 18}, {"distance": 1.4120505097746385, "on_path": 0, "source": 12, "target": 15}, {"distance": 0.998064530125498, "on_path": 0, "source": 12, "target": 25}, {"distance": 1.8865954618326057, "on_path": 1, "source": 13, "target": 22}, {"distance": 1.1627331570813189, "on_path": 0, "source": 13, "target": 29}, {"distance": 0.395607545359988, "on_path": 1, "source": 13, "target": 23}, {"distance": 1.6100110993913823, "on_path": 0, "source": 14, "target": 17}, {"distance": 0.6745454938374661, "on_path": 0, "source": 14, "target": 18}, {"distance": 0.10608723888269014, "on_path": 0, "source": 14, "target": 25}, {"distance": 0.4358698064571752, "on_path": 0, "source": 14, "target": 26}, {"distance": 1.1604231069345319, "on_path": 0, "source": 14, "target": 22}, {"distance": 1.2527111544989689, "on_path": 0, "source": 16, "target": 23}, {"distance": 1.5839727098842233, "on_path": 0, "source": 16, "target": 28}, {"distance": 0.13326365695389425, "on_path": 0, "source": 16, "target": 20}, {"distance": 1.5175210558157486, "on_path": 0, "source": 17, "target": 28}, {"distance": 1.3097594476781418, "on_path": 0, "source": 17, "target": 23}, {"distance": 1.504565344681503, "on_path": 0, "source": 17, "target": 25}, {"distance": 0.5246347946807118, "on_path": 0, "source": 19, "target": 22}, {"distance": 1.3791173494344298, "on_path": 0, "source": 20, "target": 23}, {"distance": 1.20706104894239, "on_path": 0, "source": 20, "target": 29}, {"distance": 0.9731116574780987, "on_path": 0, "source": 21, "target": 27}, {"distance": 0.8115781216701603, "on_path": 0, "source": 21, "target": 29}, {"distance": 1.1473154260814564, "on_path": 0, "source": 23, "target": 26}, {"distance": 1.0381388112598047, "on_path": 0, "source": 24, "target": 29}, {"distance": 1.46545801050043, "on_path": 0, "source": 26, "target": 28}]}