{"directed": false, "multigraph": false, "graph": {}, "nodes": [{"node_features": [0.0, 0.0], "id": 0}, {"node_features": [0.0, 0.0], "id": 1}, {"node_features": [0.0, 0.0], "id": 2}, {"node_features": [0.0, 0.0], "id": 3}, {"node_features": [0.0, 0.0], "id": 4}, {"node_features": [0.0, 0.0], "id": 5}, {"node_features": [0.0, 0.0], "id": 6}, {"node_features": [0.0, 0.0], "id": 7}, {"node_features": [0.0, 0.0], "id": 8}, {"node_features": [0.0, 0.0], "id": 9}, {"node_features": [0.0, 0.0], "id": 10}, {"node_features": [0.0, 0.0], "id": 11}, {"node_features": [0.0, 0.0], "id": 12}, {"node_features": [0.0, 0.0], "id": 13}, {"node_features": [0.0, 0.0], "id": 14}, {"node_features": [0.0, 0.0], "id": 15}, {"node_features": [0.0, 1.0], "id": 16}, {"node_features": [0.0, 0.0], "id": 17}, {"node_features": [0.0, 0.0], "id": 18}, {"node_features": [0.0, 0.0], "id": 19}, {"node_features": [0.0, 0.0], "id": 20}, {"node_features": [0.0, 0.0], "id": 21}, {"node_features": [0.0, 0.0], "id": 22}, {"node_features": [0.0, 0.0], "id": 23}, {"node_features": [0.0, 0.0], "id": 24}, {"node_features": [0.0, 0.0], "id": 25}, {"node_features": [0.0, 0.0], "id": 26}, {"node_features": [0.0, 0.0], "id": 27}, {"node_features": [0.0, 0.0], "id": 28}, {"node_features": [0.0, 0.0], "id": 29}, {"node_features": [0.0, 0.0], "id": 30}, {"node_features": [0.0, 0.0], "id": 31}, {"node_features": [0.0, 0.0], "id": 32}, {"node_features": [0.0, 0.0], "id": 33}, {"node_features": [0.0, 0.0], "id": 34}, {"node_features": [0.0, 0.0], "id": 35}, {"node_features": [0.0, 0.0], "id": 36}, {"node_features": [0.0, 0.0], "id": 37}, {"node_features": [0.0, 0.0], "id": 38}, {"node_features": [0.0, 0.0], "id": 39}, {"node_features": [1.0, 0.0], "id": 40}, {"node_features": [0.0, 0.0], "id": 41}, {"node_features": [0.0, 0.0], "id": 42}], "links": [{"distance": 1.5756377803629544, "on_path": 0, "source": 0, "target": 23}, {"distance": 1.9395989438554704, "on_path": 0, "source": 0, "target": 21}, {"distance": 0.5957459720641234, "on_path": 0, "source": 0, "target": 8}, {"distance": 0.9160926020854078, "on_path": 0, "source": 0, "target": 29}, {"distance": 0.3234186825992485, "on_path": 0, "source": 1, "target": 24}, {"distance": 0.6592015274621905, "on_path": 0, "source": 1, "target": 2}, {"distance": 0.3887902054007807, "on_path": 0, "source": 1, "target": 5}, {"distance": 1.0110717009050252, "on_path": 0, "source": 1, "target": 17}, {"distance": 0.4909631942172617, "on_path": 0, "source": 2, "target": 13}, {"distance": 1.5298316486901977, "on_path": 0, "source": 2, "target": 7}, {"distance": 0.6641771867699364, "on_path": 0, "source": 2, "target": 27}, {"distance": 0.5739993842940166, "on_path": 0, "source": 2, "target": 22}, {"distance": 1.464814038767285, "on_path": 0, "source": 2, "target": 23}, {"distance": 0.8676057390177476, "on_path": 0, "source": 2, "target": 28}, {"distance": 1.2126935762581108, "on_path": 0, "source": 2, "target": 39}, {"distance": 0.584082171445854, "on_path": 1, "source": 3, "target": 28}, {"distance": 1.1680711968748005, "on_path": 0, "source": 3, "target": 34}, {"distance": 0.8333963124878815, "on_path": 1, "source": 3, "target": 40}, {"distance": 1.612918880882486, "on_path": 0, "source": 3, "target": 41}, {"distance": 0.8524858323945377, "on_path": 0, "source": 4, "target": 12}, {"distance": 0.2700699782010971, "on_path": 0, "source": 4, "target": 42}, {"distance": 0.23449891340195392, "on_path": 0, "source": 5, "target": 34}, {"distance": 0.4607815635103051, "on_path": 0, "source": 5, "target": 26}, {"distance": 1.557235087621489, "on_path": 0, "source": 5, "target": 8}, {"distance": 1.1934848843732688, "on_path": 0, "source": 5, "target": 20}, {"distance": 0.39064676477296834, "on_path": 0, "source": 5, "target": 42}, {"distance": 0.6220074783317586, "on_path": 0, "source": 6, "target": 23}, {"distance": 0.493056145840366, "on_path": 0, "source": 6, "target": 9}, {"distance": 0.3450478598553227, "on_path": 0, "source": 6, "target": 33}, {"distance": 1.6601340068618167, "on_path": 0, "source": 7, "target": 36}, {"distance": 1.6810724278984788, "on_path": 0, "source": 7, "target": 37}, {"distance": 1.1453966803459241, "on_path": 0, "source": 7, "target": 38}, {"distance": 0.6348919373545273, "on_path": 0, "source": 7, "target": 42}, {"distance": 0.6674489894333479, "on_path": 0, "source": 8, "target": 14}, {"distance": 1.3711004962316613, "on_path": 0, "source": 8, "target": 18}, {"distance": 1.4303475059061015, "on_path": 0, "source": 8, "target": 10}, {"distance": 0.9524521104706141, "on_path": 0, "source": 8, "target": 37}, {"distance": 1.5262039228059232, "on_path": 0, "source": 8, "target": 38}, {"distance": 0.22999659954978774, "on_path": 0, "source": 9, "target": 13}, {"distance": 0.8249277285320082, "on_path": 0, "source": 9, "target": 42}, {"distance": 0.3041756397570327, "on_path": 0, "source": 9, "target": 12}, {"distance": 1.0697614145339553, "on_path": 0, "source": 10, "target": 13}, {"distance": 1.691726102980354, "on_path": 0, "source": 10, "target": 16}, {"distance": 1.2602728777236099, "on_path": 0, "source": 11, "target": 20}, {"distance": 1.4118869809844794, "on_path": 0, "source": 11, "target": 36}, {"distance": 1.1642263874826342, "on_path": 1, "source": 12, "target": 16}, {"distance": 0.6091864991079966, "on_path": 0, "source": 12, "target": 39}, {"distance": 0.7081100190444053, "on_path": 1, "source": 12, "target": 24}, {"distance": 1.274575585663498, "on_path": 0, "source": 12, "target": 34}, {"distance": 0.7225557347316641, "on_path": 0, "source": 12, "target": 36}, {"distance": 0.5831957618889421, "on_path": 0, "source": 13, "target": 24}, {"distance": 1.7075686991706345, "on_path": 0, "source": 14, "target": 34}, {"distance": 2.012757888967672, "on_path": 0, "source": 14, "target": 40}, {"distance": 0.31848165773472, "on_path": 0, "source": 14, "target": 25}, {"distance": 2.1963874962233874, "on_path": 0, "source": 14, "target": 30}, {"distance": 1.350886265879657, "on_path": 0, "source": 15, "target": 27}, {"distance": 0.5718382077839653, "on_path": 0, "source": 15, "target": 39}, {"distance": 1.3968548180589062, "on_path": 0, "source": 15, "target": 35}, {"distance": 0.21224103353086596, "on_path": 0, "source": 15, "target": 25}, {"distance": 0.7885915287724714, "on_path": 0, "source": 16, "target": 23}, {"distance": 0.9362889563588634, "on_path": 0, "source": 16, "target": 33}, {"distance": 1.8266361184166269, "on_path": 0, "source": 16, "target": 35}, {"distance": 1.3497079670904957, "on_path": 0, "source": 17, "target": 34}, {"distance": 1.3433222481222835, "on_path": 0, "source": 18, "target": 28}, {"distance": 0.6428030190304662, "on_path": 0, "source": 18, "target": 38}, {"distance": 2.068054774628196, "on_path": 0, "source": 19, "target": 37}, {"distance": 1.7522010098613459, "on_path": 0, "source": 19, "target": 25}, {"distance": 0.28591701276379344, "on_path": 0, "source": 19, "target": 29}, {"distance": 1.5129842770230368, "on_path": 0, "source": 19, "target": 31}, {"distance": 1.3618622827997195, "on_path": 0, "source": 19, "target": 33}, {"distance": 0.5613598881454346, "on_path": 0, "source": 20, "target": 28}, {"distance": 1.1528900665650568, "on_path": 0, "source": 21, "target": 24}, {"distance": 0.3852062876095795, "on_path": 0, "source": 22, "target": 34}, {"distance": 1.0763216383307093, "on_path": 0, "source": 22, "target": 31}, {"distance": 0.9589391469751657, "on_path": 1, "source": 24, "target": 28}, {"distance": 0.6058576461064913, "on_path": 0, "source": 26, "target": 31}, {"distance": 0.29382171930669737, "on_path": 0, "source": 26, "target": 34}, {"distance": 0.6108355553599506, "on_path": 0, "source": 27, "target": 32}, {"distance": 0.6639591230847798, "on_path": 0, "source": 27, "target": 35}, {"distance": 0.7442104836974323, "on_path": 0, "source": 29, "target": 34}, {"distance": 1.1644924347928756, "on_path": 0, "source": 29, "target": 35}, {"distance": 1.3808257868437024, "on_path": 0, "source": 30, "target": 35}, {"distance": 1.4976740001294597, "on_path": 0, "source": 31, "target": 32}, {"distance": 1.2495303706527066, "on_path": 0, "source": 32, "target": 41}, {"distance": 0.9220153329970101, "on_path": 0, "source": 35, "target": 38}, {"distance": 1.045602332709762, "on_path": 0, "source": 38, "target": 41}]}