{"directed": false, "multigraph": false, "graph": {}, "nodes": [{"node_features": [0.0, 1.0], "id": 0}, {"node_features": [0.0, 0.0], "id": 1}, {"node_features": [0.0, 0.0], "id": 2}, {"node_features": [0.0, 0.0], "id": 3}, {"node_features": [0.0, 0.0], "id": 4}, {"node_features": [0.0, 0.0], "id": 5}, {"node_features": [0.0, 0.0], "id": 6}, {"node_features": [0.0, 0.0], "id": 7}, {"node_features": [0.0, 0.0], "id": 8}, {"node_features": [0.0, 0.0], "id": 9}, {"node_features": [0.0, 0.0], "id": 10}, {"node_features": [0.0, 0.0], "id": 11}, {"node_features": [0.0, 0.0], "id": 12}, {"node_features": [0.0, 0.0], "id": 13}, {"node_features": [0.0, 0.0], "id": 14}, {"node_features": [0.0, 0.0], "id": 15}, {"node_features": [0.0, 0.0], "id": 16}, {"node_features": [0.0, 0.0], "id": 17}, {"node_features": [0.0, 0.0], "id": 18}, {"node_features": [0.0, 0.0], "id": 19}, {"node_features": [0.0, 0.0], "id": 20}, {"node_features": [0.0, 0.0], "id": 21}, {"node_features": [0.0, 0.0], "id": 22}, {"node_features": [0.0, 0.0], "id": 23}, {"node_features": [0.0, 0.0], "id": 24}, {"node_features": [0.0, 0.0], "id": 25}, {"node_features": [0.0, 0.0], "id": 26}, {"node_features": [0.0, 0.0], "id": 27}, {"node_features": [0.0, 0.0], "id": 28}, {"node_features": [0.0, 0.0], "id": 29}, {"node_features": [0.0, 0.0], "id": 30}, {"node_features": [0.0, 0.0], "id": 31}, {"node_features": [0.0, 0.0], "id": 32}, {"node_features": [0.0, 0.0], "id": 33}, {"node_features": [0.0, 0.0], "id": 34}, {"node_features": [1.0, 0.0], "id": 35}, {"node_features": [0.0, 0.0], "id": 36}, {"node_features": [0.0, 0.0], "id": 37}, {"node_features": [0.0, 0.0], "id": 38}, {"node_features": [0.0, 0.0], "id": 39}], "links": [{"distance": 0.5805865255649371, "on_path": 1, "source": 0, "target": 30}, {"distance": 1.2754383856660028, "on_path": 0, "source": 0, "target": 25}, {"distance": 1.478258794998441, "on_path": 0, "source": 1, "target": 9}, {"distance": 1.6853708374787986, "on_path": 0, "source": 1, "target": 2}, {"distance": 0.19690860649348488, "on_path": 0, "source": 1, "target": 34}, {"distance": 1.217739363473239, "on_path": 0, "source": 1, "target": 15}, {"distance": 1.496078227528203, "on_path": 0, "source": 2, "target": 20}, {"distance": 1.2407349645540025, "on_path": 0, "source": 3, "target": 10}, {"distance": 1.5237674720188823, "on_path": 0, "source": 3, "target": 18}, {"distance": 1.373208687292967, "on_path": 0, "source": 3, "target": 25}, {"distance": 0.8139898564206174, "on_path": 0, "source": 3, "target": 15}, {"distance": 1.4360267012252603, "on_path": 0, "source": 3, "target": 29}, {"distance": 1.0549926481904532, "on_path": 0, "source": 4, "target": 31}, {"distance": 1.1929707732594335, "on_path": 0, "source": 4, "target": 5}, {"distance": 1.5539823324350281, "on_path": 0, "source": 4, "target": 39}, {"distance": 1.404998134169547, "on_path": 0, "source": 4, "target": 36}, {"distance": 1.507125253317778, "on_path": 0, "source": 5, "target": 31}, {"distance": 0.7086724141767057, "on_path": 0, "source": 5, "target": 33}, {"distance": 1.4332028090322133, "on_path": 0, "source": 5, "target": 26}, {"distance": 0.5830494442520305, "on_path": 0, "source": 5, "target": 30}, {"distance": 1.537197349377427, "on_path": 0, "source": 6, "target": 35}, {"distance": 1.0649307167039692, "on_path": 0, "source": 6, "target": 10}, {"distance": 0.23709683909650725, "on_path": 1, "source": 7, "target": 19}, {"distance": 1.0330933986209712, "on_path": 0, "source": 7, "target": 33}, {"distance": 1.6354120113322455, "on_path": 0, "source": 7, "target": 39}, {"distance": 1.2937991278849559, "on_path": 1, "source": 7, "target": 35}, {"distance": 0.20782926703247975, "on_path": 0, "source": 8, "target": 11}, {"distance": 0.3578263217967501, "on_path": 0, "source": 8, "target": 22}, {"distance": 1.477072284913068, "on_path": 0, "source": 8, "target": 20}, {"distance": 1.976516587040182, "on_path": 0, "source": 9, "target": 29}, {"distance": 1.0973602549858505, "on_path": 1, "source": 9, "target": 30}, {"distance": 0.11952290239596641, "on_path": 1, "source": 9, "target": 19}, {"distance": 0.26192652306741426, "on_path": 0, "source": 10, "target": 25}, {"distance": 0.673413700019263, "on_path": 0, "source": 10, "target": 30}, {"distance": 0.5506139827980293, "on_path": 0, "source": 11, "target": 22}, {"distance": 0.8492134890148139, "on_path": 0, "source": 11, "target": 28}, {"distance": 0.73903468197908, "on_path": 0, "source": 11, "target": 19}, {"distance": 1.5364454319897247, "on_path": 0, "source": 12, "target": 24}, {"distance": 1.002441210550727, "on_path": 0, "source": 12, "target": 21}, {"distance": 1.1495820835617385, "on_path": 0, "source": 13, "target": 17}, {"distance": 0.7722559580080282, "on_path": 0, "source": 13, "target": 14}, {"distance": 1.068686934947863, "on_path": 0, "source": 13, "target": 30}, {"distance": 0.3641008355220332, "on_path": 0, "source": 13, "target": 32}, {"distance": 0.6739193321527543, "on_path": 0, "source": 13, "target": 37}, {"distance": 1.5285070162517789, "on_path": 0, "source": 14, "target": 19}, {"distance": 1.7602078102779446, "on_path": 0, "source": 14, "target": 23}, {"distance": 0.24441605038152495, "on_path": 0, "source": 15, "target": 24}, {"distance": 1.0287594229338506, "on_path": 0, "source": 15, "target": 34}, {"distance": 0.7169689864979331, "on_path": 0, "source": 16, "target": 39}, {"distance": 0.5495791906879108, "on_path": 0, "source": 16, "target": 38}, {"distance": 1.0784617041459779, "on_path": 0, "source": 16, "target": 17}, {"distance": 1.0080499338319633, "on_path": 0, "source": 16, "target": 28}, {"distance": 0.4982266126486256, "on_path": 0, "source": 17, "target": 21}, {"distance": 1.19689759449872, "on_path": 0, "source": 17, "target": 22}, {"distance": 1.048171699445846, "on_path": 0, "source": 17, "target": 30}, {"distance": 0.6703474814220322, "on_path": 0, "source": 18, "target": 39}, {"distance": 0.5012684459330835, "on_path": 0, "source": 18, "target": 36}, {"distance": 0.5247039631879524, "on_path": 0, "source": 18, "target": 25}, {"distance": 0.2993478608401143, "on_path": 0, "source": 18, "target": 27}, {"distance": 0.2401126913003146, "on_path": 0, "source": 18, "target": 31}, {"distance": 1.219688219802185, "on_path": 0, "source": 19, "target": 34}, {"distance": 2.1767609104796413, "on_path": 0, "source": 19, "target": 20}, {"distance": 2.033595431437234, "on_path": 0, "source": 20, "target": 24}, {"distance": 0.5919773587914302, "on_path": 0, "source": 21, "target": 28}, {"distance": 1.2028298384841356, "on_path": 0, "source": 21, "target": 32}, {"distance": 1.9291768335761985, "on_path": 0, "source": 22, "target": 27}, {"distance": 0.6951692882240489, "on_path": 0, "source": 22, "target": 30}, {"distance": 1.8163030208747124, "on_path": 0, "source": 23, "target": 31}, {"distance": 1.9829431745588975, "on_path": 0, "source": 23, "target": 32}, {"distance": 1.0627331925355885, "on_path": 0, "source": 23, "target": 33}, {"distance": 2.0139855287208164, "on_path": 0, "source": 24, "target": 27}, {"distance": 1.7217579079924694, "on_path": 0, "source": 24, "target": 36}, {"distance": 1.728451516010813, "on_path": 0, "source": 24, "target": 37}, {"distance": 1.5807389471826696, "on_path": 0, "source": 26, "target": 36}, {"distance": 1.2929797067362845, "on_path": 0, "source": 28, "target": 35}, {"distance": 1.3435080589775752, "on_path": 0, "source": 29, "target": 38}, {"distance": 0.8702517327596938, "on_path": 0, "source": 30, "target": 39}, {"distance": 0.5795237381713632, "on_path": 0, "source": 32, "target": 38}, {"distance": 0.7684014361381822, "on_path": 0, "source": 33, "target": 37}, {"distance": 0.6772612993276235, "on_path": 0, "source": 33, "target": 36}]}