{"directed": false, "multigraph": false, "graph": {}, "nodes": [{"node_features": [0.0, 0.0], "id": 0}, {"node_features": [0.0, 0.0], "id": 1}, {"node_features": [0.0, 0.0], "id": 2}, {"node_features": [0.0, 0.0], "id": 3}, {"node_features": [0.0, 0.0], "id": 4}, {"node_features": [0.0, 0.0], "id": 5}, {"node_features": [0.0, 0.0], "id": 6}, {"node_features": [0.0, 0.0], "id": 7}, {"node_features": [0.0, 1.0], "id": 8}, {"node_features": [0.0, 0.0], "id": 9}, {"node_features": [0.0, 0.0], "id": 10}, {"node_features": [0.0, 0.0], "id": 11}, {"node_features": [0.0, 0.0], "id": 12}, {"node_features": [0.0, 0.0], "id": 13}, {"node_features": [0.0, 0.0], "id": 14}, {"node_features": [0.0, 0.0], "id": 15}, {"node_features": [0.0, 0.0], "id": 16}, {"node_features": [0.0, 0.0], "id": 17}, {"node_features": [0.0, 0.0], "id": 18}, {"node_features": [0.0, 0.0], "id": 19}, {"node_features": [0.0, 0.0], "id": 20}, {"node_features": [0.0, 0.0], "id": 21}, {"node_features": [1.0, 0.0], "id": 22}, {"node_features": [0.0, 0.0], "id": 23}, {"node_features": [0.0, 0.0], "id": 24}, {"node_features": [0.0, 0.0], "id": 25}, {"node_features": [0.0, 0.0], "id": 26}, {"node_features": [0.0, 0.0], "id": 27}, {"node_features": [0.0, 0.0], "id": 28}, {"node_features": [0.0, 0.0], "id": 29}, {"node_features": [0.0, 0.0], "id": 30}, {"node_features": [0.0, 0.0], "id": 31}, {"node_features": [0.0, 0.0], "id": 32}, {"node_features": [0.0, 0.0], "id": 33}, {"node_features": [0.0, 0.0], "id": 34}, {"node_features": [0.0, 0.0], "id": 35}, {"node_features": [0.0, 0.0], "id": 36}, {"node_features": [0.0, 0.0], "id": 37}, {"node_features": [0.0, 0.0], "id": 38}, {"node_features": [0.0, 0.0], "id": 39}, {"node_features": [0.0, 0.0], "id": 40}], "links": [{"distance": 1.0409756002993953, "on_path": 0, "source": 0, "target": 16}, {"distance": 1.0078553382321906, "on_path": 0, "source": 0, "target": 32}, {"distance": 0.6054872542311655, "on_path": 0, "source": 1, "target": 33}, {"distance": 0.9288242801951982, "on_path": 0, "source": 1, "target": 9}, {"distance": 0.7850554898196184, "on_path": 0, "source": 1, "target": 14}, {"distance": 1.6987400256091436, "on_path": 0, "source": 2, "target": 34}, {"distance": 1.481497191733323, "on_path": 0, "source": 2, "target": 12}, {"distance": 1.531275426453826, "on_path": 0, "source": 2, "target": 16}, {"distance": 0.9681263036750885, "on_path": 0, "source": 2, "target": 17}, {"distance": 0.6908980123959272, "on_path": 0, "source": 2, "target": 27}, {"distance": 1.039521054393362, "on_path": 0, "source": 2, "target": 13}, {"distance": 1.595972620709638, "on_path": 0, "source": 2, "target": 19}, {"distance": 1.3910341864030549, "on_path": 0, "source": 2, "target": 23}, {"distance": 0.9656425354668995, "on_path": 0, "source": 2, "target": 36}, {"distance": 1.5861024687944163, "on_path": 0, "source": 3, "target": 9}, {"distance": 0.7866749895453148, "on_path": 0, "source": 3, "target": 28}, {"distance": 0.5982809598429752, "on_path": 0, "source": 3, "target": 13}, {"distance": 1.851212694921391, "on_path": 0, "source": 4, "target": 13}, {"distance": 1.3898794014923974, "on_path": 0, "source": 4, "target": 7}, {"distance": 1.2885985627483572, "on_path": 0, "source": 4, "target": 35}, {"distance": 1.0665041432152258, "on_path": 0, "source": 4, "target": 14}, {"distance": 1.667731148452069, "on_path": 0, "source": 4, "target": 17}, {"distance": 1.210454730255262, "on_path": 0, "source": 4, "target": 27}, {"distance": 2.3559697530963417, "on_path": 0, "source": 4, "target": 34}, {"distance": 0.8073990992870975, "on_path": 0, "source": 5, "target": 14}, {"distance": 1.4254600056334645, "on_path": 0, "source": 5, "target": 9}, {"distance": 1.5054533706539381, "on_path": 0, "source": 6, "target": 11}, {"distance": 0.5637878664739234, "on_path": 0, "source": 6, "target": 33}, {"distance": 0.473282440615676, "on_path": 0, "source": 7, "target": 14}, {"distance": 0.338710735605347, "on_path": 0, "source": 7, "target": 38}, {"distance": 0.6348057964091093, "on_path": 1, "source": 8, "target": 28}, {"distance": 0.5349891547732157, "on_path": 0, "source": 8, "target": 11}, {"distance": 1.7207055290456403, "on_path": 0, "source": 8, "target": 37}, {"distance": 0.8455881651194412, "on_path": 0, "source": 8, "target": 24}, {"distance": 0.2679493057326987, "on_path": 0, "source": 9, "target": 18}, {"distance": 0.15115345573257938, "on_path": 0, "source": 9, "target": 31}, {"distance": 0.14495758212624058, "on_path": 0, "source": 9, "target": 10}, {"distance": 0.9310980685345184, "on_path": 0, "source": 10, "target": 39}, {"distance": 1.778841132716654, "on_path": 0, "source": 10, "target": 13}, {"distance": 1.0432961585812974, "on_path": 0, "source": 10, "target": 22}, {"distance": 1.9760393198132606, "on_path": 0, "source": 10, "target": 34}, {"distance": 0.36793587468159783, "on_path": 0, "source": 10, "target": 29}, {"distance": 1.6403126992416919, "on_path": 0, "source": 10, "target": 26}, {"distance": 2.2556378884960178, "on_path": 0, "source": 11, "target": 37}, {"distance": 1.4734101221686242, "on_path": 0, "source": 12, "target": 15}, {"distance": 0.7446907325299026, "on_path": 0, "source": 12, "target": 19}, {"distance": 1.5099801590673347, "on_path": 0, "source": 12, "target": 20}, {"distance": 1.1215169047596736, "on_path": 0, "source": 12, "target": 30}, {"distance": 1.0998137897375238, "on_path": 0, "source": 14, "target": 39}, {"distance": 0.9078539221007595, "on_path": 0, "source": 14, "target": 32}, {"distance": 1.2686293179862724, "on_path": 0, "source": 14, "target": 37}, {"distance": 1.8870864001261645, "on_path": 0, "source": 15, "target": 24}, {"distance": 1.0622101170956284, "on_path": 0, "source": 15, "target": 38}, {"distance": 0.259477337177135, "on_path": 0, "source": 16, "target": 19}, {"distance": 1.6826239124105973, "on_path": 0, "source": 16, "target": 29}, {"distance": 1.2415072067292532, "on_path": 0, "source": 17, "target": 31}, {"distance": 0.668670844730547, "on_path": 0, "source": 18, "target": 25}, {"distance": 1.3686581367065618, "on_path": 0, "source": 18, "target": 40}, {"distance": 1.8293417171311805, "on_path": 0, "source": 19, "target": 37}, {"distance": 0.8094660381248514, "on_path": 1, "source": 20, "target": 28}, {"distance": 1.0043802887567381, "on_path": 1, "source": 20, "target": 21}, {"distance": 0.5146403263548842, "on_path": 0, "source": 20, "target": 35}, {"distance": 1.164794053698474, "on_path": 0, "source": 21, "target": 29}, {"distance": 0.6185701407185921, "on_path": 0, "source": 21, "target": 33}, {"distance": 1.248128156225418, "on_path": 0, "source": 21, "target": 31}, {"distance": 0.48928407389477163, "on_path": 1, "source": 21, "target": 22}, {"distance": 1.1037276511320302, "on_path": 0, "source": 23, "target": 40}, {"distance": 1.1582433112489428, "on_path": 0, "source": 23, "target": 30}, {"distance": 1.5289182943017667, "on_path": 0, "source": 23, "target": 36}, {"distance": 1.796979542735647, "on_path": 0, "source": 24, "target": 32}, {"distance": 1.1222964468453074, "on_path": 0, "source": 24, "target": 40}, {"distance": 0.2069583762083869, "on_path": 0, "source": 25, "target": 32}, {"distance": 1.4730118546954367, "on_path": 0, "source": 25, "target": 40}, {"distance": 1.694280127544535, "on_path": 0, "source": 25, "target": 39}, {"distance": 0.9193099400715405, "on_path": 0, "source": 26, "target": 36}, {"distance": 0.894359341918207, "on_path": 0, "source": 26, "target": 28}, {"distance": 0.5389610723283924, "on_path": 0, "source": 27, "target": 35}, {"distance": 0.3017333813502706, "on_path": 0, "source": 28, "target": 36}, {"distance": 0.5083526022591957, "on_path": 0, "source": 28, "target": 40}, {"distance": 0.12307774693982028, "on_path": 0, "source": 30, "target": 33}, {"distance": 0.3523325369863828, "on_path": 0, "source": 30, "target": 35}, {"distance": 1.4990895836978517, "on_path": 0, "source": 34, "target": 38}]}