{"directed": false, "multigraph": false, "graph": {}, "nodes": [{"node_features": [0.0, 0.0], "id": 0}, {"node_features": [0.0, 0.0], "id": 1}, {"node_features": [1.0, 0.0], "id": 2}, {"node_features": [0.0, 0.0], "id": 3}, {"node_features": [0.0, 0.0], "id": 4}, {"node_features": [0.0, 0.0], "id": 5}, {"node_features": [0.0, 0.0], "id": 6}, {"node_features": [0.0, 0.0], "id": 7}, {"node_features": [0.0, 0.0], "id": 8}, {"node_features": [0.0, 0.0], "id": 9}, {"node_features": [0.0, 0.0], "id": 10}, {"node_features": [0.0, 0.0], "id": 11}, {"node_features": [0.0, 0.0], "id": 12}, {"node_features": [0.0, 1.0], "id": 13}, {"node_features": [0.0, 0.0], "id": 14}, {"node_features": [0.0, 0.0], "id": 15}, {"node_features": [0.0, 0.0], "id": 16}, {"node_features": [0.0, 0.0], "id": 17}, {"node_features": [0.0, 0.0], "id": 18}, {"node_features": [0.0, 0.0], "id": 19}, {"node_features": [0.0, 0.0], "id": 20}, {"node_features": [0.0, 0.0], "id": 21}, {"node_features": [0.0, 0.0], "id": 22}, {"node_features": [0.0, 0.0], "id": 23}, {"node_features": [0.0, 0.0], "id": 24}, {"node_features": [0.0, 0.0], "id": 25}, {"node_features": [0.0, 0.0], "id": 26}], "links": [{"distance": 1.7755852426302625, "on_path": 0, "source": 0, "target": 23}, {"distance": 1.6902067129362595, "on_path": 0, "source": 0, "target": 11}, {"distance": 1.0602418624770926, "on_path": 0, "source": 0, "target": 24}, {"distance": 2.0291339463871405, "on_path": 0, "source": 1, "target": 7}, {"distance": 1.8668926082815858, "on_path": 0, "source": 1, "target": 19}, {"distance": 1.5350575290767212, "on_path": 0, "source": 1, "target": 11}, {"distance": 1.6925253378997551, "on_path": 0, "source": 1, "target": 3}, {"distance": 0.5988674970123075, "on_path": 0, "source": 2, "target": 7}, {"distance": 1.0394746064858942, "on_path": 0, "source": 2, "target": 11}, {"distance": 0.66482042303837, "on_path": 0, "source": 2, "target": 10}, {"distance": 0.589986669512713, "on_path": 1, "source": 2, "target": 24}, {"distance": 0.24328026199519218, "on_path": 0, "source": 3, "target": 21}, {"distance": 0.39505871745859583, "on_path": 0, "source": 3, "target": 4}, {"distance": 0.6476600448349467, "on_path": 0, "source": 3, "target": 26}, {"distance": 0.6831271150201559, "on_path": 0, "source": 3, "target": 9}, {"distance": 0.4890225528272664, "on_path": 0, "source": 3, "target": 25}, {"distance": 1.0281914272310035, "on_path": 0, "source": 4, "target": 15}, {"distance": 0.1916971286286658, "on_path": 1, "source": 4, "target": 21}, {"distance": 0.8537059156960514, "on_path": 1, "source": 4, "target": 13}, {"distance": 0.8185466006967729, "on_path": 0, "source": 4, "target": 16}, {"distance": 0.3479891656529617, "on_path": 0, "source": 5, "target": 23}, {"distance": 0.8571160623620105, "on_path": 0, "source": 5, "target": 17}, {"distance": 0.33274847334474417, "on_path": 0, "source": 5, "target": 25}, {"distance": 0.4793199881086632, "on_path": 0, "source": 5, "target": 6}, {"distance": 0.7104950523557289, "on_path": 0, "source": 6, "target": 17}, {"distance": 0.6279989367294025, "on_path": 0, "source": 6, "target": 23}, {"distance": 1.0273651655496794, "on_path": 0, "source": 6, "target": 9}, {"distance": 1.4138526964764968, "on_path": 0, "source": 7, "target": 15}, {"distance": 1.442113847786694, "on_path": 0, "source": 7, "target": 18}, {"distance": 1.4790309778718094, "on_path": 0, "source": 7, "target": 11}, {"distance": 1.5654104887261027, "on_path": 0, "source": 7, "target": 13}, {"distance": 1.6768361832420073, "on_path": 0, "source": 8, "target": 12}, {"distance": 1.8284538501669056, "on_path": 0, "source": 8, "target": 9}, {"distance": 0.5246201180001201, "on_path": 0, "source": 9, "target": 24}, {"distance": 1.7376683977517977, "on_path": 0, "source": 9, "target": 10}, {"distance": 1.56303490177908, "on_path": 0, "source": 9, "target": 20}, {"distance": 0.4541977670476072, "on_path": 0, "source": 11, "target": 22}, {"distance": 1.3227211364060818, "on_path": 0, "source": 12, "target": 15}, {"distance": 1.1823250568505035, "on_path": 0, "source": 12, "target": 16}, {"distance": 0.25457429695290595, "on_path": 0, "source": 12, "target": 13}, {"distance": 1.0699810008967992, "on_path": 0, "source": 13, "target": 26}, {"distance": 0.7747528035293425, "on_path": 0, "source": 13, "target": 17}, {"distance": 0.24772864723198237, "on_path": 0, "source": 13, "target": 18}, {"distance": 1.00403270830751, "on_path": 0, "source": 13, "target": 22}, {"distance": 0.8149806130680286, "on_path": 0, "source": 14, "target": 26}, {"distance": 0.5423182899485082, "on_path": 0, "source": 14, "target": 25}, {"distance": 1.8340920347743082, "on_path": 0, "source": 15, "target": 22}, {"distance": 1.314413048079193, "on_path": 0, "source": 16, "target": 19}, {"distance": 1.5367648969788608, "on_path": 0, "source": 16, "target": 23}, {"distance": 0.28865736629838845, "on_path": 0, "source": 19, "target": 24}, {"distance": 0.9520285657254591, "on_path": 0, "source": 19, "target": 20}, {"distance": 0.71840069366298, "on_path": 0, "source": 19, "target": 26}, {"distance": 0.7639820556654222, "on_path": 0, "source": 21, "target": 22}, {"distance": 0.39241512786278054, "on_path": 1, "source": 21, "target": 24}]}