{"directed": false, "multigraph": false, "graph": {}, "nodes": [{"node_features": [0.0, 0.0], "id": 0}, {"node_features": [0.0, 0.0], "id": 1}, {"node_features": [0.0, 0.0], "id": 2}, {"node_features": [1.0, 0.0], "id": 3}, {"node_features": [0.0, 0.0], "id": 4}, {"node_features": [0.0, 0.0], "id": 5}, {"node_features": [0.0, 0.0], "id": 6}, {"node_features": [0.0, 0.0], "id": 7}, {"node_features": [0.0, 0.0], "id": 8}, {"node_features": [0.0, 0.0], "id": 9}, {"node_features": [0.0, 0.0], "id": 10}, {"node_features": [0.0, 0.0], "id": 11}, {"node_features": [0.0, 0.0], "id": 12}, {"node_features": [0.0, 0.0], "id": 13}, {"node_features": [0.0, 0.0], "id": 14}, {"node_features": [0.0, 0.0], "id": 15}, {"node_features": [0.0, 0.0], "id": 16}, {"node_features": [0.0, 0.0], "id": 17}, {"node_features": [0.0, 0.0], "id": 18}, {"node_features": [0.0, 0.0], "id": 19}, {"node_features": [0.0, 0.0], "id": 20}, {"node_features": [0.0, 0.0], "id": 21}, {"node_features": [0.0, 0.0], "id": 22}, {"node_features": [0.0, 0.0], "id": 23}, {"node_features": [0.0, 0.0], "id": 24}, {"node_features": [0.0, 1.0], "id": 25}, {"node_features": [0.0, 0.0], "id": 26}, {"node_features": [0.0, 0.0], "id": 27}, {"node_features": [0.0, 0.0], "id": 28}, {"node_features": [0.0, 0.0], "id": 29}, {"node_features": [0.0, 0.0], "id": 30}, {"node_features": [0.0, 0.0], "id": 31}, {"node_features": [0.0, 0.0], "id": 32}, {"node_features": [0.0, 0.0], "id": 33}, {"node_features": [0.0, 0.0], "id": 34}, {"node_features": [0.0, 0.0], "id": 35}, {"node_features": [0.0, 0.0], "id": 36}, {"node_features": [0.0, 0.0], "id": 37}, {"node_features": [0.0, 0.0], "id": 38}, {"node_features": [0.0, 0.0], "id": 39}, {"node_features": [0.0, 0.0], "id": 40}, {"node_features": [0.0, 0.0], "id": 41}], "links": [{"distance": 0.21422277151676225, "on_path": 1, "source": 0, "target": 6}, {"distance": 0.8240388546841161, "on_path": 0, "source": 0, "target": 21}, {"distance": 0.29395115103094116, "on_path": 1, "source": 0, "target": 33}, {"distance": 0.29971021092706523, "on_path": 0, "source": 0, "target": 36}, {"distance": 1.0376938321595572, "on_path": 0, "source": 0, "target": 17}, {"distance": 0.5819693851731362, "on_path": 0, "source": 1, "target": 6}, {"distance": 0.8095775040217569, "on_path": 0, "source": 1, "target": 37}, {"distance": 0.46534020040282825, "on_path": 0, "source": 1, "target": 14}, {"distance": 0.9849859495059449, "on_path": 0, "source": 2, "target": 21}, {"distance": 0.706561807948551, "on_path": 0, "source": 2, "target": 20}, {"distance": 1.2596819943954836, "on_path": 0, "source": 2, "target": 10}, {"distance": 1.6203280930372037, "on_path": 0, "source": 2, "target": 37}, {"distance": 1.0610966935853197, "on_path": 0, "source": 3, "target": 11}, {"distance": 0.9761336121173348, "on_path": 0, "source": 3, "target": 4}, {"distance": 0.9922918373287464, "on_path": 0, "source": 3, "target": 36}, {"distance": 0.9890104497979639, "on_path": 1, "source": 3, "target": 33}, {"distance": 0.6319167265829329, "on_path": 0, "source": 4, "target": 36}, {"distance": 0.24209653789142385, "on_path": 0, "source": 5, "target": 36}, {"distance": 0.8135691647113543, "on_path": 0, "source": 5, "target": 13}, {"distance": 0.9095138895269627, "on_path": 0, "source": 6, "target": 20}, {"distance": 0.19988673671821489, "on_path": 1, "source": 6, "target": 12}, {"distance": 0.47067848077652474, "on_path": 0, "source": 6, "target": 24}, {"distance": 0.9532844745509786, "on_path": 0, "source": 6, "target": 9}, {"distance": 0.8830359787895291, "on_path": 0, "source": 7, "target": 40}, {"distance": 0.5096960398837045, "on_path": 0, "source": 7, "target": 29}, {"distance": 0.7960971303098219, "on_path": 0, "source": 7, "target": 34}, {"distance": 0.7882433816887489, "on_path": 0, "source": 7, "target": 10}, {"distance": 0.8895893714238156, "on_path": 0, "source": 7, "target": 19}, {"distance": 0.31723640170199097, "on_path": 0, "source": 8, "target": 33}, {"distance": 1.5006595713971553, "on_path": 0, "source": 8, "target": 17}, {"distance": 1.5923973518650032, "on_path": 0, "source": 8, "target": 32}, {"distance": 1.3782367092526704, "on_path": 0, "source": 8, "target": 41}, {"distance": 1.8668935473024757, "on_path": 0, "source": 9, "target": 38}, {"distance": 0.575431272257071, "on_path": 0, "source": 9, "target": 36}, {"distance": 1.3045819893784671, "on_path": 0, "source": 9, "target": 13}, {"distance": 1.6033073355262764, "on_path": 0, "source": 9, "target": 31}, {"distance": 0.7239530988820219, "on_path": 0, "source": 10, "target": 35}, {"distance": 0.9199183839738546, "on_path": 0, "source": 10, "target": 32}, {"distance": 1.3860144093503872, "on_path": 0, "source": 10, "target": 39}, {"distance": 1.2716668039530628, "on_path": 0, "source": 11, "target": 29}, {"distance": 0.5486012158145208, "on_path": 0, "source": 11, "target": 19}, {"distance": 0.37638552290986127, "on_path": 0, "source": 11, "target": 15}, {"distance": 0.6320018611856476, "on_path": 1, "source": 12, "target": 25}, {"distance": 0.8770913602727868, "on_path": 0, "source": 13, "target": 33}, {"distance": 0.44184738108642646, "on_path": 0, "source": 14, "target": 18}, {"distance": 1.4685803299942366, "on_path": 0, "source": 14, "target": 41}, {"distance": 1.4708615531080804, "on_path": 0, "source": 14, "target": 26}, {"distance": 0.6136488074883413, "on_path": 0, "source": 14, "target": 36}, {"distance": 1.9924046274792035, "on_path": 0, "source": 15, "target": 26}, {"distance": 1.52758655217043, "on_path": 0, "source": 15, "target": 29}, {"distance": 1.7191298587689305, "on_path": 0, "source": 16, "target": 39}, {"distance": 0.5248397177649637, "on_path": 0, "source": 16, "target": 28}, {"distance": 0.559497590242934, "on_path": 0, "source": 17, "target": 25}, {"distance": 1.397033654448737, "on_path": 0, "source": 17, "target": 34}, {"distance": 1.836867357733235, "on_path": 0, "source": 17, "target": 38}, {"distance": 0.5579720513982261, "on_path": 0, "source": 18, "target": 39}, {"distance": 0.8291504527128799, "on_path": 0, "source": 18, "target": 25}, {"distance": 1.288453960532564, "on_path": 0, "source": 19, "target": 29}, {"distance": 1.7384901569122337, "on_path": 0, "source": 20, "target": 38}, {"distance": 1.0897985967432438, "on_path": 0, "source": 20, "target": 31}, {"distance": 0.7467531307553172, "on_path": 0, "source": 21, "target": 26}, {"distance": 1.107955401497904, "on_path": 0, "source": 21, "target": 32}, {"distance": 1.1167484977485063, "on_path": 0, "source": 21, "target": 36}, {"distance": 0.5949003380923273, "on_path": 0, "source": 21, "target": 31}, {"distance": 1.0077426029395193, "on_path": 0, "source": 21, "target": 22}, {"distance": 1.0185080228571564, "on_path": 0, "source": 22, "target": 30}, {"distance": 1.4104448290646792, "on_path": 0, "source": 22, "target": 25}, {"distance": 1.6130364170309686, "on_path": 0, "source": 23, "target": 41}, {"distance": 1.4041302668080822, "on_path": 0, "source": 23, "target": 31}, {"distance": 1.3200984948937966, "on_path": 0, "source": 23, "target": 28}, {"distance": 0.5614720480310924, "on_path": 0, "source": 24, "target": 37}, {"distance": 1.1990282221695236, "on_path": 0, "source": 26, "target": 35}, {"distance": 0.5464851889410524, "on_path": 0, "source": 27, "target": 31}, {"distance": 0.8953886368847587, "on_path": 0, "source": 27, "target": 35}, {"distance": 1.0751786676156627, "on_path": 0, "source": 27, "target": 34}, {"distance": 1.774617275386886, "on_path": 0, "source": 28, "target": 37}, {"distance": 1.4122311833423762, "on_path": 0, "source": 28, "target": 40}, {"distance": 1.017408069904791, "on_path": 0, "source": 30, "target": 37}, {"distance": 1.2631297792439748, "on_path": 0, "source": 30, "target": 38}, {"distance": 0.651915491968769, "on_path": 0, "source": 31, "target": 38}, {"distance": 1.1135100227077728, "on_path": 0, "source": 32, "target": 41}, {"distance": 1.7237387217257383, "on_path": 0, "source": 32, "target": 33}, {"distance": 0.5872931625102494, "on_path": 0, "source": 33, "target": 40}, {"distance": 0.5740493936471833, "on_path": 0, "source": 36, "target": 39}]}