{"directed": false, "multigraph": false, "graph": {}, "nodes": [{"node_features": [0.0, 0.0], "id": 0}, {"node_features": [0.0, 0.0], "id": 1}, {"node_features": [0.0, 0.0], "id": 2}, {"node_features": [0.0, 0.0], "id": 3}, {"node_features": [0.0, 1.0], "id": 4}, {"node_features": [0.0, 0.0], "id": 5}, {"node_features": [0.0, 0.0], "id": 6}, {"node_features": [0.0, 0.0], "id": 7}, {"node_features": [0.0, 0.0], "id": 8}, {"node_features": [0.0, 0.0], "id": 9}, {"node_features": [0.0, 0.0], "id": 10}, {"node_features": [0.0, 0.0], "id": 11}, {"node_features": [0.0, 0.0], "id": 12}, {"node_features": [0.0, 0.0], "id": 13}, {"node_features": [0.0, 0.0], "id": 14}, {"node_features": [1.0, 0.0], "id": 15}, {"node_features": [0.0, 0.0], "id": 16}, {"node_features": [0.0, 0.0], "id": 17}, {"node_features": [0.0, 0.0], "id": 18}, {"node_features": [0.0, 0.0], "id": 19}], "links": [{"distance": 1.0717376510413683, "on_path": 0, "source": 0, "target": 8}, {"distance": 0.7531714810041081, "on_path": 1, "source": 0, "target": 14}, {"distance": 0.38463339439981536, "on_path": 1, "source": 0, "target": 9}, {"distance": 0.6044573258884255, "on_path": 0, "source": 1, "target": 18}, {"distance": 1.027876978881445, "on_path": 0, "source": 1, "target": 7}, {"distance": 1.1738290116660406, "on_path": 0, "source": 1, "target": 11}, {"distance": 0.3672444742470651, "on_path": 0, "source": 2, "target": 6}, {"distance": 1.7569299015261033, "on_path": 0, "source": 2, "target": 16}, {"distance": 1.4520788731572476, "on_path": 0, "source": 2, "target": 7}, {"distance": 1.9934316314576948, "on_path": 0, "source": 2, "target": 8}, {"distance": 0.9301407793211425, "on_path": 0, "source": 2, "target": 15}, {"distance": 1.3742109682421701, "on_path": 0, "source": 3, "target": 16}, {"distance": 0.7761102192575947, "on_path": 0, "source": 3, "target": 17}, {"distance": 0.5187440061741233, "on_path": 0, "source": 3, "target": 9}, {"distance": 1.3522425311247237, "on_path": 0, "source": 3, "target": 13}, {"distance": 1.1017691579360596, "on_path": 0, "source": 3, "target": 19}, {"distance": 1.789232879313823, "on_path": 0, "source": 4, "target": 11}, {"distance": 1.5631231303912227, "on_path": 1, "source": 4, "target": 14}, {"distance": 1.5783693498321156, "on_path": 0, "source": 5, "target": 12}, {"distance": 0.7245073820364514, "on_path": 0, "source": 5, "target": 11}, {"distance": 1.4798712175297692, "on_path": 0, "source": 5, "target": 7}, {"distance": 0.9763530053217557, "on_path": 0, "source": 6, "target": 9}, {"distance": 0.37219969471711506, "on_path": 0, "source": 6, "target": 18}, {"distance": 1.6005398231744858, "on_path": 0, "source": 6, "target": 14}, {"distance": 1.6294781928267699, "on_path": 0, "source": 7, "target": 18}, {"distance": 1.6638043472670354, "on_path": 0, "source": 7, "target": 11}, {"distance": 1.0527537695228515, "on_path": 0, "source": 7, "target": 10}, {"distance": 1.7454274638596807, "on_path": 0, "source": 8, "target": 19}, {"distance": 0.3233222008975486, "on_path": 1, "source": 9, "target": 15}, {"distance": 1.3222793364747571, "on_path": 0, "source": 9, "target": 18}, {"distance": 0.8342532502241198, "on_path": 0, "source": 9, "target": 13}, {"distance": 0.8331056235871703, "on_path": 0, "source": 9, "target": 12}, {"distance": 1.1548399980408726, "on_path": 0, "source": 10, "target": 13}, {"distance": 1.3115518378006714, "on_path": 0, "source": 11, "target": 18}, {"distance": 0.936651352290594, "on_path": 0, "source": 12, "target": 15}, {"distance": 0.8539528678338782, "on_path": 0, "source": 13, "target": 17}, {"distance": 0.9461764510271996, "on_path": 0, "source": 14, "target": 17}, {"distance": 1.01540499162145, "on_path": 0, "source": 15, "target": 18}, {"distance": 0.7476686393982508, "on_path": 0, "source": 15, "target": 19}, {"distance": 1.336265530822921, "on_path": 0, "source": 16, "target": 19}]}