{"directed": false, "multigraph": false, "graph": {}, "nodes": [{"node_features": [0.0, 0.0], "id": 0}, {"node_features": [0.0, 0.0], "id": 1}, {"node_features": [0.0, 0.0], "id": 2}, {"node_features": [1.0, 0.0], "id": 3}, {"node_features": [0.0, 0.0], "id": 4}, {"node_features": [0.0, 0.0], "id": 5}, {"node_features": [0.0, 0.0], "id": 6}, {"node_features": [0.0, 0.0], "id": 7}, {"node_features": [0.0, 0.0], "id": 8}, {"node_features": [0.0, 0.0], "id": 9}, {"node_features": [0.0, 1.0], "id": 10}, {"node_features": [0.0, 0.0], "id": 11}, {"node_features": [0.0, 0.0], "id": 12}, {"node_features": [0.0, 0.0], "id": 13}, {"node_features": [0.0, 0.0], "id": 14}], "links": [{"distance": 2.0708787179296295, "on_path": 0, "source": 0, "target": 4}, {"distance": 1.085811545354138, "on_path": 0, "source": 0, "target": 7}, {"distance": 1.7480665942515627, "on_path": 0, "source": 0, "target": 9}, {"distance": 1.32299995265108, "on_path": 0, "source": 0, "target": 1}, {"distance": 1.5553319383374982, "on_path": 0, "source": 0, "target": 11}, {"distance": 0.24236454301898233, "on_path": 1, "source": 1, "target": 13}, {"distance": 2.084126754520646, "on_path": 1, "source": 1, "target": 10}, {"distance": 1.2745107975069325, "on_path": 0, "source": 1, "target": 11}, {"distance": 1.0966184926762363, "on_path": 0, "source": 1, "target": 9}, {"distance": 1.1206616941006025, "on_path": 0, "source": 2, "target": 11}, {"distance": 1.0885168153785472, "on_path": 0, "source": 2, "target": 6}, {"distance": 1.1158283958916624, "on_path": 0, "source": 3, "target": 8}, {"distance": 1.1518055705616714, "on_path": 0, "source": 3, "target": 12}, {"distance": 0.759950896575324, "on_path": 0, "source": 3, "target": 14}, {"distance": 0.9554689679711147, "on_path": 1, "source": 3, "target": 7}, {"distance": 0.6513335652188995, "on_path": 0, "source": 4, "target": 11}, {"distance": 0.8679783150897369, "on_path": 0, "source": 4, "target": 5}, {"distance": 1.89081932815178, "on_path": 0, "source": 4, "target": 7}, {"distance": 0.8164131940765336, "on_path": 0, "source": 5, "target": 12}, {"distance": 1.5402725103022528, "on_path": 0, "source": 5, "target": 6}, {"distance": 0.6569205566703894, "on_path": 0, "source": 5, "target": 11}, {"distance": 1.1234564704832077, "on_path": 0, "source": 5, "target": 8}, {"distance": 1.6467319453205005, "on_path": 0, "source": 6, "target": 11}, {"distance": 1.2147198593895454, "on_path": 0, "source": 6, "target": 8}, {"distance": 1.2254644183755856, "on_path": 0, "source": 6, "target": 12}, {"distance": 0.41059997915397994, "on_path": 1, "source": 7, "target": 13}, {"distance": 1.674549201702029, "on_path": 0, "source": 8, "target": 11}, {"distance": 1.4158909760535114, "on_path": 0, "source": 9, "target": 10}, {"distance": 1.2098070908271716, "on_path": 0, "source": 9, "target": 13}, {"distance": 0.9947693271045497, "on_path": 0, "source": 12, "target": 14}]}