{"directed": false, "multigraph": false, "graph": {}, "nodes": [{"node_features": [0.0, 0.0], "id": 0}, {"node_features": [0.0, 0.0], "id": 1}, {"node_features": [0.0, 0.0], "id": 2}, {"node_features": [0.0, 0.0], "id": 3}, {"node_features": [0.0, 0.0], "id": 4}, {"node_features": [0.0, 0.0], "id": 5}, {"node_features": [0.0, 0.0], "id": 6}, {"node_features": [0.0, 0.0], "id": 7}, {"node_features": [0.0, 0.0], "id": 8}, {"node_features": [0.0, 0.0], "id": 9}, {"node_features": [0.0, 0.0], "id": 10}, {"node_features": [0.0, 0.0], "id": 11}, {"node_features": [0.0, 0.0], "id": 12}, {"node_features": [0.0, 0.0], "id": 13}, {"node_features": [0.0, 0.0], "id": 14}, {"node_features": [0.0, 0.0], "id": 15}, {"node_features": [0.0, 0.0], "id": 16}, {"node_features": [0.0, 0.0], "id": 17}, {"node_features": [0.0, 0.0], "id": 18}, {"node_features": [0.0, 0.0], "id": 19}, {"node_features": [0.0, 0.0], "id": 20}, {"node_features": [0.0, 0.0], "id": 21}, {"node_features": [0.0, 0.0], "id": 22}, {"node_features": [0.0, 0.0], "id": 23}, {"node_features": [0.0, 0.0], "id": 24}, {"node_features": [0.0, 0.0], "id": 25}, {"node_features": [0.0, 0.0], "id": 26}, {"node_features": [0.0, 0.0], "id": 27}, {"node_features": [0.0, 0.0], "id": 28}, {"node_features": [0.0, 1.0], "id": 29}, {"node_features": [0.0, 0.0], "id": 30}, {"node_features": [0.0, 0.0], "id": 31}, {"node_features": [0.0, 0.0], "id": 32}, {"node_features": [0.0, 0.0], "id": 33}, {"node_features": [0.0, 0.0], "id": 34}, {"node_features": [0.0, 0.0], "id": 35}, {"node_features": [0.0, 0.0], "id": 36}, {"node_features": [0.0, 0.0], "id": 37}, {"node_features": [0.0, 0.0], "id": 38}, {"node_features": [0.0, 0.0], "id": 39}, {"node_features": [0.0, 0.0], "id": 40}, {"node_features": [1.0, 0.0], "id": 41}, {"node_features": [0.0, 0.0], "id": 42}, {"node_features": [0.0, 0.0], "id": 43}, {"node_features": [0.0, 0.0], "id": 44}, {"node_features": [0.0, 0.0], "id": 45}, {"node_features": [0.0, 0.0], "id": 46}], "links": [{"distance": 0.7335495239107686, "on_path": 0, "source": 0, "target": 12}, {"distance": 0.24333692399811346, "on_path": 0, "source": 0, "target": 27}, {"distance": 1.2210447792441972, "on_path": 0, "source": 0, "target": 34}, {"distance": 1.7729648115592544, "on_path": 0, "source": 1, "target": 45}, {"distance": 1.4374738769938258, "on_path": 0, "source": 1, "target": 4}, {"distance": 1.377621695129121, "on_path": 0, "source": 1, "target": 5}, {"distance": 1.2806213380888112, "on_path": 0, "source": 1, "target": 16}, {"distance": 0.3247644396462088, "on_path": 0, "source": 1, "target": 18}, {"distance": 0.5376923254079629, "on_path": 0, "source": 1, "target": 20}, {"distance": 0.8029643193271708, "on_path": 0, "source": 1, "target": 19}, {"distance": 0.8201441218458376, "on_path": 0, "source": 1, "target": 28}, {"distance": 0.8660645523407776, "on_path": 0, "source": 2, "target": 6}, {"distance": 0.9353130432844688, "on_path": 0, "source": 2, "target": 23}, {"distance": 0.44540724031964946, "on_path": 0, "source": 2, "target": 26}, {"distance": 1.456007133406558, "on_path": 0, "source": 3, "target": 41}, {"distance": 1.0821799333153104, "on_path": 0, "source": 3, "target": 40}, {"distance": 0.8034819643825855, "on_path": 0, "source": 3, "target": 22}, {"distance": 0.865685287017135, "on_path": 0, "source": 3, "target": 20}, {"distance": 1.6775630009420897, "on_path": 0, "source": 4, "target": 29}, {"distance": 0.9577659511682348, "on_path": 0, "source": 5, "target": 23}, {"distance": 1.2833461651502627, "on_path": 0, "source": 5, "target": 34}, {"distance": 1.3593018920219073, "on_path": 0, "source": 5, "target": 6}, {"distance": 1.3056860632338978, "on_path": 0, "source": 6, "target": 18}, {"distance": 1.153047534848954, "on_path": 0, "source": 7, "target": 17}, {"distance": 1.1314296452077364, "on_path": 0, "source": 7, "target": 41}, {"distance": 0.8029169799428343, "on_path": 0, "source": 7, "target": 45}, {"distance": 0.33271784435309826, "on_path": 0, "source": 8, "target": 39}, {"distance": 0.9294326305226386, "on_path": 0, "source": 8, "target": 23}, {"distance": 1.7712978434989224, "on_path": 0, "source": 8, "target": 22}, {"distance": 0.396725579747224, "on_path": 0, "source": 8, "target": 38}, {"distance": 1.2167854111499727, "on_path": 0, "source": 9, "target": 41}, {"distance": 1.288443830568069, "on_path": 0, "source": 9, "target": 26}, {"distance": 1.7769056551184066, "on_path": 0, "source": 9, "target": 35}, {"distance": 2.1211267839214396, "on_path": 0, "source": 9, "target": 25}, {"distance": 0.7738385597214613, "on_path": 0, "source": 9, "target": 13}, {"distance": 1.5587741875264018, "on_path": 0, "source": 9, "target": 29}, {"distance": 1.1503968846027302, "on_path": 0, "source": 10, "target": 44}, {"distance": 0.9583773223437688, "on_path": 0, "source": 10, "target": 19}, {"distance": 1.6787418474352107, "on_path": 0, "source": 10, "target": 31}, {"distance": 0.37158972241491317, "on_path": 0, "source": 11, "target": 36}, {"distance": 1.2870893510640946, "on_path": 0, "source": 11, "target": 43}, {"distance": 0.7509487341041343, "on_path": 0, "source": 11, "target": 39}, {"distance": 1.7720656495722595, "on_path": 0, "source": 11, "target": 45}, {"distance": 1.061021778972922, "on_path": 0, "source": 12, "target": 21}, {"distance": 1.2887261338474012, "on_path": 0, "source": 12, "target": 31}, {"distance": 0.7682426818871111, "on_path": 0, "source": 12, "target": 26}, {"distance": 1.0038309832030476, "on_path": 0, "source": 12, "target": 16}, {"distance": 1.6095933499096597, "on_path": 0, "source": 13, "target": 45}, {"distance": 1.384298984096594, "on_path": 0, "source": 13, "target": 24}, {"distance": 0.22330155939966612, "on_path": 0, "source": 13, "target": 21}, {"distance": 0.3781286577614314, "on_path": 0, "source": 14, "target": 42}, {"distance": 0.5728275742989537, "on_path": 0, "source": 14, "target": 33}, {"distance": 1.497811581262036, "on_path": 0, "source": 14, "target": 46}, {"distance": 1.6347007855222548, "on_path": 0, "source": 14, "target": 41}, {"distance": 0.8630994763028579, "on_path": 0, "source": 15, "target": 36}, {"distance": 1.4357570149954884, "on_path": 0, "source": 15, "target": 46}, {"distance": 0.6829947122881206, "on_path": 0, "source": 16, "target": 38}, {"distance": 0.42333982793499464, "on_path": 0, "source": 16, "target": 32}, {"distance": 0.9053463048059743, "on_path": 0, "source": 17, "target": 35}, {"distance": 1.0821963967297406, "on_path": 0, "source": 17, "target": 21}, {"distance": 0.9867797828606191, "on_path": 0, "source": 17, "target": 44}, {"distance": 0.6964090780123368, "on_path": 0, "source": 17, "target": 23}, {"distance": 0.5618861802658728, "on_path": 0, "source": 18, "target": 39}, {"distance": 0.4957640733102537, "on_path": 0, "source": 18, "target": 28}, {"distance": 0.5466334492857011, "on_path": 0, "source": 19, "target": 27}, {"distance": 0.44632086935661663, "on_path": 0, "source": 19, "target": 36}, {"distance": 0.37426117280970805, "on_path": 0, "source": 20, "target": 39}, {"distance": 1.9439885805106165, "on_path": 0, "source": 22, "target": 38}, {"distance": 0.3401952916496805, "on_path": 0, "source": 23, "target": 37}, {"distance": 1.2379484538819596, "on_path": 0, "source": 23, "target": 46}, {"distance": 1.3007543854673005, "on_path": 0, "source": 24, "target": 36}, {"distance": 0.4377019731624704, "on_path": 0, "source": 24, "target": 43}, {"distance": 0.45821004437772694, "on_path": 0, "source": 25, "target": 40}, {"distance": 1.7159721525185274, "on_path": 0, "source": 25, "target": 30}, {"distance": 1.2164089230899249, "on_path": 0, "source": 25, "target": 39}, {"distance": 0.36268610705582993, "on_path": 0, "source": 25, "target": 35}, {"distance": 1.5153834200098963, "on_path": 0, "source": 26, "target": 33}, {"distance": 0.4153341564699481, "on_path": 0, "source": 27, "target": 37}, {"distance": 0.6066596961027111, "on_path": 1, "source": 27, "target": 39}, {"distance": 0.1430761432114252, "on_path": 1, "source": 27, "target": 30}, {"distance": 0.9495086604763018, "on_path": 0, "source": 28, "target": 35}, {"distance": 0.7116742651957283, "on_path": 0, "source": 28, "target": 31}, {"distance": 0.6748934997307026, "on_path": 1, "source": 29, "target": 39}, {"distance": 0.32333841827925663, "on_path": 0, "source": 29, "target": 40}, {"distance": 0.8889243170671689, "on_path": 1, "source": 30, "target": 34}, {"distance": 1.0888873940004542, "on_path": 0, "source": 32, "target": 37}, {"distance": 1.2261509580232604, "on_path": 0, "source": 32, "target": 42}, {"distance": 0.2528526580179967, "on_path": 0, "source": 33, "target": 45}, {"distance": 1.3486459792547225, "on_path": 0, "source": 34, "target": 44}, {"distance": 0.32950444224782427, "on_path": 1, "source": 34, "target": 41}, {"distance": 0.9342254981601974, "on_path": 0, "source": 36, "target": 43}, {"distance": 0.64575144141686, "on_path": 0, "source": 37, "target": 42}, {"distance": 0.2618532076837033, "on_path": 0, "source": 41, "target": 46}, {"distance": 1.2847553800373923, "on_path": 0, "source": 43, "target": 44}]}