{"directed": false, "multigraph": false, "graph": {}, "nodes": [{"node_features": [0.0, 0.0], "id": 0}, {"node_features": [0.0, 0.0], "id": 1}, {"node_features": [0.0, 0.0], "id": 2}, {"node_features": [1.0, 0.0], "id": 3}, {"node_features": [0.0, 0.0], "id": 4}, {"node_features": [0.0, 0.0], "id": 5}, {"node_features": [0.0, 0.0], "id": 6}, {"node_features": [0.0, 0.0], "id": 7}, {"node_features": [0.0, 0.0], "id": 8}, {"node_features": [0.0, 0.0], "id": 9}, {"node_features": [0.0, 0.0], "id": 10}, {"node_features": [0.0, 0.0], "id": 11}, {"node_features": [0.0, 0.0], "id": 12}, {"node_features": [0.0, 1.0], "id": 13}, {"node_features": [0.0, 0.0], "id": 14}, {"node_features": [0.0, 0.0], "id": 15}, {"node_features": [0.0, 0.0], "id": 16}, {"node_features": [0.0, 0.0], "id": 17}, {"node_features": [0.0, 0.0], "id": 18}, {"node_features": [0.0, 0.0], "id": 19}, {"node_features": [0.0, 0.0], "id": 20}, {"node_features": [0.0, 0.0], "id": 21}, {"node_features": [0.0, 0.0], "id": 22}, {"node_features": [0.0, 0.0], "id": 23}, {"node_features": [0.0, 0.0], "id": 24}, {"node_features": [0.0, 0.0], "id": 25}, {"node_features": [0.0, 0.0], "id": 26}, {"node_features": [0.0, 0.0], "id": 27}, {"node_features": [0.0, 0.0], "id": 28}, {"node_features": [0.0, 0.0], "id": 29}, {"node_features": [0.0, 0.0], "id": 30}], "links": [{"distance": 0.6398195486640049, "on_path": 0, "source": 0, "target": 10}, {"distance": 1.375476085277264, "on_path": 0, "source": 0, "target": 5}, {"distance": 0.7232786851933748, "on_path": 0, "source": 0, "target": 11}, {"distance": 1.4874847708486143, "on_path": 0, "source": 0, "target": 13}, {"distance": 1.187588367677496, "on_path": 0, "source": 1, "target": 22}, {"distance": 1.29523424032177, "on_path": 0, "source": 1, "target": 12}, {"distance": 1.5363644850817717, "on_path": 0, "source": 1, "target": 28}, {"distance": 1.5341857977325495, "on_path": 0, "source": 1, "target": 7}, {"distance": 0.2397987729071831, "on_path": 0, "source": 1, "target": 14}, {"distance": 1.8059454581737235, "on_path": 0, "source": 2, "target": 22}, {"distance": 0.831676690298735, "on_path": 0, "source": 2, "target": 11}, {"distance": 0.5860009889705284, "on_path": 1, "source": 3, "target": 17}, {"distance": 1.2211488562626192, "on_path": 0, "source": 3, "target": 26}, {"distance": 0.9407653720555864, "on_path": 0, "source": 3, "target": 18}, {"distance": 0.980891744381482, "on_path": 0, "source": 4, "target": 22}, {"distance": 0.9389423842598644, "on_path": 0, "source": 4, "target": 28}, {"distance": 0.8421208084640678, "on_path": 0, "source": 4, "target": 16}, {"distance": 0.5165999755112127, "on_path": 0, "source": 4, "target": 19}, {"distance": 0.6169069743891832, "on_path": 0, "source": 5, "target": 24}, {"distance": 1.5180744263495107, "on_path": 0, "source": 5, "target": 8}, {"distance": 1.3081998852392203, "on_path": 0, "source": 6, "target": 13}, {"distance": 0.5503275995292304, "on_path": 0, "source": 6, "target": 12}, {"distance": 0.7858263155585302, "on_path": 0, "source": 7, "target": 24}, {"distance": 0.6877618046934865, "on_path": 0, "source": 7, "target": 10}, {"distance": 0.6906533374824668, "on_path": 0, "source": 7, "target": 25}, {"distance": 1.1092600529953527, "on_path": 0, "source": 8, "target": 26}, {"distance": 0.7960404091993724, "on_path": 0, "source": 8, "target": 19}, {"distance": 0.902469095392239, "on_path": 0, "source": 8, "target": 24}, {"distance": 1.2618009419459624, "on_path": 0, "source": 9, "target": 26}, {"distance": 2.0079921126615026, "on_path": 0, "source": 9, "target": 10}, {"distance": 1.0286024151504987, "on_path": 0, "source": 9, "target": 15}, {"distance": 1.4681431643298375, "on_path": 0, "source": 10, "target": 13}, {"distance": 1.4629467661087046, "on_path": 0, "source": 10, "target": 23}, {"distance": 1.5169277716802003, "on_path": 0, "source": 11, "target": 15}, {"distance": 0.7371299392015802, "on_path": 0, "source": 11, "target": 18}, {"distance": 1.4652410535671039, "on_path": 0, "source": 12, "target": 24}, {"distance": 0.5394731615182334, "on_path": 0, "source": 12, "target": 30}, {"distance": 1.6723869840946672, "on_path": 0, "source": 13, "target": 16}, {"distance": 1.4754562528926263, "on_path": 0, "source": 13, "target": 28}, {"distance": 0.625675334040515, "on_path": 1, "source": 13, "target": 20}, {"distance": 1.904269760340864, "on_path": 0, "source": 14, "target": 25}, {"distance": 0.8471596029359695, "on_path": 0, "source": 14, "target": 18}, {"distance": 1.0409324126132062, "on_path": 0, "source": 14, "target": 21}, {"distance": 1.42628569508961, "on_path": 0, "source": 14, "target": 22}, {"distance": 1.4334328153676148, "on_path": 0, "source": 15, "target": 30}, {"distance": 1.2405404538642875, "on_path": 0, "source": 16, "target": 29}, {"distance": 0.3713454569918814, "on_path": 0, "source": 16, "target": 25}, {"distance": 1.5836971612638806, "on_path": 0, "source": 17, "target": 25}, {"distance": 0.80715291871309, "on_path": 0, "source": 17, "target": 27}, {"distance": 0.7348248002347786, "on_path": 1, "source": 17, "target": 30}, {"distance": 0.7385659791719466, "on_path": 0, "source": 17, "target": 23}, {"distance": 1.0632128790935294, "on_path": 0, "source": 18, "target": 25}, {"distance": 0.19845151654411294, "on_path": 0, "source": 18, "target": 29}, {"distance": 1.0480555706833672, "on_path": 0, "source": 19, "target": 28}, {"distance": 0.5614287795151268, "on_path": 1, "source": 20, "target": 30}, {"distance": 0.7624765969664344, "on_path": 0, "source": 21, "target": 30}, {"distance": 1.090739244694414, "on_path": 0, "source": 22, "target": 29}, {"distance": 1.4519887543810923, "on_path": 0, "source": 23, "target": 30}, {"distance": 0.9122626910914292, "on_path": 0, "source": 23, "target": 26}, {"distance": 1.5331130703900824, "on_path": 0, "source": 24, "target": 28}, {"distance": 1.2093263492892627, "on_path": 0, "source": 25, "target": 28}, {"distance": 0.86315741300979, "on_path": 0, "source": 25, "target": 27}]}