{"directed": false, "multigraph": false, "graph": {}, "nodes": [{"node_features": [0.0, 0.0], "id": 0}, {"node_features": [0.0, 0.0], "id": 1}, {"node_features": [0.0, 0.0], "id": 2}, {"node_features": [0.0, 0.0], "id": 3}, {"node_features": [0.0, 0.0], "id": 4}, {"node_features": [0.0, 0.0], "id": 5}, {"node_features": [0.0, 0.0], "id": 6}, {"node_features": [0.0, 0.0], "id": 7}, {"node_features": [0.0, 0.0], "id": 8}, {"node_features": [0.0, 0.0], "id": 9}, {"node_features": [0.0, 0.0], "id": 10}, {"node_features": [0.0, 0.0], "id": 11}, {"node_features": [1.0, 0.0], "id": 12}, {"node_features": [0.0, 0.0], "id": 13}, {"node_features": [0.0, 0.0], "id": 14}, {"node_features": [0.0, 0.0], "id": 15}, {"node_features": [0.0, 0.0], "id": 16}, {"node_features": [0.0, 0.0], "id": 17}, {"node_features": [0.0, 0.0], "id": 18}, {"node_features": [0.0, 1.0], "id": 19}, {"node_features": [0.0, 0.0], "id": 20}], "links": [{"distance": 0.7198023582830986, "on_path": 0, "source": 0, "target": 16}, {"distance": 1.3865783541726229, "on_path": 0, "source": 0, "target": 6}, {"distance": 0.8040994778003939, "on_path": 0, "source": 0, "target": 15}, {"distance": 0.4139313357125502, "on_path": 0, "source": 1, "target": 11}, {"distance": 0.3095958850696851, "on_path": 0, "source": 1, "target": 10}, {"distance": 0.8748554533418086, "on_path": 0, "source": 1, "target": 7}, {"distance": 0.29502346866836376, "on_path": 0, "source": 2, "target": 20}, {"distance": 0.8156116826378546, "on_path": 0, "source": 2, "target": 9}, {"distance": 1.20247455840312, "on_path": 0, "source": 2, "target": 6}, {"distance": 0.7585994898420035, "on_path": 0, "source": 3, "target": 6}, {"distance": 1.534271140588146, "on_path": 0, "source": 3, "target": 20}, {"distance": 2.2664852053754854, "on_path": 0, "source": 3, "target": 16}, {"distance": 1.5453297389973082, "on_path": 0, "source": 4, "target": 18}, {"distance": 0.827556840224967, "on_path": 0, "source": 4, "target": 16}, {"distance": 1.8124237750758445, "on_path": 0, "source": 4, "target": 17}, {"distance": 1.109871582285621, "on_path": 0, "source": 5, "target": 13}, {"distance": 1.1789304247421772, "on_path": 0, "source": 5, "target": 11}, {"distance": 0.5213696507225895, "on_path": 0, "source": 5, "target": 12}, {"distance": 0.728972706362709, "on_path": 0, "source": 5, "target": 20}, {"distance": 0.4385620865422993, "on_path": 1, "source": 6, "target": 10}, {"distance": 1.6997477208044256, "on_path": 0, "source": 6, "target": 15}, {"distance": 0.7733170635123469, "on_path": 1, "source": 6, "target": 9}, {"distance": 1.025184237304063, "on_path": 0, "source": 7, "target": 20}, {"distance": 1.288784458832816, "on_path": 0, "source": 7, "target": 11}, {"distance": 0.6499612761285305, "on_path": 0, "source": 8, "target": 20}, {"distance": 1.0199400722297642, "on_path": 0, "source": 8, "target": 16}, {"distance": 1.3911501366851433, "on_path": 0, "source": 8, "target": 17}, {"distance": 1.4375276192784023, "on_path": 0, "source": 9, "target": 17}, {"distance": 0.40616943497393465, "on_path": 1, "source": 9, "target": 12}, {"distance": 0.1705694438931744, "on_path": 0, "source": 10, "target": 11}, {"distance": 1.2986193733461624, "on_path": 1, "source": 10, "target": 19}, {"distance": 1.0624120277706517, "on_path": 0, "source": 10, "target": 18}, {"distance": 1.226776257196435, "on_path": 0, "source": 11, "target": 18}, {"distance": 0.7763031851488237, "on_path": 0, "source": 12, "target": 20}, {"distance": 1.343358951106303, "on_path": 0, "source": 13, "target": 19}, {"distance": 0.22304071606971382, "on_path": 0, "source": 13, "target": 17}, {"distance": 2.4321585133642927, "on_path": 0, "source": 14, "target": 19}, {"distance": 2.1787482282309045, "on_path": 0, "source": 14, "target": 18}, {"distance": 1.6891016352880588, "on_path": 0, "source": 14, "target": 15}, {"distance": 0.11876513556247073, "on_path": 0, "source": 15, "target": 16}, {"distance": 1.7993587001353397, "on_path": 0, "source": 17, "target": 20}, {"distance": 1.5082978697971663, "on_path": 0, "source": 17, "target": 19}]}