{"directed": false, "multigraph": false, "graph": {}, "nodes": [{"node_features": [0.0, 0.0], "id": 0}, {"node_features": [0.0, 0.0], "id": 1}, {"node_features": [0.0, 0.0], "id": 2}, {"node_features": [0.0, 0.0], "id": 3}, {"node_features": [0.0, 0.0], "id": 4}, {"node_features": [0.0, 0.0], "id": 5}, {"node_features": [0.0, 0.0], "id": 6}, {"node_features": [0.0, 0.0], "id": 7}, {"node_features": [0.0, 0.0], "id": 8}, {"node_features": [0.0, 0.0], "id": 9}, {"node_features": [0.0, 0.0], "id": 10}, {"node_features": [0.0, 0.0], "id": 11}, {"node_features": [0.0, 0.0], "id": 12}, {"node_features": [0.0, 0.0], "id": 13}, {"node_features": [0.0, 0.0], "id": 14}, {"node_features": [0.0, 0.0], "id": 15}, {"node_features": [0.0, 0.0], "id": 16}, {"node_features": [0.0, 0.0], "id": 17}, {"node_features": [0.0, 0.0], "id": 18}, {"node_features": [0.0, 0.0], "id": 19}, {"node_features": [0.0, 0.0], "id": 20}, {"node_features": [0.0, 0.0], "id": 21}, {"node_features": [0.0, 0.0], "id": 22}, {"node_features": [0.0, 0.0], "id": 23}, {"node_features": [1.0, 0.0], "id": 24}, {"node_features": [0.0, 0.0], "id": 25}, {"node_features": [0.0, 0.0], "id": 26}, {"node_features": [0.0, 0.0], "id": 27}, {"node_features": [0.0, 0.0], "id": 28}, {"node_features": [0.0, 0.0], "id": 29}, {"node_features": [0.0, 0.0], "id": 30}, {"node_features": [0.0, 0.0], "id": 31}, {"node_features": [0.0, 0.0], "id": 32}, {"node_features": [0.0, 0.0], "id": 33}, {"node_features": [0.0, 0.0], "id": 34}, {"node_features": [0.0, 1.0], "id": 35}, {"node_features": [0.0, 0.0], "id": 36}, {"node_features": [0.0, 0.0], "id": 37}, {"node_features": [0.0, 0.0], "id": 38}, {"node_features": [0.0, 0.0], "id": 39}, {"node_features": [0.0, 0.0], "id": 40}, {"node_features": [0.0, 0.0], "id": 41}], "links": [{"distance": 0.49470886199894043, "on_path": 0, "source": 0, "target": 19}, {"distance": 1.0320090989999446, "on_path": 0, "source": 0, "target": 32}, {"distance": 0.5906077028036135, "on_path": 0, "source": 1, "target": 15}, {"distance": 1.2708975509093279, "on_path": 0, "source": 1, "target": 28}, {"distance": 1.6000963980454341, "on_path": 0, "source": 1, "target": 20}, {"distance": 1.4375772063924959, "on_path": 0, "source": 1, "target": 2}, {"distance": 1.4727540239974228, "on_path": 0, "source": 2, "target": 14}, {"distance": 0.28789879694926446, "on_path": 0, "source": 2, "target": 23}, {"distance": 0.25855963962327205, "on_path": 0, "source": 2, "target": 10}, {"distance": 1.4221609215270832, "on_path": 0, "source": 3, "target": 20}, {"distance": 1.5332045432913248, "on_path": 0, "source": 3, "target": 27}, {"distance": 1.2014903717856806, "on_path": 0, "source": 3, "target": 30}, {"distance": 1.154079163622751, "on_path": 0, "source": 4, "target": 25}, {"distance": 1.9691433389432595, "on_path": 0, "source": 4, "target": 40}, {"distance": 0.6895415631611462, "on_path": 0, "source": 4, "target": 14}, {"distance": 1.4127765673168793, "on_path": 0, "source": 4, "target": 22}, {"distance": 0.7478250176689686, "on_path": 0, "source": 4, "target": 34}, {"distance": 1.0530762552079471, "on_path": 0, "source": 5, "target": 34}, {"distance": 0.9033189502637373, "on_path": 0, "source": 5, "target": 17}, {"distance": 1.8483710054817672, "on_path": 0, "source": 6, "target": 29}, {"distance": 1.2617562405701348, "on_path": 0, "source": 6, "target": 7}, {"distance": 2.0334005668987305, "on_path": 0, "source": 6, "target": 14}, {"distance": 1.9293705863995767, "on_path": 0, "source": 6, "target": 28}, {"distance": 0.6562255287441954, "on_path": 0, "source": 6, "target": 27}, {"distance": 1.5751519981947824, "on_path": 0, "source": 6, "target": 40}, {"distance": 0.730316778679635, "on_path": 0, "source": 7, "target": 8}, {"distance": 1.0148492523185664, "on_path": 0, "source": 8, "target": 16}, {"distance": 0.5756383748678983, "on_path": 0, "source": 8, "target": 11}, {"distance": 1.0388021417415358, "on_path": 0, "source": 8, "target": 18}, {"distance": 0.9507333009154555, "on_path": 0, "source": 8, "target": 12}, {"distance": 1.0034787654961383, "on_path": 0, "source": 8, "target": 9}, {"distance": 0.21824410411473932, "on_path": 0, "source": 9, "target": 16}, {"distance": 1.2240113867346831, "on_path": 0, "source": 9, "target": 41}, {"distance": 0.6282279862619283, "on_path": 0, "source": 10, "target": 38}, {"distance": 1.305241675047336, "on_path": 0, "source": 10, "target": 15}, {"distance": 1.4020864884085833, "on_path": 0, "source": 10, "target": 17}, {"distance": 2.0466963552257567, "on_path": 0, "source": 10, "target": 28}, {"distance": 1.6317824036575144, "on_path": 0, "source": 11, "target": 29}, {"distance": 0.5024968423234706, "on_path": 0, "source": 11, "target": 24}, {"distance": 1.4462421221904733, "on_path": 0, "source": 12, "target": 33}, {"distance": 0.5283535347740795, "on_path": 0, "source": 12, "target": 36}, {"distance": 0.6052881232544561, "on_path": 0, "source": 12, "target": 18}, {"distance": 0.6218658614747364, "on_path": 0, "source": 13, "target": 33}, {"distance": 0.7220927312756776, "on_path": 1, "source": 13, "target": 26}, {"distance": 1.3941511769136012, "on_path": 0, "source": 13, "target": 22}, {"distance": 1.7779322858044944, "on_path": 0, "source": 13, "target": 16}, {"distance": 0.6976411559625764, "on_path": 1, "source": 13, "target": 38}, {"distance": 1.8275188161044977, "on_path": 0, "source": 14, "target": 27}, {"distance": 0.6145771497732248, "on_path": 0, "source": 14, "target": 31}, {"distance": 0.4938102855962056, "on_path": 0, "source": 15, "target": 25}, {"distance": 1.3563928898279658, "on_path": 0, "source": 15, "target": 23}, {"distance": 0.8264368892254523, "on_path": 0, "source": 15, "target": 33}, {"distance": 1.2345421235945278, "on_path": 0, "source": 15, "target": 36}, {"distance": 2.021527566216391, "on_path": 0, "source": 16, "target": 36}, {"distance": 1.5620843071219168, "on_path": 0, "source": 16, "target": 25}, {"distance": 1.986356092352725, "on_path": 0, "source": 16, "target": 21}, {"distance": 1.4099979977846147, "on_path": 0, "source": 17, "target": 38}, {"distance": 1.221334787410954, "on_path": 0, "source": 17, "target": 31}, {"distance": 0.9805891500870368, "on_path": 0, "source": 18, "target": 39}, {"distance": 0.8282980007820974, "on_path": 0, "source": 18, "target": 29}, {"distance": 1.2108747975517082, "on_path": 0, "source": 19, "target": 28}, {"distance": 0.8085338706274596, "on_path": 0, "source": 19, "target": 27}, {"distance": 0.9391637514098067, "on_path": 0, "source": 19, "target": 41}, {"distance": 1.0632455038742155, "on_path": 0, "source": 20, "target": 37}, {"distance": 1.3770557139457391, "on_path": 0, "source": 20, "target": 24}, {"distance": 1.0715527277290766, "on_path": 0, "source": 20, "target": 27}, {"distance": 0.3392002633773905, "on_path": 0, "source": 20, "target": 29}, {"distance": 0.44037862312035814, "on_path": 0, "source": 21, "target": 29}, {"distance": 1.6077143781752945, "on_path": 0, "source": 21, "target": 25}, {"distance": 0.6996881548422909, "on_path": 0, "source": 21, "target": 26}, {"distance": 1.1296909901498278, "on_path": 0, "source": 22, "target": 34}, {"distance": 1.1869101330018172, "on_path": 0, "source": 24, "target": 30}, {"distance": 1.3785036801165291, "on_path": 0, "source": 24, "target": 31}, {"distance": 1.2449588834957401, "on_path": 1, "source": 24, "target": 38}, {"distance": 1.3996657885642207, "on_path": 0, "source": 24, "target": 34}, {"distance": 0.40053523177044287, "on_path": 1, "source": 26, "target": 35}, {"distance": 1.4260413810326742, "on_path": 0, "source": 28, "target": 32}, {"distance": 2.048361153597267, "on_path": 0, "source": 28, "target": 35}, {"distance": 0.47385957180192717, "on_path": 0, "source": 31, "target": 32}, {"distance": 1.8110595185907408, "on_path": 0, "source": 33, "target": 40}, {"distance": 0.8676725393531299, "on_path": 0, "source": 34, "target": 38}, {"distance": 0.8523762191181398, "on_path": 0, "source": 34, "target": 39}, {"distance": 1.084979075616233, "on_path": 0, "source": 37, "target": 41}, {"distance": 0.7823475750688118, "on_path": 0, "source": 37, "target": 38}]}