{"directed": false, "multigraph": false, "graph": {}, "nodes": [{"node_features": [0.0, 0.0], "id": 0}, {"node_features": [0.0, 0.0], "id": 1}, {"node_features": [0.0, 0.0], "id": 2}, {"node_features": [0.0, 0.0], "id": 3}, {"node_features": [0.0, 0.0], "id": 4}, {"node_features": [0.0, 0.0], "id": 5}, {"node_features": [0.0, 0.0], "id": 6}, {"node_features": [0.0, 0.0], "id": 7}, {"node_features": [0.0, 0.0], "id": 8}, {"node_features": [0.0, 0.0], "id": 9}, {"node_features": [0.0, 0.0], "id": 10}, {"node_features": [0.0, 0.0], "id": 11}, {"node_features": [0.0, 0.0], "id": 12}, {"node_features": [0.0, 0.0], "id": 13}, {"node_features": [0.0, 0.0], "id": 14}, {"node_features": [0.0, 0.0], "id": 15}, {"node_features": [0.0, 0.0], "id": 16}, {"node_features": [0.0, 0.0], "id": 17}, {"node_features": [0.0, 0.0], "id": 18}, {"node_features": [0.0, 0.0], "id": 19}, {"node_features": [0.0, 0.0], "id": 20}, {"node_features": [0.0, 0.0], "id": 21}, {"node_features": [0.0, 0.0], "id": 22}, {"node_features": [0.0, 1.0], "id": 23}, {"node_features": [0.0, 0.0], "id": 24}, {"node_features": [0.0, 0.0], "id": 25}, {"node_features": [0.0, 0.0], "id": 26}, {"node_features": [1.0, 0.0], "id": 27}, {"node_features": [0.0, 0.0], "id": 28}, {"node_features": [0.0, 0.0], "id": 29}, {"node_features": [0.0, 0.0], "id": 30}, {"node_features": [0.0, 0.0], "id": 31}, {"node_features": [0.0, 0.0], "id": 32}, {"node_features": [0.0, 0.0], "id": 33}, {"node_features": [0.0, 0.0], "id": 34}, {"node_features": [0.0, 0.0], "id": 35}, {"node_features": [0.0, 0.0], "id": 36}], "links": [{"distance": 0.9740202389139163, "on_path": 0, "source": 0, "target": 15}, {"distance": 1.8853255153686848, "on_path": 0, "source": 0, "target": 25}, {"distance": 1.6849695945663214, "on_path": 0, "source": 0, "target": 29}, {"distance": 1.830575303154331, "on_path": 0, "source": 0, "target": 14}, {"distance": 1.053504432417236, "on_path": 0, "source": 0, "target": 13}, {"distance": 0.5077816278399587, "on_path": 0, "source": 1, "target": 15}, {"distance": 0.8684557170834218, "on_path": 0, "source": 1, "target": 33}, {"distance": 0.8049480715194584, "on_path": 0, "source": 1, "target": 35}, {"distance": 0.9256869661580425, "on_path": 0, "source": 1, "target": 18}, {"distance": 1.7646637715672582, "on_path": 0, "source": 2, "target": 22}, {"distance": 1.244709255715733, "on_path": 0, "source": 2, "target": 21}, {"distance": 1.2219539521055711, "on_path": 0, "source": 2, "target": 16}, {"distance": 0.18541772041446142, "on_path": 0, "source": 2, "target": 26}, {"distance": 0.6419904738167804, "on_path": 0, "source": 2, "target": 28}, {"distance": 1.358100770734952, "on_path": 0, "source": 3, "target": 19}, {"distance": 0.5803423149089445, "on_path": 0, "source": 3, "target": 22}, {"distance": 0.664725973810286, "on_path": 0, "source": 3, "target": 18}, {"distance": 0.2512493430402929, "on_path": 0, "source": 3, "target": 20}, {"distance": 1.144280088336267, "on_path": 0, "source": 4, "target": 36}, {"distance": 1.5296934531045663, "on_path": 0, "source": 4, "target": 23}, {"distance": 1.9795237793195783, "on_path": 0, "source": 4, "target": 17}, {"distance": 1.8107006927286435, "on_path": 0, "source": 5, "target": 23}, {"distance": 1.3434117468288447, "on_path": 0, "source": 5, "target": 16}, {"distance": 0.28967341792318124, "on_path": 0, "source": 6, "target": 12}, {"distance": 0.9679598734555005, "on_path": 0, "source": 6, "target": 20}, {"distance": 2.3795956622767793, "on_path": 0, "source": 7, "target": 19}, {"distance": 1.5739564991864654, "on_path": 0, "source": 7, "target": 32}, {"distance": 0.22205528272625938, "on_path": 0, "source": 7, "target": 10}, {"distance": 1.6749804835854079, "on_path": 0, "source": 8, "target": 33}, {"distance": 1.6879155298309736, "on_path": 0, "source": 8, "target": 14}, {"distance": 1.7002882013885878, "on_path": 0, "source": 8, "target": 26}, {"distance": 0.6859480845602665, "on_path": 0, "source": 8, "target": 21}, {"distance": 1.4158819243654017, "on_path": 0, "source": 9, "target": 28}, {"distance": 1.8244864011873088, "on_path": 0, "source": 9, "target": 33}, {"distance": 0.9429191776766572, "on_path": 0, "source": 10, "target": 27}, {"distance": 1.5874795769758638, "on_path": 0, "source": 10, "target": 17}, {"distance": 0.6160347097891612, "on_path": 0, "source": 10, "target": 16}, {"distance": 0.5400957530937968, "on_path": 0, "source": 11, "target": 26}, {"distance": 0.4062445318078827, "on_path": 0, "source": 11, "target": 32}, {"distance": 0.44848214380235024, "on_path": 0, "source": 12, "target": 15}, {"distance": 1.1523907300631553, "on_path": 0, "source": 12, "target": 30}, {"distance": 0.3284211342313892, "on_path": 0, "source": 12, "target": 16}, {"distance": 0.7331202958856031, "on_path": 0, "source": 13, "target": 22}, {"distance": 1.0743214000517098, "on_path": 0, "source": 13, "target": 33}, {"distance": 0.3106097874190013, "on_path": 0, "source": 13, "target": 35}, {"distance": 0.0696960382756761, "on_path": 0, "source": 14, "target": 17}, {"distance": 1.6652282422646165, "on_path": 0, "source": 14, "target": 19}, {"distance": 0.8321964334389208, "on_path": 1, "source": 15, "target": 21}, {"distance": 0.13455308091090148, "on_path": 1, "source": 15, "target": 27}, {"distance": 0.9478564062488462, "on_path": 0, "source": 16, "target": 28}, {"distance": 1.1696351798053406, "on_path": 0, "source": 16, "target": 26}, {"distance": 0.817900642321826, "on_path": 0, "source": 16, "target": 32}, {"distance": 1.7667551985388155, "on_path": 0, "source": 18, "target": 28}, {"distance": 1.649822138120925, "on_path": 0, "source": 18, "target": 34}, {"distance": 1.4079171813833018, "on_path": 0, "source": 19, "target": 23}, {"distance": 2.0971754865476386, "on_path": 0, "source": 19, "target": 27}, {"distance": 1.085121221464052, "on_path": 0, "source": 20, "target": 23}, {"distance": 0.5462923653282685, "on_path": 0, "source": 20, "target": 24}, {"distance": 1.29506139631334, "on_path": 0, "source": 20, "target": 27}, {"distance": 1.3533028819848887, "on_path": 0, "source": 20, "target": 34}, {"distance": 0.889833487105149, "on_path": 1, "source": 21, "target": 28}, {"distance": 0.7960894690574344, "on_path": 0, "source": 22, "target": 30}, {"distance": 1.6192278598230403, "on_path": 0, "source": 22, "target": 29}, {"distance": 0.4089522254054427, "on_path": 1, "source": 23, "target": 28}, {"distance": 1.4234907766169755, "on_path": 0, "source": 23, "target": 30}, {"distance": 0.8428550719747677, "on_path": 0, "source": 24, "target": 32}, {"distance": 0.36531412886411246, "on_path": 0, "source": 25, "target": 28}, {"distance": 0.3185773223857719, "on_path": 0, "source": 25, "target": 29}, {"distance": 0.2835552739297315, "on_path": 0, "source": 28, "target": 32}, {"distance": 1.6547741911116451, "on_path": 0, "source": 28, "target": 30}, {"distance": 1.0916477177137853, "on_path": 0, "source": 29, "target": 36}, {"distance": 2.025593802967786, "on_path": 0, "source": 31, "target": 34}, {"distance": 1.1405013665621218, "on_path": 0, "source": 31, "target": 36}, {"distance": 0.8070521604722755, "on_path": 0, "source": 31, "target": 35}]}