{"directed": false, "multigraph": false, "graph": {}, "nodes": [{"node_features": [0.0, 0.0], "id": 0}, {"node_features": [0.0, 0.0], "id": 1}, {"node_features": [0.0, 0.0], "id": 2}, {"node_features": [0.0, 0.0], "id": 3}, {"node_features": [0.0, 0.0], "id": 4}, {"node_features": [0.0, 0.0], "id": 5}, {"node_features": [0.0, 0.0], "id": 6}, {"node_features": [0.0, 0.0], "id": 7}, {"node_features": [0.0, 0.0], "id": 8}, {"node_features": [1.0, 0.0], "id": 9}, {"node_features": [0.0, 0.0], "id": 10}, {"node_features": [0.0, 1.0], "id": 11}, {"node_features": [0.0, 0.0], "id": 12}, {"node_features": [0.0, 0.0], "id": 13}, {"node_features": [0.0, 0.0], "id": 14}, {"node_features": [0.0, 0.0], "id": 15}, {"node_features": [0.0, 0.0], "id": 16}, {"node_features": [0.0, 0.0], "id": 17}, {"node_features": [0.0, 0.0], "id": 18}, {"node_features": [0.0, 0.0], "id": 19}, {"node_features": [0.0, 0.0], "id": 20}], "links": [{"distance": 0.726154215107064, "on_path": 0, "source": 0, "target": 13}, {"distance": 0.6253289555560317, "on_path": 0, "source": 0, "target": 5}, {"distance": 0.8261729085399963, "on_path": 0, "source": 0, "target": 15}, {"distance": 1.661176840957326, "on_path": 0, "source": 1, "target": 18}, {"distance": 0.7945040047830735, "on_path": 0, "source": 1, "target": 8}, {"distance": 1.612087943078956, "on_path": 0, "source": 1, "target": 17}, {"distance": 1.672724434517991, "on_path": 0, "source": 2, "target": 13}, {"distance": 1.2106271516011373, "on_path": 0, "source": 2, "target": 16}, {"distance": 0.9886363974377174, "on_path": 0, "source": 2, "target": 5}, {"distance": 0.6877171573942461, "on_path": 0, "source": 2, "target": 18}, {"distance": 1.9570420104510104, "on_path": 0, "source": 3, "target": 20}, {"distance": 1.3107031771062352, "on_path": 0, "source": 3, "target": 15}, {"distance": 1.108321071993236, "on_path": 0, "source": 3, "target": 18}, {"distance": 1.0019945991668737, "on_path": 0, "source": 3, "target": 19}, {"distance": 0.8806709387825971, "on_path": 1, "source": 4, "target": 20}, {"distance": 0.5523108851569989, "on_path": 1, "source": 4, "target": 7}, {"distance": 0.19998962016031152, "on_path": 0, "source": 5, "target": 10}, {"distance": 0.2997218854759835, "on_path": 0, "source": 5, "target": 16}, {"distance": 2.0663663029383548, "on_path": 0, "source": 6, "target": 14}, {"distance": 0.30521006315813054, "on_path": 0, "source": 6, "target": 9}, {"distance": 1.2931148269897892, "on_path": 0, "source": 6, "target": 16}, {"distance": 2.208267589008227, "on_path": 0, "source": 7, "target": 19}, {"distance": 1.7669391604525222, "on_path": 0, "source": 7, "target": 18}, {"distance": 0.27730496194104487, "on_path": 1, "source": 7, "target": 11}, {"distance": 0.7041065402788877, "on_path": 0, "source": 8, "target": 16}, {"distance": 1.1115164439812226, "on_path": 0, "source": 8, "target": 18}, {"distance": 1.1125808454926747, "on_path": 0, "source": 8, "target": 20}, {"distance": 0.3730024239955428, "on_path": 0, "source": 8, "target": 13}, {"distance": 0.4730615975237538, "on_path": 0, "source": 9, "target": 17}, {"distance": 0.5777499462995005, "on_path": 1, "source": 9, "target": 13}, {"distance": 1.7788415949918333, "on_path": 0, "source": 9, "target": 14}, {"distance": 0.9513573248383731, "on_path": 0, "source": 9, "target": 10}, {"distance": 0.9230175581941127, "on_path": 0, "source": 10, "target": 13}, {"distance": 0.6950691218779749, "on_path": 0, "source": 10, "target": 19}, {"distance": 1.971281384615816, "on_path": 0, "source": 11, "target": 19}, {"distance": 0.45252769619282135, "on_path": 0, "source": 11, "target": 12}, {"distance": 1.3012533131546826, "on_path": 0, "source": 12, "target": 20}, {"distance": 1.0413294334946985, "on_path": 0, "source": 13, "target": 17}, {"distance": 0.7447385080062983, "on_path": 1, "source": 13, "target": 20}, {"distance": 1.520768624965291, "on_path": 0, "source": 14, "target": 19}, {"distance": 1.3074640511500413, "on_path": 0, "source": 15, "target": 19}, {"distance": 1.5118678051641374, "on_path": 0, "source": 16, "target": 20}]}