{"directed": false, "multigraph": false, "graph": {}, "nodes": [{"node_features": [0.0, 1.0], "id": 0}, {"node_features": [0.0, 0.0], "id": 1}, {"node_features": [0.0, 0.0], "id": 2}, {"node_features": [0.0, 0.0], "id": 3}, {"node_features": [0.0, 0.0], "id": 4}, {"node_features": [0.0, 0.0], "id": 5}, {"node_features": [0.0, 0.0], "id": 6}, {"node_features": [0.0, 0.0], "id": 7}, {"node_features": [0.0, 0.0], "id": 8}, {"node_features": [0.0, 0.0], "id": 9}, {"node_features": [0.0, 0.0], "id": 10}, {"node_features": [0.0, 0.0], "id": 11}, {"node_features": [0.0, 0.0], "id": 12}, {"node_features": [0.0, 0.0], "id": 13}, {"node_features": [0.0, 0.0], "id": 14}, {"node_features": [0.0, 0.0], "id": 15}, {"node_features": [0.0, 0.0], "id": 16}, {"node_features": [0.0, 0.0], "id": 17}, {"node_features": [0.0, 0.0], "id": 18}, {"node_features": [0.0, 0.0], "id": 19}, {"node_features": [0.0, 0.0], "id": 20}, {"node_features": [0.0, 0.0], "id": 21}, {"node_features": [0.0, 0.0], "id": 22}, {"node_features": [0.0, 0.0], "id": 23}, {"node_features": [0.0, 0.0], "id": 24}, {"node_features": [0.0, 0.0], "id": 25}, {"node_features": [0.0, 0.0], "id": 26}, {"node_features": [0.0, 0.0], "id": 27}, {"node_features": [0.0, 0.0], "id": 28}, {"node_features": [0.0, 0.0], "id": 29}, {"node_features": [0.0, 0.0], "id": 30}, {"node_features": [0.0, 0.0], "id": 31}, {"node_features": [0.0, 0.0], "id": 32}, {"node_features": [1.0, 0.0], "id": 33}, {"node_features": [0.0, 0.0], "id": 34}, {"node_features": [0.0, 0.0], "id": 35}, {"node_features": [0.0, 0.0], "id": 36}, {"node_features": [0.0, 0.0], "id": 37}, {"node_features": [0.0, 0.0], "id": 38}, {"node_features": [0.0, 0.0], "id": 39}, {"node_features": [0.0, 0.0], "id": 40}, {"node_features": [0.0, 0.0], "id": 41}, {"node_features": [0.0, 0.0], "id": 42}, {"node_features": [0.0, 0.0], "id": 43}, {"node_features": [0.0, 0.0], "id": 44}, {"node_features": [0.0, 0.0], "id": 45}, {"node_features": [0.0, 0.0], "id": 46}, {"node_features": [0.0, 0.0], "id": 47}, {"node_features": [0.0, 0.0], "id": 48}], "links": [{"distance": 0.39436974454741003, "on_path": 1, "source": 0, "target": 3}, {"distance": 0.9452841107705963, "on_path": 0, "source": 0, "target": 10}, {"distance": 0.42100628592798484, "on_path": 0, "source": 0, "target": 12}, {"distance": 1.511469868638789, "on_path": 0, "source": 0, "target": 19}, {"distance": 0.8170189296351446, "on_path": 0, "source": 0, "target": 23}, {"distance": 0.9573776998245933, "on_path": 0, "source": 0, "target": 46}, {"distance": 0.46511312158157425, "on_path": 1, "source": 1, "target": 15}, {"distance": 0.9568568401485879, "on_path": 0, "source": 1, "target": 41}, {"distance": 0.4286207878903795, "on_path": 0, "source": 1, "target": 20}, {"distance": 0.17383510940494049, "on_path": 1, "source": 1, "target": 7}, {"distance": 1.324391225205697, "on_path": 0, "source": 1, "target": 22}, {"distance": 1.6267669922953405, "on_path": 0, "source": 2, "target": 44}, {"distance": 1.0110042170344111, "on_path": 0, "source": 2, "target": 16}, {"distance": 1.2100763414372024, "on_path": 0, "source": 2, "target": 47}, {"distance": 1.4713291696474895, "on_path": 0, "source": 3, "target": 20}, {"distance": 0.7508299520086353, "on_path": 1, "source": 3, "target": 15}, {"distance": 0.4450932095457615, "on_path": 0, "source": 4, "target": 31}, {"distance": 0.6801925069666324, "on_path": 0, "source": 4, "target": 13}, {"distance": 0.7071355011894427, "on_path": 0, "source": 4, "target": 22}, {"distance": 0.9438186242525828, "on_path": 0, "source": 5, "target": 48}, {"distance": 1.1889597008631658, "on_path": 0, "source": 5, "target": 43}, {"distance": 0.6764439410777792, "on_path": 0, "source": 5, "target": 9}, {"distance": 1.7837546294333833, "on_path": 0, "source": 5, "target": 25}, {"distance": 0.7506330831990725, "on_path": 0, "source": 5, "target": 26}, {"distance": 0.9050345982578487, "on_path": 0, "source": 6, "target": 47}, {"distance": 0.5975871424748653, "on_path": 0, "source": 6, "target": 23}, {"distance": 1.551270639561099, "on_path": 0, "source": 6, "target": 29}, {"distance": 0.848643124169585, "on_path": 0, "source": 6, "target": 34}, {"distance": 1.0119896606721326, "on_path": 1, "source": 7, "target": 33}, {"distance": 1.5835485518045902, "on_path": 0, "source": 7, "target": 9}, {"distance": 1.3636371080948968, "on_path": 0, "source": 7, "target": 30}, {"distance": 0.9595814519727484, "on_path": 0, "source": 7, "target": 39}, {"distance": 1.2261141377297275, "on_path": 0, "source": 8, "target": 31}, {"distance": 0.7411577154458371, "on_path": 0, "source": 8, "target": 39}, {"distance": 2.2699456643289757, "on_path": 0, "source": 9, "target": 39}, {"distance": 0.5775816179687443, "on_path": 0, "source": 9, "target": 10}, {"distance": 1.9322083897238336, "on_path": 0, "source": 10, "target": 25}, {"distance": 1.0449644211969094, "on_path": 0, "source": 10, "target": 34}, {"distance": 0.45526415229812217, "on_path": 0, "source": 10, "target": 45}, {"distance": 0.3566632926357294, "on_path": 0, "source": 10, "target": 41}, {"distance": 1.5269938454264298, "on_path": 0, "source": 11, "target": 21}, {"distance": 1.359546354964806, "on_path": 0, "source": 11, "target": 14}, {"distance": 0.9807577706999872, "on_path": 0, "source": 12, "target": 40}, {"distance": 0.99012991958581, "on_path": 0, "source": 12, "target": 41}, {"distance": 1.260339005843216, "on_path": 0, "source": 12, "target": 17}, {"distance": 0.9588663534291463, "on_path": 0, "source": 12, "target": 18}, {"distance": 1.5564643385389019, "on_path": 0, "source": 13, "target": 25}, {"distance": 0.8192069790605815, "on_path": 0, "source": 13, "target": 24}, {"distance": 0.6173819934191598, "on_path": 0, "source": 14, "target": 34}, {"distance": 0.7016836490083201, "on_path": 0, "source": 14, "target": 35}, {"distance": 0.8605894601848825, "on_path": 0, "source": 14, "target": 15}, {"distance": 0.6114413536192334, "on_path": 0, "source": 15, "target": 18}, {"distance": 0.10637909914646843, "on_path": 0, "source": 15, "target": 28}, {"distance": 1.1816166240627364, "on_path": 0, "source": 16, "target": 48}, {"distance": 0.6670648972778561, "on_path": 0, "source": 16, "target": 30}, {"distance": 1.7459813766193588, "on_path": 0, "source": 16, "target": 37}, {"distance": 2.1447768224829593, "on_path": 0, "source": 16, "target": 42}, {"distance": 1.422186146114086, "on_path": 0, "source": 17, "target": 43}, {"distance": 1.0189386551031905, "on_path": 0, "source": 18, "target": 27}, {"distance": 0.6883807667168999, "on_path": 0, "source": 18, "target": 22}, {"distance": 0.7044241910744002, "on_path": 0, "source": 19, "target": 40}, {"distance": 1.0725487123197595, "on_path": 0, "source": 19, "target": 20}, {"distance": 0.3419393688662749, "on_path": 0, "source": 19, "target": 37}, {"distance": 1.3747050810625707, "on_path": 0, "source": 20, "target": 41}, {"distance": 0.9715147187695643, "on_path": 0, "source": 20, "target": 43}, {"distance": 1.595282657336103, "on_path": 0, "source": 20, "target": 31}, {"distance": 0.3441424166705171, "on_path": 0, "source": 21, "target": 32}, {"distance": 1.7910918342170699, "on_path": 0, "source": 21, "target": 42}, {"distance": 1.19693613361278, "on_path": 0, "source": 21, "target": 47}, {"distance": 0.9301446194130375, "on_path": 0, "source": 21, "target": 28}, {"distance": 1.071035932465321, "on_path": 0, "source": 23, "target": 32}, {"distance": 0.7166538925127439, "on_path": 0, "source": 23, "target": 39}, {"distance": 1.363959931662495, "on_path": 0, "source": 24, "target": 32}, {"distance": 1.374392021392158, "on_path": 0, "source": 24, "target": 27}, {"distance": 1.6199089982135506, "on_path": 0, "source": 24, "target": 36}, {"distance": 1.4662192391075135, "on_path": 0, "source": 26, "target": 42}, {"distance": 0.9054770425942867, "on_path": 0, "source": 27, "target": 35}, {"distance": 1.2094237037072875, "on_path": 0, "source": 27, "target": 48}, {"distance": 1.3737705233406365, "on_path": 0, "source": 27, "target": 39}, {"distance": 0.8739594629268298, "on_path": 0, "source": 28, "target": 37}, {"distance": 0.9472224002297718, "on_path": 0, "source": 28, "target": 29}, {"distance": 1.6148596517626856, "on_path": 0, "source": 29, "target": 39}, {"distance": 1.5707747397629692, "on_path": 0, "source": 30, "target": 40}, {"distance": 1.803715118905041, "on_path": 0, "source": 31, "target": 43}, {"distance": 0.9510822535307459, "on_path": 0, "source": 31, "target": 44}, {"distance": 1.704510278199232, "on_path": 0, "source": 31, "target": 33}, {"distance": 1.6726763349471712, "on_path": 0, "source": 32, "target": 37}, {"distance": 1.3812823715177578, "on_path": 0, "source": 33, "target": 42}, {"distance": 1.500522682824832, "on_path": 0, "source": 33, "target": 37}, {"distance": 0.7155479600997168, "on_path": 0, "source": 35, "target": 48}, {"distance": 0.7771894168430576, "on_path": 0, "source": 35, "target": 43}, {"distance": 1.9298845340018351, "on_path": 0, "source": 36, "target": 37}, {"distance": 0.7429062605372005, "on_path": 0, "source": 37, "target": 48}, {"distance": 1.1380613009288585, "on_path": 0, "source": 38, "target": 46}, {"distance": 1.1694596632511827, "on_path": 0, "source": 38, "target": 42}, {"distance": 1.272990731603155, "on_path": 0, "source": 38, "target": 44}, {"distance": 2.047756337031166, "on_path": 0, "source": 39, "target": 46}, {"distance": 2.2856530119524634, "on_path": 0, "source": 42, "target": 45}]}