{"directed": false, "multigraph": false, "graph": {}, "nodes": [{"node_features": [0.0, 0.0], "id": 0}, {"node_features": [0.0, 0.0], "id": 1}, {"node_features": [0.0, 0.0], "id": 2}, {"node_features": [0.0, 0.0], "id": 3}, {"node_features": [0.0, 0.0], "id": 4}, {"node_features": [0.0, 0.0], "id": 5}, {"node_features": [0.0, 0.0], "id": 6}, {"node_features": [0.0, 0.0], "id": 7}, {"node_features": [0.0, 0.0], "id": 8}, {"node_features": [0.0, 0.0], "id": 9}, {"node_features": [0.0, 0.0], "id": 10}, {"node_features": [0.0, 0.0], "id": 11}, {"node_features": [0.0, 0.0], "id": 12}, {"node_features": [0.0, 0.0], "id": 13}, {"node_features": [0.0, 0.0], "id": 14}, {"node_features": [0.0, 0.0], "id": 15}, {"node_features": [0.0, 0.0], "id": 16}, {"node_features": [0.0, 0.0], "id": 17}, {"node_features": [0.0, 0.0], "id": 18}, {"node_features": [0.0, 0.0], "id": 19}, {"node_features": [0.0, 0.0], "id": 20}, {"node_features": [0.0, 0.0], "id": 21}, {"node_features": [0.0, 0.0], "id": 22}, {"node_features": [0.0, 0.0], "id": 23}, {"node_features": [0.0, 1.0], "id": 24}, {"node_features": [0.0, 0.0], "id": 25}, {"node_features": [0.0, 0.0], "id": 26}, {"node_features": [0.0, 0.0], "id": 27}, {"node_features": [0.0, 0.0], "id": 28}, {"node_features": [0.0, 0.0], "id": 29}, {"node_features": [0.0, 0.0], "id": 30}, {"node_features": [0.0, 0.0], "id": 31}, {"node_features": [1.0, 0.0], "id": 32}, {"node_features": [0.0, 0.0], "id": 33}, {"node_features": [0.0, 0.0], "id": 34}, {"node_features": [0.0, 0.0], "id": 35}, {"node_features": [0.0, 0.0], "id": 36}, {"node_features": [0.0, 0.0], "id": 37}, {"node_features": [0.0, 0.0], "id": 38}, {"node_features": [0.0, 0.0], "id": 39}, {"node_features": [0.0, 0.0], "id": 40}, {"node_features": [0.0, 0.0], "id": 41}], "links": [{"distance": 0.267724265243093, "on_path": 0, "source": 0, "target": 23}, {"distance": 0.374721061787656, "on_path": 0, "source": 0, "target": 27}, {"distance": 1.431852051021416, "on_path": 0, "source": 0, "target": 28}, {"distance": 0.5682993811870951, "on_path": 0, "source": 0, "target": 12}, {"distance": 0.5789502665009806, "on_path": 0, "source": 1, "target": 10}, {"distance": 1.1427123591392714, "on_path": 0, "source": 1, "target": 13}, {"distance": 1.101232827457718, "on_path": 0, "source": 1, "target": 15}, {"distance": 1.3635821063891218, "on_path": 0, "source": 1, "target": 11}, {"distance": 0.8999998272999085, "on_path": 0, "source": 2, "target": 29}, {"distance": 1.3096981845446203, "on_path": 0, "source": 2, "target": 25}, {"distance": 1.4460282938866884, "on_path": 0, "source": 2, "target": 37}, {"distance": 1.204018661062494, "on_path": 0, "source": 2, "target": 5}, {"distance": 0.6941086967805394, "on_path": 0, "source": 3, "target": 31}, {"distance": 0.29781233433049503, "on_path": 0, "source": 3, "target": 8}, {"distance": 1.1812773730496482, "on_path": 0, "source": 3, "target": 26}, {"distance": 0.9229713599112834, "on_path": 0, "source": 3, "target": 41}, {"distance": 0.8520014379145702, "on_path": 0, "source": 3, "target": 7}, {"distance": 1.1617029135141743, "on_path": 0, "source": 4, "target": 17}, {"distance": 0.2929482961321228, "on_path": 1, "source": 4, "target": 32}, {"distance": 0.7898609201173852, "on_path": 0, "source": 4, "target": 38}, {"distance": 0.6808254825513942, "on_path": 0, "source": 4, "target": 7}, {"distance": 0.7196801306705854, "on_path": 1, "source": 4, "target": 25}, {"distance": 1.2447701398635105, "on_path": 0, "source": 4, "target": 34}, {"distance": 1.1427895088643623, "on_path": 0, "source": 5, "target": 13}, {"distance": 2.2474610822950614, "on_path": 0, "source": 5, "target": 9}, {"distance": 1.3902673884370393, "on_path": 0, "source": 5, "target": 7}, {"distance": 1.4405753497491967, "on_path": 0, "source": 5, "target": 18}, {"distance": 2.0478507902797447, "on_path": 0, "source": 6, "target": 9}, {"distance": 1.928462639182844, "on_path": 0, "source": 6, "target": 14}, {"distance": 1.3392306094696402, "on_path": 0, "source": 6, "target": 33}, {"distance": 1.136900343852406, "on_path": 0, "source": 6, "target": 12}, {"distance": 0.36175678460488114, "on_path": 0, "source": 6, "target": 21}, {"distance": 0.717635641683344, "on_path": 0, "source": 7, "target": 22}, {"distance": 1.4222452654148343, "on_path": 0, "source": 7, "target": 23}, {"distance": 0.5377721485691656, "on_path": 0, "source": 8, "target": 35}, {"distance": 0.8702672044023306, "on_path": 0, "source": 8, "target": 16}, {"distance": 0.7721673422199063, "on_path": 0, "source": 8, "target": 29}, {"distance": 1.2001829816706269, "on_path": 0, "source": 8, "target": 30}, {"distance": 0.9395257692550844, "on_path": 0, "source": 8, "target": 31}, {"distance": 1.7926181262730918, "on_path": 0, "source": 9, "target": 28}, {"distance": 1.8326701844434936, "on_path": 0, "source": 9, "target": 30}, {"distance": 1.7132647201545868, "on_path": 0, "source": 9, "target": 18}, {"distance": 1.033311434276463, "on_path": 1, "source": 10, "target": 36}, {"distance": 0.3189702599280565, "on_path": 0, "source": 10, "target": 31}, {"distance": 0.6581667453929132, "on_path": 0, "source": 10, "target": 26}, {"distance": 0.8442989030561765, "on_path": 1, "source": 10, "target": 24}, {"distance": 1.4696488335901607, "on_path": 0, "source": 11, "target": 39}, {"distance": 0.6144714040740691, "on_path": 0, "source": 11, "target": 12}, {"distance": 0.8249891418337213, "on_path": 0, "source": 12, "target": 22}, {"distance": 1.060154293600937, "on_path": 0, "source": 12, "target": 40}, {"distance": 0.5797554130773203, "on_path": 0, "source": 12, "target": 25}, {"distance": 0.7951107141710935, "on_path": 0, "source": 12, "target": 35}, {"distance": 0.5661485875797228, "on_path": 0, "source": 12, "target": 37}, {"distance": 0.9722975590581081, "on_path": 0, "source": 12, "target": 39}, {"distance": 0.8339710247411443, "on_path": 0, "source": 13, "target": 16}, {"distance": 2.085701874617988, "on_path": 0, "source": 13, "target": 18}, {"distance": 0.042267127906283876, "on_path": 0, "source": 13, "target": 40}, {"distance": 1.167187512828713, "on_path": 0, "source": 14, "target": 18}, {"distance": 1.2359045669725708, "on_path": 0, "source": 14, "target": 19}, {"distance": 1.8404709690964225, "on_path": 0, "source": 14, "target": 21}, {"distance": 0.849175866311411, "on_path": 0, "source": 15, "target": 29}, {"distance": 0.4094891336026864, "on_path": 0, "source": 15, "target": 31}, {"distance": 0.2841634460102016, "on_path": 0, "source": 15, "target": 16}, {"distance": 0.8805783207564288, "on_path": 0, "source": 16, "target": 17}, {"distance": 0.9095434507068058, "on_path": 0, "source": 17, "target": 28}, {"distance": 0.8423745932305416, "on_path": 0, "source": 18, "target": 24}, {"distance": 0.8898832516263887, "on_path": 0, "source": 18, "target": 41}, {"distance": 1.6010886265140147, "on_path": 0, "source": 19, "target": 22}, {"distance": 0.8576403145302436, "on_path": 0, "source": 20, "target": 34}, {"distance": 0.19363646029102485, "on_path": 0, "source": 20, "target": 33}, {"distance": 1.4853388642626741, "on_path": 0, "source": 21, "target": 33}, {"distance": 0.5163452869292493, "on_path": 0, "source": 22, "target": 28}, {"distance": 0.7416214752856904, "on_path": 0, "source": 22, "target": 34}, {"distance": 1.0854146746385354, "on_path": 0, "source": 23, "target": 32}, {"distance": 1.4826856371138633, "on_path": 0, "source": 23, "target": 39}, {"distance": 1.6504101852643605, "on_path": 0, "source": 23, "target": 28}, {"distance": 0.7264556221429019, "on_path": 1, "source": 25, "target": 36}, {"distance": 1.236588507299756, "on_path": 0, "source": 25, "target": 38}, {"distance": 0.2703637433209921, "on_path": 0, "source": 26, "target": 41}, {"distance": 0.38971815535828486, "on_path": 0, "source": 27, "target": 36}, {"distance": 0.6798734342124515, "on_path": 0, "source": 32, "target": 39}, {"distance": 1.483632314062314, "on_path": 0, "source": 33, "target": 40}, {"distance": 0.7808638551724575, "on_path": 0, "source": 34, "target": 38}, {"distance": 0.9930470449233125, "on_path": 0, "source": 35, "target": 36}]}