{"directed": false, "multigraph": false, "graph": {}, "nodes": [{"node_features": [0.0, 0.0], "id": 0}, {"node_features": [0.0, 0.0], "id": 1}, {"node_features": [0.0, 0.0], "id": 2}, {"node_features": [0.0, 0.0], "id": 3}, {"node_features": [0.0, 0.0], "id": 4}, {"node_features": [0.0, 0.0], "id": 5}, {"node_features": [0.0, 0.0], "id": 6}, {"node_features": [0.0, 0.0], "id": 7}, {"node_features": [0.0, 0.0], "id": 8}, {"node_features": [0.0, 0.0], "id": 9}, {"node_features": [0.0, 0.0], "id": 10}, {"node_features": [0.0, 0.0], "id": 11}, {"node_features": [0.0, 0.0], "id": 12}, {"node_features": [0.0, 0.0], "id": 13}, {"node_features": [0.0, 0.0], "id": 14}, {"node_features": [0.0, 0.0], "id": 15}, {"node_features": [0.0, 0.0], "id": 16}, {"node_features": [0.0, 0.0], "id": 17}, {"node_features": [0.0, 0.0], "id": 18}, {"node_features": [0.0, 0.0], "id": 19}, {"node_features": [0.0, 0.0], "id": 20}, {"node_features": [0.0, 0.0], "id": 21}, {"node_features": [0.0, 0.0], "id": 22}, {"node_features": [0.0, 0.0], "id": 23}, {"node_features": [0.0, 0.0], "id": 24}, {"node_features": [0.0, 0.0], "id": 25}, {"node_features": [0.0, 0.0], "id": 26}, {"node_features": [0.0, 0.0], "id": 27}, {"node_features": [0.0, 0.0], "id": 28}, {"node_features": [0.0, 0.0], "id": 29}, {"node_features": [0.0, 0.0], "id": 30}, {"node_features": [1.0, 0.0], "id": 31}, {"node_features": [0.0, 0.0], "id": 32}, {"node_features": [0.0, 0.0], "id": 33}, {"node_features": [0.0, 0.0], "id": 34}, {"node_features": [0.0, 0.0], "id": 35}, {"node_features": [0.0, 1.0], "id": 36}, {"node_features": [0.0, 0.0], "id": 37}, {"node_features": [0.0, 0.0], "id": 38}, {"node_features": [0.0, 0.0], "id": 39}, {"node_features": [0.0, 0.0], "id": 40}, {"node_features": [0.0, 0.0], "id": 41}, {"node_features": [0.0, 0.0], "id": 42}, {"node_features": [0.0, 0.0], "id": 43}, {"node_features": [0.0, 0.0], "id": 44}, {"node_features": [0.0, 0.0], "id": 45}, {"node_features": [0.0, 0.0], "id": 46}], "links": [{"distance": 0.2145449402363806, "on_path": 0, "source": 0, "target": 19}, {"distance": 0.47446114970254366, "on_path": 0, "source": 0, "target": 17}, {"distance": 0.14059600192044736, "on_path": 0, "source": 1, "target": 12}, {"distance": 0.7906062894417009, "on_path": 0, "source": 1, "target": 20}, {"distance": 1.6274048919892978, "on_path": 0, "source": 1, "target": 36}, {"distance": 1.6973185861115145, "on_path": 0, "source": 1, "target": 35}, {"distance": 0.5492892158384408, "on_path": 0, "source": 2, "target": 23}, {"distance": 0.4692146543554072, "on_path": 0, "source": 2, "target": 6}, {"distance": 1.4060700356940605, "on_path": 0, "source": 3, "target": 23}, {"distance": 1.2463150006116168, "on_path": 0, "source": 3, "target": 42}, {"distance": 1.1029572082851942, "on_path": 0, "source": 3, "target": 41}, {"distance": 0.4576909618997211, "on_path": 0, "source": 3, "target": 32}, {"distance": 0.472513824758412, "on_path": 0, "source": 4, "target": 10}, {"distance": 0.9219874580185293, "on_path": 0, "source": 4, "target": 29}, {"distance": 0.7709289556412098, "on_path": 0, "source": 4, "target": 32}, {"distance": 0.8384676612240735, "on_path": 0, "source": 4, "target": 16}, {"distance": 0.9630362724296836, "on_path": 0, "source": 5, "target": 12}, {"distance": 1.9359808647453272, "on_path": 0, "source": 5, "target": 25}, {"distance": 1.8729525735333779, "on_path": 0, "source": 5, "target": 18}, {"distance": 1.571329855196428, "on_path": 0, "source": 5, "target": 36}, {"distance": 0.9741853292002249, "on_path": 0, "source": 6, "target": 18}, {"distance": 0.7571500770787013, "on_path": 0, "source": 6, "target": 45}, {"distance": 0.7645936950206692, "on_path": 0, "source": 6, "target": 15}, {"distance": 0.4682165735047744, "on_path": 0, "source": 6, "target": 9}, {"distance": 0.6657788752654428, "on_path": 0, "source": 6, "target": 23}, {"distance": 1.3489098600305067, "on_path": 0, "source": 6, "target": 34}, {"distance": 0.8895502869144439, "on_path": 0, "source": 7, "target": 33}, {"distance": 0.5405415040768501, "on_path": 0, "source": 7, "target": 41}, {"distance": 0.7240603241105554, "on_path": 0, "source": 7, "target": 44}, {"distance": 1.541418621761904, "on_path": 0, "source": 8, "target": 29}, {"distance": 1.152944099264443, "on_path": 0, "source": 8, "target": 9}, {"distance": 0.9799910906040785, "on_path": 0, "source": 8, "target": 26}, {"distance": 1.347746431712858, "on_path": 0, "source": 8, "target": 23}, {"distance": 1.2190331905945335, "on_path": 0, "source": 8, "target": 13}, {"distance": 0.45843433989674093, "on_path": 0, "source": 9, "target": 24}, {"distance": 0.9216709519814378, "on_path": 0, "source": 9, "target": 34}, {"distance": 0.37856061464010893, "on_path": 0, "source": 9, "target": 14}, {"distance": 0.7636398691469813, "on_path": 0, "source": 9, "target": 26}, {"distance": 0.6826799489309494, "on_path": 0, "source": 9, "target": 30}, {"distance": 0.9244517466551342, "on_path": 0, "source": 10, "target": 41}, {"distance": 0.5817875584045241, "on_path": 0, "source": 10, "target": 22}, {"distance": 0.6510676105063149, "on_path": 0, "source": 10, "target": 44}, {"distance": 1.2665597612042843, "on_path": 0, "source": 11, "target": 21}, {"distance": 0.5489585974960582, "on_path": 0, "source": 11, "target": 44}, {"distance": 1.6187889745953141, "on_path": 0, "source": 11, "target": 23}, {"distance": 1.1886943959979033, "on_path": 0, "source": 12, "target": 38}, {"distance": 1.295287823611964, "on_path": 0, "source": 12, "target": 25}, {"distance": 0.3567719924076409, "on_path": 0, "source": 13, "target": 19}, {"distance": 0.7243854983707467, "on_path": 0, "source": 13, "target": 28}, {"distance": 0.8344965770421819, "on_path": 0, "source": 14, "target": 30}, {"distance": 1.323771397902223, "on_path": 0, "source": 14, "target": 31}, {"distance": 0.6932140133668524, "on_path": 0, "source": 14, "target": 19}, {"distance": 0.40333001651243905, "on_path": 0, "source": 15, "target": 44}, {"distance": 1.292027832333893, "on_path": 0, "source": 15, "target": 37}, {"distance": 0.45773456594855905, "on_path": 0, "source": 15, "target": 27}, {"distance": 1.5388849471233734, "on_path": 0, "source": 16, "target": 22}, {"distance": 1.4006023136840307, "on_path": 0, "source": 16, "target": 33}, {"distance": 0.5162704169110208, "on_path": 0, "source": 17, "target": 39}, {"distance": 1.4495665264900965, "on_path": 0, "source": 17, "target": 32}, {"distance": 0.3559766272096636, "on_path": 0, "source": 17, "target": 33}, {"distance": 1.3622409374236562, "on_path": 0, "source": 17, "target": 43}, {"distance": 1.231322227951892, "on_path": 0, "source": 17, "target": 30}, {"distance": 1.1275183099978705, "on_path": 0, "source": 18, "target": 27}, {"distance": 1.078577686090076, "on_path": 0, "source": 18, "target": 19}, {"distance": 1.5377283533574269, "on_path": 0, "source": 18, "target": 31}, {"distance": 1.66161967660043, "on_path": 0, "source": 20, "target": 34}, {"distance": 0.27927137572002686, "on_path": 0, "source": 20, "target": 27}, {"distance": 0.8713122502298396, "on_path": 0, "source": 21, "target": 40}, {"distance": 0.6157236406125614, "on_path": 0, "source": 21, "target": 27}, {"distance": 0.9037098188128508, "on_path": 0, "source": 21, "target": 38}, {"distance": 0.9512976320313153, "on_path": 0, "source": 21, "target": 46}, {"distance": 0.4824490803653977, "on_path": 1, "source": 22, "target": 36}, {"distance": 0.6907484791220098, "on_path": 1, "source": 22, "target": 40}, {"distance": 1.1929884124365482, "on_path": 0, "source": 22, "target": 37}, {"distance": 0.725140215161579, "on_path": 0, "source": 22, "target": 38}, {"distance": 1.8022504949504048, "on_path": 0, "source": 23, "target": 35}, {"distance": 1.8500251580562048, "on_path": 1, "source": 23, "target": 31}, {"distance": 0.7658410772867005, "on_path": 1, "source": 23, "target": 40}, {"distance": 0.2419806520030358, "on_path": 0, "source": 23, "target": 42}, {"distance": 0.4189551840958701, "on_path": 0, "source": 24, "target": 46}, {"distance": 0.6682616958284189, "on_path": 0, "source": 24, "target": 28}, {"distance": 1.473451014389, "on_path": 0, "source": 25, "target": 32}, {"distance": 1.5871793902495108, "on_path": 0, "source": 28, "target": 36}, {"distance": 1.3727102919244016, "on_path": 0, "source": 28, "target": 38}, {"distance": 1.2541006893345727, "on_path": 0, "source": 29, "target": 41}, {"distance": 0.9228863954760889, "on_path": 0, "source": 30, "target": 33}, {"distance": 0.9386730325751257, "on_path": 0, "source": 33, "target": 37}, {"distance": 1.252396730820907, "on_path": 0, "source": 33, "target": 46}, {"distance": 1.199244735085006, "on_path": 0, "source": 34, "target": 39}, {"distance": 1.879190407054359, "on_path": 0, "source": 34, "target": 41}, {"distance": 1.0475977266734857, "on_path": 0, "source": 35, "target": 46}, {"distance": 1.8769045993210016, "on_path": 0, "source": 35, "target": 45}, {"distance": 0.580236304725348, "on_path": 0, "source": 37, "target": 39}, {"distance": 0.37631437978334725, "on_path": 0, "source": 41, "target": 43}]}