{"directed": false, "multigraph": false, "graph": {}, "nodes": [{"node_features": [0.0, 0.0], "id": 0}, {"node_features": [0.0, 0.0], "id": 1}, {"node_features": [0.0, 0.0], "id": 2}, {"node_features": [0.0, 0.0], "id": 3}, {"node_features": [0.0, 0.0], "id": 4}, {"node_features": [0.0, 0.0], "id": 5}, {"node_features": [0.0, 0.0], "id": 6}, {"node_features": [0.0, 0.0], "id": 7}, {"node_features": [0.0, 0.0], "id": 8}, {"node_features": [0.0, 0.0], "id": 9}, {"node_features": [0.0, 0.0], "id": 10}, {"node_features": [0.0, 0.0], "id": 11}, {"node_features": [0.0, 0.0], "id": 12}, {"node_features": [0.0, 0.0], "id": 13}, {"node_features": [0.0, 0.0], "id": 14}, {"node_features": [0.0, 0.0], "id": 15}, {"node_features": [0.0, 0.0], "id": 16}, {"node_features": [0.0, 1.0], "id": 17}, {"node_features": [0.0, 0.0], "id": 18}, {"node_features": [0.0, 0.0], "id": 19}, {"node_features": [0.0, 0.0], "id": 20}, {"node_features": [0.0, 0.0], "id": 21}, {"node_features": [0.0, 0.0], "id": 22}, {"node_features": [0.0, 0.0], "id": 23}, {"node_features": [0.0, 0.0], "id": 24}, {"node_features": [0.0, 0.0], "id": 25}, {"node_features": [0.0, 0.0], "id": 26}, {"node_features": [0.0, 0.0], "id": 27}, {"node_features": [0.0, 0.0], "id": 28}, {"node_features": [1.0, 0.0], "id": 29}], "links": [{"distance": 0.7968407761678475, "on_path": 0, "source": 0, "target": 3}, {"distance": 1.3436082558140945, "on_path": 0, "source": 0, "target": 25}, {"distance": 1.0843721866818439, "on_path": 0, "source": 0, "target": 29}, {"distance": 1.259464761823277, "on_path": 0, "source": 0, "target": 7}, {"distance": 0.40413980818825485, "on_path": 0, "source": 0, "target": 9}, {"distance": 2.092828287199484, "on_path": 0, "source": 1, "target": 22}, {"distance": 1.3672303704461304, "on_path": 0, "source": 1, "target": 20}, {"distance": 1.937811420800554, "on_path": 0, "source": 1, "target": 25}, {"distance": 1.5132005026871007, "on_path": 0, "source": 2, "target": 6}, {"distance": 1.3907689382872899, "on_path": 0, "source": 2, "target": 23}, {"distance": 1.1709266298952874, "on_path": 0, "source": 2, "target": 27}, {"distance": 1.4019714039237354, "on_path": 0, "source": 2, "target": 12}, {"distance": 0.35430742499405393, "on_path": 0, "source": 3, "target": 10}, {"distance": 0.8690832082386093, "on_path": 0, "source": 3, "target": 22}, {"distance": 0.7629058780992147, "on_path": 0, "source": 4, "target": 13}, {"distance": 1.1797590892366163, "on_path": 0, "source": 4, "target": 24}, {"distance": 1.6768985750876368, "on_path": 0, "source": 4, "target": 29}, {"distance": 0.4636153355641561, "on_path": 0, "source": 4, "target": 12}, {"distance": 0.8283591276137924, "on_path": 0, "source": 5, "target": 11}, {"distance": 1.8784602341870293, "on_path": 0, "source": 5, "target": 8}, {"distance": 0.8179644713128968, "on_path": 0, "source": 5, "target": 23}, {"distance": 1.7599682028100256, "on_path": 0, "source": 5, "target": 15}, {"distance": 2.0125747283660322, "on_path": 0, "source": 6, "target": 15}, {"distance": 0.9962703238399966, "on_path": 0, "source": 6, "target": 12}, {"distance": 2.1432189114970894, "on_path": 0, "source": 6, "target": 8}, {"distance": 1.6807206551460052, "on_path": 0, "source": 7, "target": 25}, {"distance": 1.918520499184417, "on_path": 0, "source": 7, "target": 28}, {"distance": 1.4809684525220745, "on_path": 0, "source": 7, "target": 11}, {"distance": 1.7476089548318121, "on_path": 0, "source": 9, "target": 25}, {"distance": 1.32967046288526, "on_path": 0, "source": 9, "target": 15}, {"distance": 1.0808122032143253, "on_path": 0, "source": 9, "target": 14}, {"distance": 0.6859097948493623, "on_path": 0, "source": 9, "target": 26}, {"distance": 0.30935872796532915, "on_path": 0, "source": 10, "target": 23}, {"distance": 1.187412889895067, "on_path": 0, "source": 10, "target": 26}, {"distance": 1.045171088251623, "on_path": 1, "source": 10, "target": 20}, {"distance": 0.7062574460533286, "on_path": 1, "source": 10, "target": 17}, {"distance": 0.8189371667632458, "on_path": 0, "source": 11, "target": 18}, {"distance": 1.2453325994857969, "on_path": 0, "source": 11, "target": 23}, {"distance": 1.5239909154323772, "on_path": 0, "source": 12, "target": 22}, {"distance": 0.7350062048847694, "on_path": 0, "source": 12, "target": 24}, {"distance": 1.2894792808080142, "on_path": 0, "source": 13, "target": 18}, {"distance": 0.8845950867556758, "on_path": 0, "source": 13, "target": 17}, {"distance": 1.4519499326085281, "on_path": 0, "source": 13, "target": 26}, {"distance": 0.9132229386945536, "on_path": 0, "source": 14, "target": 24}, {"distance": 0.6171308490944386, "on_path": 0, "source": 14, "target": 18}, {"distance": 0.3370372793313099, "on_path": 0, "source": 15, "target": 21}, {"distance": 0.2418714193347203, "on_path": 1, "source": 16, "target": 20}, {"distance": 0.1385968063577148, "on_path": 1, "source": 16, "target": 29}, {"distance": 1.8180159620456957, "on_path": 0, "source": 17, "target": 22}, {"distance": 1.3754231595901276, "on_path": 0, "source": 18, "target": 25}, {"distance": 0.16605416527759762, "on_path": 0, "source": 19, "target": 26}, {"distance": 0.9299547200847829, "on_path": 0, "source": 19, "target": 24}, {"distance": 1.1241452265058471, "on_path": 0, "source": 19, "target": 27}, {"distance": 0.31194062962386315, "on_path": 0, "source": 20, "target": 26}, {"distance": 1.1085251588919345, "on_path": 0, "source": 21, "target": 27}, {"distance": 0.6747856220064831, "on_path": 0, "source": 22, "target": 29}, {"distance": 0.9565831080970408, "on_path": 0, "source": 24, "target": 25}, {"distance": 0.4353401689283685, "on_path": 0, "source": 26, "target": 29}, {"distance": 0.52177805950399, "on_path": 0, "source": 27, "target": 28}, {"distance": 1.307015975341106, "on_path": 0, "source": 27, "target": 29}]}