{"directed": false, "multigraph": false, "graph": {}, "nodes": [{"node_features": [0.0, 0.0], "id": 0}, {"node_features": [0.0, 0.0], "id": 1}, {"node_features": [0.0, 0.0], "id": 2}, {"node_features": [0.0, 0.0], "id": 3}, {"node_features": [0.0, 0.0], "id": 4}, {"node_features": [0.0, 0.0], "id": 5}, {"node_features": [0.0, 0.0], "id": 6}, {"node_features": [0.0, 0.0], "id": 7}, {"node_features": [0.0, 0.0], "id": 8}, {"node_features": [0.0, 0.0], "id": 9}, {"node_features": [1.0, 0.0], "id": 10}, {"node_features": [0.0, 1.0], "id": 11}, {"node_features": [0.0, 0.0], "id": 12}, {"node_features": [0.0, 0.0], "id": 13}, {"node_features": [0.0, 0.0], "id": 14}, {"node_features": [0.0, 0.0], "id": 15}, {"node_features": [0.0, 0.0], "id": 16}, {"node_features": [0.0, 0.0], "id": 17}, {"node_features": [0.0, 0.0], "id": 18}, {"node_features": [0.0, 0.0], "id": 19}, {"node_features": [0.0, 0.0], "id": 20}, {"node_features": [0.0, 0.0], "id": 21}, {"node_features": [0.0, 0.0], "id": 22}, {"node_features": [0.0, 0.0], "id": 23}, {"node_features": [0.0, 0.0], "id": 24}, {"node_features": [0.0, 0.0], "id": 25}, {"node_features": [0.0, 0.0], "id": 26}, {"node_features": [0.0, 0.0], "id": 27}, {"node_features": [0.0, 0.0], "id": 28}, {"node_features": [0.0, 0.0], "id": 29}, {"node_features": [0.0, 0.0], "id": 30}, {"node_features": [0.0, 0.0], "id": 31}, {"node_features": [0.0, 0.0], "id": 32}, {"node_features": [0.0, 0.0], "id": 33}], "links": [{"distance": 2.0097075125689914, "on_path": 0, "source": 0, "target": 22}, {"distance": 1.5395224860300838, "on_path": 0, "source": 0, "target": 31}, {"distance": 1.705574134611138, "on_path": 0, "source": 0, "target": 2}, {"distance": 1.1355334772216732, "on_path": 0, "source": 0, "target": 18}, {"distance": 1.7849145552707206, "on_path": 0, "source": 1, "target": 30}, {"distance": 1.390486218143484, "on_path": 0, "source": 1, "target": 15}, {"distance": 1.5844791466152275, "on_path": 0, "source": 2, "target": 25}, {"distance": 1.5088730238047101, "on_path": 0, "source": 2, "target": 18}, {"distance": 1.3742514015924934, "on_path": 0, "source": 2, "target": 8}, {"distance": 0.8077045256061417, "on_path": 0, "source": 3, "target": 9}, {"distance": 0.4047225829018495, "on_path": 0, "source": 3, "target": 31}, {"distance": 0.8375766770298189, "on_path": 0, "source": 3, "target": 33}, {"distance": 1.742325456906773, "on_path": 0, "source": 4, "target": 7}, {"distance": 1.665581783967116, "on_path": 0, "source": 4, "target": 28}, {"distance": 0.8433121826862804, "on_path": 0, "source": 4, "target": 31}, {"distance": 2.1404834748588484, "on_path": 0, "source": 4, "target": 25}, {"distance": 0.5413046843328517, "on_path": 0, "source": 5, "target": 23}, {"distance": 0.2288789456801704, "on_path": 0, "source": 5, "target": 14}, {"distance": 0.8545376705139865, "on_path": 0, "source": 5, "target": 29}, {"distance": 1.4445725256146273, "on_path": 0, "source": 5, "target": 6}, {"distance": 0.15077919811468543, "on_path": 0, "source": 6, "target": 27}, {"distance": 0.9198660437854408, "on_path": 0, "source": 6, "target": 32}, {"distance": 1.5179469893520163, "on_path": 0, "source": 6, "target": 9}, {"distance": 1.5949170257505059, "on_path": 0, "source": 7, "target": 25}, {"distance": 0.24905502883957445, "on_path": 0, "source": 7, "target": 33}, {"distance": 1.8173115927092545, "on_path": 0, "source": 8, "target": 28}, {"distance": 1.9047941050223791, "on_path": 0, "source": 8, "target": 11}, {"distance": 2.0073610650126192, "on_path": 0, "source": 8, "target": 13}, {"distance": 1.6640357553004446, "on_path": 0, "source": 8, "target": 17}, {"distance": 0.5546725926065544, "on_path": 0, "source": 8, "target": 22}, {"distance": 0.06395673371567323, "on_path": 0, "source": 9, "target": 33}, {"distance": 0.9220598205000424, "on_path": 0, "source": 10, "target": 24}, {"distance": 0.7405560752118026, "on_path": 0, "source": 10, "target": 21}, {"distance": 0.7150553274241513, "on_path": 1, "source": 10, "target": 20}, {"distance": 1.2798882032373922, "on_path": 1, "source": 11, "target": 15}, {"distance": 1.5494740263888651, "on_path": 0, "source": 11, "target": 14}, {"distance": 1.3939557296214524, "on_path": 0, "source": 11, "target": 26}, {"distance": 1.296837151956181, "on_path": 0, "source": 12, "target": 15}, {"distance": 1.3597242196823962, "on_path": 0, "source": 12, "target": 26}, {"distance": 0.6760197602774569, "on_path": 0, "source": 12, "target": 28}, {"distance": 1.6002716141132427, "on_path": 0, "source": 12, "target": 23}, {"distance": 1.7484386271536914, "on_path": 0, "source": 12, "target": 33}, {"distance": 0.16349767172681656, "on_path": 0, "source": 13, "target": 16}, {"distance": 0.6223227503889087, "on_path": 0, "source": 13, "target": 27}, {"distance": 1.0503140837576739, "on_path": 0, "source": 13, "target": 28}, {"distance": 1.8496401252939048, "on_path": 0, "source": 13, "target": 14}, {"distance": 0.9564618722331685, "on_path": 0, "source": 14, "target": 22}, {"distance": 0.7459680334850015, "on_path": 0, "source": 14, "target": 32}, {"distance": 1.4071792535148264, "on_path": 0, "source": 15, "target": 16}, {"distance": 0.6449173194214378, "on_path": 1, "source": 15, "target": 32}, {"distance": 1.6159312285500858, "on_path": 0, "source": 16, "target": 23}, {"distance": 0.7405701702062678, "on_path": 0, "source": 16, "target": 25}, {"distance": 1.500599083712318, "on_path": 0, "source": 16, "target": 21}, {"distance": 0.19170205393550632, "on_path": 0, "source": 17, "target": 30}, {"distance": 1.822100349728113, "on_path": 0, "source": 17, "target": 21}, {"distance": 1.4159255051050268, "on_path": 0, "source": 18, "target": 19}, {"distance": 0.8568486899781456, "on_path": 0, "source": 18, "target": 33}, {"distance": 0.21341145319210078, "on_path": 0, "source": 19, "target": 22}, {"distance": 1.4033177926158973, "on_path": 0, "source": 19, "target": 30}, {"distance": 1.1006156037230859, "on_path": 0, "source": 20, "target": 28}, {"distance": 1.0762945687681753, "on_path": 1, "source": 20, "target": 31}, {"distance": 1.205996580088295, "on_path": 0, "source": 20, "target": 29}, {"distance": 1.369195929893205, "on_path": 0, "source": 24, "target": 33}, {"distance": 1.0322979275303579, "on_path": 0, "source": 24, "target": 30}, {"distance": 1.262502170616962, "on_path": 0, "source": 25, "target": 32}, {"distance": 1.0964419391529039, "on_path": 0, "source": 27, "target": 31}, {"distance": 0.8340223154597671, "on_path": 0, "source": 28, "target": 31}, {"distance": 0.7787704022892127, "on_path": 1, "source": 31, "target": 32}]}