{"directed": false, "multigraph": false, "graph": {}, "nodes": [{"node_features": [0.0, 0.0], "id": 0}, {"node_features": [0.0, 0.0], "id": 1}, {"node_features": [0.0, 0.0], "id": 2}, {"node_features": [0.0, 0.0], "id": 3}, {"node_features": [0.0, 0.0], "id": 4}, {"node_features": [0.0, 0.0], "id": 5}, {"node_features": [0.0, 0.0], "id": 6}, {"node_features": [0.0, 0.0], "id": 7}, {"node_features": [1.0, 0.0], "id": 8}, {"node_features": [0.0, 0.0], "id": 9}, {"node_features": [0.0, 0.0], "id": 10}, {"node_features": [0.0, 0.0], "id": 11}, {"node_features": [0.0, 0.0], "id": 12}, {"node_features": [0.0, 0.0], "id": 13}, {"node_features": [0.0, 0.0], "id": 14}, {"node_features": [0.0, 0.0], "id": 15}, {"node_features": [0.0, 0.0], "id": 16}, {"node_features": [0.0, 0.0], "id": 17}, {"node_features": [0.0, 0.0], "id": 18}, {"node_features": [0.0, 0.0], "id": 19}, {"node_features": [0.0, 0.0], "id": 20}, {"node_features": [0.0, 0.0], "id": 21}, {"node_features": [0.0, 0.0], "id": 22}, {"node_features": [0.0, 0.0], "id": 23}, {"node_features": [0.0, 0.0], "id": 24}, {"node_features": [0.0, 0.0], "id": 25}, {"node_features": [0.0, 0.0], "id": 26}, {"node_features": [0.0, 0.0], "id": 27}, {"node_features": [0.0, 0.0], "id": 28}, {"node_features": [0.0, 0.0], "id": 29}, {"node_features": [0.0, 0.0], "id": 30}, {"node_features": [0.0, 0.0], "id": 31}, {"node_features": [0.0, 0.0], "id": 32}, {"node_features": [0.0, 0.0], "id": 33}, {"node_features": [0.0, 0.0], "id": 34}, {"node_features": [0.0, 0.0], "id": 35}, {"node_features": [0.0, 0.0], "id": 36}, {"node_features": [0.0, 0.0], "id": 37}, {"node_features": [0.0, 0.0], "id": 38}, {"node_features": [0.0, 0.0], "id": 39}, {"node_features": [0.0, 0.0], "id": 40}, {"node_features": [0.0, 1.0], "id": 41}, {"node_features": [0.0, 0.0], "id": 42}, {"node_features": [0.0, 0.0], "id": 43}, {"node_features": [0.0, 0.0], "id": 44}, {"node_features": [0.0, 0.0], "id": 45}, {"node_features": [0.0, 0.0], "id": 46}, {"node_features": [0.0, 0.0], "id": 47}], "links": [{"distance": 0.9211593578112668, "on_path": 0, "source": 0, "target": 28}, {"distance": 0.5135822475712761, "on_path": 0, "source": 0, "target": 31}, {"distance": 0.18091929767297354, "on_path": 0, "source": 0, "target": 24}, {"distance": 0.5804699960296082, "on_path": 0, "source": 1, "target": 28}, {"distance": 0.48929828625649224, "on_path": 0, "source": 1, "target": 24}, {"distance": 0.7261462584755859, "on_path": 0, "source": 1, "target": 42}, {"distance": 0.8630949459570197, "on_path": 0, "source": 1, "target": 31}, {"distance": 1.437437766489713, "on_path": 0, "source": 1, "target": 11}, {"distance": 1.3985303928489863, "on_path": 0, "source": 1, "target": 17}, {"distance": 0.943578058918212, "on_path": 0, "source": 1, "target": 34}, {"distance": 0.7755766506692602, "on_path": 0, "source": 1, "target": 36}, {"distance": 0.36222301734929874, "on_path": 0, "source": 2, "target": 45}, {"distance": 0.3802399461347887, "on_path": 0, "source": 2, "target": 36}, {"distance": 0.4635410720535487, "on_path": 0, "source": 2, "target": 19}, {"distance": 0.41399231899320876, "on_path": 0, "source": 3, "target": 8}, {"distance": 0.22520571019831465, "on_path": 0, "source": 3, "target": 12}, {"distance": 2.002981841969216, "on_path": 0, "source": 4, "target": 24}, {"distance": 1.174715961354817, "on_path": 0, "source": 4, "target": 37}, {"distance": 0.9315607829764136, "on_path": 0, "source": 5, "target": 30}, {"distance": 1.3479474909751001, "on_path": 0, "source": 5, "target": 18}, {"distance": 1.0036875150624704, "on_path": 0, "source": 5, "target": 27}, {"distance": 0.9497277546880999, "on_path": 0, "source": 5, "target": 31}, {"distance": 0.7792988299594332, "on_path": 0, "source": 6, "target": 22}, {"distance": 1.290686620723386, "on_path": 0, "source": 6, "target": 20}, {"distance": 0.7349109626201951, "on_path": 0, "source": 6, "target": 23}, {"distance": 0.6334721281802281, "on_path": 0, "source": 6, "target": 25}, {"distance": 1.8867681592959915, "on_path": 0, "source": 7, "target": 20}, {"distance": 0.7477436452797469, "on_path": 0, "source": 7, "target": 45}, {"distance": 0.26129810857029384, "on_path": 0, "source": 8, "target": 27}, {"distance": 1.293917002834208, "on_path": 0, "source": 8, "target": 26}, {"distance": 0.7778177480339228, "on_path": 0, "source": 8, "target": 37}, {"distance": 0.6321865294363868, "on_path": 1, "source": 8, "target": 15}, {"distance": 0.5757302308006862, "on_path": 0, "source": 9, "target": 33}, {"distance": 1.286750883499515, "on_path": 0, "source": 9, "target": 32}, {"distance": 0.28967415414138226, "on_path": 0, "source": 9, "target": 25}, {"distance": 1.1282713819290884, "on_path": 1, "source": 10, "target": 35}, {"distance": 0.960351466387939, "on_path": 0, "source": 10, "target": 22}, {"distance": 1.8929795200649955, "on_path": 1, "source": 10, "target": 41}, {"distance": 1.655527690252631, "on_path": 0, "source": 10, "target": 25}, {"distance": 1.7262555529957235, "on_path": 0, "source": 10, "target": 14}, {"distance": 0.7177110621333869, "on_path": 0, "source": 11, "target": 43}, {"distance": 1.6389881582930317, "on_path": 0, "source": 12, "target": 24}, {"distance": 0.8362923139472098, "on_path": 0, "source": 12, "target": 15}, {"distance": 1.1510596697727697, "on_path": 0, "source": 12, "target": 16}, {"distance": 0.8791205238999037, "on_path": 0, "source": 12, "target": 44}, {"distance": 1.3117424394851078, "on_path": 0, "source": 12, "target": 47}, {"distance": 1.2545623300430067, "on_path": 0, "source": 13, "target": 35}, {"distance": 1.766532250539141, "on_path": 0, "source": 13, "target": 44}, {"distance": 1.5538726005263905, "on_path": 0, "source": 13, "target": 25}, {"distance": 0.6502843853053053, "on_path": 0, "source": 13, "target": 18}, {"distance": 1.2463241761405448, "on_path": 0, "source": 14, "target": 40}, {"distance": 0.5601270250693368, "on_path": 0, "source": 14, "target": 38}, {"distance": 0.4634588748987725, "on_path": 1, "source": 15, "target": 35}, {"distance": 0.7423693127792975, "on_path": 0, "source": 15, "target": 36}, {"distance": 1.1688897480506644, "on_path": 0, "source": 15, "target": 20}, {"distance": 1.0945242028327606, "on_path": 0, "source": 16, "target": 24}, {"distance": 0.5300956681898704, "on_path": 0, "source": 16, "target": 33}, {"distance": 0.4017684752738099, "on_path": 0, "source": 16, "target": 39}, {"distance": 1.736574048027005, "on_path": 0, "source": 16, "target": 32}, {"distance": 1.8147883877881967, "on_path": 0, "source": 17, "target": 41}, {"distance": 1.919629451371897, "on_path": 0, "source": 18, "target": 24}, {"distance": 1.9031331368303412, "on_path": 0, "source": 18, "target": 23}, {"distance": 1.7374766321458, "on_path": 0, "source": 18, "target": 25}, {"distance": 1.0241489857904131, "on_path": 0, "source": 18, "target": 28}, {"distance": 1.91549333606672, "on_path": 0, "source": 18, "target": 47}, {"distance": 0.5447617931112192, "on_path": 0, "source": 19, "target": 35}, {"distance": 0.6698294611745456, "on_path": 0, "source": 19, "target": 45}, {"distance": 0.8260734150413236, "on_path": 0, "source": 19, "target": 26}, {"distance": 1.5006793070104745, "on_path": 0, "source": 20, "target": 35}, {"distance": 0.8732437602500157, "on_path": 0, "source": 21, "target": 28}, {"distance": 1.4541859705218696, "on_path": 0, "source": 21, "target": 27}, {"distance": 1.2212852605805522, "on_path": 0, "source": 21, "target": 45}, {"distance": 1.1785908929093254, "on_path": 0, "source": 21, "target": 43}, {"distance": 1.1809748854731457, "on_path": 0, "source": 22, "target": 30}, {"distance": 0.3350189878421795, "on_path": 0, "source": 22, "target": 42}, {"distance": 1.4218819176446722, "on_path": 0, "source": 22, "target": 29}, {"distance": 1.0540293480428224, "on_path": 0, "source": 23, "target": 42}, {"distance": 1.6749710324505123, "on_path": 0, "source": 24, "target": 40}, {"distance": 1.4943647696383944, "on_path": 0, "source": 24, "target": 39}, {"distance": 1.1362084030575912, "on_path": 0, "source": 25, "target": 29}, {"distance": 1.4616740677602647, "on_path": 0, "source": 25, "target": 40}, {"distance": 0.8870674762536737, "on_path": 0, "source": 25, "target": 42}, {"distance": 1.6851187488835202, "on_path": 0, "source": 26, "target": 46}, {"distance": 1.05580063199858, "on_path": 0, "source": 26, "target": 35}, {"distance": 0.7175849965434343, "on_path": 0, "source": 27, "target": 43}, {"distance": 0.978838456196703, "on_path": 0, "source": 28, "target": 32}, {"distance": 0.8330749443108452, "on_path": 0, "source": 29, "target": 45}, {"distance": 2.0570924561928674, "on_path": 0, "source": 30, "target": 40}, {"distance": 0.9942332687686032, "on_path": 0, "source": 31, "target": 34}, {"distance": 1.6289166135139415, "on_path": 0, "source": 31, "target": 36}, {"distance": 0.7772147111096687, "on_path": 0, "source": 32, "target": 40}, {"distance": 1.4140543716604077, "on_path": 0, "source": 32, "target": 38}, {"distance": 1.7997298936770334, "on_path": 0, "source": 32, "target": 41}, {"distance": 0.43048016098736336, "on_path": 0, "source": 33, "target": 38}, {"distance": 1.0153003206611275, "on_path": 0, "source": 33, "target": 37}, {"distance": 0.6011706446946278, "on_path": 0, "source": 45, "target": 46}]}