{"directed": false, "multigraph": false, "graph": {}, "nodes": [{"node_features": [0.0, 0.0], "id": 0}, {"node_features": [0.0, 0.0], "id": 1}, {"node_features": [0.0, 0.0], "id": 2}, {"node_features": [0.0, 0.0], "id": 3}, {"node_features": [0.0, 0.0], "id": 4}, {"node_features": [0.0, 0.0], "id": 5}, {"node_features": [0.0, 0.0], "id": 6}, {"node_features": [0.0, 0.0], "id": 7}, {"node_features": [0.0, 0.0], "id": 8}, {"node_features": [0.0, 0.0], "id": 9}, {"node_features": [0.0, 0.0], "id": 10}, {"node_features": [0.0, 0.0], "id": 11}, {"node_features": [0.0, 0.0], "id": 12}, {"node_features": [0.0, 0.0], "id": 13}, {"node_features": [0.0, 0.0], "id": 14}, {"node_features": [0.0, 0.0], "id": 15}, {"node_features": [0.0, 0.0], "id": 16}, {"node_features": [0.0, 0.0], "id": 17}, {"node_features": [0.0, 0.0], "id": 18}, {"node_features": [0.0, 0.0], "id": 19}, {"node_features": [0.0, 0.0], "id": 20}, {"node_features": [0.0, 0.0], "id": 21}, {"node_features": [0.0, 0.0], "id": 22}, {"node_features": [0.0, 0.0], "id": 23}, {"node_features": [0.0, 0.0], "id": 24}, {"node_features": [0.0, 0.0], "id": 25}, {"node_features": [0.0, 1.0], "id": 26}, {"node_features": [0.0, 0.0], "id": 27}, {"node_features": [0.0, 0.0], "id": 28}, {"node_features": [1.0, 0.0], "id": 29}, {"node_features": [0.0, 0.0], "id": 30}, {"node_features": [0.0, 0.0], "id": 31}, {"node_features": [0.0, 0.0], "id": 32}], "links": [{"distance": 0.11889990971795317, "on_path": 0, "source": 0, "target": 20}, {"distance": 1.673122597432466, "on_path": 0, "source": 0, "target": 12}, {"distance": 0.8280207581207527, "on_path": 0, "source": 0, "target": 15}, {"distance": 1.5439580480652164, "on_path": 0, "source": 0, "target": 16}, {"distance": 1.1189222498289233, "on_path": 0, "source": 0, "target": 19}, {"distance": 1.7522814754406966, "on_path": 0, "source": 1, "target": 12}, {"distance": 1.3226160882064901, "on_path": 0, "source": 1, "target": 28}, {"distance": 0.6182017494985997, "on_path": 0, "source": 1, "target": 16}, {"distance": 1.3462903520776053, "on_path": 0, "source": 2, "target": 9}, {"distance": 0.9185263259570914, "on_path": 1, "source": 2, "target": 5}, {"distance": 0.6533794983789644, "on_path": 1, "source": 2, "target": 29}, {"distance": 1.7050435232980043, "on_path": 0, "source": 3, "target": 30}, {"distance": 0.49932071920810517, "on_path": 0, "source": 3, "target": 23}, {"distance": 1.258636906322347, "on_path": 0, "source": 3, "target": 8}, {"distance": 0.896755408055246, "on_path": 0, "source": 3, "target": 22}, {"distance": 0.6920030826436194, "on_path": 0, "source": 4, "target": 10}, {"distance": 0.6001154834750104, "on_path": 0, "source": 4, "target": 12}, {"distance": 1.2105886188233093, "on_path": 0, "source": 5, "target": 31}, {"distance": 0.9963310875666272, "on_path": 0, "source": 5, "target": 10}, {"distance": 1.2158638033323241, "on_path": 0, "source": 5, "target": 19}, {"distance": 1.199012814533207, "on_path": 0, "source": 5, "target": 27}, {"distance": 0.38978442114199463, "on_path": 1, "source": 5, "target": 21}, {"distance": 1.1148410593610882, "on_path": 0, "source": 5, "target": 28}, {"distance": 1.5388057411760423, "on_path": 0, "source": 6, "target": 17}, {"distance": 2.260846581835412, "on_path": 0, "source": 6, "target": 27}, {"distance": 0.12957734035471327, "on_path": 0, "source": 6, "target": 9}, {"distance": 1.0200954172234284, "on_path": 0, "source": 6, "target": 23}, {"distance": 1.6562832716369003, "on_path": 0, "source": 7, "target": 22}, {"distance": 0.7903691817688402, "on_path": 0, "source": 7, "target": 29}, {"distance": 0.5559798242318869, "on_path": 0, "source": 7, "target": 24}, {"distance": 1.1413670767409807, "on_path": 0, "source": 7, "target": 15}, {"distance": 1.1363058337573784, "on_path": 0, "source": 8, "target": 26}, {"distance": 1.1424263783382753, "on_path": 0, "source": 8, "target": 13}, {"distance": 0.20295080859834327, "on_path": 0, "source": 8, "target": 14}, {"distance": 0.41483911559293557, "on_path": 0, "source": 8, "target": 17}, {"distance": 0.7306011318471213, "on_path": 0, "source": 8, "target": 27}, {"distance": 1.9956620746125209, "on_path": 0, "source": 9, "target": 29}, {"distance": 0.7899180102550927, "on_path": 0, "source": 9, "target": 25}, {"distance": 0.4893308297395126, "on_path": 0, "source": 10, "target": 26}, {"distance": 1.5622616603971466, "on_path": 0, "source": 11, "target": 21}, {"distance": 0.813017369839726, "on_path": 0, "source": 11, "target": 31}, {"distance": 1.965693120050426, "on_path": 0, "source": 11, "target": 12}, {"distance": 0.2351572654517528, "on_path": 0, "source": 13, "target": 25}, {"distance": 1.6551097455386063, "on_path": 0, "source": 14, "target": 24}, {"distance": 0.8524744633430722, "on_path": 0, "source": 15, "target": 20}, {"distance": 0.9071477769189871, "on_path": 0, "source": 15, "target": 32}, {"distance": 1.5590278087524578, "on_path": 0, "source": 16, "target": 27}, {"distance": 1.613908693473462, "on_path": 0, "source": 16, "target": 24}, {"distance": 0.5782795394376508, "on_path": 0, "source": 17, "target": 23}, {"distance": 0.23316279948475513, "on_path": 0, "source": 17, "target": 21}, {"distance": 0.6457715270578287, "on_path": 0, "source": 17, "target": 25}, {"distance": 1.28903210563283, "on_path": 0, "source": 18, "target": 24}, {"distance": 1.7313555227669242, "on_path": 0, "source": 18, "target": 19}, {"distance": 1.154547384241762, "on_path": 0, "source": 19, "target": 22}, {"distance": 1.2875259331199922, "on_path": 0, "source": 20, "target": 31}, {"distance": 0.7360214828196275, "on_path": 0, "source": 20, "target": 30}, {"distance": 1.6771279048170509, "on_path": 0, "source": 21, "target": 24}, {"distance": 1.0411002093915533, "on_path": 1, "source": 21, "target": 26}, {"distance": 1.1348657229457717, "on_path": 0, "source": 22, "target": 28}, {"distance": 1.1428793790114116, "on_path": 0, "source": 22, "target": 31}, {"distance": 0.9720204064777519, "on_path": 0, "source": 23, "target": 26}, {"distance": 1.5094497511695772, "on_path": 0, "source": 24, "target": 27}, {"distance": 1.115042542487065, "on_path": 0, "source": 25, "target": 26}, {"distance": 1.4502698950175392, "on_path": 0, "source": 25, "target": 30}, {"distance": 1.6587929785926503, "on_path": 0, "source": 27, "target": 31}, {"distance": 2.436482023791256, "on_path": 0, "source": 27, "target": 32}]}