{"directed": false, "multigraph": false, "graph": {}, "nodes": [{"node_features": [0.0, 0.0], "id": 0}, {"node_features": [0.0, 0.0], "id": 1}, {"node_features": [0.0, 0.0], "id": 2}, {"node_features": [0.0, 0.0], "id": 3}, {"node_features": [0.0, 0.0], "id": 4}, {"node_features": [0.0, 0.0], "id": 5}, {"node_features": [0.0, 0.0], "id": 6}, {"node_features": [0.0, 0.0], "id": 7}, {"node_features": [0.0, 0.0], "id": 8}, {"node_features": [1.0, 0.0], "id": 9}, {"node_features": [0.0, 0.0], "id": 10}, {"node_features": [0.0, 0.0], "id": 11}, {"node_features": [0.0, 0.0], "id": 12}, {"node_features": [0.0, 1.0], "id": 13}, {"node_features": [0.0, 0.0], "id": 14}, {"node_features": [0.0, 0.0], "id": 15}, {"node_features": [0.0, 0.0], "id": 16}, {"node_features": [0.0, 0.0], "id": 17}, {"node_features": [0.0, 0.0], "id": 18}, {"node_features": [0.0, 0.0], "id": 19}, {"node_features": [0.0, 0.0], "id": 20}, {"node_features": [0.0, 0.0], "id": 21}, {"node_features": [0.0, 0.0], "id": 22}, {"node_features": [0.0, 0.0], "id": 23}, {"node_features": [0.0, 0.0], "id": 24}, {"node_features": [0.0, 0.0], "id": 25}, {"node_features": [0.0, 0.0], "id": 26}], "links": [{"distance": 1.1364835115004916, "on_path": 0, "source": 0, "target": 3}, {"distance": 1.145043105997428, "on_path": 0, "source": 0, "target": 23}, {"distance": 1.5359398215886537, "on_path": 0, "source": 0, "target": 4}, {"distance": 2.03326391174798, "on_path": 0, "source": 1, "target": 24}, {"distance": 1.1234785685290027, "on_path": 0, "source": 1, "target": 21}, {"distance": 1.6632050389638062, "on_path": 0, "source": 2, "target": 23}, {"distance": 1.3328047445466813, "on_path": 0, "source": 2, "target": 5}, {"distance": 0.6152082202521092, "on_path": 0, "source": 2, "target": 14}, {"distance": 1.6105918044573322, "on_path": 0, "source": 2, "target": 12}, {"distance": 0.24865350728699243, "on_path": 0, "source": 2, "target": 15}, {"distance": 1.3535997803789022, "on_path": 0, "source": 2, "target": 25}, {"distance": 0.856806452085049, "on_path": 0, "source": 3, "target": 12}, {"distance": 1.012761210575632, "on_path": 0, "source": 3, "target": 6}, {"distance": 0.5637658079258511, "on_path": 0, "source": 3, "target": 11}, {"distance": 0.8259400360599838, "on_path": 0, "source": 3, "target": 14}, {"distance": 1.4776385333264883, "on_path": 0, "source": 3, "target": 15}, {"distance": 0.23840661167134194, "on_path": 1, "source": 4, "target": 11}, {"distance": 1.0022217782979894, "on_path": 1, "source": 4, "target": 13}, {"distance": 0.42432359150189997, "on_path": 0, "source": 4, "target": 21}, {"distance": 1.40651758565032, "on_path": 0, "source": 4, "target": 24}, {"distance": 1.0058625034309818, "on_path": 0, "source": 4, "target": 23}, {"distance": 1.25555796024621, "on_path": 0, "source": 5, "target": 13}, {"distance": 1.220354660508266, "on_path": 0, "source": 5, "target": 18}, {"distance": 0.8379053805340827, "on_path": 1, "source": 6, "target": 25}, {"distance": 1.6497101759565678, "on_path": 0, "source": 6, "target": 14}, {"distance": 1.0914491808518942, "on_path": 1, "source": 6, "target": 9}, {"distance": 1.4038309960817856, "on_path": 0, "source": 6, "target": 16}, {"distance": 1.339275397230483, "on_path": 0, "source": 6, "target": 22}, {"distance": 0.44005069500672683, "on_path": 0, "source": 7, "target": 13}, {"distance": 0.9083162491594349, "on_path": 0, "source": 7, "target": 11}, {"distance": 1.2524391039950054, "on_path": 0, "source": 8, "target": 11}, {"distance": 1.233792666289996, "on_path": 0, "source": 8, "target": 18}, {"distance": 1.7854575765343343, "on_path": 0, "source": 8, "target": 13}, {"distance": 1.5773098936675354, "on_path": 0, "source": 9, "target": 15}, {"distance": 1.5545512387096094, "on_path": 0, "source": 9, "target": 22}, {"distance": 0.522327039521628, "on_path": 0, "source": 10, "target": 26}, {"distance": 0.48742110190364085, "on_path": 0, "source": 10, "target": 17}, {"distance": 0.4132164912646956, "on_path": 1, "source": 11, "target": 25}, {"distance": 0.9138358025786982, "on_path": 0, "source": 11, "target": 20}, {"distance": 1.204669691172505, "on_path": 0, "source": 12, "target": 17}, {"distance": 0.9701927476901065, "on_path": 0, "source": 12, "target": 19}, {"distance": 1.9100081855547963, "on_path": 0, "source": 13, "target": 16}, {"distance": 0.16316339237498229, "on_path": 0, "source": 13, "target": 17}, {"distance": 1.1321022631659872, "on_path": 0, "source": 14, "target": 17}, {"distance": 0.419450217537908, "on_path": 0, "source": 14, "target": 18}, {"distance": 0.7496725273102488, "on_path": 0, "source": 15, "target": 18}, {"distance": 1.2771586317494241, "on_path": 0, "source": 15, "target": 24}, {"distance": 1.5005156441758514, "on_path": 0, "source": 16, "target": 26}, {"distance": 0.7294440838733536, "on_path": 0, "source": 17, "target": 20}, {"distance": 1.0378123009177325, "on_path": 0, "source": 18, "target": 25}, {"distance": 1.496084855025217, "on_path": 0, "source": 19, "target": 26}, {"distance": 0.9772002921578749, "on_path": 0, "source": 21, "target": 26}, {"distance": 1.8121817111065677, "on_path": 0, "source": 22, "target": 23}, {"distance": 0.527653484186562, "on_path": 0, "source": 25, "target": 26}]}