{"directed": false, "multigraph": false, "graph": {}, "nodes": [{"node_features": [0.0, 0.0], "id": 0}, {"node_features": [0.0, 0.0], "id": 1}, {"node_features": [0.0, 0.0], "id": 2}, {"node_features": [0.0, 0.0], "id": 3}, {"node_features": [0.0, 0.0], "id": 4}, {"node_features": [0.0, 0.0], "id": 5}, {"node_features": [0.0, 0.0], "id": 6}, {"node_features": [0.0, 0.0], "id": 7}, {"node_features": [0.0, 0.0], "id": 8}, {"node_features": [0.0, 1.0], "id": 9}, {"node_features": [0.0, 0.0], "id": 10}, {"node_features": [0.0, 0.0], "id": 11}, {"node_features": [0.0, 0.0], "id": 12}, {"node_features": [0.0, 0.0], "id": 13}, {"node_features": [1.0, 0.0], "id": 14}, {"node_features": [0.0, 0.0], "id": 15}, {"node_features": [0.0, 0.0], "id": 16}, {"node_features": [0.0, 0.0], "id": 17}, {"node_features": [0.0, 0.0], "id": 18}], "links": [{"distance": 1.8221181699072218, "on_path": 0, "source": 0, "target": 4}, {"distance": 1.3918577867226336, "on_path": 0, "source": 0, "target": 5}, {"distance": 1.698772441912328, "on_path": 0, "source": 0, "target": 10}, {"distance": 1.3595068138753257, "on_path": 0, "source": 0, "target": 16}, {"distance": 1.25630967487685, "on_path": 0, "source": 1, "target": 10}, {"distance": 0.9937613713146254, "on_path": 0, "source": 1, "target": 2}, {"distance": 1.436613594382033, "on_path": 0, "source": 1, "target": 4}, {"distance": 1.3028755554931475, "on_path": 0, "source": 1, "target": 7}, {"distance": 0.9907388040794911, "on_path": 0, "source": 2, "target": 16}, {"distance": 0.3117237114532233, "on_path": 0, "source": 2, "target": 7}, {"distance": 1.7969264595473937, "on_path": 0, "source": 3, "target": 6}, {"distance": 1.7237200204073801, "on_path": 0, "source": 3, "target": 7}, {"distance": 1.3082164882313172, "on_path": 0, "source": 3, "target": 14}, {"distance": 0.594903284394131, "on_path": 0, "source": 3, "target": 16}, {"distance": 1.4033731122666995, "on_path": 0, "source": 3, "target": 10}, {"distance": 0.8921027834824764, "on_path": 0, "source": 3, "target": 13}, {"distance": 1.114118827186078, "on_path": 0, "source": 4, "target": 14}, {"distance": 1.3649736049263537, "on_path": 0, "source": 4, "target": 8}, {"distance": 1.402354880441744, "on_path": 0, "source": 5, "target": 8}, {"distance": 1.580402840723908, "on_path": 0, "source": 5, "target": 16}, {"distance": 1.9532261717587471, "on_path": 0, "source": 5, "target": 18}, {"distance": 0.5247776140952173, "on_path": 0, "source": 6, "target": 11}, {"distance": 1.8608870396129886, "on_path": 1, "source": 6, "target": 9}, {"distance": 1.0995792395636497, "on_path": 1, "source": 6, "target": 12}, {"distance": 2.289993298749247, "on_path": 0, "source": 7, "target": 13}, {"distance": 0.735440931237722, "on_path": 0, "source": 7, "target": 12}, {"distance": 1.9828984047022782, "on_path": 0, "source": 7, "target": 14}, {"distance": 0.18651517866442788, "on_path": 0, "source": 8, "target": 16}, {"distance": 1.4411256024285524, "on_path": 0, "source": 8, "target": 17}, {"distance": 1.5716179633190492, "on_path": 0, "source": 9, "target": 17}, {"distance": 0.9514569226084721, "on_path": 0, "source": 10, "target": 15}, {"distance": 0.9693343459930983, "on_path": 0, "source": 10, "target": 11}, {"distance": 1.6753650796896713, "on_path": 0, "source": 10, "target": 18}, {"distance": 1.8604456046570121, "on_path": 0, "source": 11, "target": 16}, {"distance": 0.9304920363350143, "on_path": 0, "source": 12, "target": 16}, {"distance": 1.2165042487153832, "on_path": 1, "source": 12, "target": 15}, {"distance": 0.25132963748638226, "on_path": 1, "source": 14, "target": 15}, {"distance": 1.9759837615165086, "on_path": 0, "source": 17, "target": 18}]}