{"directed": false, "multigraph": false, "graph": {}, "nodes": [{"node_features": [0.0, 0.0], "id": 0}, {"node_features": [0.0, 0.0], "id": 1}, {"node_features": [0.0, 0.0], "id": 2}, {"node_features": [0.0, 0.0], "id": 3}, {"node_features": [0.0, 0.0], "id": 4}, {"node_features": [0.0, 0.0], "id": 5}, {"node_features": [0.0, 0.0], "id": 6}, {"node_features": [0.0, 0.0], "id": 7}, {"node_features": [0.0, 0.0], "id": 8}, {"node_features": [0.0, 0.0], "id": 9}, {"node_features": [0.0, 0.0], "id": 10}, {"node_features": [0.0, 0.0], "id": 11}, {"node_features": [0.0, 0.0], "id": 12}, {"node_features": [0.0, 0.0], "id": 13}, {"node_features": [0.0, 0.0], "id": 14}, {"node_features": [0.0, 0.0], "id": 15}, {"node_features": [0.0, 0.0], "id": 16}, {"node_features": [1.0, 0.0], "id": 17}, {"node_features": [0.0, 0.0], "id": 18}, {"node_features": [0.0, 0.0], "id": 19}, {"node_features": [0.0, 0.0], "id": 20}, {"node_features": [0.0, 0.0], "id": 21}, {"node_features": [0.0, 0.0], "id": 22}, {"node_features": [0.0, 0.0], "id": 23}, {"node_features": [0.0, 1.0], "id": 24}, {"node_features": [0.0, 0.0], "id": 25}, {"node_features": [0.0, 0.0], "id": 26}, {"node_features": [0.0, 0.0], "id": 27}, {"node_features": [0.0, 0.0], "id": 28}, {"node_features": [0.0, 0.0], "id": 29}, {"node_features": [0.0, 0.0], "id": 30}, {"node_features": [0.0, 0.0], "id": 31}, {"node_features": [0.0, 0.0], "id": 32}, {"node_features": [0.0, 0.0], "id": 33}, {"node_features": [0.0, 0.0], "id": 34}, {"node_features": [0.0, 0.0], "id": 35}, {"node_features": [0.0, 0.0], "id": 36}, {"node_features": [0.0, 0.0], "id": 37}, {"node_features": [0.0, 0.0], "id": 38}, {"node_features": [0.0, 0.0], "id": 39}, {"node_features": [0.0, 0.0], "id": 40}, {"node_features": [0.0, 0.0], "id": 41}, {"node_features": [0.0, 0.0], "id": 42}, {"node_features": [0.0, 0.0], "id": 43}, {"node_features": [0.0, 0.0], "id": 44}], "links": [{"distance": 0.46665215541423694, "on_path": 0, "source": 0, "target": 21}, {"distance": 0.5470884910433954, "on_path": 0, "source": 0, "target": 10}, {"distance": 1.0668180574864248, "on_path": 0, "source": 0, "target": 14}, {"distance": 1.1205904092231087, "on_path": 0, "source": 0, "target": 33}, {"distance": 0.8530884958428133, "on_path": 0, "source": 0, "target": 12}, {"distance": 1.38170927909223, "on_path": 0, "source": 1, "target": 9}, {"distance": 1.5232649566792225, "on_path": 0, "source": 1, "target": 25}, {"distance": 1.4979514781331897, "on_path": 0, "source": 1, "target": 15}, {"distance": 1.1593129042662629, "on_path": 0, "source": 2, "target": 8}, {"distance": 0.7869198206520781, "on_path": 0, "source": 2, "target": 44}, {"distance": 0.27691878599619046, "on_path": 0, "source": 2, "target": 30}, {"distance": 1.1867708080360926, "on_path": 0, "source": 3, "target": 27}, {"distance": 1.0006166357233548, "on_path": 0, "source": 3, "target": 35}, {"distance": 0.9230041963792337, "on_path": 0, "source": 3, "target": 37}, {"distance": 0.7762209979909104, "on_path": 0, "source": 4, "target": 39}, {"distance": 1.3343795064385757, "on_path": 0, "source": 4, "target": 40}, {"distance": 1.5544175820774024, "on_path": 0, "source": 4, "target": 44}, {"distance": 1.6493891703893335, "on_path": 0, "source": 5, "target": 19}, {"distance": 0.6597255716302383, "on_path": 0, "source": 5, "target": 33}, {"distance": 1.6578993015411532, "on_path": 0, "source": 5, "target": 11}, {"distance": 1.1591110223617174, "on_path": 0, "source": 6, "target": 41}, {"distance": 1.6230526478290312, "on_path": 0, "source": 6, "target": 36}, {"distance": 1.051067553819626, "on_path": 0, "source": 6, "target": 18}, {"distance": 1.5608931191971662, "on_path": 0, "source": 6, "target": 31}, {"distance": 1.0752956541393064, "on_path": 0, "source": 7, "target": 36}, {"distance": 1.3070269400104761, "on_path": 0, "source": 7, "target": 8}, {"distance": 2.360999347171508, "on_path": 0, "source": 7, "target": 30}, {"distance": 1.6655150257236586, "on_path": 0, "source": 7, "target": 22}, {"distance": 1.6790043182688816, "on_path": 0, "source": 7, "target": 27}, {"distance": 1.0360621875227753, "on_path": 0, "source": 8, "target": 11}, {"distance": 0.77801553327306, "on_path": 0, "source": 8, "target": 13}, {"distance": 0.5289762012906184, "on_path": 0, "source": 8, "target": 26}, {"distance": 0.9872045222622721, "on_path": 0, "source": 9, "target": 39}, {"distance": 0.1406915017929552, "on_path": 0, "source": 9, "target": 32}, {"distance": 1.0247126891218157, "on_path": 0, "source": 9, "target": 36}, {"distance": 2.4260941592262073, "on_path": 0, "source": 10, "target": 22}, {"distance": 0.3259890943859961, "on_path": 0, "source": 10, "target": 23}, {"distance": 1.0301235806529134, "on_path": 0, "source": 10, "target": 33}, {"distance": 1.612466116650767, "on_path": 0, "source": 10, "target": 25}, {"distance": 1.095922595120099, "on_path": 0, "source": 11, "target": 29}, {"distance": 0.40174398743800244, "on_path": 1, "source": 12, "target": 16}, {"distance": 0.9110301750197176, "on_path": 0, "source": 12, "target": 23}, {"distance": 0.9012663812591727, "on_path": 1, "source": 12, "target": 24}, {"distance": 1.3853044294669048, "on_path": 0, "source": 13, "target": 43}, {"distance": 0.140855857950049, "on_path": 0, "source": 14, "target": 40}, {"distance": 1.9065280289139794, "on_path": 0, "source": 14, "target": 30}, {"distance": 1.2810305778853683, "on_path": 0, "source": 14, "target": 15}, {"distance": 1.9787216860105346, "on_path": 0, "source": 15, "target": 31}, {"distance": 1.7660959532942477, "on_path": 0, "source": 15, "target": 37}, {"distance": 1.4832638980530402, "on_path": 0, "source": 15, "target": 41}, {"distance": 1.1047450930001244, "on_path": 0, "source": 15, "target": 32}, {"distance": 1.3239818257704228, "on_path": 0, "source": 15, "target": 42}, {"distance": 0.6683604721637476, "on_path": 1, "source": 16, "target": 42}, {"distance": 1.1800799696233653, "on_path": 0, "source": 16, "target": 33}, {"distance": 0.46087351036129987, "on_path": 0, "source": 16, "target": 38}, {"distance": 1.0790235542624795, "on_path": 0, "source": 17, "target": 36}, {"distance": 0.4996929843299927, "on_path": 1, "source": 17, "target": 42}, {"distance": 1.2779620182959357, "on_path": 0, "source": 17, "target": 44}, {"distance": 1.0983579722115355, "on_path": 0, "source": 18, "target": 41}, {"distance": 0.30469004298962526, "on_path": 0, "source": 18, "target": 35}, {"distance": 1.2332537607076999, "on_path": 0, "source": 18, "target": 44}, {"distance": 1.5959633669543538, "on_path": 0, "source": 19, "target": 27}, {"distance": 1.497232189177862, "on_path": 0, "source": 19, "target": 33}, {"distance": 0.6174908376964352, "on_path": 0, "source": 19, "target": 35}, {"distance": 1.1022203696785347, "on_path": 0, "source": 19, "target": 20}, {"distance": 0.8567259673803543, "on_path": 0, "source": 20, "target": 36}, {"distance": 1.0303392736078802, "on_path": 0, "source": 20, "target": 26}, {"distance": 1.7988599712136384, "on_path": 0, "source": 21, "target": 37}, {"distance": 1.6637485271938732, "on_path": 0, "source": 21, "target": 39}, {"distance": 1.8371531898772238, "on_path": 0, "source": 21, "target": 43}, {"distance": 1.4662005713338837, "on_path": 0, "source": 21, "target": 34}, {"distance": 1.5957104155107364, "on_path": 0, "source": 22, "target": 44}, {"distance": 0.9166851128278839, "on_path": 0, "source": 22, "target": 34}, {"distance": 1.7915449264538565, "on_path": 0, "source": 23, "target": 31}, {"distance": 1.2473114202021673, "on_path": 0, "source": 23, "target": 34}, {"distance": 0.4225586290267364, "on_path": 0, "source": 24, "target": 43}, {"distance": 1.7631992031944939, "on_path": 0, "source": 26, "target": 27}, {"distance": 0.902319272675005, "on_path": 0, "source": 26, "target": 33}, {"distance": 1.4539129207687995, "on_path": 0, "source": 26, "target": 39}, {"distance": 1.4577031212194995, "on_path": 0, "source": 26, "target": 43}, {"distance": 0.8941765699958675, "on_path": 0, "source": 27, "target": 28}, {"distance": 0.785428213458841, "on_path": 0, "source": 27, "target": 41}, {"distance": 1.5494189616102436, "on_path": 0, "source": 28, "target": 36}, {"distance": 0.09557798660203684, "on_path": 0, "source": 29, "target": 37}, {"distance": 1.0669050767798183, "on_path": 0, "source": 29, "target": 41}, {"distance": 0.7279806391286106, "on_path": 0, "source": 31, "target": 40}, {"distance": 0.8684612703712121, "on_path": 0, "source": 35, "target": 38}, {"distance": 0.5447090410354293, "on_path": 0, "source": 35, "target": 43}, {"distance": 1.5485687513714532, "on_path": 0, "source": 36, "target": 44}, {"distance": 1.0066595226105934, "on_path": 0, "source": 36, "target": 39}]}