{"directed": false, "multigraph": false, "graph": {}, "nodes": [{"node_features": [0.0, 0.0], "id": 0}, {"node_features": [0.0, 0.0], "id": 1}, {"node_features": [0.0, 0.0], "id": 2}, {"node_features": [0.0, 0.0], "id": 3}, {"node_features": [0.0, 0.0], "id": 4}, {"node_features": [0.0, 0.0], "id": 5}, {"node_features": [0.0, 0.0], "id": 6}, {"node_features": [0.0, 0.0], "id": 7}, {"node_features": [0.0, 0.0], "id": 8}, {"node_features": [0.0, 0.0], "id": 9}, {"node_features": [0.0, 0.0], "id": 10}, {"node_features": [0.0, 0.0], "id": 11}, {"node_features": [0.0, 0.0], "id": 12}, {"node_features": [0.0, 0.0], "id": 13}, {"node_features": [0.0, 0.0], "id": 14}, {"node_features": [0.0, 0.0], "id": 15}, {"node_features": [0.0, 0.0], "id": 16}, {"node_features": [0.0, 0.0], "id": 17}, {"node_features": [0.0, 0.0], "id": 18}, {"node_features": [0.0, 0.0], "id": 19}, {"node_features": [0.0, 0.0], "id": 20}, {"node_features": [0.0, 0.0], "id": 21}, {"node_features": [0.0, 0.0], "id": 22}, {"node_features": [0.0, 0.0], "id": 23}, {"node_features": [0.0, 0.0], "id": 24}, {"node_features": [0.0, 0.0], "id": 25}, {"node_features": [0.0, 0.0], "id": 26}, {"node_features": [0.0, 0.0], "id": 27}, {"node_features": [0.0, 0.0], "id": 28}, {"node_features": [0.0, 0.0], "id": 29}, {"node_features": [1.0, 0.0], "id": 30}, {"node_features": [0.0, 0.0], "id": 31}, {"node_features": [0.0, 0.0], "id": 32}, {"node_features": [0.0, 0.0], "id": 33}, {"node_features": [0.0, 0.0], "id": 34}, {"node_features": [0.0, 0.0], "id": 35}, {"node_features": [0.0, 1.0], "id": 36}, {"node_features": [0.0, 0.0], "id": 37}], "links": [{"distance": 1.190927891466154, "on_path": 0, "source": 0, "target": 6}, {"distance": 1.3968662817234956, "on_path": 0, "source": 0, "target": 13}, {"distance": 1.2305214001528686, "on_path": 0, "source": 0, "target": 15}, {"distance": 0.70324930102219, "on_path": 0, "source": 1, "target": 32}, {"distance": 0.971451617421843, "on_path": 0, "source": 1, "target": 22}, {"distance": 0.24346409213432643, "on_path": 0, "source": 1, "target": 6}, {"distance": 1.6462258214400791, "on_path": 0, "source": 1, "target": 23}, {"distance": 1.3348593891146951, "on_path": 0, "source": 2, "target": 37}, {"distance": 0.24785789523361976, "on_path": 0, "source": 2, "target": 15}, {"distance": 0.4330299088321544, "on_path": 0, "source": 2, "target": 36}, {"distance": 0.7457553697208835, "on_path": 0, "source": 2, "target": 29}, {"distance": 1.22389945309534, "on_path": 0, "source": 3, "target": 33}, {"distance": 1.1480882058931412, "on_path": 0, "source": 3, "target": 34}, {"distance": 1.188674212038469, "on_path": 0, "source": 3, "target": 4}, {"distance": 0.3344557427612546, "on_path": 0, "source": 3, "target": 11}, {"distance": 1.1460626105506835, "on_path": 0, "source": 3, "target": 27}, {"distance": 0.5677343585780006, "on_path": 0, "source": 4, "target": 20}, {"distance": 1.5515195716020656, "on_path": 0, "source": 4, "target": 8}, {"distance": 0.5215936851921287, "on_path": 0, "source": 4, "target": 32}, {"distance": 0.493242484571298, "on_path": 0, "source": 5, "target": 29}, {"distance": 1.3591194753939024, "on_path": 0, "source": 5, "target": 22}, {"distance": 1.0374100306732787, "on_path": 0, "source": 5, "target": 28}, {"distance": 2.076667722377453, "on_path": 0, "source": 5, "target": 24}, {"distance": 0.46714532002982906, "on_path": 0, "source": 6, "target": 34}, {"distance": 0.6378756368996176, "on_path": 0, "source": 6, "target": 29}, {"distance": 1.1808574906303566, "on_path": 0, "source": 7, "target": 35}, {"distance": 1.0312304400971075, "on_path": 1, "source": 7, "target": 17}, {"distance": 0.89357184096757, "on_path": 0, "source": 7, "target": 29}, {"distance": 1.0105141730680538, "on_path": 1, "source": 7, "target": 30}, {"distance": 1.3579079870407893, "on_path": 0, "source": 7, "target": 18}, {"distance": 0.7805822156125076, "on_path": 0, "source": 7, "target": 19}, {"distance": 0.6587314657618581, "on_path": 0, "source": 8, "target": 16}, {"distance": 1.6405909564463363, "on_path": 0, "source": 8, "target": 31}, {"distance": 1.0752585724635886, "on_path": 0, "source": 8, "target": 32}, {"distance": 1.821212449410091, "on_path": 0, "source": 8, "target": 36}, {"distance": 2.016558660261184, "on_path": 0, "source": 8, "target": 10}, {"distance": 0.7509241270896025, "on_path": 0, "source": 9, "target": 18}, {"distance": 0.6281131442755638, "on_path": 0, "source": 9, "target": 20}, {"distance": 1.4226558278809631, "on_path": 0, "source": 9, "target": 36}, {"distance": 0.9470734567523182, "on_path": 0, "source": 9, "target": 34}, {"distance": 0.8175814126361906, "on_path": 0, "source": 10, "target": 34}, {"distance": 1.976402375497849, "on_path": 0, "source": 10, "target": 18}, {"distance": 1.0898674899073495, "on_path": 0, "source": 11, "target": 20}, {"distance": 1.337296028120778, "on_path": 0, "source": 11, "target": 21}, {"distance": 1.5276652937068045, "on_path": 0, "source": 12, "target": 24}, {"distance": 1.160774416709551, "on_path": 0, "source": 12, "target": 13}, {"distance": 1.3775613690565902, "on_path": 0, "source": 12, "target": 22}, {"distance": 0.7472559698145687, "on_path": 0, "source": 12, "target": 31}, {"distance": 0.3398691513058819, "on_path": 0, "source": 13, "target": 27}, {"distance": 0.33624160232615763, "on_path": 0, "source": 13, "target": 17}, {"distance": 2.0132736872444417, "on_path": 0, "source": 13, "target": 35}, {"distance": 1.2926720148407775, "on_path": 0, "source": 14, "target": 29}, {"distance": 1.538629462327529, "on_path": 0, "source": 14, "target": 23}, {"distance": 1.1305204167819027, "on_path": 0, "source": 15, "target": 16}, {"distance": 1.9983428704566297, "on_path": 0, "source": 16, "target": 24}, {"distance": 1.3630546699772634, "on_path": 0, "source": 16, "target": 36}, {"distance": 1.838313281406395, "on_path": 0, "source": 17, "target": 23}, {"distance": 0.7540249560402638, "on_path": 1, "source": 17, "target": 33}, {"distance": 1.5611211518115087, "on_path": 0, "source": 17, "target": 20}, {"distance": 0.42645233481876493, "on_path": 0, "source": 18, "target": 37}, {"distance": 1.098608984363457, "on_path": 0, "source": 19, "target": 28}, {"distance": 0.589240464242433, "on_path": 0, "source": 19, "target": 37}, {"distance": 0.5802643406703084, "on_path": 0, "source": 20, "target": 25}, {"distance": 1.1836209796380923, "on_path": 0, "source": 20, "target": 36}, {"distance": 0.7377770285117483, "on_path": 0, "source": 21, "target": 25}, {"distance": 0.9692129369292762, "on_path": 0, "source": 22, "target": 36}, {"distance": 0.3101089507208964, "on_path": 0, "source": 22, "target": 25}, {"distance": 1.1139463433947396, "on_path": 0, "source": 23, "target": 30}, {"distance": 1.3732632348169636, "on_path": 0, "source": 24, "target": 31}, {"distance": 1.0662823158042356, "on_path": 0, "source": 24, "target": 28}, {"distance": 1.0102276780767985, "on_path": 0, "source": 25, "target": 35}, {"distance": 0.60579707583519, "on_path": 0, "source": 26, "target": 31}, {"distance": 0.8993690126787869, "on_path": 0, "source": 26, "target": 27}, {"distance": 1.266366727038515, "on_path": 0, "source": 28, "target": 35}, {"distance": 0.9321048934800218, "on_path": 0, "source": 32, "target": 37}, {"distance": 0.1612477893271801, "on_path": 1, "source": 33, "target": 36}]}