{"directed": false, "multigraph": false, "graph": {}, "nodes": [{"node_features": [0.0, 0.0], "id": 0}, {"node_features": [0.0, 1.0], "id": 1}, {"node_features": [0.0, 0.0], "id": 2}, {"node_features": [0.0, 0.0], "id": 3}, {"node_features": [0.0, 0.0], "id": 4}, {"node_features": [0.0, 0.0], "id": 5}, {"node_features": [0.0, 0.0], "id": 6}, {"node_features": [0.0, 0.0], "id": 7}, {"node_features": [0.0, 0.0], "id": 8}, {"node_features": [0.0, 0.0], "id": 9}, {"node_features": [0.0, 0.0], "id": 10}, {"node_features": [0.0, 0.0], "id": 11}, {"node_features": [0.0, 0.0], "id": 12}, {"node_features": [0.0, 0.0], "id": 13}, {"node_features": [0.0, 0.0], "id": 14}, {"node_features": [0.0, 0.0], "id": 15}, {"node_features": [0.0, 0.0], "id": 16}, {"node_features": [0.0, 0.0], "id": 17}, {"node_features": [0.0, 0.0], "id": 18}, {"node_features": [1.0, 0.0], "id": 19}, {"node_features": [0.0, 0.0], "id": 20}, {"node_features": [0.0, 0.0], "id": 21}, {"node_features": [0.0, 0.0], "id": 22}, {"node_features": [0.0, 0.0], "id": 23}], "links": [{"distance": 0.8232024325556302, "on_path": 0, "source": 0, "target": 6}, {"distance": 1.6462361998245034, "on_path": 0, "source": 0, "target": 1}, {"distance": 1.5068624619932256, "on_path": 0, "source": 0, "target": 13}, {"distance": 0.5234527523886686, "on_path": 0, "source": 0, "target": 16}, {"distance": 1.289428954129795, "on_path": 0, "source": 0, "target": 5}, {"distance": 1.1448308603304507, "on_path": 0, "source": 0, "target": 8}, {"distance": 2.009658493791687, "on_path": 0, "source": 0, "target": 19}, {"distance": 0.6716293587469852, "on_path": 1, "source": 1, "target": 5}, {"distance": 0.25223050424739457, "on_path": 0, "source": 2, "target": 13}, {"distance": 1.154288641010746, "on_path": 0, "source": 2, "target": 16}, {"distance": 1.0322668318110026, "on_path": 0, "source": 2, "target": 18}, {"distance": 1.6494667930845668, "on_path": 0, "source": 3, "target": 14}, {"distance": 1.9575782769927137, "on_path": 0, "source": 3, "target": 11}, {"distance": 0.747546404870075, "on_path": 0, "source": 3, "target": 12}, {"distance": 1.629981357078549, "on_path": 0, "source": 3, "target": 15}, {"distance": 0.8001617220820533, "on_path": 0, "source": 3, "target": 22}, {"distance": 0.7839469431159992, "on_path": 0, "source": 4, "target": 8}, {"distance": 0.5975292747719239, "on_path": 0, "source": 4, "target": 5}, {"distance": 0.7755788925536508, "on_path": 0, "source": 4, "target": 13}, {"distance": 2.080050995804208, "on_path": 0, "source": 5, "target": 11}, {"distance": 1.6771529643860776, "on_path": 0, "source": 5, "target": 15}, {"distance": 0.7076255061853725, "on_path": 1, "source": 5, "target": 20}, {"distance": 1.6850140366999073, "on_path": 0, "source": 6, "target": 11}, {"distance": 1.4621953442272273, "on_path": 0, "source": 6, "target": 15}, {"distance": 1.5266807056644978, "on_path": 0, "source": 7, "target": 19}, {"distance": 1.5061252597902424, "on_path": 0, "source": 7, "target": 22}, {"distance": 1.1879505196521285, "on_path": 0, "source": 7, "target": 13}, {"distance": 0.8913410861958971, "on_path": 0, "source": 8, "target": 11}, {"distance": 1.0644223637149302, "on_path": 0, "source": 8, "target": 17}, {"distance": 0.9656381800582584, "on_path": 0, "source": 8, "target": 16}, {"distance": 0.6430566443606271, "on_path": 0, "source": 9, "target": 13}, {"distance": 1.4429269170399435, "on_path": 0, "source": 9, "target": 14}, {"distance": 0.3662667789983562, "on_path": 0, "source": 9, "target": 23}, {"distance": 0.8952868984135589, "on_path": 0, "source": 10, "target": 20}, {"distance": 0.9081803974757645, "on_path": 0, "source": 10, "target": 14}, {"distance": 0.4129233041264519, "on_path": 0, "source": 10, "target": 15}, {"distance": 0.3430627847497355, "on_path": 0, "source": 11, "target": 14}, {"distance": 1.8693874842792197, "on_path": 0, "source": 12, "target": 15}, {"distance": 1.7062205957167491, "on_path": 0, "source": 14, "target": 20}, {"distance": 1.2545981738954401, "on_path": 0, "source": 14, "target": 21}, {"distance": 1.494577350892134, "on_path": 0, "source": 14, "target": 19}, {"distance": 1.5106509324934714, "on_path": 0, "source": 14, "target": 17}, {"distance": 1.2787300326200577, "on_path": 0, "source": 16, "target": 21}, {"distance": 1.2091213033754507, "on_path": 0, "source": 18, "target": 21}, {"distance": 1.2220685786196763, "on_path": 0, "source": 18, "target": 22}, {"distance": 1.1384442878384713, "on_path": 1, "source": 19, "target": 23}, {"distance": 0.6644827041898492, "on_path": 1, "source": 20, "target": 23}, {"distance": 0.6367975961258096, "on_path": 0, "source": 22, "target": 23}]}