{"directed": false, "multigraph": false, "graph": {}, "nodes": [{"node_features": [0.0, 0.0], "id": 0}, {"node_features": [0.0, 0.0], "id": 1}, {"node_features": [0.0, 0.0], "id": 2}, {"node_features": [0.0, 0.0], "id": 3}, {"node_features": [0.0, 0.0], "id": 4}, {"node_features": [1.0, 0.0], "id": 5}, {"node_features": [0.0, 0.0], "id": 6}, {"node_features": [0.0, 0.0], "id": 7}, {"node_features": [0.0, 0.0], "id": 8}, {"node_features": [0.0, 0.0], "id": 9}, {"node_features": [0.0, 0.0], "id": 10}, {"node_features": [0.0, 0.0], "id": 11}, {"node_features": [0.0, 0.0], "id": 12}, {"node_features": [0.0, 0.0], "id": 13}, {"node_features": [0.0, 0.0], "id": 14}, {"node_features": [0.0, 0.0], "id": 15}, {"node_features": [0.0, 0.0], "id": 16}, {"node_features": [0.0, 0.0], "id": 17}, {"node_features": [0.0, 0.0], "id": 18}, {"node_features": [0.0, 1.0], "id": 19}, {"node_features": [0.0, 0.0], "id": 20}, {"node_features": [0.0, 0.0], "id": 21}, {"node_features": [0.0, 0.0], "id": 22}, {"node_features": [0.0, 0.0], "id": 23}, {"node_features": [0.0, 0.0], "id": 24}, {"node_features": [0.0, 0.0], "id": 25}, {"node_features": [0.0, 0.0], "id": 26}, {"node_features": [0.0, 0.0], "id": 27}], "links": [{"distance": 0.3936045358524032, "on_path": 0, "source": 0, "target": 16}, {"distance": 1.837176432399739, "on_path": 0, "source": 0, "target": 23}, {"distance": 1.9712700795555043, "on_path": 0, "source": 0, "target": 13}, {"distance": 0.7673809305016531, "on_path": 0, "source": 1, "target": 25}, {"distance": 0.8226319446155078, "on_path": 0, "source": 1, "target": 19}, {"distance": 0.9103935206166126, "on_path": 0, "source": 1, "target": 9}, {"distance": 0.9389529823596058, "on_path": 0, "source": 2, "target": 6}, {"distance": 1.0205727347450047, "on_path": 0, "source": 2, "target": 5}, {"distance": 1.384601523002748, "on_path": 0, "source": 3, "target": 20}, {"distance": 2.1373525233636013, "on_path": 0, "source": 3, "target": 9}, {"distance": 0.15915055007171408, "on_path": 0, "source": 3, "target": 26}, {"distance": 0.9356761617987175, "on_path": 0, "source": 3, "target": 25}, {"distance": 1.397456017251603, "on_path": 0, "source": 4, "target": 18}, {"distance": 0.550505038252281, "on_path": 0, "source": 4, "target": 21}, {"distance": 1.003586275334956, "on_path": 0, "source": 4, "target": 10}, {"distance": 0.537163182904369, "on_path": 0, "source": 5, "target": 27}, {"distance": 0.2510088774680643, "on_path": 1, "source": 5, "target": 16}, {"distance": 0.6034699244096134, "on_path": 0, "source": 6, "target": 21}, {"distance": 1.5652998997460659, "on_path": 0, "source": 6, "target": 14}, {"distance": 1.3336447459336231, "on_path": 0, "source": 6, "target": 23}, {"distance": 1.0973905222266596, "on_path": 0, "source": 6, "target": 26}, {"distance": 0.5268238991949896, "on_path": 0, "source": 6, "target": 12}, {"distance": 0.8895735032054616, "on_path": 0, "source": 6, "target": 20}, {"distance": 1.4924773017216348, "on_path": 0, "source": 7, "target": 19}, {"distance": 1.5438641243930178, "on_path": 0, "source": 7, "target": 25}, {"distance": 1.8783642082994012, "on_path": 0, "source": 7, "target": 14}, {"distance": 2.5434952401278643, "on_path": 0, "source": 7, "target": 9}, {"distance": 1.7734286869270734, "on_path": 0, "source": 7, "target": 17}, {"distance": 2.1203786095124024, "on_path": 0, "source": 8, "target": 14}, {"distance": 1.297951889736218, "on_path": 0, "source": 8, "target": 16}, {"distance": 2.2365709313433118, "on_path": 0, "source": 8, "target": 15}, {"distance": 0.9022998714831699, "on_path": 0, "source": 9, "target": 22}, {"distance": 0.9381250432178407, "on_path": 0, "source": 10, "target": 25}, {"distance": 1.32038284074661, "on_path": 0, "source": 10, "target": 27}, {"distance": 1.5653869910669096, "on_path": 0, "source": 10, "target": 16}, {"distance": 1.4963033367365406, "on_path": 0, "source": 10, "target": 18}, {"distance": 0.4015187593215171, "on_path": 0, "source": 10, "target": 26}, {"distance": 0.5633902437405913, "on_path": 0, "source": 11, "target": 25}, {"distance": 1.7250956489576175, "on_path": 0, "source": 11, "target": 27}, {"distance": 1.3745587444655445, "on_path": 0, "source": 11, "target": 12}, {"distance": 1.9079320762301846, "on_path": 0, "source": 11, "target": 14}, {"distance": 1.4035851725583157, "on_path": 0, "source": 12, "target": 15}, {"distance": 1.5810512937038919, "on_path": 0, "source": 13, "target": 18}, {"distance": 1.2224257745744944, "on_path": 0, "source": 13, "target": 24}, {"distance": 1.6661317861949643, "on_path": 0, "source": 14, "target": 21}, {"distance": 1.3695065032114617, "on_path": 0, "source": 15, "target": 22}, {"distance": 0.9395985087098431, "on_path": 1, "source": 16, "target": 20}, {"distance": 0.6829542286966358, "on_path": 0, "source": 16, "target": 27}, {"distance": 1.8973601528449906, "on_path": 0, "source": 16, "target": 23}, {"distance": 1.3407628994338154, "on_path": 0, "source": 17, "target": 23}, {"distance": 1.4128915711847194, "on_path": 0, "source": 17, "target": 22}, {"distance": 1.3446083875307335, "on_path": 0, "source": 18, "target": 25}, {"distance": 0.6309532437753832, "on_path": 1, "source": 19, "target": 24}, {"distance": 1.2711306329706695, "on_path": 0, "source": 20, "target": 26}, {"distance": 0.7336023368954656, "on_path": 1, "source": 20, "target": 24}, {"distance": 0.7572718217699882, "on_path": 0, "source": 22, "target": 27}]}