{"directed": false, "multigraph": false, "graph": {}, "nodes": [{"node_features": [0.0, 0.0], "id": 0}, {"node_features": [0.0, 0.0], "id": 1}, {"node_features": [0.0, 0.0], "id": 2}, {"node_features": [0.0, 0.0], "id": 3}, {"node_features": [0.0, 0.0], "id": 4}, {"node_features": [1.0, 0.0], "id": 5}, {"node_features": [0.0, 0.0], "id": 6}, {"node_features": [0.0, 0.0], "id": 7}, {"node_features": [0.0, 0.0], "id": 8}, {"node_features": [0.0, 0.0], "id": 9}, {"node_features": [0.0, 0.0], "id": 10}, {"node_features": [0.0, 0.0], "id": 11}, {"node_features": [0.0, 0.0], "id": 12}, {"node_features": [0.0, 0.0], "id": 13}, {"node_features": [0.0, 0.0], "id": 14}, {"node_features": [0.0, 0.0], "id": 15}, {"node_features": [0.0, 0.0], "id": 16}, {"node_features": [0.0, 0.0], "id": 17}, {"node_features": [0.0, 0.0], "id": 18}, {"node_features": [0.0, 0.0], "id": 19}, {"node_features": [0.0, 1.0], "id": 20}, {"node_features": [0.0, 0.0], "id": 21}, {"node_features": [0.0, 0.0], "id": 22}, {"node_features": [0.0, 0.0], "id": 23}, {"node_features": [0.0, 0.0], "id": 24}, {"node_features": [0.0, 0.0], "id": 25}], "links": [{"distance": 1.529739949367994, "on_path": 0, "source": 0, "target": 21}, {"distance": 0.6355846529561036, "on_path": 0, "source": 0, "target": 19}, {"distance": 0.7914125277236848, "on_path": 0, "source": 1, "target": 11}, {"distance": 0.6634602465789994, "on_path": 0, "source": 1, "target": 9}, {"distance": 0.42527360179622825, "on_path": 1, "source": 2, "target": 23}, {"distance": 0.7517098707881841, "on_path": 0, "source": 2, "target": 6}, {"distance": 0.8083379304990462, "on_path": 0, "source": 2, "target": 11}, {"distance": 1.0557174508621774, "on_path": 1, "source": 2, "target": 13}, {"distance": 0.15995011203940881, "on_path": 0, "source": 2, "target": 18}, {"distance": 1.127245567309738, "on_path": 0, "source": 2, "target": 12}, {"distance": 1.455181296873694, "on_path": 0, "source": 2, "target": 25}, {"distance": 1.5334883608428815, "on_path": 0, "source": 3, "target": 24}, {"distance": 0.45056981695950876, "on_path": 0, "source": 3, "target": 18}, {"distance": 0.6340037180563469, "on_path": 0, "source": 4, "target": 21}, {"distance": 0.6183028429086217, "on_path": 0, "source": 4, "target": 10}, {"distance": 0.14958125321380766, "on_path": 0, "source": 4, "target": 8}, {"distance": 0.699196125673069, "on_path": 1, "source": 5, "target": 13}, {"distance": 1.550865890728812, "on_path": 0, "source": 5, "target": 14}, {"distance": 1.7135886223850443, "on_path": 0, "source": 5, "target": 18}, {"distance": 0.4948880763305362, "on_path": 0, "source": 6, "target": 12}, {"distance": 0.9648734824208933, "on_path": 0, "source": 6, "target": 23}, {"distance": 1.269837239113184, "on_path": 0, "source": 6, "target": 11}, {"distance": 0.6757115474404908, "on_path": 0, "source": 7, "target": 25}, {"distance": 0.2503142279518952, "on_path": 0, "source": 7, "target": 8}, {"distance": 0.3630114363034009, "on_path": 0, "source": 7, "target": 17}, {"distance": 0.7377186905407196, "on_path": 0, "source": 7, "target": 15}, {"distance": 0.5223028583050388, "on_path": 0, "source": 8, "target": 15}, {"distance": 0.4044537979807335, "on_path": 0, "source": 8, "target": 16}, {"distance": 0.5682015954880852, "on_path": 0, "source": 8, "target": 17}, {"distance": 0.40235550059141684, "on_path": 0, "source": 9, "target": 23}, {"distance": 0.6633374206239324, "on_path": 0, "source": 9, "target": 19}, {"distance": 2.0054972386207455, "on_path": 0, "source": 9, "target": 22}, {"distance": 0.627013724634643, "on_path": 0, "source": 9, "target": 11}, {"distance": 1.2414350433499468, "on_path": 0, "source": 10, "target": 22}, {"distance": 1.2467992369372238, "on_path": 0, "source": 10, "target": 21}, {"distance": 1.3057864779470476, "on_path": 0, "source": 10, "target": 13}, {"distance": 1.3727385091281556, "on_path": 0, "source": 11, "target": 12}, {"distance": 0.9193130801767709, "on_path": 0, "source": 12, "target": 24}, {"distance": 2.2375291924562757, "on_path": 0, "source": 13, "target": 24}, {"distance": 1.1074165351845042, "on_path": 0, "source": 13, "target": 25}, {"distance": 0.8992503976631684, "on_path": 0, "source": 14, "target": 25}, {"distance": 1.2969139442082211, "on_path": 0, "source": 15, "target": 24}, {"distance": 1.0642350893404466, "on_path": 0, "source": 15, "target": 20}, {"distance": 0.6311611872781285, "on_path": 0, "source": 15, "target": 21}, {"distance": 1.14804393045995, "on_path": 0, "source": 16, "target": 25}, {"distance": 0.8413683420219131, "on_path": 0, "source": 16, "target": 20}, {"distance": 1.9223680474019973, "on_path": 0, "source": 16, "target": 22}, {"distance": 1.3446271335864517, "on_path": 0, "source": 17, "target": 19}, {"distance": 0.16209151699207955, "on_path": 0, "source": 18, "target": 21}, {"distance": 0.8657814736644736, "on_path": 1, "source": 20, "target": 23}, {"distance": 1.8317447010239438, "on_path": 0, "source": 21, "target": 24}, {"distance": 2.174700357606179, "on_path": 0, "source": 21, "target": 22}]}