{"directed": false, "multigraph": false, "graph": {}, "nodes": [{"node_features": [0.0, 0.0], "id": 0}, {"node_features": [0.0, 0.0], "id": 1}, {"node_features": [0.0, 0.0], "id": 2}, {"node_features": [0.0, 0.0], "id": 3}, {"node_features": [0.0, 0.0], "id": 4}, {"node_features": [0.0, 0.0], "id": 5}, {"node_features": [0.0, 0.0], "id": 6}, {"node_features": [0.0, 0.0], "id": 7}, {"node_features": [0.0, 0.0], "id": 8}, {"node_features": [0.0, 0.0], "id": 9}, {"node_features": [0.0, 0.0], "id": 10}, {"node_features": [0.0, 0.0], "id": 11}, {"node_features": [0.0, 0.0], "id": 12}, {"node_features": [0.0, 0.0], "id": 13}, {"node_features": [0.0, 0.0], "id": 14}, {"node_features": [0.0, 0.0], "id": 15}, {"node_features": [0.0, 0.0], "id": 16}, {"node_features": [1.0, 0.0], "id": 17}, {"node_features": [0.0, 0.0], "id": 18}, {"node_features": [0.0, 0.0], "id": 19}, {"node_features": [0.0, 0.0], "id": 20}, {"node_features": [0.0, 0.0], "id": 21}, {"node_features": [0.0, 0.0], "id": 22}, {"node_features": [0.0, 0.0], "id": 23}, {"node_features": [0.0, 0.0], "id": 24}, {"node_features": [0.0, 1.0], "id": 25}, {"node_features": [0.0, 0.0], "id": 26}, {"node_features": [0.0, 0.0], "id": 27}, {"node_features": [0.0, 0.0], "id": 28}, {"node_features": [0.0, 0.0], "id": 29}, {"node_features": [0.0, 0.0], "id": 30}, {"node_features": [0.0, 0.0], "id": 31}, {"node_features": [0.0, 0.0], "id": 32}, {"node_features": [0.0, 0.0], "id": 33}, {"node_features": [0.0, 0.0], "id": 34}, {"node_features": [0.0, 0.0], "id": 35}, {"node_features": [0.0, 0.0], "id": 36}, {"node_features": [0.0, 0.0], "id": 37}, {"node_features": [0.0, 0.0], "id": 38}, {"node_features": [0.0, 0.0], "id": 39}, {"node_features": [0.0, 0.0], "id": 40}, {"node_features": [0.0, 0.0], "id": 41}, {"node_features": [0.0, 0.0], "id": 42}, {"node_features": [0.0, 0.0], "id": 43}, {"node_features": [0.0, 0.0], "id": 44}, {"node_features": [0.0, 0.0], "id": 45}, {"node_features": [0.0, 0.0], "id": 46}], "links": [{"distance": 1.7362657421358418, "on_path": 0, "source": 0, "target": 9}, {"distance": 0.9676660441707157, "on_path": 0, "source": 0, "target": 32}, {"distance": 1.248485000638345, "on_path": 0, "source": 0, "target": 18}, {"distance": 1.0996371178755366, "on_path": 0, "source": 0, "target": 34}, {"distance": 1.1167970399288367, "on_path": 0, "source": 1, "target": 20}, {"distance": 0.6001644798358741, "on_path": 0, "source": 1, "target": 44}, {"distance": 0.9564010125012103, "on_path": 0, "source": 1, "target": 24}, {"distance": 0.8600791547711032, "on_path": 0, "source": 2, "target": 40}, {"distance": 1.352185817463069, "on_path": 0, "source": 2, "target": 41}, {"distance": 0.8550361847991117, "on_path": 0, "source": 2, "target": 45}, {"distance": 0.8252999755753927, "on_path": 0, "source": 2, "target": 29}, {"distance": 1.0713957490673522, "on_path": 0, "source": 2, "target": 8}, {"distance": 0.8013041996856811, "on_path": 0, "source": 2, "target": 10}, {"distance": 0.8015974706681459, "on_path": 0, "source": 3, "target": 41}, {"distance": 1.0832913337982408, "on_path": 0, "source": 3, "target": 6}, {"distance": 0.5080718176328127, "on_path": 0, "source": 3, "target": 17}, {"distance": 0.23141604278130073, "on_path": 1, "source": 4, "target": 39}, {"distance": 0.8572431952812105, "on_path": 0, "source": 4, "target": 36}, {"distance": 0.4422961588713398, "on_path": 1, "source": 4, "target": 43}, {"distance": 0.8304217332415861, "on_path": 0, "source": 4, "target": 7}, {"distance": 0.8687270505280508, "on_path": 0, "source": 4, "target": 42}, {"distance": 0.30502642966503063, "on_path": 0, "source": 5, "target": 27}, {"distance": 1.7945542890833701, "on_path": 0, "source": 5, "target": 31}, {"distance": 1.975814943416371, "on_path": 0, "source": 6, "target": 46}, {"distance": 1.0292626714256754, "on_path": 0, "source": 6, "target": 7}, {"distance": 0.6251024897744824, "on_path": 0, "source": 6, "target": 14}, {"distance": 1.5380065567706418, "on_path": 0, "source": 6, "target": 35}, {"distance": 1.1779811423256907, "on_path": 0, "source": 7, "target": 8}, {"distance": 0.8185466081419374, "on_path": 0, "source": 7, "target": 28}, {"distance": 0.4251696217089869, "on_path": 0, "source": 7, "target": 15}, {"distance": 1.0240916151283903, "on_path": 0, "source": 7, "target": 12}, {"distance": 1.4024676343410114, "on_path": 0, "source": 7, "target": 31}, {"distance": 0.8807785469113054, "on_path": 0, "source": 7, "target": 32}, {"distance": 0.9950417569096794, "on_path": 0, "source": 7, "target": 39}, {"distance": 2.11575418064935, "on_path": 0, "source": 8, "target": 13}, {"distance": 1.6279799275563962, "on_path": 0, "source": 8, "target": 18}, {"distance": 1.1479316470854088, "on_path": 0, "source": 8, "target": 20}, {"distance": 1.9136308557826929, "on_path": 0, "source": 8, "target": 40}, {"distance": 1.0298029833051252, "on_path": 0, "source": 8, "target": 43}, {"distance": 1.565228773740707, "on_path": 0, "source": 9, "target": 30}, {"distance": 0.35643522905557573, "on_path": 0, "source": 9, "target": 41}, {"distance": 1.3319550705090035, "on_path": 0, "source": 9, "target": 19}, {"distance": 1.4684845428899058, "on_path": 0, "source": 9, "target": 27}, {"distance": 1.373590577596786, "on_path": 0, "source": 10, "target": 26}, {"distance": 1.4660246504707448, "on_path": 0, "source": 11, "target": 37}, {"distance": 1.8735196607268634, "on_path": 0, "source": 11, "target": 24}, {"distance": 1.2897450284006178, "on_path": 0, "source": 11, "target": 30}, {"distance": 1.278537741870836, "on_path": 0, "source": 12, "target": 16}, {"distance": 1.7750657327012909, "on_path": 0, "source": 12, "target": 25}, {"distance": 2.178936886366052, "on_path": 0, "source": 13, "target": 23}, {"distance": 1.902024965661214, "on_path": 0, "source": 13, "target": 22}, {"distance": 1.6976686952018625, "on_path": 0, "source": 13, "target": 33}, {"distance": 1.404928035868785, "on_path": 0, "source": 13, "target": 37}, {"distance": 1.093084456646109, "on_path": 0, "source": 14, "target": 43}, {"distance": 0.9095398934956918, "on_path": 0, "source": 14, "target": 15}, {"distance": 0.7007161331655097, "on_path": 0, "source": 14, "target": 22}, {"distance": 0.13645855131119208, "on_path": 0, "source": 15, "target": 19}, {"distance": 0.6744643688225089, "on_path": 0, "source": 15, "target": 29}, {"distance": 0.7548843084518633, "on_path": 0, "source": 16, "target": 38}, {"distance": 1.1810294866443842, "on_path": 0, "source": 16, "target": 22}, {"distance": 1.5261362424642206, "on_path": 0, "source": 16, "target": 34}, {"distance": 1.670997232750556, "on_path": 1, "source": 17, "target": 29}, {"distance": 0.8705484979536864, "on_path": 0, "source": 18, "target": 30}, {"distance": 1.7385047546154744, "on_path": 0, "source": 18, "target": 43}, {"distance": 0.8726876525537338, "on_path": 0, "source": 18, "target": 23}, {"distance": 0.8842876736116366, "on_path": 0, "source": 19, "target": 22}, {"distance": 0.7641112350766839, "on_path": 0, "source": 20, "target": 37}, {"distance": 1.335107478665482, "on_path": 0, "source": 20, "target": 21}, {"distance": 1.18979960325725, "on_path": 0, "source": 21, "target": 25}, {"distance": 2.0297235536022677, "on_path": 0, "source": 21, "target": 31}, {"distance": 1.2306614773487166, "on_path": 0, "source": 21, "target": 32}, {"distance": 1.4643276358878108, "on_path": 0, "source": 23, "target": 39}, {"distance": 0.48376047047277704, "on_path": 0, "source": 23, "target": 33}, {"distance": 1.5040717072722778, "on_path": 0, "source": 24, "target": 29}, {"distance": 1.465183082620785, "on_path": 0, "source": 24, "target": 39}, {"distance": 0.6277150528899966, "on_path": 0, "source": 24, "target": 30}, {"distance": 0.7323279125245804, "on_path": 0, "source": 24, "target": 38}, {"distance": 1.6990736451686672, "on_path": 0, "source": 25, "target": 34}, {"distance": 0.750704736856375, "on_path": 1, "source": 25, "target": 43}, {"distance": 1.7462781779936611, "on_path": 0, "source": 26, "target": 37}, {"distance": 0.42581038190537757, "on_path": 0, "source": 26, "target": 39}, {"distance": 1.3567512640235362, "on_path": 0, "source": 27, "target": 40}, {"distance": 1.4352086978436267, "on_path": 0, "source": 27, "target": 35}, {"distance": 1.1409493449322996, "on_path": 0, "source": 28, "target": 38}, {"distance": 0.351020063595586, "on_path": 1, "source": 29, "target": 44}, {"distance": 1.2107628106260269, "on_path": 0, "source": 29, "target": 42}, {"distance": 0.23351369593323945, "on_path": 0, "source": 31, "target": 46}, {"distance": 0.6550825992162113, "on_path": 0, "source": 32, "target": 46}, {"distance": 0.6924246471373512, "on_path": 0, "source": 36, "target": 37}, {"distance": 0.8901840688511851, "on_path": 0, "source": 38, "target": 43}, {"distance": 0.4246668157567808, "on_path": 1, "source": 39, "target": 44}, {"distance": 0.05941084984351803, "on_path": 0, "source": 40, "target": 45}, {"distance": 1.6751625490934672, "on_path": 0, "source": 41, "target": 44}, {"distance": 1.6209865893473643, "on_path": 0, "source": 45, "target": 46}]}