{"directed": false, "multigraph": false, "graph": {}, "nodes": [{"node_features": [0.0, 0.0], "id": 0}, {"node_features": [0.0, 0.0], "id": 1}, {"node_features": [0.0, 0.0], "id": 2}, {"node_features": [0.0, 0.0], "id": 3}, {"node_features": [0.0, 0.0], "id": 4}, {"node_features": [0.0, 0.0], "id": 5}, {"node_features": [0.0, 0.0], "id": 6}, {"node_features": [0.0, 0.0], "id": 7}, {"node_features": [0.0, 0.0], "id": 8}, {"node_features": [0.0, 1.0], "id": 9}, {"node_features": [0.0, 0.0], "id": 10}, {"node_features": [1.0, 0.0], "id": 11}, {"node_features": [0.0, 0.0], "id": 12}, {"node_features": [0.0, 0.0], "id": 13}, {"node_features": [0.0, 0.0], "id": 14}, {"node_features": [0.0, 0.0], "id": 15}, {"node_features": [0.0, 0.0], "id": 16}, {"node_features": [0.0, 0.0], "id": 17}, {"node_features": [0.0, 0.0], "id": 18}, {"node_features": [0.0, 0.0], "id": 19}, {"node_features": [0.0, 0.0], "id": 20}, {"node_features": [0.0, 0.0], "id": 21}, {"node_features": [0.0, 0.0], "id": 22}, {"node_features": [0.0, 0.0], "id": 23}, {"node_features": [0.0, 0.0], "id": 24}, {"node_features": [0.0, 0.0], "id": 25}, {"node_features": [0.0, 0.0], "id": 26}, {"node_features": [0.0, 0.0], "id": 27}, {"node_features": [0.0, 0.0], "id": 28}, {"node_features": [0.0, 0.0], "id": 29}, {"node_features": [0.0, 0.0], "id": 30}, {"node_features": [0.0, 0.0], "id": 31}], "links": [{"distance": 1.674217361474733, "on_path": 0, "source": 0, "target": 10}, {"distance": 0.7638707857453458, "on_path": 0, "source": 0, "target": 15}, {"distance": 1.3180708267455872, "on_path": 0, "source": 0, "target": 24}, {"distance": 0.697191450563236, "on_path": 0, "source": 1, "target": 11}, {"distance": 1.2835305921805178, "on_path": 0, "source": 1, "target": 2}, {"distance": 0.567962885819074, "on_path": 0, "source": 1, "target": 22}, {"distance": 0.6974051860639403, "on_path": 0, "source": 1, "target": 26}, {"distance": 0.48016305720138247, "on_path": 0, "source": 1, "target": 25}, {"distance": 1.2817496142470661, "on_path": 0, "source": 2, "target": 23}, {"distance": 0.9581398137492646, "on_path": 0, "source": 2, "target": 25}, {"distance": 1.316900233401384, "on_path": 0, "source": 2, "target": 21}, {"distance": 1.7534728943783573, "on_path": 0, "source": 2, "target": 3}, {"distance": 0.8973939752760747, "on_path": 0, "source": 2, "target": 19}, {"distance": 1.2727915058803878, "on_path": 0, "source": 3, "target": 27}, {"distance": 0.9781201015324128, "on_path": 0, "source": 4, "target": 8}, {"distance": 0.4786228187233716, "on_path": 0, "source": 4, "target": 16}, {"distance": 1.2250233258311631, "on_path": 0, "source": 4, "target": 7}, {"distance": 0.5955262256177905, "on_path": 0, "source": 5, "target": 26}, {"distance": 1.114032530677469, "on_path": 0, "source": 5, "target": 6}, {"distance": 0.9357357923029226, "on_path": 0, "source": 5, "target": 27}, {"distance": 0.6305232868986415, "on_path": 0, "source": 5, "target": 22}, {"distance": 0.41397805863827253, "on_path": 1, "source": 6, "target": 21}, {"distance": 0.5645035903217699, "on_path": 0, "source": 6, "target": 30}, {"distance": 0.425115364691078, "on_path": 1, "source": 6, "target": 7}, {"distance": 0.8306355594223919, "on_path": 0, "source": 6, "target": 12}, {"distance": 0.5959296486529229, "on_path": 0, "source": 7, "target": 19}, {"distance": 1.5261091019757542, "on_path": 0, "source": 7, "target": 29}, {"distance": 0.3050749350835664, "on_path": 1, "source": 7, "target": 11}, {"distance": 1.1680349949026592, "on_path": 0, "source": 8, "target": 25}, {"distance": 1.7333060063986518, "on_path": 0, "source": 8, "target": 28}, {"distance": 1.394911878621455, "on_path": 0, "source": 8, "target": 20}, {"distance": 1.0904004104480394, "on_path": 0, "source": 9, "target": 15}, {"distance": 1.5117758695715755, "on_path": 1, "source": 9, "target": 21}, {"distance": 0.722835559900157, "on_path": 0, "source": 10, "target": 26}, {"distance": 0.6893118576558465, "on_path": 0, "source": 10, "target": 25}, {"distance": 1.6964958680174569, "on_path": 0, "source": 10, "target": 11}, {"distance": 0.18227851936876077, "on_path": 0, "source": 10, "target": 18}, {"distance": 1.1512186738266363, "on_path": 0, "source": 10, "target": 27}, {"distance": 0.32413885774917717, "on_path": 0, "source": 10, "target": 29}, {"distance": 1.3644917605816775, "on_path": 0, "source": 11, "target": 14}, {"distance": 0.5696039831842299, "on_path": 0, "source": 12, "target": 22}, {"distance": 1.1529802888292764, "on_path": 0, "source": 12, "target": 20}, {"distance": 1.6021551920851667, "on_path": 0, "source": 13, "target": 24}, {"distance": 1.8135984718563607, "on_path": 0, "source": 13, "target": 18}, {"distance": 2.274208343881789, "on_path": 0, "source": 13, "target": 28}, {"distance": 1.9003867861286048, "on_path": 0, "source": 13, "target": 17}, {"distance": 0.09780783447948506, "on_path": 0, "source": 13, "target": 31}, {"distance": 2.258081289190648, "on_path": 0, "source": 14, "target": 17}, {"distance": 1.4718357856831243, "on_path": 0, "source": 14, "target": 31}, {"distance": 1.331597804164151, "on_path": 0, "source": 14, "target": 29}, {"distance": 1.667706447587885, "on_path": 0, "source": 14, "target": 28}, {"distance": 0.029976370847533348, "on_path": 0, "source": 15, "target": 16}, {"distance": 0.9251921285592065, "on_path": 0, "source": 16, "target": 23}, {"distance": 1.2815837268727444, "on_path": 0, "source": 17, "target": 29}, {"distance": 1.056162738539502, "on_path": 0, "source": 17, "target": 24}, {"distance": 0.6057655232968768, "on_path": 0, "source": 18, "target": 28}, {"distance": 1.9017666404813918, "on_path": 0, "source": 19, "target": 28}, {"distance": 0.8971254787740288, "on_path": 0, "source": 20, "target": 26}, {"distance": 1.5085962928440615, "on_path": 0, "source": 21, "target": 29}, {"distance": 0.5050020434112421, "on_path": 0, "source": 22, "target": 29}, {"distance": 0.9129028204526004, "on_path": 0, "source": 23, "target": 26}, {"distance": 0.32139916660910733, "on_path": 0, "source": 23, "target": 29}, {"distance": 1.6105981815250412, "on_path": 0, "source": 23, "target": 30}, {"distance": 0.6900771564613174, "on_path": 0, "source": 24, "target": 28}]}