{"directed": false, "multigraph": false, "graph": {}, "nodes": [{"node_features": [0.0, 0.0], "id": 0}, {"node_features": [0.0, 0.0], "id": 1}, {"node_features": [0.0, 0.0], "id": 2}, {"node_features": [0.0, 0.0], "id": 3}, {"node_features": [0.0, 0.0], "id": 4}, {"node_features": [0.0, 0.0], "id": 5}, {"node_features": [0.0, 0.0], "id": 6}, {"node_features": [0.0, 0.0], "id": 7}, {"node_features": [0.0, 0.0], "id": 8}, {"node_features": [0.0, 0.0], "id": 9}, {"node_features": [0.0, 0.0], "id": 10}, {"node_features": [0.0, 0.0], "id": 11}, {"node_features": [0.0, 0.0], "id": 12}, {"node_features": [0.0, 0.0], "id": 13}, {"node_features": [0.0, 0.0], "id": 14}, {"node_features": [0.0, 0.0], "id": 15}, {"node_features": [1.0, 0.0], "id": 16}, {"node_features": [0.0, 0.0], "id": 17}, {"node_features": [0.0, 0.0], "id": 18}, {"node_features": [0.0, 0.0], "id": 19}, {"node_features": [0.0, 0.0], "id": 20}, {"node_features": [0.0, 1.0], "id": 21}, {"node_features": [0.0, 0.0], "id": 22}, {"node_features": [0.0, 0.0], "id": 23}, {"node_features": [0.0, 0.0], "id": 24}, {"node_features": [0.0, 0.0], "id": 25}, {"node_features": [0.0, 0.0], "id": 26}, {"node_features": [0.0, 0.0], "id": 27}, {"node_features": [0.0, 0.0], "id": 28}, {"node_features": [0.0, 0.0], "id": 29}, {"node_features": [0.0, 0.0], "id": 30}, {"node_features": [0.0, 0.0], "id": 31}, {"node_features": [0.0, 0.0], "id": 32}, {"node_features": [0.0, 0.0], "id": 33}, {"node_features": [0.0, 0.0], "id": 34}, {"node_features": [0.0, 0.0], "id": 35}, {"node_features": [0.0, 0.0], "id": 36}, {"node_features": [0.0, 0.0], "id": 37}, {"node_features": [0.0, 0.0], "id": 38}, {"node_features": [0.0, 0.0], "id": 39}, {"node_features": [0.0, 0.0], "id": 40}, {"node_features": [0.0, 0.0], "id": 41}, {"node_features": [0.0, 0.0], "id": 42}, {"node_features": [0.0, 0.0], "id": 43}, {"node_features": [0.0, 0.0], "id": 44}, {"node_features": [0.0, 0.0], "id": 45}, {"node_features": [0.0, 0.0], "id": 46}, {"node_features": [0.0, 0.0], "id": 47}, {"node_features": [0.0, 0.0], "id": 48}], "links": [{"distance": 0.3146283007533538, "on_path": 1, "source": 0, "target": 16}, {"distance": 1.1489170425710298, "on_path": 0, "source": 0, "target": 30}, {"distance": 0.7956513718291639, "on_path": 0, "source": 0, "target": 44}, {"distance": 0.7257407059798571, "on_path": 0, "source": 0, "target": 4}, {"distance": 1.0666318454789838, "on_path": 1, "source": 0, "target": 48}, {"distance": 0.40089932961064717, "on_path": 0, "source": 1, "target": 25}, {"distance": 0.871569522192767, "on_path": 0, "source": 1, "target": 32}, {"distance": 0.5823912400016251, "on_path": 0, "source": 1, "target": 29}, {"distance": 0.2752169336147619, "on_path": 0, "source": 2, "target": 11}, {"distance": 1.6657703430974777, "on_path": 0, "source": 2, "target": 6}, {"distance": 0.6337998483811953, "on_path": 0, "source": 2, "target": 43}, {"distance": 1.7410454183854882, "on_path": 0, "source": 2, "target": 31}, {"distance": 0.40129625746893494, "on_path": 0, "source": 2, "target": 37}, {"distance": 0.7886063895465064, "on_path": 0, "source": 3, "target": 11}, {"distance": 1.2218052838035316, "on_path": 0, "source": 3, "target": 18}, {"distance": 0.5241206182654475, "on_path": 0, "source": 4, "target": 25}, {"distance": 1.534813547056862, "on_path": 0, "source": 5, "target": 29}, {"distance": 0.5114697138259352, "on_path": 0, "source": 5, "target": 20}, {"distance": 0.45430299582102246, "on_path": 0, "source": 5, "target": 13}, {"distance": 1.5194086751253122, "on_path": 0, "source": 6, "target": 47}, {"distance": 1.5890847369849386, "on_path": 0, "source": 7, "target": 42}, {"distance": 1.5536335999860535, "on_path": 0, "source": 7, "target": 11}, {"distance": 0.6388469136489092, "on_path": 0, "source": 7, "target": 16}, {"distance": 0.5838350898087877, "on_path": 0, "source": 7, "target": 38}, {"distance": 0.7313330297817111, "on_path": 0, "source": 7, "target": 39}, {"distance": 1.6342463464167152, "on_path": 0, "source": 7, "target": 12}, {"distance": 1.3950345230921524, "on_path": 0, "source": 7, "target": 43}, {"distance": 0.7623494153791072, "on_path": 0, "source": 7, "target": 44}, {"distance": 1.6960960066777686, "on_path": 0, "source": 8, "target": 38}, {"distance": 0.6406512394347094, "on_path": 0, "source": 8, "target": 25}, {"distance": 1.4259175268060247, "on_path": 0, "source": 8, "target": 45}, {"distance": 0.19753410644809116, "on_path": 0, "source": 8, "target": 30}, {"distance": 1.5995907666115676, "on_path": 0, "source": 9, "target": 35}, {"distance": 1.619942244095529, "on_path": 0, "source": 9, "target": 19}, {"distance": 0.2043182893622517, "on_path": 0, "source": 9, "target": 47}, {"distance": 1.4075236902286126, "on_path": 0, "source": 10, "target": 24}, {"distance": 1.629569807932877, "on_path": 0, "source": 10, "target": 40}, {"distance": 1.4918617955778153, "on_path": 0, "source": 10, "target": 16}, {"distance": 0.8785886961665459, "on_path": 0, "source": 11, "target": 33}, {"distance": 0.6727386751871006, "on_path": 0, "source": 12, "target": 42}, {"distance": 0.16934379841250474, "on_path": 0, "source": 12, "target": 19}, {"distance": 0.5973950162004215, "on_path": 0, "source": 12, "target": 34}, {"distance": 1.7133268620746243, "on_path": 0, "source": 13, "target": 21}, {"distance": 0.8444196307351853, "on_path": 0, "source": 13, "target": 25}, {"distance": 0.7870085341461607, "on_path": 0, "source": 13, "target": 45}, {"distance": 1.5504395866258425, "on_path": 0, "source": 14, "target": 34}, {"distance": 1.397279399083473, "on_path": 0, "source": 14, "target": 30}, {"distance": 1.7420406169688905, "on_path": 0, "source": 15, "target": 40}, {"distance": 0.8287999957523471, "on_path": 0, "source": 15, "target": 39}, {"distance": 0.7125455867225735, "on_path": 0, "source": 15, "target": 42}, {"distance": 1.4386267437558544, "on_path": 0, "source": 15, "target": 23}, {"distance": 0.6267810061125413, "on_path": 0, "source": 16, "target": 46}, {"distance": 0.7837497387592868, "on_path": 0, "source": 16, "target": 44}, {"distance": 0.9868699003775119, "on_path": 0, "source": 17, "target": 21}, {"distance": 1.482309023097406, "on_path": 0, "source": 17, "target": 44}, {"distance": 0.9187492867287284, "on_path": 0, "source": 17, "target": 48}, {"distance": 0.840263085828784, "on_path": 0, "source": 18, "target": 26}, {"distance": 1.8737109571691826, "on_path": 0, "source": 18, "target": 21}, {"distance": 1.687816816296007, "on_path": 0, "source": 18, "target": 24}, {"distance": 1.3585042943948118, "on_path": 0, "source": 19, "target": 27}, {"distance": 1.0788075647158466, "on_path": 0, "source": 20, "target": 23}, {"distance": 1.2421858766210379, "on_path": 0, "source": 21, "target": 39}, {"distance": 0.627480155626767, "on_path": 0, "source": 21, "target": 33}, {"distance": 0.3074027397015807, "on_path": 1, "source": 21, "target": 24}, {"distance": 1.3536802871364253, "on_path": 0, "source": 21, "target": 36}, {"distance": 1.856005134349725, "on_path": 0, "source": 22, "target": 35}, {"distance": 1.392271941554079, "on_path": 0, "source": 22, "target": 34}, {"distance": 1.099306693246247, "on_path": 0, "source": 22, "target": 33}, {"distance": 0.29819770636001786, "on_path": 0, "source": 23, "target": 38}, {"distance": 0.24212446653306624, "on_path": 0, "source": 24, "target": 40}, {"distance": 0.7428957942285466, "on_path": 1, "source": 24, "target": 48}, {"distance": 0.883173374475418, "on_path": 0, "source": 24, "target": 29}, {"distance": 0.4065599404169139, "on_path": 0, "source": 25, "target": 34}, {"distance": 0.7596835436250831, "on_path": 0, "source": 26, "target": 43}, {"distance": 1.1759618548931652, "on_path": 0, "source": 26, "target": 27}, {"distance": 0.9270447155125143, "on_path": 0, "source": 26, "target": 41}, {"distance": 1.162345012269124, "on_path": 0, "source": 27, "target": 43}, {"distance": 0.5685423338987386, "on_path": 0, "source": 28, "target": 45}, {"distance": 0.8899540944578224, "on_path": 0, "source": 28, "target": 34}, {"distance": 1.5217482066093144, "on_path": 0, "source": 28, "target": 41}, {"distance": 1.4580476774176439, "on_path": 0, "source": 29, "target": 36}, {"distance": 0.7739559962021313, "on_path": 0, "source": 29, "target": 41}, {"distance": 1.048835049957315, "on_path": 0, "source": 30, "target": 37}, {"distance": 0.6807179720885834, "on_path": 0, "source": 30, "target": 42}, {"distance": 1.3808867341302755, "on_path": 0, "source": 30, "target": 41}, {"distance": 1.2580760364372146, "on_path": 0, "source": 30, "target": 35}, {"distance": 0.6712180905161595, "on_path": 0, "source": 31, "target": 44}, {"distance": 1.37351899440698, "on_path": 0, "source": 31, "target": 37}, {"distance": 1.7264847539236674, "on_path": 0, "source": 32, "target": 44}, {"distance": 0.9713705042769202, "on_path": 0, "source": 35, "target": 45}, {"distance": 1.4894196414405962, "on_path": 0, "source": 35, "target": 38}, {"distance": 0.5004712123878602, "on_path": 0, "source": 36, "target": 46}, {"distance": 0.9089450495770433, "on_path": 0, "source": 36, "target": 47}, {"distance": 1.2195566405655422, "on_path": 0, "source": 36, "target": 42}, {"distance": 1.6591047456256331, "on_path": 0, "source": 37, "target": 46}, {"distance": 0.19841647556402545, "on_path": 0, "source": 39, "target": 45}, {"distance": 0.4466664162234497, "on_path": 0, "source": 40, "target": 41}, {"distance": 0.9586788366353362, "on_path": 0, "source": 41, "target": 45}]}