{"directed": false, "multigraph": false, "graph": {}, "nodes": [{"node_features": [0.0, 0.0], "id": 0}, {"node_features": [0.0, 0.0], "id": 1}, {"node_features": [0.0, 0.0], "id": 2}, {"node_features": [0.0, 0.0], "id": 3}, {"node_features": [0.0, 0.0], "id": 4}, {"node_features": [0.0, 0.0], "id": 5}, {"node_features": [0.0, 0.0], "id": 6}, {"node_features": [0.0, 0.0], "id": 7}, {"node_features": [0.0, 0.0], "id": 8}, {"node_features": [0.0, 0.0], "id": 9}, {"node_features": [0.0, 0.0], "id": 10}, {"node_features": [0.0, 1.0], "id": 11}, {"node_features": [0.0, 0.0], "id": 12}, {"node_features": [0.0, 0.0], "id": 13}, {"node_features": [0.0, 0.0], "id": 14}, {"node_features": [1.0, 0.0], "id": 15}, {"node_features": [0.0, 0.0], "id": 16}, {"node_features": [0.0, 0.0], "id": 17}, {"node_features": [0.0, 0.0], "id": 18}, {"node_features": [0.0, 0.0], "id": 19}, {"node_features": [0.0, 0.0], "id": 20}, {"node_features": [0.0, 0.0], "id": 21}, {"node_features": [0.0, 0.0], "id": 22}, {"node_features": [0.0, 0.0], "id": 23}, {"node_features": [0.0, 0.0], "id": 24}, {"node_features": [0.0, 0.0], "id": 25}, {"node_features": [0.0, 0.0], "id": 26}, {"node_features": [0.0, 0.0], "id": 27}, {"node_features": [0.0, 0.0], "id": 28}, {"node_features": [0.0, 0.0], "id": 29}, {"node_features": [0.0, 0.0], "id": 30}, {"node_features": [0.0, 0.0], "id": 31}, {"node_features": [0.0, 0.0], "id": 32}, {"node_features": [0.0, 0.0], "id": 33}, {"node_features": [0.0, 0.0], "id": 34}], "links": [{"distance": 1.1970962828870684, "on_path": 0, "source": 0, "target": 4}, {"distance": 0.6716300606302785, "on_path": 0, "source": 0, "target": 3}, {"distance": 1.6392086214300678, "on_path": 0, "source": 0, "target": 21}, {"distance": 0.8741950191412756, "on_path": 0, "source": 0, "target": 30}, {"distance": 0.515251451287246, "on_path": 0, "source": 0, "target": 10}, {"distance": 0.195020165116468, "on_path": 0, "source": 0, "target": 27}, {"distance": 0.5907235064318922, "on_path": 0, "source": 1, "target": 13}, {"distance": 0.8375439548721524, "on_path": 0, "source": 1, "target": 12}, {"distance": 0.9094668143574701, "on_path": 0, "source": 1, "target": 22}, {"distance": 1.3446525840802328, "on_path": 0, "source": 2, "target": 13}, {"distance": 0.9931562609687665, "on_path": 0, "source": 2, "target": 29}, {"distance": 1.1517149305336003, "on_path": 0, "source": 2, "target": 31}, {"distance": 0.6814668703557804, "on_path": 0, "source": 3, "target": 26}, {"distance": 0.6417082141243914, "on_path": 0, "source": 4, "target": 34}, {"distance": 1.8603270918304633, "on_path": 0, "source": 4, "target": 16}, {"distance": 1.1800441217973372, "on_path": 0, "source": 5, "target": 13}, {"distance": 0.4677670760036497, "on_path": 0, "source": 5, "target": 24}, {"distance": 1.0254509223288633, "on_path": 0, "source": 6, "target": 10}, {"distance": 0.8038079228264482, "on_path": 0, "source": 6, "target": 18}, {"distance": 0.28752254211189476, "on_path": 0, "source": 6, "target": 34}, {"distance": 1.2802488037541218, "on_path": 0, "source": 7, "target": 18}, {"distance": 0.5761683805941903, "on_path": 0, "source": 7, "target": 31}, {"distance": 1.4919717708245759, "on_path": 0, "source": 8, "target": 18}, {"distance": 1.1544114613751755, "on_path": 1, "source": 8, "target": 14}, {"distance": 0.9734264475452947, "on_path": 0, "source": 8, "target": 19}, {"distance": 1.6953812695802155, "on_path": 0, "source": 8, "target": 10}, {"distance": 1.467406085557879, "on_path": 1, "source": 8, "target": 15}, {"distance": 1.1799394635585154, "on_path": 0, "source": 9, "target": 32}, {"distance": 0.8787923875178331, "on_path": 0, "source": 9, "target": 30}, {"distance": 1.6482390209485538, "on_path": 0, "source": 10, "target": 16}, {"distance": 1.059849681410484, "on_path": 0, "source": 10, "target": 31}, {"distance": 1.3385774633407603, "on_path": 0, "source": 10, "target": 25}, {"distance": 1.1336761190195366, "on_path": 0, "source": 11, "target": 16}, {"distance": 0.7882219794185156, "on_path": 0, "source": 11, "target": 28}, {"distance": 0.6621376984512248, "on_path": 1, "source": 11, "target": 22}, {"distance": 1.374095584152952, "on_path": 0, "source": 11, "target": 23}, {"distance": 1.184070263288591, "on_path": 0, "source": 11, "target": 24}, {"distance": 1.5416362621539774, "on_path": 0, "source": 12, "target": 15}, {"distance": 0.30553045820827185, "on_path": 0, "source": 12, "target": 31}, {"distance": 2.0626046376943137, "on_path": 0, "source": 12, "target": 29}, {"distance": 0.30282465654810736, "on_path": 0, "source": 13, "target": 31}, {"distance": 1.550144019974966, "on_path": 0, "source": 13, "target": 32}, {"distance": 0.33698275246343345, "on_path": 0, "source": 13, "target": 21}, {"distance": 0.7475682258974687, "on_path": 0, "source": 14, "target": 25}, {"distance": 0.38599736772216736, "on_path": 1, "source": 14, "target": 22}, {"distance": 1.055254962911795, "on_path": 0, "source": 14, "target": 26}, {"distance": 0.07357972904696973, "on_path": 0, "source": 14, "target": 33}, {"distance": 0.6239973801681149, "on_path": 0, "source": 15, "target": 29}, {"distance": 0.5866443926562712, "on_path": 0, "source": 16, "target": 20}, {"distance": 2.2885823406251355, "on_path": 0, "source": 16, "target": 26}, {"distance": 2.0705803283377966, "on_path": 0, "source": 16, "target": 17}, {"distance": 1.5540607979488756, "on_path": 0, "source": 17, "target": 21}, {"distance": 1.4849008702312247, "on_path": 0, "source": 17, "target": 20}, {"distance": 0.7400651114167858, "on_path": 0, "source": 17, "target": 25}, {"distance": 0.6714364059480143, "on_path": 0, "source": 18, "target": 24}, {"distance": 0.20313381887644905, "on_path": 0, "source": 18, "target": 27}, {"distance": 0.5653328350924063, "on_path": 0, "source": 18, "target": 28}, {"distance": 0.903215911847483, "on_path": 0, "source": 18, "target": 34}, {"distance": 0.9664483027087238, "on_path": 0, "source": 18, "target": 31}, {"distance": 0.9402046086134234, "on_path": 0, "source": 18, "target": 19}, {"distance": 1.7245268097482704, "on_path": 0, "source": 19, "target": 29}, {"distance": 0.5859896209042661, "on_path": 0, "source": 19, "target": 21}, {"distance": 1.3602480664087597, "on_path": 0, "source": 19, "target": 32}, {"distance": 1.5361476714226747, "on_path": 0, "source": 20, "target": 23}, {"distance": 1.1952620936043061, "on_path": 0, "source": 21, "target": 22}, {"distance": 0.4561883681791369, "on_path": 0, "source": 22, "target": 33}, {"distance": 0.7498253939168602, "on_path": 0, "source": 23, "target": 32}, {"distance": 1.3735788155555628, "on_path": 0, "source": 24, "target": 34}, {"distance": 0.47339107430096106, "on_path": 0, "source": 28, "target": 32}, {"distance": 0.8665396220689723, "on_path": 0, "source": 30, "target": 34}]}