{"directed": false, "multigraph": false, "graph": {}, "nodes": [{"node_features": [0.0, 0.0], "id": 0}, {"node_features": [0.0, 0.0], "id": 1}, {"node_features": [0.0, 0.0], "id": 2}, {"node_features": [0.0, 0.0], "id": 3}, {"node_features": [0.0, 0.0], "id": 4}, {"node_features": [0.0, 0.0], "id": 5}, {"node_features": [0.0, 0.0], "id": 6}, {"node_features": [0.0, 0.0], "id": 7}, {"node_features": [0.0, 1.0], "id": 8}, {"node_features": [0.0, 0.0], "id": 9}, {"node_features": [0.0, 0.0], "id": 10}, {"node_features": [0.0, 0.0], "id": 11}, {"node_features": [1.0, 0.0], "id": 12}, {"node_features": [0.0, 0.0], "id": 13}, {"node_features": [0.0, 0.0], "id": 14}, {"node_features": [0.0, 0.0], "id": 15}, {"node_features": [0.0, 0.0], "id": 16}, {"node_features": [0.0, 0.0], "id": 17}, {"node_features": [0.0, 0.0], "id": 18}, {"node_features": [0.0, 0.0], "id": 19}], "links": [{"distance": 1.1420568413660932, "on_path": 0, "source": 0, "target": 9}, {"distance": 0.11206774979165965, "on_path": 1, "source": 0, "target": 6}, {"distance": 0.700254324721177, "on_path": 1, "source": 0, "target": 12}, {"distance": 0.5720437747128122, "on_path": 0, "source": 0, "target": 13}, {"distance": 1.4618470829947885, "on_path": 0, "source": 0, "target": 19}, {"distance": 0.979616297153691, "on_path": 0, "source": 1, "target": 9}, {"distance": 0.5338987943693382, "on_path": 0, "source": 1, "target": 13}, {"distance": 1.7170194490867086, "on_path": 0, "source": 2, "target": 17}, {"distance": 0.4245256896020253, "on_path": 0, "source": 2, "target": 13}, {"distance": 0.8839849775422397, "on_path": 0, "source": 2, "target": 6}, {"distance": 0.7692361949704556, "on_path": 0, "source": 2, "target": 11}, {"distance": 1.394317566481637, "on_path": 0, "source": 3, "target": 13}, {"distance": 0.21425230602207898, "on_path": 0, "source": 3, "target": 4}, {"distance": 1.6916639157378373, "on_path": 0, "source": 3, "target": 14}, {"distance": 1.0836495197152995, "on_path": 0, "source": 3, "target": 16}, {"distance": 1.2654907944419835, "on_path": 0, "source": 3, "target": 18}, {"distance": 1.210815787183377, "on_path": 0, "source": 4, "target": 18}, {"distance": 0.9016449810493071, "on_path": 0, "source": 4, "target": 5}, {"distance": 0.24657296514382587, "on_path": 0, "source": 4, "target": 9}, {"distance": 0.5722770359574778, "on_path": 1, "source": 5, "target": 16}, {"distance": 1.4403718556605758, "on_path": 0, "source": 5, "target": 19}, {"distance": 0.07785807390845094, "on_path": 1, "source": 5, "target": 6}, {"distance": 1.4178926154527411, "on_path": 0, "source": 5, "target": 7}, {"distance": 0.5476968831501865, "on_path": 0, "source": 5, "target": 13}, {"distance": 1.3586081188163008, "on_path": 0, "source": 6, "target": 10}, {"distance": 1.2118597837648055, "on_path": 0, "source": 6, "target": 11}, {"distance": 1.130283030884348, "on_path": 0, "source": 6, "target": 14}, {"distance": 1.1205269598904972, "on_path": 0, "source": 7, "target": 15}, {"distance": 1.0837527324018525, "on_path": 0, "source": 8, "target": 15}, {"distance": 0.15120025995915726, "on_path": 1, "source": 8, "target": 16}, {"distance": 1.4310587377578106, "on_path": 0, "source": 8, "target": 18}, {"distance": 1.7836477342032317, "on_path": 0, "source": 8, "target": 10}, {"distance": 1.2363439641377332, "on_path": 0, "source": 9, "target": 17}, {"distance": 1.534040858667186, "on_path": 0, "source": 10, "target": 19}, {"distance": 2.1106167926764874, "on_path": 0, "source": 10, "target": 12}, {"distance": 2.1505323083602237, "on_path": 0, "source": 10, "target": 17}, {"distance": 1.7584890011677132, "on_path": 0, "source": 12, "target": 18}, {"distance": 1.9632883390745266, "on_path": 0, "source": 14, "target": 17}, {"distance": 0.6825576366222127, "on_path": 0, "source": 15, "target": 19}, {"distance": 0.6672219850436102, "on_path": 0, "source": 15, "target": 18}]}