{"directed": false, "multigraph": false, "graph": {}, "nodes": [{"node_features": [0.0, 0.0], "id": 0}, {"node_features": [0.0, 0.0], "id": 1}, {"node_features": [0.0, 0.0], "id": 2}, {"node_features": [0.0, 0.0], "id": 3}, {"node_features": [0.0, 0.0], "id": 4}, {"node_features": [0.0, 0.0], "id": 5}, {"node_features": [0.0, 0.0], "id": 6}, {"node_features": [0.0, 0.0], "id": 7}, {"node_features": [0.0, 0.0], "id": 8}, {"node_features": [0.0, 0.0], "id": 9}, {"node_features": [0.0, 1.0], "id": 10}, {"node_features": [0.0, 0.0], "id": 11}, {"node_features": [0.0, 0.0], "id": 12}, {"node_features": [0.0, 0.0], "id": 13}, {"node_features": [0.0, 0.0], "id": 14}, {"node_features": [0.0, 0.0], "id": 15}, {"node_features": [0.0, 0.0], "id": 16}, {"node_features": [0.0, 0.0], "id": 17}, {"node_features": [0.0, 0.0], "id": 18}, {"node_features": [0.0, 0.0], "id": 19}, {"node_features": [0.0, 0.0], "id": 20}, {"node_features": [0.0, 0.0], "id": 21}, {"node_features": [0.0, 0.0], "id": 22}, {"node_features": [1.0, 0.0], "id": 23}, {"node_features": [0.0, 0.0], "id": 24}, {"node_features": [0.0, 0.0], "id": 25}, {"node_features": [0.0, 0.0], "id": 26}, {"node_features": [0.0, 0.0], "id": 27}, {"node_features": [0.0, 0.0], "id": 28}, {"node_features": [0.0, 0.0], "id": 29}, {"node_features": [0.0, 0.0], "id": 30}, {"node_features": [0.0, 0.0], "id": 31}], "links": [{"distance": 1.6415907845370348, "on_path": 0, "source": 0, "target": 23}, {"distance": 0.3582535561657197, "on_path": 0, "source": 0, "target": 8}, {"distance": 0.3863925182741564, "on_path": 0, "source": 0, "target": 28}, {"distance": 0.5792442563660544, "on_path": 0, "source": 0, "target": 18}, {"distance": 1.1903273380687018, "on_path": 0, "source": 0, "target": 10}, {"distance": 1.0704182423081436, "on_path": 0, "source": 0, "target": 13}, {"distance": 1.5300370522857842, "on_path": 0, "source": 0, "target": 25}, {"distance": 1.1060124996466907, "on_path": 1, "source": 1, "target": 23}, {"distance": 1.327253580302777, "on_path": 0, "source": 1, "target": 4}, {"distance": 0.3678690391173633, "on_path": 1, "source": 1, "target": 9}, {"distance": 0.9990576252539748, "on_path": 0, "source": 1, "target": 15}, {"distance": 0.9121023719768814, "on_path": 0, "source": 1, "target": 16}, {"distance": 0.33883290894853324, "on_path": 0, "source": 1, "target": 27}, {"distance": 1.8973096714683213, "on_path": 0, "source": 2, "target": 28}, {"distance": 0.8325703654412678, "on_path": 0, "source": 2, "target": 11}, {"distance": 1.3091896970560617, "on_path": 0, "source": 2, "target": 27}, {"distance": 1.8639160801940127, "on_path": 0, "source": 2, "target": 26}, {"distance": 1.486215094309014, "on_path": 0, "source": 3, "target": 13}, {"distance": 0.9418177886715211, "on_path": 0, "source": 3, "target": 20}, {"distance": 0.2842609969502829, "on_path": 0, "source": 3, "target": 4}, {"distance": 1.0902350541769565, "on_path": 0, "source": 3, "target": 15}, {"distance": 0.872439245033173, "on_path": 0, "source": 3, "target": 28}, {"distance": 1.9420950507042316, "on_path": 0, "source": 4, "target": 14}, {"distance": 2.271202068274184, "on_path": 0, "source": 4, "target": 17}, {"distance": 1.5565199036633315, "on_path": 0, "source": 5, "target": 21}, {"distance": 1.4092736205610639, "on_path": 0, "source": 5, "target": 9}, {"distance": 1.6454865266583854, "on_path": 0, "source": 5, "target": 31}, {"distance": 0.2518104478109505, "on_path": 0, "source": 6, "target": 17}, {"distance": 0.8799684409476755, "on_path": 0, "source": 6, "target": 29}, {"distance": 1.6551762024452044, "on_path": 0, "source": 6, "target": 8}, {"distance": 1.9864947454382567, "on_path": 0, "source": 6, "target": 12}, {"distance": 0.6728814022873008, "on_path": 0, "source": 7, "target": 29}, {"distance": 1.9261869418659834, "on_path": 0, "source": 7, "target": 31}, {"distance": 0.39111221110439365, "on_path": 0, "source": 7, "target": 26}, {"distance": 2.0728804137539205, "on_path": 0, "source": 7, "target": 22}, {"distance": 1.5688062470375408, "on_path": 0, "source": 7, "target": 30}, {"distance": 0.12684479085742015, "on_path": 0, "source": 9, "target": 25}, {"distance": 1.2748179558589674, "on_path": 0, "source": 9, "target": 30}, {"distance": 0.3271245743162763, "on_path": 1, "source": 9, "target": 21}, {"distance": 1.441728822258262, "on_path": 0, "source": 9, "target": 26}, {"distance": 0.2886921607920963, "on_path": 1, "source": 10, "target": 21}, {"distance": 0.7456857602052244, "on_path": 0, "source": 11, "target": 14}, {"distance": 0.2813255836598614, "on_path": 0, "source": 11, "target": 21}, {"distance": 0.5539882669436164, "on_path": 0, "source": 11, "target": 16}, {"distance": 0.6543552055387332, "on_path": 0, "source": 11, "target": 24}, {"distance": 1.9704221965266795, "on_path": 0, "source": 12, "target": 30}, {"distance": 0.6940600413978313, "on_path": 0, "source": 12, "target": 20}, {"distance": 0.5075935399552013, "on_path": 0, "source": 13, "target": 18}, {"distance": 0.4854346811416857, "on_path": 0, "source": 14, "target": 21}, {"distance": 0.4885601173306401, "on_path": 0, "source": 15, "target": 24}, {"distance": 0.30140221889787494, "on_path": 0, "source": 15, "target": 29}, {"distance": 0.27282733396230063, "on_path": 0, "source": 16, "target": 21}, {"distance": 1.645739466633407, "on_path": 0, "source": 16, "target": 26}, {"distance": 1.6919486037533988, "on_path": 0, "source": 17, "target": 22}, {"distance": 1.8999469692162054, "on_path": 0, "source": 17, "target": 26}, {"distance": 1.3368925771781277, "on_path": 0, "source": 18, "target": 25}, {"distance": 1.694943457970428, "on_path": 0, "source": 18, "target": 22}, {"distance": 1.300417319386826, "on_path": 0, "source": 19, "target": 30}, {"distance": 1.7505951434940343, "on_path": 0, "source": 19, "target": 22}, {"distance": 0.40894033357840026, "on_path": 0, "source": 19, "target": 29}, {"distance": 0.46082585136743087, "on_path": 0, "source": 20, "target": 29}, {"distance": 0.5102077231748603, "on_path": 0, "source": 23, "target": 30}, {"distance": 1.616899856166643, "on_path": 0, "source": 23, "target": 26}, {"distance": 0.900546388083064, "on_path": 0, "source": 29, "target": 30}]}