{"directed": false, "multigraph": false, "graph": {}, "nodes": [{"node_features": [0.0, 0.0], "id": 0}, {"node_features": [0.0, 0.0], "id": 1}, {"node_features": [0.0, 0.0], "id": 2}, {"node_features": [0.0, 0.0], "id": 3}, {"node_features": [1.0, 0.0], "id": 4}, {"node_features": [0.0, 0.0], "id": 5}, {"node_features": [0.0, 0.0], "id": 6}, {"node_features": [0.0, 0.0], "id": 7}, {"node_features": [0.0, 0.0], "id": 8}, {"node_features": [0.0, 0.0], "id": 9}, {"node_features": [0.0, 0.0], "id": 10}, {"node_features": [0.0, 0.0], "id": 11}, {"node_features": [0.0, 0.0], "id": 12}, {"node_features": [0.0, 0.0], "id": 13}, {"node_features": [0.0, 0.0], "id": 14}, {"node_features": [0.0, 0.0], "id": 15}, {"node_features": [0.0, 0.0], "id": 16}, {"node_features": [0.0, 1.0], "id": 17}, {"node_features": [0.0, 0.0], "id": 18}, {"node_features": [0.0, 0.0], "id": 19}, {"node_features": [0.0, 0.0], "id": 20}, {"node_features": [0.0, 0.0], "id": 21}, {"node_features": [0.0, 0.0], "id": 22}, {"node_features": [0.0, 0.0], "id": 23}, {"node_features": [0.0, 0.0], "id": 24}, {"node_features": [0.0, 0.0], "id": 25}, {"node_features": [0.0, 0.0], "id": 26}, {"node_features": [0.0, 0.0], "id": 27}, {"node_features": [0.0, 0.0], "id": 28}, {"node_features": [0.0, 0.0], "id": 29}, {"node_features": [0.0, 0.0], "id": 30}, {"node_features": [0.0, 0.0], "id": 31}, {"node_features": [0.0, 0.0], "id": 32}], "links": [{"distance": 0.17708068616432066, "on_path": 0, "source": 0, "target": 25}, {"distance": 0.7965812284056157, "on_path": 0, "source": 0, "target": 14}, {"distance": 2.1075010047135088, "on_path": 0, "source": 1, "target": 20}, {"distance": 0.5829597502070587, "on_path": 0, "source": 1, "target": 5}, {"distance": 1.6311093725282961, "on_path": 0, "source": 1, "target": 18}, {"distance": 1.156118386572551, "on_path": 0, "source": 1, "target": 13}, {"distance": 1.7696299982030133, "on_path": 0, "source": 1, "target": 24}, {"distance": 1.6642798176188265, "on_path": 0, "source": 1, "target": 29}, {"distance": 1.2283757223395184, "on_path": 0, "source": 2, "target": 32}, {"distance": 1.4260499172631356, "on_path": 0, "source": 2, "target": 22}, {"distance": 1.5059184379632184, "on_path": 0, "source": 2, "target": 5}, {"distance": 1.0916976435834014, "on_path": 0, "source": 2, "target": 18}, {"distance": 0.9035900405163905, "on_path": 0, "source": 2, "target": 20}, {"distance": 0.5866840861783487, "on_path": 0, "source": 3, "target": 18}, {"distance": 0.9643532730733038, "on_path": 0, "source": 3, "target": 19}, {"distance": 1.2278741312074861, "on_path": 0, "source": 3, "target": 12}, {"distance": 0.23378601602015547, "on_path": 1, "source": 4, "target": 29}, {"distance": 1.1243849995183124, "on_path": 0, "source": 4, "target": 30}, {"distance": 0.6331253715446806, "on_path": 0, "source": 4, "target": 14}, {"distance": 0.6785991385102728, "on_path": 0, "source": 4, "target": 26}, {"distance": 1.7846129804435107, "on_path": 0, "source": 6, "target": 28}, {"distance": 1.3940758491068133, "on_path": 0, "source": 6, "target": 15}, {"distance": 1.2499887770338443, "on_path": 0, "source": 6, "target": 27}, {"distance": 0.9994083105033572, "on_path": 0, "source": 6, "target": 8}, {"distance": 0.6902298363077173, "on_path": 0, "source": 6, "target": 17}, {"distance": 1.6128107846360507, "on_path": 0, "source": 6, "target": 30}, {"distance": 0.9665278495477636, "on_path": 0, "source": 7, "target": 11}, {"distance": 1.1180965759316397, "on_path": 0, "source": 7, "target": 28}, {"distance": 0.6535901365345713, "on_path": 0, "source": 7, "target": 25}, {"distance": 0.7685346431669877, "on_path": 0, "source": 8, "target": 29}, {"distance": 0.9605259574992269, "on_path": 0, "source": 8, "target": 18}, {"distance": 0.7967223902398898, "on_path": 0, "source": 8, "target": 21}, {"distance": 1.6936283740232894, "on_path": 0, "source": 9, "target": 12}, {"distance": 0.5563189278716288, "on_path": 0, "source": 9, "target": 17}, {"distance": 0.6950731117850822, "on_path": 0, "source": 9, "target": 11}, {"distance": 1.1106783205606832, "on_path": 0, "source": 9, "target": 14}, {"distance": 0.45039049483264093, "on_path": 0, "source": 9, "target": 27}, {"distance": 1.6498169324152967, "on_path": 0, "source": 10, "target": 22}, {"distance": 0.7734130127031599, "on_path": 0, "source": 10, "target": 11}, {"distance": 1.4477590621083738, "on_path": 0, "source": 10, "target": 20}, {"distance": 1.161259355583707, "on_path": 0, "source": 10, "target": 16}, {"distance": 1.1013850649664816, "on_path": 0, "source": 10, "target": 28}, {"distance": 0.21814650351653606, "on_path": 1, "source": 11, "target": 17}, {"distance": 0.46098662805489654, "on_path": 1, "source": 11, "target": 25}, {"distance": 0.5757525650465695, "on_path": 0, "source": 11, "target": 27}, {"distance": 1.2156150391784706, "on_path": 0, "source": 12, "target": 31}, {"distance": 1.3587842674503223, "on_path": 0, "source": 12, "target": 20}, {"distance": 0.9797513161702125, "on_path": 0, "source": 12, "target": 25}, {"distance": 0.8779385398154518, "on_path": 0, "source": 13, "target": 32}, {"distance": 0.7659245284404934, "on_path": 0, "source": 14, "target": 22}, {"distance": 0.7580666771736472, "on_path": 0, "source": 14, "target": 31}, {"distance": 0.7760972169287312, "on_path": 0, "source": 15, "target": 31}, {"distance": 1.224120929592907, "on_path": 0, "source": 16, "target": 29}, {"distance": 1.2626546891696362, "on_path": 0, "source": 16, "target": 21}, {"distance": 1.2601768369046922, "on_path": 0, "source": 18, "target": 26}, {"distance": 0.6294119949891565, "on_path": 0, "source": 19, "target": 29}, {"distance": 0.6333757327856868, "on_path": 0, "source": 19, "target": 32}, {"distance": 0.3100082814523918, "on_path": 0, "source": 19, "target": 26}, {"distance": 0.26884051174563095, "on_path": 0, "source": 20, "target": 23}, {"distance": 0.3524585112951855, "on_path": 0, "source": 20, "target": 24}, {"distance": 1.4230381360381763, "on_path": 0, "source": 22, "target": 29}, {"distance": 1.2335211610794887, "on_path": 0, "source": 22, "target": 28}, {"distance": 0.572174779232266, "on_path": 0, "source": 23, "target": 24}, {"distance": 0.8758418989167218, "on_path": 1, "source": 25, "target": 29}, {"distance": 0.16427307733951246, "on_path": 0, "source": 26, "target": 31}, {"distance": 0.49818538685194513, "on_path": 0, "source": 31, "target": 32}]}