{"directed": false, "multigraph": false, "graph": {}, "nodes": [{"node_features": [0.0, 0.0], "id": 0}, {"node_features": [0.0, 0.0], "id": 1}, {"node_features": [1.0, 0.0], "id": 2}, {"node_features": [0.0, 1.0], "id": 3}, {"node_features": [0.0, 0.0], "id": 4}, {"node_features": [0.0, 0.0], "id": 5}, {"node_features": [0.0, 0.0], "id": 6}, {"node_features": [0.0, 0.0], "id": 7}, {"node_features": [0.0, 0.0], "id": 8}, {"node_features": [0.0, 0.0], "id": 9}, {"node_features": [0.0, 0.0], "id": 10}, {"node_features": [0.0, 0.0], "id": 11}, {"node_features": [0.0, 0.0], "id": 12}, {"node_features": [0.0, 0.0], "id": 13}, {"node_features": [0.0, 0.0], "id": 14}], "links": [{"distance": 1.222841727405584, "on_path": 0, "source": 0, "target": 11}, {"distance": 1.6840982317807471, "on_path": 0, "source": 0, "target": 4}, {"distance": 0.7070188705699658, "on_path": 0, "source": 0, "target": 1}, {"distance": 1.642282766385791, "on_path": 0, "source": 0, "target": 3}, {"distance": 1.7567949711974722, "on_path": 0, "source": 0, "target": 8}, {"distance": 1.0400946045876514, "on_path": 0, "source": 1, "target": 13}, {"distance": 0.7330089830785828, "on_path": 0, "source": 1, "target": 7}, {"distance": 1.0976526736817367, "on_path": 0, "source": 1, "target": 5}, {"distance": 1.1668839022152875, "on_path": 0, "source": 1, "target": 10}, {"distance": 1.5068205501453396, "on_path": 0, "source": 2, "target": 12}, {"distance": 1.6530886090369759, "on_path": 0, "source": 2, "target": 11}, {"distance": 0.254432691912474, "on_path": 1, "source": 2, "target": 5}, {"distance": 0.390547008096539, "on_path": 0, "source": 3, "target": 8}, {"distance": 1.3990587067255325, "on_path": 1, "source": 3, "target": 14}, {"distance": 1.970329426646925, "on_path": 0, "source": 3, "target": 12}, {"distance": 1.9606588162114023, "on_path": 0, "source": 4, "target": 12}, {"distance": 1.512151582977455, "on_path": 0, "source": 4, "target": 5}, {"distance": 0.40849694491086247, "on_path": 1, "source": 5, "target": 9}, {"distance": 1.5944670446304439, "on_path": 0, "source": 6, "target": 10}, {"distance": 1.2992581003113974, "on_path": 0, "source": 6, "target": 9}, {"distance": 1.2274828596360963, "on_path": 0, "source": 6, "target": 12}, {"distance": 0.9202892045079519, "on_path": 0, "source": 6, "target": 7}, {"distance": 1.2092313838847852, "on_path": 0, "source": 6, "target": 14}, {"distance": 1.169269824868468, "on_path": 0, "source": 7, "target": 13}, {"distance": 1.8730631547641938, "on_path": 0, "source": 7, "target": 10}, {"distance": 0.8638447706606153, "on_path": 0, "source": 8, "target": 13}, {"distance": 1.4458398465697462, "on_path": 0, "source": 8, "target": 11}, {"distance": 0.5231466887663209, "on_path": 1, "source": 9, "target": 14}, {"distance": 1.0395148203939837, "on_path": 0, "source": 10, "target": 14}, {"distance": 0.8197640542544585, "on_path": 0, "source": 11, "target": 13}]}