{"directed": false, "multigraph": false, "graph": {}, "nodes": [{"node_features": [0.0, 0.0], "id": 0}, {"node_features": [0.0, 0.0], "id": 1}, {"node_features": [0.0, 0.0], "id": 2}, {"node_features": [0.0, 0.0], "id": 3}, {"node_features": [0.0, 0.0], "id": 4}, {"node_features": [0.0, 0.0], "id": 5}, {"node_features": [0.0, 0.0], "id": 6}, {"node_features": [0.0, 0.0], "id": 7}, {"node_features": [0.0, 0.0], "id": 8}, {"node_features": [0.0, 1.0], "id": 9}, {"node_features": [0.0, 0.0], "id": 10}, {"node_features": [0.0, 0.0], "id": 11}, {"node_features": [0.0, 0.0], "id": 12}, {"node_features": [0.0, 0.0], "id": 13}, {"node_features": [0.0, 0.0], "id": 14}, {"node_features": [0.0, 0.0], "id": 15}, {"node_features": [0.0, 0.0], "id": 16}, {"node_features": [0.0, 0.0], "id": 17}, {"node_features": [0.0, 0.0], "id": 18}, {"node_features": [0.0, 0.0], "id": 19}, {"node_features": [0.0, 0.0], "id": 20}, {"node_features": [0.0, 0.0], "id": 21}, {"node_features": [0.0, 0.0], "id": 22}, {"node_features": [0.0, 0.0], "id": 23}, {"node_features": [0.0, 0.0], "id": 24}, {"node_features": [0.0, 0.0], "id": 25}, {"node_features": [0.0, 0.0], "id": 26}, {"node_features": [0.0, 0.0], "id": 27}, {"node_features": [0.0, 0.0], "id": 28}, {"node_features": [0.0, 0.0], "id": 29}, {"node_features": [1.0, 0.0], "id": 30}, {"node_features": [0.0, 0.0], "id": 31}, {"node_features": [0.0, 0.0], "id": 32}, {"node_features": [0.0, 0.0], "id": 33}, {"node_features": [0.0, 0.0], "id": 34}, {"node_features": [0.0, 0.0], "id": 35}, {"node_features": [0.0, 0.0], "id": 36}, {"node_features": [0.0, 0.0], "id": 37}, {"node_features": [0.0, 0.0], "id": 38}, {"node_features": [0.0, 0.0], "id": 39}], "links": [{"distance": 1.398205752143423, "on_path": 0, "source": 0, "target": 14}, {"distance": 0.9455611643639412, "on_path": 0, "source": 0, "target": 23}, {"distance": 0.9308249943444814, "on_path": 0, "source": 0, "target": 18}, {"distance": 1.7693206095356615, "on_path": 0, "source": 1, "target": 25}, {"distance": 0.24822188740709664, "on_path": 0, "source": 1, "target": 17}, {"distance": 1.7845389732887325, "on_path": 0, "source": 1, "target": 28}, {"distance": 1.080119701295673, "on_path": 0, "source": 1, "target": 2}, {"distance": 0.7764499414216854, "on_path": 0, "source": 1, "target": 20}, {"distance": 0.9958903972855757, "on_path": 0, "source": 1, "target": 31}, {"distance": 1.8942791668683905, "on_path": 0, "source": 1, "target": 35}, {"distance": 0.7908051387521395, "on_path": 0, "source": 2, "target": 23}, {"distance": 0.8152157366106432, "on_path": 0, "source": 2, "target": 35}, {"distance": 0.4952378160001057, "on_path": 0, "source": 2, "target": 27}, {"distance": 0.1247932212905966, "on_path": 0, "source": 3, "target": 32}, {"distance": 0.13339331049817899, "on_path": 0, "source": 3, "target": 21}, {"distance": 1.4517080534159452, "on_path": 0, "source": 4, "target": 22}, {"distance": 0.9774523418804465, "on_path": 0, "source": 4, "target": 10}, {"distance": 1.3113723416606171, "on_path": 0, "source": 4, "target": 23}, {"distance": 0.5875540731149861, "on_path": 0, "source": 4, "target": 9}, {"distance": 0.9215841174542936, "on_path": 0, "source": 5, "target": 32}, {"distance": 0.5174231818841728, "on_path": 0, "source": 5, "target": 9}, {"distance": 1.2554431252469826, "on_path": 0, "source": 5, "target": 28}, {"distance": 0.9416812274821477, "on_path": 0, "source": 6, "target": 30}, {"distance": 1.5993466562834624, "on_path": 0, "source": 6, "target": 35}, {"distance": 1.4544140394195064, "on_path": 0, "source": 6, "target": 12}, {"distance": 1.1416449107932305, "on_path": 0, "source": 7, "target": 26}, {"distance": 0.5774503234715986, "on_path": 1, "source": 7, "target": 13}, {"distance": 0.22534170975982637, "on_path": 1, "source": 7, "target": 21}, {"distance": 0.8670927861565147, "on_path": 0, "source": 7, "target": 34}, {"distance": 0.6388084265078451, "on_path": 0, "source": 8, "target": 12}, {"distance": 0.48579219445047056, "on_path": 0, "source": 8, "target": 11}, {"distance": 0.724138652277852, "on_path": 0, "source": 9, "target": 23}, {"distance": 1.0063197207942292, "on_path": 0, "source": 9, "target": 18}, {"distance": 1.4805122847122845, "on_path": 0, "source": 9, "target": 34}, {"distance": 0.5176788557092483, "on_path": 0, "source": 9, "target": 20}, {"distance": 0.6534832987616191, "on_path": 1, "source": 9, "target": 21}, {"distance": 1.0064574106151407, "on_path": 0, "source": 10, "target": 16}, {"distance": 0.9008410445102165, "on_path": 0, "source": 10, "target": 12}, {"distance": 1.0018767435288742, "on_path": 0, "source": 10, "target": 26}, {"distance": 0.9669241104598215, "on_path": 0, "source": 11, "target": 27}, {"distance": 1.3732743667742837, "on_path": 0, "source": 11, "target": 26}, {"distance": 1.5577784383794895, "on_path": 0, "source": 11, "target": 15}, {"distance": 1.3945106384861403, "on_path": 0, "source": 12, "target": 29}, {"distance": 0.24442101683901055, "on_path": 0, "source": 12, "target": 38}, {"distance": 1.373808623666397, "on_path": 0, "source": 12, "target": 22}, {"distance": 0.6619067971348463, "on_path": 1, "source": 13, "target": 30}, {"distance": 0.7045883016986463, "on_path": 0, "source": 13, "target": 17}, {"distance": 1.492660605027859, "on_path": 0, "source": 14, "target": 38}, {"distance": 1.5814294312777029, "on_path": 0, "source": 14, "target": 17}, {"distance": 0.45425836289467336, "on_path": 0, "source": 14, "target": 23}, {"distance": 1.7656436824228063, "on_path": 0, "source": 14, "target": 30}, {"distance": 0.07079152416111768, "on_path": 0, "source": 15, "target": 34}, {"distance": 0.9114280325411143, "on_path": 0, "source": 16, "target": 32}, {"distance": 1.6619301516327667, "on_path": 0, "source": 16, "target": 35}, {"distance": 0.9008810080106023, "on_path": 0, "source": 17, "target": 37}, {"distance": 0.1111833388296866, "on_path": 0, "source": 17, "target": 39}, {"distance": 1.7872473631257977, "on_path": 0, "source": 17, "target": 28}, {"distance": 0.7681241734010059, "on_path": 0, "source": 18, "target": 38}, {"distance": 1.0779116689682982, "on_path": 0, "source": 19, "target": 35}, {"distance": 0.40366630351267924, "on_path": 0, "source": 19, "target": 24}, {"distance": 0.4961162879327839, "on_path": 0, "source": 19, "target": 27}, {"distance": 0.11575162530445214, "on_path": 0, "source": 19, "target": 34}, {"distance": 0.6243549561220542, "on_path": 0, "source": 20, "target": 27}, {"distance": 1.0542488247061126, "on_path": 0, "source": 20, "target": 29}, {"distance": 0.4270618223812445, "on_path": 0, "source": 22, "target": 28}, {"distance": 0.4284306999991177, "on_path": 0, "source": 22, "target": 25}, {"distance": 0.7184441611582886, "on_path": 0, "source": 24, "target": 27}, {"distance": 1.7242703273620175, "on_path": 0, "source": 24, "target": 39}, {"distance": 0.7169790503923468, "on_path": 0, "source": 25, "target": 32}, {"distance": 1.1765424493581937, "on_path": 0, "source": 25, "target": 29}, {"distance": 0.9522412235412604, "on_path": 0, "source": 26, "target": 32}, {"distance": 0.8712882083209477, "on_path": 0, "source": 27, "target": 38}, {"distance": 1.084353618878167, "on_path": 0, "source": 28, "target": 31}, {"distance": 0.7338774627995521, "on_path": 0, "source": 28, "target": 32}, {"distance": 0.4790211876685476, "on_path": 0, "source": 31, "target": 32}, {"distance": 1.7946481846590894, "on_path": 0, "source": 33, "target": 39}, {"distance": 1.5282629294812249, "on_path": 0, "source": 33, "target": 38}, {"distance": 0.7344955295989746, "on_path": 0, "source": 35, "target": 36}, {"distance": 0.9201873594090616, "on_path": 0, "source": 35, "target": 37}, {"distance": 2.247109553217223, "on_path": 0, "source": 36, "target": 39}]}