{"directed": false, "multigraph": false, "graph": {}, "nodes": [{"node_features": [0.0, 0.0], "id": 0}, {"node_features": [0.0, 0.0], "id": 1}, {"node_features": [0.0, 0.0], "id": 2}, {"node_features": [0.0, 0.0], "id": 3}, {"node_features": [0.0, 0.0], "id": 4}, {"node_features": [0.0, 0.0], "id": 5}, {"node_features": [0.0, 0.0], "id": 6}, {"node_features": [0.0, 0.0], "id": 7}, {"node_features": [0.0, 0.0], "id": 8}, {"node_features": [0.0, 0.0], "id": 9}, {"node_features": [1.0, 0.0], "id": 10}, {"node_features": [0.0, 0.0], "id": 11}, {"node_features": [0.0, 0.0], "id": 12}, {"node_features": [0.0, 0.0], "id": 13}, {"node_features": [0.0, 0.0], "id": 14}, {"node_features": [0.0, 0.0], "id": 15}, {"node_features": [0.0, 0.0], "id": 16}, {"node_features": [0.0, 0.0], "id": 17}, {"node_features": [0.0, 0.0], "id": 18}, {"node_features": [0.0, 0.0], "id": 19}, {"node_features": [0.0, 0.0], "id": 20}, {"node_features": [0.0, 0.0], "id": 21}, {"node_features": [0.0, 0.0], "id": 22}, {"node_features": [0.0, 1.0], "id": 23}, {"node_features": [0.0, 0.0], "id": 24}, {"node_features": [0.0, 0.0], "id": 25}, {"node_features": [0.0, 0.0], "id": 26}, {"node_features": [0.0, 0.0], "id": 27}, {"node_features": [0.0, 0.0], "id": 28}, {"node_features": [0.0, 0.0], "id": 29}, {"node_features": [0.0, 0.0], "id": 30}, {"node_features": [0.0, 0.0], "id": 31}, {"node_features": [0.0, 0.0], "id": 32}, {"node_features": [0.0, 0.0], "id": 33}, {"node_features": [0.0, 0.0], "id": 34}, {"node_features": [0.0, 0.0], "id": 35}, {"node_features": [0.0, 0.0], "id": 36}, {"node_features": [0.0, 0.0], "id": 37}, {"node_features": [0.0, 0.0], "id": 38}, {"node_features": [0.0, 0.0], "id": 39}], "links": [{"distance": 1.0642347775240315, "on_path": 0, "source": 0, "target": 16}, {"distance": 0.36689854970128705, "on_path": 0, "source": 0, "target": 15}, {"distance": 0.4724905784714156, "on_path": 0, "source": 0, "target": 6}, {"distance": 1.2191836048359337, "on_path": 0, "source": 1, "target": 38}, {"distance": 1.1534221353034209, "on_path": 0, "source": 1, "target": 22}, {"distance": 0.3339728692444146, "on_path": 0, "source": 1, "target": 20}, {"distance": 0.8345277024820046, "on_path": 0, "source": 1, "target": 26}, {"distance": 0.8859869679358486, "on_path": 0, "source": 2, "target": 9}, {"distance": 1.4884213650321718, "on_path": 0, "source": 2, "target": 16}, {"distance": 2.1405288480088767, "on_path": 0, "source": 2, "target": 38}, {"distance": 1.216247592983518, "on_path": 0, "source": 2, "target": 22}, {"distance": 0.7778203200014904, "on_path": 0, "source": 2, "target": 20}, {"distance": 1.3141021392539745, "on_path": 0, "source": 2, "target": 30}, {"distance": 0.41824276424945034, "on_path": 0, "source": 2, "target": 31}, {"distance": 0.2051664754305588, "on_path": 0, "source": 3, "target": 26}, {"distance": 1.7353847299803442, "on_path": 0, "source": 3, "target": 12}, {"distance": 1.8350336549959172, "on_path": 0, "source": 3, "target": 19}, {"distance": 0.7543939287488992, "on_path": 0, "source": 3, "target": 13}, {"distance": 0.7011315735151773, "on_path": 0, "source": 4, "target": 24}, {"distance": 1.5894627093127642, "on_path": 0, "source": 4, "target": 15}, {"distance": 1.543551889450553, "on_path": 0, "source": 4, "target": 17}, {"distance": 0.7697192435442097, "on_path": 0, "source": 4, "target": 25}, {"distance": 1.441490721816456, "on_path": 0, "source": 5, "target": 25}, {"distance": 1.3703627254966062, "on_path": 0, "source": 5, "target": 8}, {"distance": 1.2067857397763961, "on_path": 0, "source": 5, "target": 39}, {"distance": 0.8956725346011376, "on_path": 0, "source": 6, "target": 25}, {"distance": 0.7885165065971415, "on_path": 0, "source": 6, "target": 17}, {"distance": 1.159620340540557, "on_path": 0, "source": 6, "target": 21}, {"distance": 1.8112694621692311, "on_path": 0, "source": 7, "target": 12}, {"distance": 0.2334552288913545, "on_path": 0, "source": 7, "target": 23}, {"distance": 1.8065158900097043, "on_path": 0, "source": 7, "target": 27}, {"distance": 1.276479944842782, "on_path": 0, "source": 8, "target": 15}, {"distance": 1.2806897937106019, "on_path": 0, "source": 8, "target": 23}, {"distance": 0.23482296613797365, "on_path": 0, "source": 8, "target": 26}, {"distance": 1.1738772446117938, "on_path": 0, "source": 8, "target": 27}, {"distance": 0.4590494284635019, "on_path": 0, "source": 8, "target": 25}, {"distance": 2.0062739668107787, "on_path": 0, "source": 8, "target": 38}, {"distance": 0.8315747933015505, "on_path": 0, "source": 9, "target": 15}, {"distance": 0.22413456043845617, "on_path": 0, "source": 9, "target": 13}, {"distance": 0.40860723979119223, "on_path": 0, "source": 9, "target": 32}, {"distance": 1.06118305283134, "on_path": 0, "source": 9, "target": 16}, {"distance": 0.521148346553805, "on_path": 0, "source": 9, "target": 21}, {"distance": 1.389245720767883, "on_path": 0, "source": 10, "target": 38}, {"distance": 1.0188950687832365, "on_path": 0, "source": 10, "target": 34}, {"distance": 0.3370849360739148, "on_path": 1, "source": 10, "target": 24}, {"distance": 1.1867369247940278, "on_path": 0, "source": 11, "target": 21}, {"distance": 1.0775164930205587, "on_path": 1, "source": 11, "target": 24}, {"distance": 1.4002026094838693, "on_path": 0, "source": 11, "target": 31}, {"distance": 1.4478636790838237, "on_path": 1, "source": 11, "target": 32}, {"distance": 1.9076141849945527, "on_path": 0, "source": 11, "target": 36}, {"distance": 0.9174385790820213, "on_path": 0, "source": 11, "target": 29}, {"distance": 1.187521512583685, "on_path": 0, "source": 12, "target": 35}, {"distance": 1.5334456835588852, "on_path": 0, "source": 12, "target": 26}, {"distance": 0.018498957158346256, "on_path": 0, "source": 13, "target": 20}, {"distance": 1.0807704532945475, "on_path": 0, "source": 14, "target": 37}, {"distance": 1.6131395172090301, "on_path": 0, "source": 14, "target": 39}, {"distance": 1.2854402559784206, "on_path": 0, "source": 15, "target": 31}, {"distance": 0.7799693653985014, "on_path": 0, "source": 17, "target": 32}, {"distance": 1.0238827650526487, "on_path": 0, "source": 18, "target": 22}, {"distance": 1.1177873413514818, "on_path": 0, "source": 18, "target": 30}, {"distance": 1.364001621049897, "on_path": 0, "source": 19, "target": 20}, {"distance": 1.1730835296820887, "on_path": 0, "source": 19, "target": 29}, {"distance": 1.2349261045368627, "on_path": 0, "source": 19, "target": 35}, {"distance": 1.6836393358293278, "on_path": 0, "source": 19, "target": 36}, {"distance": 0.8413093921275261, "on_path": 0, "source": 20, "target": 23}, {"distance": 0.3533777778160551, "on_path": 0, "source": 21, "target": 39}, {"distance": 0.5426028602848015, "on_path": 0, "source": 21, "target": 28}, {"distance": 1.4055832805558424, "on_path": 0, "source": 21, "target": 34}, {"distance": 1.7057512951287066, "on_path": 0, "source": 21, "target": 37}, {"distance": 0.8261302704188439, "on_path": 0, "source": 21, "target": 33}, {"distance": 1.5468687131282894, "on_path": 0, "source": 22, "target": 25}, {"distance": 1.9187976493544645, "on_path": 0, "source": 22, "target": 36}, {"distance": 1.7488007749617887, "on_path": 0, "source": 22, "target": 34}, {"distance": 1.4490744915129132, "on_path": 0, "source": 23, "target": 39}, {"distance": 0.5155690964680685, "on_path": 1, "source": 23, "target": 32}, {"distance": 0.47100247203942064, "on_path": 0, "source": 26, "target": 28}, {"distance": 0.913561688158937, "on_path": 0, "source": 29, "target": 32}, {"distance": 0.5296685614772102, "on_path": 0, "source": 29, "target": 33}, {"distance": 1.6659232280166703, "on_path": 0, "source": 30, "target": 34}, {"distance": 1.1959608350069872, "on_path": 0, "source": 32, "target": 37}]}