{"directed": false, "multigraph": false, "graph": {}, "nodes": [{"node_features": [0.0, 0.0], "id": 0}, {"node_features": [0.0, 0.0], "id": 1}, {"node_features": [0.0, 0.0], "id": 2}, {"node_features": [0.0, 0.0], "id": 3}, {"node_features": [0.0, 0.0], "id": 4}, {"node_features": [0.0, 0.0], "id": 5}, {"node_features": [0.0, 0.0], "id": 6}, {"node_features": [0.0, 0.0], "id": 7}, {"node_features": [0.0, 0.0], "id": 8}, {"node_features": [0.0, 1.0], "id": 9}, {"node_features": [0.0, 0.0], "id": 10}, {"node_features": [0.0, 0.0], "id": 11}, {"node_features": [0.0, 0.0], "id": 12}, {"node_features": [0.0, 0.0], "id": 13}, {"node_features": [0.0, 0.0], "id": 14}, {"node_features": [0.0, 0.0], "id": 15}, {"node_features": [0.0, 0.0], "id": 16}, {"node_features": [0.0, 0.0], "id": 17}, {"node_features": [0.0, 0.0], "id": 18}, {"node_features": [0.0, 0.0], "id": 19}, {"node_features": [0.0, 0.0], "id": 20}, {"node_features": [0.0, 0.0], "id": 21}, {"node_features": [0.0, 0.0], "id": 22}, {"node_features": [0.0, 0.0], "id": 23}, {"node_features": [0.0, 0.0], "id": 24}, {"node_features": [0.0, 0.0], "id": 25}, {"node_features": [0.0, 0.0], "id": 26}, {"node_features": [0.0, 0.0], "id": 27}, {"node_features": [0.0, 0.0], "id": 28}, {"node_features": [1.0, 0.0], "id": 29}, {"node_features": [0.0, 0.0], "id": 30}, {"node_features": [0.0, 0.0], "id": 31}, {"node_features": [0.0, 0.0], "id": 32}, {"node_features": [0.0, 0.0], "id": 33}, {"node_features": [0.0, 0.0], "id": 34}, {"node_features": [0.0, 0.0], "id": 35}, {"node_features": [0.0, 0.0], "id": 36}, {"node_features": [0.0, 0.0], "id": 37}, {"node_features": [0.0, 0.0], "id": 38}, {"node_features": [0.0, 0.0], "id": 39}, {"node_features": [0.0, 0.0], "id": 40}, {"node_features": [0.0, 0.0], "id": 41}], "links": [{"distance": 1.445275702192185, "on_path": 0, "source": 0, "target": 6}, {"distance": 0.7884615489671545, "on_path": 0, "source": 0, "target": 21}, {"distance": 1.5704541025167622, "on_path": 0, "source": 0, "target": 16}, {"distance": 1.0877557614835318, "on_path": 0, "source": 0, "target": 34}, {"distance": 0.1885967144610296, "on_path": 1, "source": 1, "target": 35}, {"distance": 0.3368515728321767, "on_path": 1, "source": 1, "target": 4}, {"distance": 0.9018723297343825, "on_path": 0, "source": 2, "target": 25}, {"distance": 0.6135621985237546, "on_path": 0, "source": 2, "target": 16}, {"distance": 0.6584455853116497, "on_path": 0, "source": 2, "target": 39}, {"distance": 0.9728094316000305, "on_path": 0, "source": 3, "target": 8}, {"distance": 1.2301681042337147, "on_path": 0, "source": 3, "target": 4}, {"distance": 0.7410193697898488, "on_path": 0, "source": 3, "target": 28}, {"distance": 1.3948319766384725, "on_path": 0, "source": 3, "target": 29}, {"distance": 0.3809703924920778, "on_path": 0, "source": 3, "target": 18}, {"distance": 1.5209858795850129, "on_path": 0, "source": 4, "target": 18}, {"distance": 0.353750833820117, "on_path": 1, "source": 4, "target": 9}, {"distance": 0.4652185242501204, "on_path": 0, "source": 4, "target": 26}, {"distance": 1.229243813747923, "on_path": 0, "source": 5, "target": 15}, {"distance": 0.8392104407478573, "on_path": 0, "source": 5, "target": 41}, {"distance": 0.2194360204880757, "on_path": 0, "source": 5, "target": 27}, {"distance": 1.015121032937987, "on_path": 0, "source": 6, "target": 27}, {"distance": 0.6878104598118902, "on_path": 0, "source": 6, "target": 16}, {"distance": 1.1579849227379018, "on_path": 0, "source": 6, "target": 29}, {"distance": 0.9604312701310912, "on_path": 0, "source": 6, "target": 37}, {"distance": 0.40531567319091266, "on_path": 0, "source": 6, "target": 38}, {"distance": 0.2505270664894895, "on_path": 0, "source": 7, "target": 27}, {"distance": 0.27523256826993975, "on_path": 0, "source": 7, "target": 29}, {"distance": 1.2953263287840497, "on_path": 0, "source": 7, "target": 37}, {"distance": 1.0230401496675467, "on_path": 0, "source": 8, "target": 11}, {"distance": 1.1596539818806069, "on_path": 0, "source": 8, "target": 30}, {"distance": 1.1689399323834302, "on_path": 0, "source": 8, "target": 38}, {"distance": 1.950930843757629, "on_path": 0, "source": 8, "target": 27}, {"distance": 1.8787922493623928, "on_path": 0, "source": 8, "target": 35}, {"distance": 0.9286591608296145, "on_path": 0, "source": 9, "target": 12}, {"distance": 0.9828374964930118, "on_path": 0, "source": 9, "target": 13}, {"distance": 0.8840920804025154, "on_path": 0, "source": 10, "target": 40}, {"distance": 0.7737963317939955, "on_path": 0, "source": 10, "target": 23}, {"distance": 0.12176741135080738, "on_path": 0, "source": 10, "target": 21}, {"distance": 0.6000783588125637, "on_path": 0, "source": 11, "target": 21}, {"distance": 0.8731176446660057, "on_path": 0, "source": 11, "target": 22}, {"distance": 0.38735453515895163, "on_path": 0, "source": 11, "target": 40}, {"distance": 1.3199655004632882, "on_path": 0, "source": 11, "target": 33}, {"distance": 1.2449204650573793, "on_path": 0, "source": 12, "target": 36}, {"distance": 1.4138164539287652, "on_path": 0, "source": 12, "target": 23}, {"distance": 1.0597463235891154, "on_path": 0, "source": 12, "target": 16}, {"distance": 1.3109163717339702, "on_path": 0, "source": 13, "target": 32}, {"distance": 0.4359203488934724, "on_path": 0, "source": 13, "target": 19}, {"distance": 1.1506271827484331, "on_path": 0, "source": 13, "target": 22}, {"distance": 0.3582713405084828, "on_path": 0, "source": 14, "target": 25}, {"distance": 0.29217873769573, "on_path": 0, "source": 14, "target": 30}, {"distance": 0.38498121277423514, "on_path": 0, "source": 14, "target": 36}, {"distance": 1.2288185445496262, "on_path": 0, "source": 15, "target": 23}, {"distance": 0.7966381345192269, "on_path": 0, "source": 15, "target": 37}, {"distance": 0.45224978591800835, "on_path": 0, "source": 15, "target": 39}, {"distance": 0.9786807917589245, "on_path": 0, "source": 15, "target": 22}, {"distance": 1.5853998638613, "on_path": 0, "source": 16, "target": 20}, {"distance": 1.3623197104551836, "on_path": 0, "source": 17, "target": 27}, {"distance": 0.57839915778206, "on_path": 0, "source": 17, "target": 20}, {"distance": 1.7967151190215596, "on_path": 0, "source": 17, "target": 28}, {"distance": 1.356216096048471, "on_path": 0, "source": 18, "target": 26}, {"distance": 1.0280937274759987, "on_path": 0, "source": 19, "target": 27}, {"distance": 1.5645149126358995, "on_path": 0, "source": 19, "target": 33}, {"distance": 1.5433950592244234, "on_path": 0, "source": 21, "target": 31}, {"distance": 1.1150853849417999, "on_path": 0, "source": 23, "target": 26}, {"distance": 0.69183812183852, "on_path": 0, "source": 23, "target": 32}, {"distance": 0.6271210586650116, "on_path": 0, "source": 24, "target": 36}, {"distance": 0.6978906589636846, "on_path": 0, "source": 24, "target": 30}, {"distance": 0.9180913658139025, "on_path": 0, "source": 24, "target": 25}, {"distance": 0.2555353494548588, "on_path": 0, "source": 25, "target": 39}, {"distance": 0.6667518510171432, "on_path": 0, "source": 25, "target": 36}, {"distance": 0.9859492758977966, "on_path": 0, "source": 25, "target": 31}, {"distance": 1.533536063659921, "on_path": 0, "source": 26, "target": 32}, {"distance": 1.2318438797414322, "on_path": 0, "source": 27, "target": 33}, {"distance": 1.1864837989798707, "on_path": 0, "source": 27, "target": 28}, {"distance": 0.9981633058953574, "on_path": 1, "source": 29, "target": 35}, {"distance": 1.0226841108847158, "on_path": 0, "source": 29, "target": 41}, {"distance": 0.14329271283479222, "on_path": 0, "source": 30, "target": 38}, {"distance": 0.9234070792911429, "on_path": 0, "source": 31, "target": 40}, {"distance": 0.8206105407459854, "on_path": 0, "source": 32, "target": 38}, {"distance": 0.3452021440704269, "on_path": 0, "source": 32, "target": 33}, {"distance": 1.1672805364416121, "on_path": 0, "source": 33, "target": 39}, {"distance": 0.8255292222572481, "on_path": 0, "source": 34, "target": 38}, {"distance": 0.6806346407193299, "on_path": 0, "source": 36, "target": 39}, {"distance": 0.6890072826039924, "on_path": 0, "source": 40, "target": 41}]}