{"directed": false, "multigraph": false, "graph": {}, "nodes": [{"node_features": [0.0, 0.0], "id": 0}, {"node_features": [0.0, 0.0], "id": 1}, {"node_features": [0.0, 0.0], "id": 2}, {"node_features": [0.0, 0.0], "id": 3}, {"node_features": [0.0, 0.0], "id": 4}, {"node_features": [0.0, 0.0], "id": 5}, {"node_features": [0.0, 0.0], "id": 6}, {"node_features": [0.0, 0.0], "id": 7}, {"node_features": [0.0, 0.0], "id": 8}, {"node_features": [0.0, 0.0], "id": 9}, {"node_features": [0.0, 0.0], "id": 10}, {"node_features": [0.0, 0.0], "id": 11}, {"node_features": [0.0, 0.0], "id": 12}, {"node_features": [0.0, 0.0], "id": 13}, {"node_features": [1.0, 0.0], "id": 14}, {"node_features": [0.0, 0.0], "id": 15}, {"node_features": [0.0, 0.0], "id": 16}, {"node_features": [0.0, 0.0], "id": 17}, {"node_features": [0.0, 0.0], "id": 18}, {"node_features": [0.0, 0.0], "id": 19}, {"node_features": [0.0, 0.0], "id": 20}, {"node_features": [0.0, 0.0], "id": 21}, {"node_features": [0.0, 0.0], "id": 22}, {"node_features": [0.0, 0.0], "id": 23}, {"node_features": [0.0, 0.0], "id": 24}, {"node_features": [0.0, 0.0], "id": 25}, {"node_features": [0.0, 0.0], "id": 26}, {"node_features": [0.0, 0.0], "id": 27}, {"node_features": [0.0, 1.0], "id": 28}, {"node_features": [0.0, 0.0], "id": 29}, {"node_features": [0.0, 0.0], "id": 30}, {"node_features": [0.0, 0.0], "id": 31}, {"node_features": [0.0, 0.0], "id": 32}, {"node_features": [0.0, 0.0], "id": 33}, {"node_features": [0.0, 0.0], "id": 34}, {"node_features": [0.0, 0.0], "id": 35}, {"node_features": [0.0, 0.0], "id": 36}, {"node_features": [0.0, 0.0], "id": 37}, {"node_features": [0.0, 0.0], "id": 38}, {"node_features": [0.0, 0.0], "id": 39}, {"node_features": [0.0, 0.0], "id": 40}, {"node_features": [0.0, 0.0], "id": 41}, {"node_features": [0.0, 0.0], "id": 42}, {"node_features": [0.0, 0.0], "id": 43}, {"node_features": [0.0, 0.0], "id": 44}, {"node_features": [0.0, 0.0], "id": 45}], "links": [{"distance": 0.27980842634285236, "on_path": 0, "source": 0, "target": 40}, {"distance": 1.5892628722845454, "on_path": 0, "source": 0, "target": 36}, {"distance": 1.6817948817128558, "on_path": 0, "source": 0, "target": 31}, {"distance": 1.265303962556336, "on_path": 0, "source": 0, "target": 18}, {"distance": 0.38381981515253744, "on_path": 0, "source": 0, "target": 39}, {"distance": 1.1891883786746296, "on_path": 0, "source": 1, "target": 6}, {"distance": 0.6636827397138236, "on_path": 0, "source": 1, "target": 39}, {"distance": 1.2834283303138034, "on_path": 0, "source": 1, "target": 29}, {"distance": 0.3185917023100576, "on_path": 0, "source": 2, "target": 10}, {"distance": 1.165029791736261, "on_path": 0, "source": 2, "target": 16}, {"distance": 1.152173176144349, "on_path": 0, "source": 2, "target": 6}, {"distance": 0.4969462163936518, "on_path": 0, "source": 2, "target": 8}, {"distance": 0.9393029620056557, "on_path": 0, "source": 3, "target": 29}, {"distance": 1.6128145698779623, "on_path": 0, "source": 3, "target": 8}, {"distance": 1.0208500518070855, "on_path": 0, "source": 3, "target": 16}, {"distance": 1.5776641417690624, "on_path": 0, "source": 3, "target": 28}, {"distance": 0.5097825658979382, "on_path": 0, "source": 3, "target": 32}, {"distance": 1.0921804311060457, "on_path": 0, "source": 3, "target": 26}, {"distance": 2.068931787967855, "on_path": 0, "source": 4, "target": 8}, {"distance": 1.8860286274709561, "on_path": 0, "source": 4, "target": 13}, {"distance": 1.7751618225473254, "on_path": 0, "source": 4, "target": 5}, {"distance": 1.2987161025514724, "on_path": 0, "source": 5, "target": 21}, {"distance": 1.3008814360172318, "on_path": 0, "source": 5, "target": 9}, {"distance": 1.2813404864486346, "on_path": 0, "source": 5, "target": 17}, {"distance": 0.8779126527429826, "on_path": 0, "source": 5, "target": 29}, {"distance": 1.2691533514652948, "on_path": 0, "source": 5, "target": 22}, {"distance": 1.039314879660456, "on_path": 1, "source": 6, "target": 28}, {"distance": 1.1520763526351419, "on_path": 0, "source": 6, "target": 25}, {"distance": 1.0754074307765737, "on_path": 0, "source": 6, "target": 38}, {"distance": 0.6865936090657581, "on_path": 0, "source": 6, "target": 16}, {"distance": 1.0329615845220539, "on_path": 1, "source": 6, "target": 42}, {"distance": 1.3099148634620053, "on_path": 0, "source": 7, "target": 21}, {"distance": 0.8338900511188136, "on_path": 0, "source": 7, "target": 26}, {"distance": 1.456570818239545, "on_path": 0, "source": 7, "target": 14}, {"distance": 1.8159285322589023, "on_path": 0, "source": 7, "target": 32}, {"distance": 0.44462148490369163, "on_path": 0, "source": 8, "target": 18}, {"distance": 0.40268955059522793, "on_path": 0, "source": 8, "target": 43}, {"distance": 0.2576080790921519, "on_path": 0, "source": 8, "target": 10}, {"distance": 1.582155719297548, "on_path": 0, "source": 8, "target": 21}, {"distance": 1.3077233377104724, "on_path": 0, "source": 9, "target": 28}, {"distance": 0.9842694623444181, "on_path": 0, "source": 9, "target": 11}, {"distance": 1.2562023202919894, "on_path": 0, "source": 10, "target": 20}, {"distance": 0.4615732336699052, "on_path": 0, "source": 10, "target": 25}, {"distance": 0.23814578581906048, "on_path": 0, "source": 10, "target": 31}, {"distance": 0.7394520861911646, "on_path": 0, "source": 11, "target": 29}, {"distance": 0.18964681345191695, "on_path": 0, "source": 11, "target": 30}, {"distance": 0.5516277767961217, "on_path": 0, "source": 12, "target": 29}, {"distance": 1.37921639171844, "on_path": 0, "source": 12, "target": 31}, {"distance": 0.8402434621445111, "on_path": 1, "source": 13, "target": 14}, {"distance": 1.113928250951877, "on_path": 0, "source": 13, "target": 32}, {"distance": 0.7429194978073103, "on_path": 1, "source": 13, "target": 42}, {"distance": 0.5404188386081118, "on_path": 0, "source": 14, "target": 23}, {"distance": 2.1780339116222596, "on_path": 0, "source": 15, "target": 36}, {"distance": 1.7765487591035987, "on_path": 0, "source": 15, "target": 43}, {"distance": 1.212267181899811, "on_path": 0, "source": 15, "target": 44}, {"distance": 1.1765483499594858, "on_path": 0, "source": 16, "target": 31}, {"distance": 1.1067186073563655, "on_path": 0, "source": 17, "target": 29}, {"distance": 0.8840958028143158, "on_path": 0, "source": 17, "target": 44}, {"distance": 1.0699139865991723, "on_path": 0, "source": 17, "target": 28}, {"distance": 1.1926400536544703, "on_path": 0, "source": 17, "target": 35}, {"distance": 1.0353462551635475, "on_path": 0, "source": 18, "target": 35}, {"distance": 0.3831073039157253, "on_path": 0, "source": 18, "target": 33}, {"distance": 1.8312490349329391, "on_path": 0, "source": 19, "target": 31}, {"distance": 0.28846651907436954, "on_path": 0, "source": 19, "target": 37}, {"distance": 1.1211926813490378, "on_path": 0, "source": 19, "target": 44}, {"distance": 1.1251354068610355, "on_path": 0, "source": 19, "target": 29}, {"distance": 1.2451214783925442, "on_path": 0, "source": 19, "target": 45}, {"distance": 0.8132198357298027, "on_path": 0, "source": 20, "target": 34}, {"distance": 0.519792007251441, "on_path": 0, "source": 20, "target": 45}, {"distance": 0.579475410218476, "on_path": 0, "source": 20, "target": 28}, {"distance": 1.1177868161257258, "on_path": 0, "source": 21, "target": 24}, {"distance": 1.105278926431705, "on_path": 0, "source": 21, "target": 30}, {"distance": 1.3611106022183939, "on_path": 0, "source": 22, "target": 39}, {"distance": 1.9217888541364674, "on_path": 0, "source": 22, "target": 34}, {"distance": 1.343943128203178, "on_path": 0, "source": 23, "target": 36}, {"distance": 1.3541671647113986, "on_path": 0, "source": 24, "target": 40}, {"distance": 0.5127859611690331, "on_path": 0, "source": 24, "target": 33}, {"distance": 0.5907676582634929, "on_path": 0, "source": 24, "target": 42}, {"distance": 0.15687346056940887, "on_path": 0, "source": 24, "target": 43}, {"distance": 1.5522228936683948, "on_path": 0, "source": 25, "target": 41}, {"distance": 0.5546981298520864, "on_path": 0, "source": 25, "target": 36}, {"distance": 1.3113419052317636, "on_path": 0, "source": 26, "target": 31}, {"distance": 0.5868492932588781, "on_path": 0, "source": 26, "target": 40}, {"distance": 0.3814965492407963, "on_path": 0, "source": 27, "target": 44}, {"distance": 0.6861811908618842, "on_path": 0, "source": 27, "target": 37}, {"distance": 0.7869985243339653, "on_path": 0, "source": 27, "target": 34}, {"distance": 1.388931769480573, "on_path": 0, "source": 27, "target": 38}, {"distance": 1.074795152666658, "on_path": 0, "source": 28, "target": 41}, {"distance": 1.8981772367483802, "on_path": 0, "source": 31, "target": 40}, {"distance": 0.9489501367318168, "on_path": 0, "source": 34, "target": 43}, {"distance": 1.0293729988102014, "on_path": 0, "source": 37, "target": 45}, {"distance": 0.8384125137839946, "on_path": 0, "source": 39, "target": 42}]}