{"directed": false, "multigraph": false, "graph": {}, "nodes": [{"node_features": [0.0, 0.0], "id": 0}, {"node_features": [0.0, 0.0], "id": 1}, {"node_features": [0.0, 0.0], "id": 2}, {"node_features": [0.0, 0.0], "id": 3}, {"node_features": [0.0, 0.0], "id": 4}, {"node_features": [0.0, 0.0], "id": 5}, {"node_features": [0.0, 0.0], "id": 6}, {"node_features": [0.0, 0.0], "id": 7}, {"node_features": [0.0, 0.0], "id": 8}, {"node_features": [0.0, 0.0], "id": 9}, {"node_features": [0.0, 0.0], "id": 10}, {"node_features": [0.0, 0.0], "id": 11}, {"node_features": [0.0, 0.0], "id": 12}, {"node_features": [0.0, 1.0], "id": 13}, {"node_features": [0.0, 0.0], "id": 14}, {"node_features": [0.0, 0.0], "id": 15}, {"node_features": [0.0, 0.0], "id": 16}, {"node_features": [0.0, 0.0], "id": 17}, {"node_features": [0.0, 0.0], "id": 18}, {"node_features": [0.0, 0.0], "id": 19}, {"node_features": [0.0, 0.0], "id": 20}, {"node_features": [0.0, 0.0], "id": 21}, {"node_features": [0.0, 0.0], "id": 22}, {"node_features": [0.0, 0.0], "id": 23}, {"node_features": [0.0, 0.0], "id": 24}, {"node_features": [0.0, 0.0], "id": 25}, {"node_features": [0.0, 0.0], "id": 26}, {"node_features": [0.0, 0.0], "id": 27}, {"node_features": [0.0, 0.0], "id": 28}, {"node_features": [0.0, 0.0], "id": 29}, {"node_features": [0.0, 0.0], "id": 30}, {"node_features": [0.0, 0.0], "id": 31}, {"node_features": [0.0, 0.0], "id": 32}, {"node_features": [0.0, 0.0], "id": 33}, {"node_features": [0.0, 0.0], "id": 34}, {"node_features": [0.0, 0.0], "id": 35}, {"node_features": [0.0, 0.0], "id": 36}, {"node_features": [0.0, 0.0], "id": 37}, {"node_features": [0.0, 0.0], "id": 38}, {"node_features": [0.0, 0.0], "id": 39}, {"node_features": [0.0, 0.0], "id": 40}, {"node_features": [1.0, 0.0], "id": 41}, {"node_features": [0.0, 0.0], "id": 42}, {"node_features": [0.0, 0.0], "id": 43}, {"node_features": [0.0, 0.0], "id": 44}, {"node_features": [0.0, 0.0], "id": 45}, {"node_features": [0.0, 0.0], "id": 46}], "links": [{"distance": 0.8137741874876733, "on_path": 0, "source": 0, "target": 11}, {"distance": 0.7068858306672021, "on_path": 0, "source": 0, "target": 3}, {"distance": 0.5628595134471359, "on_path": 0, "source": 0, "target": 7}, {"distance": 0.7410979543051026, "on_path": 0, "source": 1, "target": 16}, {"distance": 1.4958902170538613, "on_path": 0, "source": 1, "target": 30}, {"distance": 1.1775657698477298, "on_path": 0, "source": 2, "target": 44}, {"distance": 1.0645624708218013, "on_path": 0, "source": 2, "target": 43}, {"distance": 0.6379371950627585, "on_path": 0, "source": 2, "target": 26}, {"distance": 0.9678665372048869, "on_path": 0, "source": 2, "target": 3}, {"distance": 0.39417385387664944, "on_path": 1, "source": 3, "target": 34}, {"distance": 0.9822493736581586, "on_path": 0, "source": 3, "target": 18}, {"distance": 0.5157770601632455, "on_path": 0, "source": 3, "target": 19}, {"distance": 0.50246611146788, "on_path": 1, "source": 3, "target": 35}, {"distance": 1.265699363491351, "on_path": 0, "source": 4, "target": 44}, {"distance": 1.164079281735038, "on_path": 0, "source": 4, "target": 39}, {"distance": 1.5856972376608864, "on_path": 0, "source": 4, "target": 25}, {"distance": 1.3364366658583808, "on_path": 0, "source": 5, "target": 29}, {"distance": 1.2052417578478927, "on_path": 0, "source": 5, "target": 46}, {"distance": 1.6346452897732315, "on_path": 0, "source": 6, "target": 29}, {"distance": 1.2254780355457824, "on_path": 0, "source": 6, "target": 22}, {"distance": 1.1928674454703192, "on_path": 0, "source": 6, "target": 9}, {"distance": 1.6717826636558757, "on_path": 0, "source": 6, "target": 13}, {"distance": 1.795230380758297, "on_path": 0, "source": 6, "target": 36}, {"distance": 0.6029195028941264, "on_path": 0, "source": 7, "target": 39}, {"distance": 0.5057850706879632, "on_path": 0, "source": 7, "target": 15}, {"distance": 0.48805807574305393, "on_path": 0, "source": 8, "target": 45}, {"distance": 0.9831275855674095, "on_path": 0, "source": 8, "target": 29}, {"distance": 1.4917149908744494, "on_path": 0, "source": 8, "target": 35}, {"distance": 0.49794321242928763, "on_path": 0, "source": 8, "target": 21}, {"distance": 1.2937786577504031, "on_path": 0, "source": 9, "target": 28}, {"distance": 1.6344735432919189, "on_path": 0, "source": 9, "target": 40}, {"distance": 0.1589878030498414, "on_path": 0, "source": 9, "target": 45}, {"distance": 0.9909241516434473, "on_path": 0, "source": 10, "target": 26}, {"distance": 0.25943670702535343, "on_path": 0, "source": 10, "target": 23}, {"distance": 1.4830280982503252, "on_path": 0, "source": 10, "target": 28}, {"distance": 1.1286741900270598, "on_path": 0, "source": 10, "target": 27}, {"distance": 1.1343818196372608, "on_path": 0, "source": 11, "target": 14}, {"distance": 1.4599635859598716, "on_path": 0, "source": 11, "target": 25}, {"distance": 1.3756672671046035, "on_path": 0, "source": 11, "target": 24}, {"distance": 0.7819036387464636, "on_path": 0, "source": 11, "target": 33}, {"distance": 1.2480250747060522, "on_path": 0, "source": 12, "target": 27}, {"distance": 1.1541165952641539, "on_path": 0, "source": 12, "target": 35}, {"distance": 0.7527951596090587, "on_path": 0, "source": 12, "target": 40}, {"distance": 1.5726611295574167, "on_path": 1, "source": 13, "target": 35}, {"distance": 1.0980275257638223, "on_path": 0, "source": 13, "target": 21}, {"distance": 1.4989104515865161, "on_path": 0, "source": 13, "target": 23}, {"distance": 0.37185104378810313, "on_path": 0, "source": 14, "target": 18}, {"distance": 1.8269125988633814, "on_path": 0, "source": 14, "target": 37}, {"distance": 1.0001515975768487, "on_path": 0, "source": 14, "target": 21}, {"distance": 0.7881205451798006, "on_path": 0, "source": 15, "target": 30}, {"distance": 0.79275453047101, "on_path": 0, "source": 16, "target": 35}, {"distance": 0.6240362282642111, "on_path": 0, "source": 16, "target": 39}, {"distance": 1.8878885909215213, "on_path": 0, "source": 17, "target": 37}, {"distance": 1.4172397355584498, "on_path": 0, "source": 17, "target": 20}, {"distance": 1.4949218418757986, "on_path": 1, "source": 17, "target": 41}, {"distance": 1.1761507847254393, "on_path": 0, "source": 17, "target": 25}, {"distance": 0.16667942162218763, "on_path": 1, "source": 17, "target": 43}, {"distance": 1.448898044884516, "on_path": 0, "source": 18, "target": 28}, {"distance": 0.6502171074274559, "on_path": 0, "source": 19, "target": 27}, {"distance": 0.924492651416806, "on_path": 0, "source": 20, "target": 34}, {"distance": 1.281490391155322, "on_path": 0, "source": 20, "target": 45}, {"distance": 0.4704698606564617, "on_path": 0, "source": 20, "target": 25}, {"distance": 1.8468226506939789, "on_path": 0, "source": 21, "target": 34}, {"distance": 1.4972501329892964, "on_path": 0, "source": 21, "target": 37}, {"distance": 1.0358275402271866, "on_path": 0, "source": 22, "target": 27}, {"distance": 1.4439532491262599, "on_path": 0, "source": 22, "target": 34}, {"distance": 1.5561723623321138, "on_path": 0, "source": 23, "target": 28}, {"distance": 1.121296599537537, "on_path": 0, "source": 23, "target": 38}, {"distance": 1.4612782731002572, "on_path": 0, "source": 23, "target": 29}, {"distance": 1.5644212591889477, "on_path": 0, "source": 23, "target": 42}, {"distance": 1.4845019874271013, "on_path": 0, "source": 24, "target": 36}, {"distance": 1.2791078839117596, "on_path": 0, "source": 24, "target": 42}, {"distance": 0.5681862707255795, "on_path": 0, "source": 24, "target": 46}, {"distance": 0.6634379567143674, "on_path": 0, "source": 24, "target": 44}, {"distance": 0.8824395550668744, "on_path": 0, "source": 24, "target": 39}, {"distance": 1.208096029801511, "on_path": 0, "source": 26, "target": 32}, {"distance": 1.1039504094592572, "on_path": 0, "source": 26, "target": 46}, {"distance": 0.9902845004862522, "on_path": 0, "source": 28, "target": 35}, {"distance": 1.102143331766502, "on_path": 0, "source": 29, "target": 31}, {"distance": 1.5177715414539354, "on_path": 0, "source": 29, "target": 44}, {"distance": 0.9613094571017523, "on_path": 0, "source": 30, "target": 41}, {"distance": 1.861250309839559, "on_path": 0, "source": 30, "target": 36}, {"distance": 0.17397603594339003, "on_path": 0, "source": 31, "target": 42}, {"distance": 0.6509251883233569, "on_path": 0, "source": 32, "target": 38}, {"distance": 0.38975677571736744, "on_path": 0, "source": 32, "target": 35}, {"distance": 0.8143430490030759, "on_path": 0, "source": 33, "target": 42}, {"distance": 0.8769717926926578, "on_path": 1, "source": 34, "target": 43}, {"distance": 1.5629357852935797, "on_path": 0, "source": 36, "target": 45}, {"distance": 1.8414740173426163, "on_path": 0, "source": 37, "target": 46}, {"distance": 0.06164885340476845, "on_path": 0, "source": 38, "target": 44}, {"distance": 1.0870949366910903, "on_path": 0, "source": 39, "target": 44}, {"distance": 1.1120231675885863, "on_path": 0, "source": 40, "target": 46}, {"distance": 1.8205244614588323, "on_path": 0, "source": 40, "target": 41}, {"distance": 1.7437946936349213, "on_path": 0, "source": 44, "target": 45}]}