{"directed": false, "multigraph": false, "graph": {}, "nodes": [{"node_features": [0.0, 0.0], "id": 0}, {"node_features": [0.0, 0.0], "id": 1}, {"node_features": [0.0, 0.0], "id": 2}, {"node_features": [0.0, 0.0], "id": 3}, {"node_features": [0.0, 0.0], "id": 4}, {"node_features": [0.0, 0.0], "id": 5}, {"node_features": [0.0, 1.0], "id": 6}, {"node_features": [0.0, 0.0], "id": 7}, {"node_features": [0.0, 0.0], "id": 8}, {"node_features": [0.0, 0.0], "id": 9}, {"node_features": [1.0, 0.0], "id": 10}, {"node_features": [0.0, 0.0], "id": 11}, {"node_features": [0.0, 0.0], "id": 12}, {"node_features": [0.0, 0.0], "id": 13}, {"node_features": [0.0, 0.0], "id": 14}, {"node_features": [0.0, 0.0], "id": 15}, {"node_features": [0.0, 0.0], "id": 16}, {"node_features": [0.0, 0.0], "id": 17}, {"node_features": [0.0, 0.0], "id": 18}, {"node_features": [0.0, 0.0], "id": 19}, {"node_features": [0.0, 0.0], "id": 20}, {"node_features": [0.0, 0.0], "id": 21}, {"node_features": [0.0, 0.0], "id": 22}, {"node_features": [0.0, 0.0], "id": 23}], "links": [{"distance": 1.500721505702463, "on_path": 0, "source": 0, "target": 16}, {"distance": 1.3821901575243254, "on_path": 0, "source": 0, "target": 19}, {"distance": 0.27510687621097013, "on_path": 0, "source": 0, "target": 8}, {"distance": 1.38866866587533, "on_path": 0, "source": 1, "target": 9}, {"distance": 1.0543573715509043, "on_path": 0, "source": 1, "target": 13}, {"distance": 1.280937582234915, "on_path": 0, "source": 1, "target": 7}, {"distance": 0.7515886732396827, "on_path": 0, "source": 2, "target": 16}, {"distance": 0.2987044875902085, "on_path": 1, "source": 2, "target": 10}, {"distance": 0.35089195043388943, "on_path": 1, "source": 2, "target": 11}, {"distance": 1.0622766207608347, "on_path": 0, "source": 3, "target": 7}, {"distance": 0.26256983766531, "on_path": 0, "source": 3, "target": 9}, {"distance": 0.5437393219798049, "on_path": 0, "source": 3, "target": 22}, {"distance": 0.6178699738772865, "on_path": 0, "source": 4, "target": 15}, {"distance": 1.0421900135602606, "on_path": 0, "source": 4, "target": 21}, {"distance": 0.1415567445592917, "on_path": 0, "source": 4, "target": 20}, {"distance": 0.4783751232367252, "on_path": 0, "source": 5, "target": 23}, {"distance": 1.0178737639338253, "on_path": 0, "source": 5, "target": 15}, {"distance": 0.6577823418087345, "on_path": 0, "source": 5, "target": 11}, {"distance": 0.7150155105685093, "on_path": 0, "source": 5, "target": 18}, {"distance": 0.5977645621263074, "on_path": 0, "source": 5, "target": 21}, {"distance": 0.7556293364902091, "on_path": 1, "source": 6, "target": 20}, {"distance": 1.2507477199769474, "on_path": 0, "source": 6, "target": 22}, {"distance": 0.8233378115076514, "on_path": 0, "source": 6, "target": 7}, {"distance": 1.10959367748863, "on_path": 0, "source": 6, "target": 12}, {"distance": 1.793307478713163, "on_path": 0, "source": 7, "target": 16}, {"distance": 1.7794060687084985, "on_path": 0, "source": 7, "target": 14}, {"distance": 1.7448959274123093, "on_path": 0, "source": 7, "target": 10}, {"distance": 1.293698460443479, "on_path": 0, "source": 8, "target": 17}, {"distance": 1.4634412725725063, "on_path": 0, "source": 8, "target": 22}, {"distance": 1.6743641403922638, "on_path": 0, "source": 8, "target": 9}, {"distance": 1.7611086613294396, "on_path": 0, "source": 8, "target": 16}, {"distance": 1.6822665995953276, "on_path": 0, "source": 9, "target": 16}, {"distance": 0.662572557873167, "on_path": 0, "source": 9, "target": 12}, {"distance": 0.7775628705955542, "on_path": 0, "source": 10, "target": 13}, {"distance": 0.2391379327466441, "on_path": 0, "source": 10, "target": 14}, {"distance": 0.48484161140651905, "on_path": 0, "source": 11, "target": 16}, {"distance": 0.1215028175048116, "on_path": 0, "source": 11, "target": 18}, {"distance": 0.9245983114730768, "on_path": 1, "source": 11, "target": 20}, {"distance": 0.9017205762171192, "on_path": 0, "source": 11, "target": 13}, {"distance": 0.3735011920496502, "on_path": 0, "source": 12, "target": 17}, {"distance": 1.2309824508397242, "on_path": 0, "source": 13, "target": 16}, {"distance": 1.4434852508386897, "on_path": 0, "source": 15, "target": 22}, {"distance": 1.4290978487603416, "on_path": 0, "source": 16, "target": 22}, {"distance": 0.27738731499609104, "on_path": 0, "source": 17, "target": 22}, {"distance": 1.1885413883762046, "on_path": 0, "source": 18, "target": 23}, {"distance": 1.3371939482027944, "on_path": 0, "source": 19, "target": 20}, {"distance": 1.1793128651424523, "on_path": 0, "source": 20, "target": 21}, {"distance": 0.9790327540860227, "on_path": 0, "source": 21, "target": 23}]}