{"directed": false, "multigraph": false, "graph": {}, "nodes": [{"node_features": [0.0, 0.0], "id": 0}, {"node_features": [0.0, 0.0], "id": 1}, {"node_features": [0.0, 0.0], "id": 2}, {"node_features": [0.0, 0.0], "id": 3}, {"node_features": [0.0, 0.0], "id": 4}, {"node_features": [0.0, 0.0], "id": 5}, {"node_features": [0.0, 0.0], "id": 6}, {"node_features": [0.0, 0.0], "id": 7}, {"node_features": [0.0, 0.0], "id": 8}, {"node_features": [0.0, 1.0], "id": 9}, {"node_features": [0.0, 0.0], "id": 10}, {"node_features": [0.0, 0.0], "id": 11}, {"node_features": [0.0, 0.0], "id": 12}, {"node_features": [0.0, 0.0], "id": 13}, {"node_features": [0.0, 0.0], "id": 14}, {"node_features": [0.0, 0.0], "id": 15}, {"node_features": [1.0, 0.0], "id": 16}, {"node_features": [0.0, 0.0], "id": 17}, {"node_features": [0.0, 0.0], "id": 18}, {"node_features": [0.0, 0.0], "id": 19}, {"node_features": [0.0, 0.0], "id": 20}, {"node_features": [0.0, 0.0], "id": 21}, {"node_features": [0.0, 0.0], "id": 22}, {"node_features": [0.0, 0.0], "id": 23}, {"node_features": [0.0, 0.0], "id": 24}, {"node_features": [0.0, 0.0], "id": 25}, {"node_features": [0.0, 0.0], "id": 26}, {"node_features": [0.0, 0.0], "id": 27}, {"node_features": [0.0, 0.0], "id": 28}, {"node_features": [0.0, 0.0], "id": 29}], "links": [{"distance": 1.0557641261437123, "on_path": 0, "source": 0, "target": 15}, {"distance": 0.8301380107075391, "on_path": 0, "source": 0, "target": 1}, {"distance": 0.3092234805393041, "on_path": 0, "source": 0, "target": 18}, {"distance": 0.5630887186733204, "on_path": 0, "source": 0, "target": 25}, {"distance": 0.6887787469287178, "on_path": 0, "source": 1, "target": 7}, {"distance": 1.4264587006129072, "on_path": 0, "source": 1, "target": 22}, {"distance": 0.6663426357004849, "on_path": 0, "source": 1, "target": 28}, {"distance": 1.19027932553237, "on_path": 0, "source": 2, "target": 28}, {"distance": 2.0294777335497636, "on_path": 0, "source": 2, "target": 13}, {"distance": 1.0624247288322641, "on_path": 0, "source": 2, "target": 9}, {"distance": 0.7142746916406106, "on_path": 0, "source": 2, "target": 14}, {"distance": 0.3605585265233455, "on_path": 0, "source": 2, "target": 27}, {"distance": 0.8876364807298402, "on_path": 1, "source": 3, "target": 15}, {"distance": 1.0750831862978996, "on_path": 0, "source": 3, "target": 24}, {"distance": 1.0555988713832765, "on_path": 1, "source": 3, "target": 13}, {"distance": 0.8378649977162383, "on_path": 0, "source": 4, "target": 24}, {"distance": 0.7937103588093615, "on_path": 0, "source": 4, "target": 5}, {"distance": 1.1593358648743857, "on_path": 0, "source": 4, "target": 16}, {"distance": 0.8330398681579396, "on_path": 0, "source": 5, "target": 18}, {"distance": 0.9747439933674303, "on_path": 0, "source": 5, "target": 25}, {"distance": 0.4307649772788772, "on_path": 0, "source": 5, "target": 26}, {"distance": 1.1654413903249348, "on_path": 0, "source": 5, "target": 12}, {"distance": 1.155471203370596, "on_path": 0, "source": 5, "target": 19}, {"distance": 0.9466336076042189, "on_path": 0, "source": 6, "target": 18}, {"distance": 1.2208995783292538, "on_path": 0, "source": 6, "target": 21}, {"distance": 0.5330080115295764, "on_path": 0, "source": 6, "target": 26}, {"distance": 0.6190353925846813, "on_path": 0, "source": 7, "target": 17}, {"distance": 0.9021342750151851, "on_path": 0, "source": 7, "target": 23}, {"distance": 0.2257711520089902, "on_path": 0, "source": 7, "target": 12}, {"distance": 1.4105067597516399, "on_path": 0, "source": 7, "target": 8}, {"distance": 0.90074399172419, "on_path": 0, "source": 8, "target": 16}, {"distance": 1.5751188446339959, "on_path": 0, "source": 8, "target": 19}, {"distance": 1.9938456899060257, "on_path": 0, "source": 8, "target": 17}, {"distance": 1.5059396476602378, "on_path": 0, "source": 9, "target": 23}, {"distance": 0.5959834203847704, "on_path": 1, "source": 9, "target": 15}, {"distance": 0.8100449364487389, "on_path": 0, "source": 9, "target": 12}, {"distance": 1.3445595277482112, "on_path": 0, "source": 10, "target": 21}, {"distance": 0.17771810089365744, "on_path": 0, "source": 10, "target": 27}, {"distance": 0.4592272220236254, "on_path": 0, "source": 10, "target": 15}, {"distance": 0.7336451081692517, "on_path": 0, "source": 10, "target": 26}, {"distance": 1.2696002293713076, "on_path": 0, "source": 11, "target": 29}, {"distance": 0.998183714914836, "on_path": 0, "source": 11, "target": 28}, {"distance": 0.8368800457587807, "on_path": 0, "source": 12, "target": 26}, {"distance": 0.7335978336971913, "on_path": 1, "source": 13, "target": 16}, {"distance": 1.1729600881627378, "on_path": 0, "source": 13, "target": 26}, {"distance": 1.5677261399819675, "on_path": 0, "source": 13, "target": 23}, {"distance": 0.48244851146704226, "on_path": 0, "source": 14, "target": 20}, {"distance": 1.0642122688025364, "on_path": 0, "source": 14, "target": 24}, {"distance": 1.5179745377076066, "on_path": 0, "source": 14, "target": 29}, {"distance": 1.523775728127836, "on_path": 0, "source": 15, "target": 22}, {"distance": 1.1412708750677438, "on_path": 0, "source": 15, "target": 26}, {"distance": 1.1459183252543508, "on_path": 0, "source": 15, "target": 18}, {"distance": 0.493139746586311, "on_path": 0, "source": 15, "target": 25}, {"distance": 0.7165423243616044, "on_path": 0, "source": 16, "target": 29}, {"distance": 1.205296743726445, "on_path": 0, "source": 19, "target": 22}, {"distance": 0.9283643674418209, "on_path": 0, "source": 19, "target": 28}, {"distance": 0.45629153287571717, "on_path": 0, "source": 20, "target": 25}, {"distance": 0.835217534319151, "on_path": 0, "source": 20, "target": 23}, {"distance": 1.4720295340081282, "on_path": 0, "source": 20, "target": 21}, {"distance": 1.6040048299045286, "on_path": 0, "source": 22, "target": 27}]}