{"directed": false, "multigraph": false, "graph": {}, "nodes": [{"node_features": [0.0, 0.0], "id": 0}, {"node_features": [0.0, 0.0], "id": 1}, {"node_features": [0.0, 0.0], "id": 2}, {"node_features": [0.0, 0.0], "id": 3}, {"node_features": [0.0, 0.0], "id": 4}, {"node_features": [0.0, 0.0], "id": 5}, {"node_features": [0.0, 0.0], "id": 6}, {"node_features": [0.0, 0.0], "id": 7}, {"node_features": [0.0, 0.0], "id": 8}, {"node_features": [0.0, 0.0], "id": 9}, {"node_features": [0.0, 0.0], "id": 10}, {"node_features": [1.0, 0.0], "id": 11}, {"node_features": [0.0, 0.0], "id": 12}, {"node_features": [0.0, 0.0], "id": 13}, {"node_features": [0.0, 0.0], "id": 14}, {"node_features": [0.0, 0.0], "id": 15}, {"node_features": [0.0, 0.0], "id": 16}, {"node_features": [0.0, 0.0], "id": 17}, {"node_features": [0.0, 0.0], "id": 18}, {"node_features": [0.0, 0.0], "id": 19}, {"node_features": [0.0, 0.0], "id": 20}, {"node_features": [0.0, 0.0], "id": 21}, {"node_features": [0.0, 0.0], "id": 22}, {"node_features": [0.0, 0.0], "id": 23}, {"node_features": [0.0, 0.0], "id": 24}, {"node_features": [0.0, 0.0], "id": 25}, {"node_features": [0.0, 0.0], "id": 26}, {"node_features": [0.0, 0.0], "id": 27}, {"node_features": [0.0, 0.0], "id": 28}, {"node_features": [0.0, 0.0], "id": 29}, {"node_features": [0.0, 0.0], "id": 30}, {"node_features": [0.0, 0.0], "id": 31}, {"node_features": [0.0, 0.0], "id": 32}, {"node_features": [0.0, 0.0], "id": 33}, {"node_features": [0.0, 1.0], "id": 34}, {"node_features": [0.0, 0.0], "id": 35}, {"node_features": [0.0, 0.0], "id": 36}, {"node_features": [0.0, 0.0], "id": 37}, {"node_features": [0.0, 0.0], "id": 38}, {"node_features": [0.0, 0.0], "id": 39}, {"node_features": [0.0, 0.0], "id": 40}], "links": [{"distance": 0.37035816504381797, "on_path": 0, "source": 0, "target": 31}, {"distance": 1.1867287681822118, "on_path": 0, "source": 0, "target": 9}, {"distance": 1.276296832524581, "on_path": 0, "source": 0, "target": 14}, {"distance": 1.1464159404471832, "on_path": 0, "source": 0, "target": 27}, {"distance": 0.9681707872867498, "on_path": 0, "source": 0, "target": 7}, {"distance": 1.3079790419477648, "on_path": 0, "source": 1, "target": 26}, {"distance": 0.5946116509372641, "on_path": 0, "source": 1, "target": 11}, {"distance": 1.2946136804697457, "on_path": 0, "source": 1, "target": 13}, {"distance": 1.5416443926677956, "on_path": 0, "source": 2, "target": 39}, {"distance": 1.033524904400795, "on_path": 0, "source": 2, "target": 17}, {"distance": 1.6138600511385224, "on_path": 0, "source": 2, "target": 15}, {"distance": 1.288070656516427, "on_path": 0, "source": 2, "target": 29}, {"distance": 1.4480008722555937, "on_path": 0, "source": 3, "target": 14}, {"distance": 0.5945200124320927, "on_path": 0, "source": 3, "target": 12}, {"distance": 1.5402079091461016, "on_path": 0, "source": 3, "target": 6}, {"distance": 0.18765827333353638, "on_path": 0, "source": 4, "target": 28}, {"distance": 0.8895839007656534, "on_path": 0, "source": 4, "target": 11}, {"distance": 0.7677141305299372, "on_path": 0, "source": 4, "target": 15}, {"distance": 1.3434036867633987, "on_path": 0, "source": 5, "target": 29}, {"distance": 1.3262626861471394, "on_path": 0, "source": 5, "target": 40}, {"distance": 0.5123986761489052, "on_path": 0, "source": 5, "target": 36}, {"distance": 0.08398712586535914, "on_path": 0, "source": 5, "target": 21}, {"distance": 1.080819588876425, "on_path": 0, "source": 6, "target": 28}, {"distance": 0.3722929801288383, "on_path": 0, "source": 6, "target": 25}, {"distance": 1.482965816377066, "on_path": 0, "source": 7, "target": 12}, {"distance": 1.7915474909922138, "on_path": 0, "source": 7, "target": 26}, {"distance": 0.8285969216976501, "on_path": 0, "source": 7, "target": 11}, {"distance": 1.0615735965700914, "on_path": 0, "source": 7, "target": 23}, {"distance": 0.7891424262027866, "on_path": 0, "source": 8, "target": 29}, {"distance": 0.5216151048873127, "on_path": 0, "source": 8, "target": 16}, {"distance": 0.9349075114920145, "on_path": 0, "source": 8, "target": 27}, {"distance": 0.07767558759968674, "on_path": 0, "source": 9, "target": 29}, {"distance": 1.7529436387469628, "on_path": 0, "source": 9, "target": 25}, {"distance": 1.097191968412217, "on_path": 0, "source": 10, "target": 13}, {"distance": 0.24306079717659004, "on_path": 0, "source": 10, "target": 22}, {"distance": 1.4539610776255267, "on_path": 0, "source": 11, "target": 17}, {"distance": 0.6031164218794114, "on_path": 0, "source": 11, "target": 24}, {"distance": 1.563004875897304, "on_path": 1, "source": 11, "target": 26}, {"distance": 0.40228505976752105, "on_path": 1, "source": 12, "target": 29}, {"distance": 1.3965639097663578, "on_path": 0, "source": 12, "target": 27}, {"distance": 0.39877867923386284, "on_path": 1, "source": 12, "target": 26}, {"distance": 1.5236590757431154, "on_path": 0, "source": 13, "target": 26}, {"distance": 0.5575305292227785, "on_path": 0, "source": 13, "target": 16}, {"distance": 1.4902317104111886, "on_path": 0, "source": 13, "target": 19}, {"distance": 1.0325656818494793, "on_path": 0, "source": 14, "target": 19}, {"distance": 1.8603747753583475, "on_path": 0, "source": 14, "target": 21}, {"distance": 1.5474371222672445, "on_path": 0, "source": 14, "target": 36}, {"distance": 0.9202390057852254, "on_path": 0, "source": 14, "target": 39}, {"distance": 1.2882480771747002, "on_path": 0, "source": 14, "target": 34}, {"distance": 0.4765433437171003, "on_path": 0, "source": 15, "target": 39}, {"distance": 0.9331650175884108, "on_path": 0, "source": 15, "target": 35}, {"distance": 1.089079033748244, "on_path": 0, "source": 16, "target": 32}, {"distance": 1.0455262380630377, "on_path": 0, "source": 17, "target": 39}, {"distance": 0.39859204229801276, "on_path": 0, "source": 17, "target": 20}, {"distance": 1.4884637730440378, "on_path": 0, "source": 17, "target": 25}, {"distance": 0.11910329067678929, "on_path": 0, "source": 18, "target": 27}, {"distance": 1.5773246995845005, "on_path": 0, "source": 18, "target": 25}, {"distance": 1.5381495735864108, "on_path": 0, "source": 19, "target": 22}, {"distance": 0.44575472215280865, "on_path": 0, "source": 20, "target": 40}, {"distance": 0.8182046991478655, "on_path": 0, "source": 20, "target": 23}, {"distance": 1.1786009050593527, "on_path": 0, "source": 22, "target": 32}, {"distance": 1.1440959186074278, "on_path": 0, "source": 22, "target": 36}, {"distance": 0.8884515917385306, "on_path": 0, "source": 22, "target": 40}, {"distance": 0.46329878716984896, "on_path": 0, "source": 23, "target": 39}, {"distance": 0.3734967504083445, "on_path": 0, "source": 24, "target": 28}, {"distance": 1.346250720320606, "on_path": 0, "source": 26, "target": 31}, {"distance": 0.822884582356926, "on_path": 0, "source": 27, "target": 30}, {"distance": 1.0715338009038369, "on_path": 0, "source": 27, "target": 31}, {"distance": 0.8847154460729925, "on_path": 0, "source": 27, "target": 28}, {"distance": 0.15383131577596482, "on_path": 0, "source": 27, "target": 33}, {"distance": 0.7545173222586111, "on_path": 0, "source": 28, "target": 39}, {"distance": 1.6508610330409954, "on_path": 0, "source": 29, "target": 33}, {"distance": 0.9737889332807148, "on_path": 0, "source": 29, "target": 32}, {"distance": 0.7812871720727337, "on_path": 1, "source": 29, "target": 34}, {"distance": 0.9746105998458761, "on_path": 0, "source": 30, "target": 33}, {"distance": 0.6011277291844642, "on_path": 0, "source": 30, "target": 37}, {"distance": 0.38877282070727476, "on_path": 0, "source": 32, "target": 37}, {"distance": 1.052877751470938, "on_path": 0, "source": 32, "target": 38}, {"distance": 1.457044370671959, "on_path": 0, "source": 33, "target": 37}, {"distance": 0.4999763669678196, "on_path": 0, "source": 34, "target": 37}, {"distance": 1.5095121487858205, "on_path": 0, "source": 35, "target": 36}, {"distance": 0.8454285721534505, "on_path": 0, "source": 35, "target": 38}]}