{"directed": false, "multigraph": false, "graph": {}, "nodes": [{"node_features": [0.0, 0.0], "id": 0}, {"node_features": [0.0, 0.0], "id": 1}, {"node_features": [0.0, 0.0], "id": 2}, {"node_features": [0.0, 0.0], "id": 3}, {"node_features": [0.0, 0.0], "id": 4}, {"node_features": [0.0, 0.0], "id": 5}, {"node_features": [0.0, 0.0], "id": 6}, {"node_features": [0.0, 0.0], "id": 7}, {"node_features": [0.0, 0.0], "id": 8}, {"node_features": [0.0, 0.0], "id": 9}, {"node_features": [0.0, 0.0], "id": 10}, {"node_features": [0.0, 0.0], "id": 11}, {"node_features": [0.0, 0.0], "id": 12}, {"node_features": [0.0, 0.0], "id": 13}, {"node_features": [0.0, 0.0], "id": 14}, {"node_features": [0.0, 0.0], "id": 15}, {"node_features": [0.0, 0.0], "id": 16}, {"node_features": [0.0, 0.0], "id": 17}, {"node_features": [0.0, 0.0], "id": 18}, {"node_features": [0.0, 0.0], "id": 19}, {"node_features": [0.0, 1.0], "id": 20}, {"node_features": [0.0, 0.0], "id": 21}, {"node_features": [0.0, 0.0], "id": 22}, {"node_features": [1.0, 0.0], "id": 23}, {"node_features": [0.0, 0.0], "id": 24}, {"node_features": [0.0, 0.0], "id": 25}, {"node_features": [0.0, 0.0], "id": 26}, {"node_features": [0.0, 0.0], "id": 27}, {"node_features": [0.0, 0.0], "id": 28}, {"node_features": [0.0, 0.0], "id": 29}, {"node_features": [0.0, 0.0], "id": 30}, {"node_features": [0.0, 0.0], "id": 31}, {"node_features": [0.0, 0.0], "id": 32}, {"node_features": [0.0, 0.0], "id": 33}, {"node_features": [0.0, 0.0], "id": 34}, {"node_features": [0.0, 0.0], "id": 35}, {"node_features": [0.0, 0.0], "id": 36}, {"node_features": [0.0, 0.0], "id": 37}, {"node_features": [0.0, 0.0], "id": 38}], "links": [{"distance": 0.20661016018318407, "on_path": 0, "source": 0, "target": 6}, {"distance": 0.18037538667617575, "on_path": 0, "source": 0, "target": 28}, {"distance": 0.35118911013270204, "on_path": 0, "source": 0, "target": 34}, {"distance": 0.8266060331398526, "on_path": 0, "source": 1, "target": 25}, {"distance": 0.6071987933821935, "on_path": 0, "source": 1, "target": 11}, {"distance": 1.8316689162065825, "on_path": 0, "source": 1, "target": 9}, {"distance": 0.5009891409006076, "on_path": 1, "source": 2, "target": 24}, {"distance": 0.9906170302070142, "on_path": 1, "source": 2, "target": 20}, {"distance": 1.118380699357168, "on_path": 0, "source": 3, "target": 38}, {"distance": 0.33572898338590534, "on_path": 0, "source": 3, "target": 23}, {"distance": 1.3142291930666763, "on_path": 0, "source": 3, "target": 4}, {"distance": 1.599813011428335, "on_path": 0, "source": 3, "target": 7}, {"distance": 1.1150354387329717, "on_path": 0, "source": 3, "target": 16}, {"distance": 1.1399371387334922, "on_path": 0, "source": 4, "target": 14}, {"distance": 1.387869227601509, "on_path": 0, "source": 4, "target": 29}, {"distance": 1.4119151295050016, "on_path": 0, "source": 4, "target": 36}, {"distance": 1.790569688525272, "on_path": 0, "source": 4, "target": 17}, {"distance": 0.6832851823669412, "on_path": 0, "source": 4, "target": 18}, {"distance": 0.8172857854856247, "on_path": 0, "source": 4, "target": 33}, {"distance": 0.5840168509926179, "on_path": 0, "source": 5, "target": 38}, {"distance": 1.002650008012987, "on_path": 0, "source": 5, "target": 34}, {"distance": 0.2826949924553568, "on_path": 0, "source": 5, "target": 12}, {"distance": 1.0493756948974415, "on_path": 0, "source": 6, "target": 15}, {"distance": 1.8268859618251618, "on_path": 0, "source": 6, "target": 19}, {"distance": 1.569003709145026, "on_path": 0, "source": 7, "target": 11}, {"distance": 1.4077395836339346, "on_path": 0, "source": 7, "target": 17}, {"distance": 0.746905893497623, "on_path": 0, "source": 7, "target": 32}, {"distance": 1.550690414541285, "on_path": 0, "source": 8, "target": 11}, {"distance": 1.4960663189699461, "on_path": 0, "source": 8, "target": 24}, {"distance": 1.2513059137984117, "on_path": 0, "source": 8, "target": 26}, {"distance": 0.37186062095905625, "on_path": 0, "source": 8, "target": 28}, {"distance": 0.0660391799069954, "on_path": 0, "source": 8, "target": 31}, {"distance": 1.2602519392956417, "on_path": 0, "source": 8, "target": 37}, {"distance": 0.8269376630835588, "on_path": 0, "source": 9, "target": 26}, {"distance": 1.3051949662624414, "on_path": 0, "source": 9, "target": 38}, {"distance": 0.7800245973383262, "on_path": 0, "source": 9, "target": 36}, {"distance": 1.5416928209782021, "on_path": 0, "source": 10, "target": 36}, {"distance": 0.6373490530875658, "on_path": 1, "source": 10, "target": 13}, {"distance": 0.5811632141687221, "on_path": 1, "source": 10, "target": 24}, {"distance": 0.815966681230486, "on_path": 0, "source": 10, "target": 38}, {"distance": 0.37716262282902735, "on_path": 0, "source": 10, "target": 22}, {"distance": 1.07165524401187, "on_path": 0, "source": 11, "target": 16}, {"distance": 2.1857573978480205, "on_path": 0, "source": 11, "target": 20}, {"distance": 1.2875931694699387, "on_path": 0, "source": 11, "target": 25}, {"distance": 1.8100917469804076, "on_path": 0, "source": 11, "target": 19}, {"distance": 1.6598948924254564, "on_path": 0, "source": 11, "target": 14}, {"distance": 1.627110958046138, "on_path": 0, "source": 12, "target": 33}, {"distance": 0.8631519616622354, "on_path": 0, "source": 12, "target": 38}, {"distance": 0.6802332507104922, "on_path": 1, "source": 13, "target": 23}, {"distance": 0.7830475618026721, "on_path": 0, "source": 13, "target": 17}, {"distance": 0.28359795422178113, "on_path": 0, "source": 14, "target": 29}, {"distance": 1.1818811707925085, "on_path": 0, "source": 14, "target": 22}, {"distance": 0.7330373045782053, "on_path": 0, "source": 14, "target": 27}, {"distance": 0.2674057567754436, "on_path": 0, "source": 14, "target": 37}, {"distance": 1.057873620185237, "on_path": 0, "source": 15, "target": 32}, {"distance": 0.9951577828194675, "on_path": 0, "source": 15, "target": 38}, {"distance": 1.2398405208174283, "on_path": 0, "source": 17, "target": 26}, {"distance": 2.209896461537947, "on_path": 0, "source": 17, "target": 35}, {"distance": 1.3320033677750214, "on_path": 0, "source": 18, "target": 29}, {"distance": 1.2238636205950388, "on_path": 0, "source": 19, "target": 25}, {"distance": 1.308350619083471, "on_path": 0, "source": 19, "target": 36}, {"distance": 0.9403370364390138, "on_path": 0, "source": 19, "target": 24}, {"distance": 1.2327750369787838, "on_path": 0, "source": 20, "target": 35}, {"distance": 1.00582925062512, "on_path": 0, "source": 20, "target": 21}, {"distance": 0.4430573103304554, "on_path": 0, "source": 21, "target": 26}, {"distance": 1.7924698839333162, "on_path": 0, "source": 23, "target": 33}, {"distance": 1.9633470895722929, "on_path": 0, "source": 23, "target": 37}, {"distance": 0.21629632938405585, "on_path": 0, "source": 24, "target": 30}, {"distance": 0.6646124229327145, "on_path": 0, "source": 24, "target": 32}, {"distance": 0.7881225750791785, "on_path": 0, "source": 25, "target": 28}, {"distance": 0.7833368201591858, "on_path": 0, "source": 25, "target": 34}, {"distance": 0.5461421982045837, "on_path": 0, "source": 27, "target": 34}, {"distance": 0.30807830627594385, "on_path": 0, "source": 28, "target": 31}, {"distance": 1.2912443514840406, "on_path": 0, "source": 29, "target": 35}, {"distance": 1.089559326507016, "on_path": 0, "source": 29, "target": 30}, {"distance": 1.1855022556642543, "on_path": 0, "source": 30, "target": 35}, {"distance": 0.6067852297580011, "on_path": 0, "source": 32, "target": 38}, {"distance": 0.8013080062276251, "on_path": 0, "source": 34, "target": 36}]}