{"directed": false, "multigraph": false, "graph": {}, "nodes": [{"node_features": [0.0, 0.0], "id": 0}, {"node_features": [0.0, 0.0], "id": 1}, {"node_features": [0.0, 0.0], "id": 2}, {"node_features": [0.0, 0.0], "id": 3}, {"node_features": [0.0, 0.0], "id": 4}, {"node_features": [0.0, 0.0], "id": 5}, {"node_features": [0.0, 0.0], "id": 6}, {"node_features": [0.0, 0.0], "id": 7}, {"node_features": [1.0, 0.0], "id": 8}, {"node_features": [0.0, 1.0], "id": 9}, {"node_features": [0.0, 0.0], "id": 10}, {"node_features": [0.0, 0.0], "id": 11}, {"node_features": [0.0, 0.0], "id": 12}, {"node_features": [0.0, 0.0], "id": 13}, {"node_features": [0.0, 0.0], "id": 14}, {"node_features": [0.0, 0.0], "id": 15}, {"node_features": [0.0, 0.0], "id": 16}, {"node_features": [0.0, 0.0], "id": 17}, {"node_features": [0.0, 0.0], "id": 18}], "links": [{"distance": 0.05577574110625713, "on_path": 1, "source": 0, "target": 7}, {"distance": 0.5326546035674324, "on_path": 1, "source": 0, "target": 9}, {"distance": 1.2782025248282103, "on_path": 0, "source": 0, "target": 1}, {"distance": 0.6938371757217334, "on_path": 0, "source": 1, "target": 11}, {"distance": 1.0819537367714176, "on_path": 0, "source": 1, "target": 6}, {"distance": 1.398097087786536, "on_path": 0, "source": 1, "target": 14}, {"distance": 1.043023287577857, "on_path": 0, "source": 2, "target": 7}, {"distance": 1.6148431275415271, "on_path": 0, "source": 2, "target": 5}, {"distance": 0.7816845994246389, "on_path": 0, "source": 3, "target": 15}, {"distance": 1.2447471111760147, "on_path": 0, "source": 3, "target": 14}, {"distance": 1.2485212265912136, "on_path": 0, "source": 3, "target": 13}, {"distance": 1.2415605415136566, "on_path": 0, "source": 3, "target": 17}, {"distance": 0.2870139003155166, "on_path": 0, "source": 4, "target": 7}, {"distance": 1.003518224751163, "on_path": 0, "source": 4, "target": 16}, {"distance": 0.5730406174251635, "on_path": 0, "source": 4, "target": 12}, {"distance": 1.8539784472155938, "on_path": 0, "source": 5, "target": 18}, {"distance": 0.5567958881910668, "on_path": 0, "source": 5, "target": 13}, {"distance": 1.2758323496796955, "on_path": 0, "source": 5, "target": 6}, {"distance": 1.894840526975652, "on_path": 0, "source": 6, "target": 10}, {"distance": 0.645519029916625, "on_path": 0, "source": 6, "target": 11}, {"distance": 0.9852376075246125, "on_path": 0, "source": 6, "target": 15}, {"distance": 0.9304326467083035, "on_path": 0, "source": 6, "target": 16}, {"distance": 1.5422157015552398, "on_path": 1, "source": 7, "target": 13}, {"distance": 1.6390112244837374, "on_path": 0, "source": 7, "target": 14}, {"distance": 1.2294134711450995, "on_path": 0, "source": 7, "target": 15}, {"distance": 1.9413090573742877, "on_path": 0, "source": 7, "target": 18}, {"distance": 2.137863627202983, "on_path": 0, "source": 7, "target": 10}, {"distance": 1.6614106548497907, "on_path": 0, "source": 8, "target": 18}, {"distance": 1.0800452029375243, "on_path": 1, "source": 8, "target": 13}, {"distance": 1.6073233282926473, "on_path": 0, "source": 8, "target": 14}, {"distance": 1.9930410601680941, "on_path": 0, "source": 9, "target": 17}, {"distance": 1.1387387811899667, "on_path": 0, "source": 10, "target": 13}, {"distance": 1.080870326189908, "on_path": 0, "source": 11, "target": 18}, {"distance": 0.3747725768420408, "on_path": 0, "source": 11, "target": 12}, {"distance": 1.09231967580941, "on_path": 0, "source": 11, "target": 17}, {"distance": 1.3692260464066883, "on_path": 0, "source": 12, "target": 18}, {"distance": 0.992793215564489, "on_path": 0, "source": 14, "target": 18}, {"distance": 1.1972030719525855, "on_path": 0, "source": 17, "target": 18}]}