{"directed": false, "multigraph": false, "graph": {}, "nodes": [{"node_features": [0.0, 0.0], "id": 0}, {"node_features": [0.0, 0.0], "id": 1}, {"node_features": [1.0, 0.0], "id": 2}, {"node_features": [0.0, 0.0], "id": 3}, {"node_features": [0.0, 0.0], "id": 4}, {"node_features": [0.0, 0.0], "id": 5}, {"node_features": [0.0, 0.0], "id": 6}, {"node_features": [0.0, 1.0], "id": 7}, {"node_features": [0.0, 0.0], "id": 8}, {"node_features": [0.0, 0.0], "id": 9}, {"node_features": [0.0, 0.0], "id": 10}, {"node_features": [0.0, 0.0], "id": 11}, {"node_features": [0.0, 0.0], "id": 12}, {"node_features": [0.0, 0.0], "id": 13}, {"node_features": [0.0, 0.0], "id": 14}, {"node_features": [0.0, 0.0], "id": 15}, {"node_features": [0.0, 0.0], "id": 16}, {"node_features": [0.0, 0.0], "id": 17}, {"node_features": [0.0, 0.0], "id": 18}, {"node_features": [0.0, 0.0], "id": 19}, {"node_features": [0.0, 0.0], "id": 20}, {"node_features": [0.0, 0.0], "id": 21}, {"node_features": [0.0, 0.0], "id": 22}, {"node_features": [0.0, 0.0], "id": 23}, {"node_features": [0.0, 0.0], "id": 24}, {"node_features": [0.0, 0.0], "id": 25}, {"node_features": [0.0, 0.0], "id": 26}, {"node_features": [0.0, 0.0], "id": 27}, {"node_features": [0.0, 0.0], "id": 28}, {"node_features": [0.0, 0.0], "id": 29}, {"node_features": [0.0, 0.0], "id": 30}], "links": [{"distance": 1.4758558430310227, "on_path": 0, "source": 0, "target": 9}, {"distance": 1.2001361773952035, "on_path": 0, "source": 0, "target": 24}, {"distance": 1.637392245584759, "on_path": 0, "source": 0, "target": 1}, {"distance": 0.7588064398837425, "on_path": 0, "source": 1, "target": 8}, {"distance": 1.0765231157236796, "on_path": 0, "source": 1, "target": 5}, {"distance": 1.2773462996909637, "on_path": 0, "source": 2, "target": 9}, {"distance": 1.0741172617826782, "on_path": 1, "source": 2, "target": 22}, {"distance": 1.546035088983154, "on_path": 0, "source": 2, "target": 13}, {"distance": 0.7095567759348247, "on_path": 0, "source": 3, "target": 7}, {"distance": 0.39633290625842466, "on_path": 0, "source": 3, "target": 10}, {"distance": 1.2061131884066751, "on_path": 0, "source": 3, "target": 14}, {"distance": 1.2785962962456878, "on_path": 0, "source": 3, "target": 18}, {"distance": 0.2304815078859882, "on_path": 1, "source": 4, "target": 16}, {"distance": 0.5189090207366066, "on_path": 0, "source": 4, "target": 12}, {"distance": 1.1316528758031623, "on_path": 0, "source": 4, "target": 18}, {"distance": 1.2332699879396443, "on_path": 0, "source": 4, "target": 25}, {"distance": 0.39207115206375187, "on_path": 0, "source": 4, "target": 19}, {"distance": 0.23672290123552853, "on_path": 1, "source": 4, "target": 22}, {"distance": 0.6424577864383553, "on_path": 0, "source": 5, "target": 16}, {"distance": 0.8300698984963494, "on_path": 0, "source": 5, "target": 15}, {"distance": 0.9251100188891249, "on_path": 0, "source": 5, "target": 9}, {"distance": 0.9292896169578895, "on_path": 0, "source": 5, "target": 21}, {"distance": 0.610029143190816, "on_path": 0, "source": 6, "target": 22}, {"distance": 1.348250777723747, "on_path": 0, "source": 6, "target": 23}, {"distance": 0.8196684696743722, "on_path": 0, "source": 6, "target": 28}, {"distance": 1.0913409805425538, "on_path": 0, "source": 6, "target": 13}, {"distance": 0.7556824512842705, "on_path": 1, "source": 7, "target": 16}, {"distance": 0.6724743270231536, "on_path": 0, "source": 7, "target": 14}, {"distance": 0.8836939170770911, "on_path": 0, "source": 8, "target": 16}, {"distance": 1.26987428730678, "on_path": 0, "source": 8, "target": 11}, {"distance": 0.9703081417271266, "on_path": 0, "source": 8, "target": 15}, {"distance": 0.2067769006611486, "on_path": 0, "source": 8, "target": 17}, {"distance": 0.21792039334663152, "on_path": 0, "source": 9, "target": 20}, {"distance": 0.6762243482662779, "on_path": 0, "source": 9, "target": 25}, {"distance": 0.8164332120320839, "on_path": 0, "source": 9, "target": 17}, {"distance": 0.07352236761079071, "on_path": 0, "source": 10, "target": 15}, {"distance": 1.0633649638353826, "on_path": 0, "source": 11, "target": 17}, {"distance": 0.604958877953199, "on_path": 0, "source": 11, "target": 19}, {"distance": 1.7361667753520722, "on_path": 0, "source": 12, "target": 25}, {"distance": 1.1594780488585374, "on_path": 0, "source": 12, "target": 24}, {"distance": 0.6919641714961163, "on_path": 0, "source": 13, "target": 17}, {"distance": 1.1068517104821312, "on_path": 0, "source": 13, "target": 19}, {"distance": 1.7302211282244913, "on_path": 0, "source": 13, "target": 21}, {"distance": 0.7813973146373528, "on_path": 0, "source": 13, "target": 20}, {"distance": 1.3717713909779512, "on_path": 0, "source": 13, "target": 25}, {"distance": 0.8853910380499928, "on_path": 0, "source": 14, "target": 20}, {"distance": 1.0822030505184788, "on_path": 0, "source": 14, "target": 16}, {"distance": 1.4959537127742026, "on_path": 0, "source": 15, "target": 20}, {"distance": 0.8975957952639763, "on_path": 0, "source": 15, "target": 21}, {"distance": 0.7400618467092551, "on_path": 0, "source": 15, "target": 29}, {"distance": 0.5514157319002173, "on_path": 0, "source": 16, "target": 29}, {"distance": 0.3509764736395021, "on_path": 0, "source": 16, "target": 27}, {"distance": 0.6717962409784966, "on_path": 0, "source": 16, "target": 30}, {"distance": 0.6857718551729366, "on_path": 0, "source": 18, "target": 29}, {"distance": 1.3109238068380853, "on_path": 0, "source": 18, "target": 22}, {"distance": 0.6395995414355109, "on_path": 0, "source": 19, "target": 27}, {"distance": 1.8692371485054164, "on_path": 0, "source": 20, "target": 28}, {"distance": 0.3272730721263451, "on_path": 0, "source": 22, "target": 26}, {"distance": 0.47811823492449695, "on_path": 0, "source": 23, "target": 30}, {"distance": 1.7455131877069852, "on_path": 0, "source": 25, "target": 30}, {"distance": 1.7654906337125729, "on_path": 0, "source": 25, "target": 26}, {"distance": 1.3028354986749162, "on_path": 0, "source": 26, "target": 28}]}