{"directed": false, "multigraph": false, "graph": {}, "nodes": [{"node_features": [0.0, 0.0], "id": 0}, {"node_features": [0.0, 0.0], "id": 1}, {"node_features": [0.0, 0.0], "id": 2}, {"node_features": [0.0, 0.0], "id": 3}, {"node_features": [0.0, 0.0], "id": 4}, {"node_features": [0.0, 0.0], "id": 5}, {"node_features": [0.0, 0.0], "id": 6}, {"node_features": [0.0, 0.0], "id": 7}, {"node_features": [0.0, 0.0], "id": 8}, {"node_features": [0.0, 0.0], "id": 9}, {"node_features": [0.0, 0.0], "id": 10}, {"node_features": [0.0, 0.0], "id": 11}, {"node_features": [1.0, 0.0], "id": 12}, {"node_features": [0.0, 0.0], "id": 13}, {"node_features": [0.0, 0.0], "id": 14}, {"node_features": [0.0, 0.0], "id": 15}, {"node_features": [0.0, 0.0], "id": 16}, {"node_features": [0.0, 0.0], "id": 17}, {"node_features": [0.0, 0.0], "id": 18}, {"node_features": [0.0, 0.0], "id": 19}, {"node_features": [0.0, 0.0], "id": 20}, {"node_features": [0.0, 0.0], "id": 21}, {"node_features": [0.0, 0.0], "id": 22}, {"node_features": [0.0, 0.0], "id": 23}, {"node_features": [0.0, 0.0], "id": 24}, {"node_features": [0.0, 0.0], "id": 25}, {"node_features": [0.0, 0.0], "id": 26}, {"node_features": [0.0, 0.0], "id": 27}, {"node_features": [0.0, 0.0], "id": 28}, {"node_features": [0.0, 0.0], "id": 29}, {"node_features": [0.0, 1.0], "id": 30}, {"node_features": [0.0, 0.0], "id": 31}, {"node_features": [0.0, 0.0], "id": 32}, {"node_features": [0.0, 0.0], "id": 33}, {"node_features": [0.0, 0.0], "id": 34}], "links": [{"distance": 0.3925499307957389, "on_path": 0, "source": 0, "target": 9}, {"distance": 0.6511608949803555, "on_path": 0, "source": 0, "target": 15}, {"distance": 1.2890242457515177, "on_path": 0, "source": 0, "target": 14}, {"distance": 0.5200413527215965, "on_path": 0, "source": 1, "target": 14}, {"distance": 1.5294256775050061, "on_path": 0, "source": 1, "target": 21}, {"distance": 1.4049682958092007, "on_path": 0, "source": 1, "target": 6}, {"distance": 0.5982859973339728, "on_path": 0, "source": 2, "target": 7}, {"distance": 0.6657812300693421, "on_path": 0, "source": 2, "target": 27}, {"distance": 0.41229999582994104, "on_path": 0, "source": 3, "target": 12}, {"distance": 0.3472605183979841, "on_path": 0, "source": 3, "target": 7}, {"distance": 1.5692014800254603, "on_path": 0, "source": 3, "target": 22}, {"distance": 1.0462040931764216, "on_path": 0, "source": 4, "target": 10}, {"distance": 1.6197299153341136, "on_path": 0, "source": 4, "target": 5}, {"distance": 1.3826132475430546, "on_path": 0, "source": 4, "target": 23}, {"distance": 1.2450732726282685, "on_path": 0, "source": 4, "target": 25}, {"distance": 0.4182233283029586, "on_path": 0, "source": 4, "target": 26}, {"distance": 1.8844486519838817, "on_path": 0, "source": 4, "target": 14}, {"distance": 1.0149357333788536, "on_path": 0, "source": 5, "target": 22}, {"distance": 0.4610286482257966, "on_path": 0, "source": 5, "target": 23}, {"distance": 1.3047083462539453, "on_path": 0, "source": 5, "target": 32}, {"distance": 0.9691348241453482, "on_path": 0, "source": 6, "target": 31}, {"distance": 1.0300549759100521, "on_path": 1, "source": 6, "target": 24}, {"distance": 0.710460417736356, "on_path": 1, "source": 6, "target": 8}, {"distance": 1.1964258583641652, "on_path": 0, "source": 6, "target": 28}, {"distance": 0.21045000311362225, "on_path": 0, "source": 7, "target": 27}, {"distance": 0.7055908211180414, "on_path": 0, "source": 8, "target": 21}, {"distance": 0.5046357259019544, "on_path": 1, "source": 8, "target": 30}, {"distance": 0.35710967250416026, "on_path": 0, "source": 9, "target": 29}, {"distance": 1.2745028528478088, "on_path": 0, "source": 9, "target": 27}, {"distance": 0.22645447321628198, "on_path": 0, "source": 9, "target": 17}, {"distance": 0.980721138071359, "on_path": 0, "source": 9, "target": 24}, {"distance": 1.4246211619796234, "on_path": 0, "source": 10, "target": 31}, {"distance": 0.36462392739575467, "on_path": 0, "source": 10, "target": 17}, {"distance": 1.751213298177132, "on_path": 0, "source": 10, "target": 11}, {"distance": 1.8641261451636075, "on_path": 0, "source": 10, "target": 27}, {"distance": 0.9942515630349643, "on_path": 0, "source": 11, "target": 29}, {"distance": 1.9714012383747814, "on_path": 0, "source": 11, "target": 18}, {"distance": 0.6732953207587604, "on_path": 1, "source": 12, "target": 24}, {"distance": 1.8567353147700143, "on_path": 0, "source": 12, "target": 17}, {"distance": 0.6070125187472629, "on_path": 0, "source": 13, "target": 20}, {"distance": 0.8856966278622944, "on_path": 0, "source": 13, "target": 31}, {"distance": 1.097566865267023, "on_path": 0, "source": 13, "target": 32}, {"distance": 1.5683203462320443, "on_path": 0, "source": 14, "target": 22}, {"distance": 0.8879756711516666, "on_path": 0, "source": 15, "target": 16}, {"distance": 1.2513572988048558, "on_path": 0, "source": 15, "target": 26}, {"distance": 0.08216914674619834, "on_path": 0, "source": 15, "target": 25}, {"distance": 0.5326933729309267, "on_path": 0, "source": 15, "target": 29}, {"distance": 0.022434443445759518, "on_path": 0, "source": 16, "target": 17}, {"distance": 0.5727028330109317, "on_path": 0, "source": 16, "target": 29}, {"distance": 1.0783165775358783, "on_path": 0, "source": 16, "target": 34}, {"distance": 1.089931712803096, "on_path": 0, "source": 16, "target": 31}, {"distance": 0.9619034593815475, "on_path": 0, "source": 17, "target": 23}, {"distance": 0.5757573344095237, "on_path": 0, "source": 17, "target": 18}, {"distance": 1.1200456881310419, "on_path": 0, "source": 17, "target": 30}, {"distance": 1.4676793940125374, "on_path": 0, "source": 18, "target": 34}, {"distance": 0.04078626506821298, "on_path": 0, "source": 19, "target": 25}, {"distance": 0.2859891560652621, "on_path": 0, "source": 19, "target": 34}, {"distance": 0.1794108293545936, "on_path": 0, "source": 19, "target": 23}, {"distance": 1.2230986170729539, "on_path": 0, "source": 20, "target": 27}, {"distance": 1.3497015823258824, "on_path": 0, "source": 20, "target": 30}, {"distance": 1.5845388877135649, "on_path": 0, "source": 20, "target": 26}, {"distance": 1.309143832017572, "on_path": 0, "source": 21, "target": 34}, {"distance": 1.6431289919151006, "on_path": 0, "source": 22, "target": 28}, {"distance": 1.6491504536314903, "on_path": 0, "source": 22, "target": 33}, {"distance": 0.6478070821865604, "on_path": 0, "source": 23, "target": 31}, {"distance": 0.47798523657073605, "on_path": 0, "source": 24, "target": 34}, {"distance": 0.5426979524955771, "on_path": 0, "source": 25, "target": 29}, {"distance": 0.5408623890372254, "on_path": 0, "source": 28, "target": 33}, {"distance": 0.4245940021075856, "on_path": 0, "source": 29, "target": 32}, {"distance": 0.729276459242704, "on_path": 0, "source": 33, "target": 34}]}