{"directed": false, "multigraph": false, "graph": {}, "nodes": [{"node_features": [0.0, 0.0], "id": 0}, {"node_features": [1.0, 0.0], "id": 1}, {"node_features": [0.0, 0.0], "id": 2}, {"node_features": [0.0, 0.0], "id": 3}, {"node_features": [0.0, 0.0], "id": 4}, {"node_features": [0.0, 0.0], "id": 5}, {"node_features": [0.0, 0.0], "id": 6}, {"node_features": [0.0, 0.0], "id": 7}, {"node_features": [0.0, 0.0], "id": 8}, {"node_features": [0.0, 0.0], "id": 9}, {"node_features": [0.0, 0.0], "id": 10}, {"node_features": [0.0, 0.0], "id": 11}, {"node_features": [0.0, 0.0], "id": 12}, {"node_features": [0.0, 1.0], "id": 13}, {"node_features": [0.0, 0.0], "id": 14}, {"node_features": [0.0, 0.0], "id": 15}, {"node_features": [0.0, 0.0], "id": 16}, {"node_features": [0.0, 0.0], "id": 17}, {"node_features": [0.0, 0.0], "id": 18}, {"node_features": [0.0, 0.0], "id": 19}, {"node_features": [0.0, 0.0], "id": 20}, {"node_features": [0.0, 0.0], "id": 21}, {"node_features": [0.0, 0.0], "id": 22}, {"node_features": [0.0, 0.0], "id": 23}, {"node_features": [0.0, 0.0], "id": 24}], "links": [{"distance": 1.351090631290575, "on_path": 0, "source": 0, "target": 5}, {"distance": 0.7545940314130808, "on_path": 0, "source": 0, "target": 24}, {"distance": 0.8981582451483409, "on_path": 0, "source": 0, "target": 12}, {"distance": 1.6192669254577032, "on_path": 0, "source": 1, "target": 6}, {"distance": 1.0922180805750554, "on_path": 0, "source": 1, "target": 21}, {"distance": 1.6507734673882257, "on_path": 0, "source": 1, "target": 14}, {"distance": 1.0130733442086755, "on_path": 0, "source": 1, "target": 11}, {"distance": 0.2612962166860158, "on_path": 1, "source": 1, "target": 18}, {"distance": 1.7115978666149716, "on_path": 0, "source": 2, "target": 10}, {"distance": 0.9587445600314234, "on_path": 0, "source": 2, "target": 7}, {"distance": 1.2758692780488985, "on_path": 0, "source": 3, "target": 19}, {"distance": 1.6514981777537736, "on_path": 0, "source": 3, "target": 8}, {"distance": 0.8893981953679954, "on_path": 0, "source": 3, "target": 7}, {"distance": 2.2042973564282407, "on_path": 0, "source": 4, "target": 14}, {"distance": 0.1661490418455355, "on_path": 0, "source": 4, "target": 11}, {"distance": 1.6718922245777523, "on_path": 0, "source": 5, "target": 9}, {"distance": 1.7025879087644338, "on_path": 0, "source": 5, "target": 20}, {"distance": 1.3980190600950808, "on_path": 0, "source": 5, "target": 7}, {"distance": 0.7072551472321721, "on_path": 0, "source": 5, "target": 21}, {"distance": 0.7061575971779572, "on_path": 0, "source": 6, "target": 23}, {"distance": 1.991762085428963, "on_path": 0, "source": 6, "target": 24}, {"distance": 1.2355212589598144, "on_path": 0, "source": 6, "target": 22}, {"distance": 0.9387931058912894, "on_path": 0, "source": 7, "target": 24}, {"distance": 1.0149171881341974, "on_path": 0, "source": 7, "target": 16}, {"distance": 0.38652230384036934, "on_path": 0, "source": 7, "target": 19}, {"distance": 0.9951944246645935, "on_path": 0, "source": 8, "target": 22}, {"distance": 0.5265349922066858, "on_path": 0, "source": 8, "target": 20}, {"distance": 2.13563110245273, "on_path": 0, "source": 8, "target": 10}, {"distance": 0.645012201348891, "on_path": 1, "source": 9, "target": 18}, {"distance": 1.2031179789931887, "on_path": 1, "source": 9, "target": 23}, {"distance": 1.5276058026622488, "on_path": 0, "source": 9, "target": 14}, {"distance": 0.7814320908735404, "on_path": 0, "source": 10, "target": 23}, {"distance": 1.7453755132341446, "on_path": 0, "source": 11, "target": 21}, {"distance": 0.6845325854596779, "on_path": 0, "source": 12, "target": 19}, {"distance": 1.6739935639410481, "on_path": 0, "source": 12, "target": 17}, {"distance": 0.7696082462068733, "on_path": 1, "source": 13, "target": 23}, {"distance": 1.6124247355670178, "on_path": 0, "source": 13, "target": 17}, {"distance": 0.6806010633674954, "on_path": 0, "source": 13, "target": 16}, {"distance": 0.5673816240063199, "on_path": 0, "source": 14, "target": 21}, {"distance": 1.3445104605504001, "on_path": 0, "source": 14, "target": 15}, {"distance": 0.7820343314601795, "on_path": 0, "source": 14, "target": 23}, {"distance": 1.1302767934392473, "on_path": 0, "source": 15, "target": 20}, {"distance": 0.7772655845898053, "on_path": 0, "source": 15, "target": 18}, {"distance": 0.6902271444329846, "on_path": 0, "source": 15, "target": 22}, {"distance": 0.9042385313424097, "on_path": 0, "source": 15, "target": 19}, {"distance": 0.9290238499489413, "on_path": 0, "source": 16, "target": 20}, {"distance": 1.72507977117641, "on_path": 0, "source": 17, "target": 24}, {"distance": 0.8584629685147663, "on_path": 0, "source": 19, "target": 24}, {"distance": 1.2101301024812432, "on_path": 0, "source": 20, "target": 21}, {"distance": 0.485097847520494, "on_path": 0, "source": 20, "target": 22}]}