{"directed": false, "multigraph": false, "graph": {}, "nodes": [{"node_features": [0.0, 0.0], "id": 0}, {"node_features": [0.0, 0.0], "id": 1}, {"node_features": [0.0, 0.0], "id": 2}, {"node_features": [0.0, 0.0], "id": 3}, {"node_features": [0.0, 0.0], "id": 4}, {"node_features": [0.0, 0.0], "id": 5}, {"node_features": [0.0, 0.0], "id": 6}, {"node_features": [0.0, 0.0], "id": 7}, {"node_features": [0.0, 0.0], "id": 8}, {"node_features": [0.0, 0.0], "id": 9}, {"node_features": [0.0, 0.0], "id": 10}, {"node_features": [0.0, 0.0], "id": 11}, {"node_features": [0.0, 0.0], "id": 12}, {"node_features": [0.0, 0.0], "id": 13}, {"node_features": [0.0, 0.0], "id": 14}, {"node_features": [0.0, 1.0], "id": 15}, {"node_features": [0.0, 0.0], "id": 16}, {"node_features": [1.0, 0.0], "id": 17}, {"node_features": [0.0, 0.0], "id": 18}, {"node_features": [0.0, 0.0], "id": 19}], "links": [{"distance": 0.5213319507013655, "on_path": 0, "source": 0, "target": 15}, {"distance": 0.43260600237336966, "on_path": 0, "source": 0, "target": 1}, {"distance": 1.310668516210128, "on_path": 0, "source": 1, "target": 17}, {"distance": 1.0266512564731136, "on_path": 0, "source": 1, "target": 10}, {"distance": 1.2940685105971712, "on_path": 0, "source": 1, "target": 4}, {"distance": 0.27771277780280007, "on_path": 0, "source": 2, "target": 15}, {"distance": 1.3842437393397942, "on_path": 0, "source": 2, "target": 5}, {"distance": 1.2060938307650924, "on_path": 0, "source": 2, "target": 12}, {"distance": 1.3401997282820153, "on_path": 0, "source": 3, "target": 10}, {"distance": 1.3540507298711004, "on_path": 0, "source": 3, "target": 7}, {"distance": 1.7440577266773893, "on_path": 0, "source": 3, "target": 11}, {"distance": 0.778368013364106, "on_path": 0, "source": 3, "target": 9}, {"distance": 0.14768448773896034, "on_path": 1, "source": 3, "target": 16}, {"distance": 0.43776461609103506, "on_path": 1, "source": 3, "target": 17}, {"distance": 0.8019659660981404, "on_path": 0, "source": 4, "target": 18}, {"distance": 1.2237527587487682, "on_path": 0, "source": 4, "target": 5}, {"distance": 1.3612361985844963, "on_path": 0, "source": 4, "target": 13}, {"distance": 1.5468341832532626, "on_path": 0, "source": 4, "target": 14}, {"distance": 1.0635888801132938, "on_path": 0, "source": 4, "target": 15}, {"distance": 1.0285441168726477, "on_path": 0, "source": 5, "target": 9}, {"distance": 0.5569481863947002, "on_path": 1, "source": 5, "target": 16}, {"distance": 1.11082587259698, "on_path": 1, "source": 5, "target": 15}, {"distance": 0.5193400139166641, "on_path": 0, "source": 6, "target": 11}, {"distance": 0.4661041743761595, "on_path": 0, "source": 6, "target": 9}, {"distance": 1.4232737083976665, "on_path": 0, "source": 6, "target": 18}, {"distance": 1.6858727769107738, "on_path": 0, "source": 7, "target": 17}, {"distance": 1.5247157759218666, "on_path": 0, "source": 7, "target": 18}, {"distance": 1.0282265717796526, "on_path": 0, "source": 7, "target": 8}, {"distance": 0.2389447744645645, "on_path": 0, "source": 8, "target": 13}, {"distance": 0.30798259330968925, "on_path": 0, "source": 8, "target": 12}, {"distance": 1.5583056550966836, "on_path": 0, "source": 8, "target": 18}, {"distance": 0.7474499917077257, "on_path": 0, "source": 9, "target": 16}, {"distance": 1.3372383749836818, "on_path": 0, "source": 10, "target": 17}, {"distance": 2.062267587048322, "on_path": 0, "source": 11, "target": 17}, {"distance": 0.6490212525930393, "on_path": 0, "source": 11, "target": 14}, {"distance": 1.2427598908188422, "on_path": 0, "source": 13, "target": 14}, {"distance": 1.044993022251258, "on_path": 0, "source": 13, "target": 19}, {"distance": 0.20318117308343686, "on_path": 0, "source": 14, "target": 19}, {"distance": 1.0124857276025943, "on_path": 0, "source": 15, "target": 18}, {"distance": 1.215212746906085, "on_path": 0, "source": 16, "target": 19}]}