{"directed": false, "multigraph": false, "graph": {}, "nodes": [{"node_features": [0.0, 0.0], "id": 0}, {"node_features": [0.0, 0.0], "id": 1}, {"node_features": [0.0, 0.0], "id": 2}, {"node_features": [0.0, 0.0], "id": 3}, {"node_features": [0.0, 0.0], "id": 4}, {"node_features": [0.0, 0.0], "id": 5}, {"node_features": [0.0, 0.0], "id": 6}, {"node_features": [0.0, 0.0], "id": 7}, {"node_features": [0.0, 0.0], "id": 8}, {"node_features": [0.0, 0.0], "id": 9}, {"node_features": [0.0, 0.0], "id": 10}, {"node_features": [0.0, 0.0], "id": 11}, {"node_features": [0.0, 0.0], "id": 12}, {"node_features": [0.0, 0.0], "id": 13}, {"node_features": [1.0, 0.0], "id": 14}, {"node_features": [0.0, 0.0], "id": 15}, {"node_features": [0.0, 0.0], "id": 16}, {"node_features": [0.0, 0.0], "id": 17}, {"node_features": [0.0, 0.0], "id": 18}, {"node_features": [0.0, 1.0], "id": 19}, {"node_features": [0.0, 0.0], "id": 20}, {"node_features": [0.0, 0.0], "id": 21}, {"node_features": [0.0, 0.0], "id": 22}, {"node_features": [0.0, 0.0], "id": 23}, {"node_features": [0.0, 0.0], "id": 24}, {"node_features": [0.0, 0.0], "id": 25}, {"node_features": [0.0, 0.0], "id": 26}, {"node_features": [0.0, 0.0], "id": 27}, {"node_features": [0.0, 0.0], "id": 28}, {"node_features": [0.0, 0.0], "id": 29}, {"node_features": [0.0, 0.0], "id": 30}, {"node_features": [0.0, 0.0], "id": 31}, {"node_features": [0.0, 0.0], "id": 32}, {"node_features": [0.0, 0.0], "id": 33}, {"node_features": [0.0, 0.0], "id": 34}, {"node_features": [0.0, 0.0], "id": 35}, {"node_features": [0.0, 0.0], "id": 36}, {"node_features": [0.0, 0.0], "id": 37}], "links": [{"distance": 0.8991086898406869, "on_path": 0, "source": 0, "target": 32}, {"distance": 1.025180650891934, "on_path": 0, "source": 0, "target": 14}, {"distance": 0.48986127831112114, "on_path": 0, "source": 0, "target": 24}, {"distance": 1.0488038811546334, "on_path": 0, "source": 0, "target": 29}, {"distance": 0.4512761822435585, "on_path": 0, "source": 0, "target": 6}, {"distance": 1.0688517545906433, "on_path": 0, "source": 0, "target": 13}, {"distance": 1.2781598652332797, "on_path": 0, "source": 1, "target": 16}, {"distance": 0.7081004320804015, "on_path": 0, "source": 1, "target": 31}, {"distance": 1.3868591372282568, "on_path": 0, "source": 1, "target": 2}, {"distance": 1.3503468863952721, "on_path": 0, "source": 1, "target": 17}, {"distance": 0.6703194085841152, "on_path": 0, "source": 1, "target": 27}, {"distance": 0.9951433554857302, "on_path": 0, "source": 2, "target": 5}, {"distance": 1.773894643664261, "on_path": 0, "source": 2, "target": 19}, {"distance": 0.7387007642170517, "on_path": 0, "source": 2, "target": 33}, {"distance": 0.3478318515306649, "on_path": 0, "source": 2, "target": 3}, {"distance": 1.4527734304089077, "on_path": 0, "source": 2, "target": 18}, {"distance": 1.2042494679076177, "on_path": 0, "source": 3, "target": 17}, {"distance": 0.489880280582548, "on_path": 0, "source": 3, "target": 7}, {"distance": 1.438793222650784, "on_path": 0, "source": 3, "target": 29}, {"distance": 1.1847051679160094, "on_path": 0, "source": 3, "target": 36}, {"distance": 0.613971408672353, "on_path": 0, "source": 4, "target": 8}, {"distance": 0.9406077400691679, "on_path": 1, "source": 4, "target": 26}, {"distance": 1.3082142060054252, "on_path": 0, "source": 4, "target": 16}, {"distance": 1.5181779932176775, "on_path": 0, "source": 4, "target": 9}, {"distance": 0.6518676408004105, "on_path": 1, "source": 4, "target": 19}, {"distance": 1.7576318439559564, "on_path": 0, "source": 4, "target": 30}, {"distance": 0.8967255763924006, "on_path": 0, "source": 5, "target": 33}, {"distance": 0.5232269812494709, "on_path": 0, "source": 5, "target": 17}, {"distance": 0.7408027537596019, "on_path": 0, "source": 5, "target": 8}, {"distance": 1.6525777777859718, "on_path": 0, "source": 5, "target": 22}, {"distance": 0.6696307965646803, "on_path": 0, "source": 6, "target": 33}, {"distance": 0.5601623054335051, "on_path": 0, "source": 6, "target": 16}, {"distance": 0.9061816973461613, "on_path": 0, "source": 6, "target": 18}, {"distance": 1.4531119385687226, "on_path": 0, "source": 6, "target": 27}, {"distance": 0.7376203877444962, "on_path": 0, "source": 7, "target": 23}, {"distance": 1.5483599055342603, "on_path": 0, "source": 7, "target": 30}, {"distance": 1.371157587348901, "on_path": 0, "source": 8, "target": 27}, {"distance": 0.6919924414636198, "on_path": 0, "source": 8, "target": 37}, {"distance": 0.39179981383540285, "on_path": 0, "source": 8, "target": 18}, {"distance": 1.6300763884421914, "on_path": 0, "source": 8, "target": 25}, {"distance": 1.620802796367917, "on_path": 0, "source": 9, "target": 27}, {"distance": 0.9410639397382012, "on_path": 0, "source": 9, "target": 20}, {"distance": 0.9015001871967616, "on_path": 0, "source": 9, "target": 34}, {"distance": 0.7449900387731652, "on_path": 0, "source": 10, "target": 27}, {"distance": 1.13523057931046, "on_path": 0, "source": 10, "target": 20}, {"distance": 1.5676057754945771, "on_path": 0, "source": 11, "target": 15}, {"distance": 1.067138722489821, "on_path": 0, "source": 11, "target": 25}, {"distance": 1.6078049007532156, "on_path": 0, "source": 11, "target": 35}, {"distance": 0.42492917995843454, "on_path": 0, "source": 12, "target": 18}, {"distance": 0.8084478822651946, "on_path": 0, "source": 12, "target": 16}, {"distance": 0.6956025499281687, "on_path": 0, "source": 13, "target": 24}, {"distance": 0.3043993858336222, "on_path": 1, "source": 14, "target": 28}, {"distance": 1.4447660925007886, "on_path": 0, "source": 14, "target": 22}, {"distance": 1.3352508948247925, "on_path": 0, "source": 14, "target": 23}, {"distance": 0.49809790351031447, "on_path": 0, "source": 15, "target": 31}, {"distance": 0.38495529268019657, "on_path": 0, "source": 15, "target": 32}, {"distance": 0.8411867551414601, "on_path": 0, "source": 15, "target": 24}, {"distance": 1.5461086562507877, "on_path": 0, "source": 16, "target": 31}, {"distance": 1.438494208484457, "on_path": 0, "source": 17, "target": 35}, {"distance": 0.8477023861044942, "on_path": 0, "source": 17, "target": 20}, {"distance": 0.898290605103193, "on_path": 0, "source": 17, "target": 24}, {"distance": 0.751875178411773, "on_path": 0, "source": 18, "target": 21}, {"distance": 0.8783924928426162, "on_path": 0, "source": 18, "target": 36}, {"distance": 0.8586126295373266, "on_path": 0, "source": 18, "target": 26}, {"distance": 1.1294247447832029, "on_path": 0, "source": 20, "target": 30}, {"distance": 0.5495077424794146, "on_path": 0, "source": 20, "target": 34}, {"distance": 1.3994202048674098, "on_path": 0, "source": 21, "target": 22}, {"distance": 1.25901037996914, "on_path": 0, "source": 22, "target": 29}, {"distance": 0.8635555436538841, "on_path": 0, "source": 22, "target": 25}, {"distance": 1.127097039661746, "on_path": 0, "source": 23, "target": 31}, {"distance": 0.3372086054841934, "on_path": 1, "source": 26, "target": 28}, {"distance": 1.0383092095182458, "on_path": 0, "source": 29, "target": 36}, {"distance": 0.24626707584231672, "on_path": 0, "source": 29, "target": 32}, {"distance": 1.9912325904388786, "on_path": 0, "source": 30, "target": 31}, {"distance": 1.3079877951300534, "on_path": 0, "source": 33, "target": 36}, {"distance": 1.2943601366786333, "on_path": 0, "source": 33, "target": 37}]}