{"directed": false, "multigraph": false, "graph": {}, "nodes": [{"node_features": [0.0, 0.0], "id": 0}, {"node_features": [0.0, 0.0], "id": 1}, {"node_features": [0.0, 0.0], "id": 2}, {"node_features": [0.0, 0.0], "id": 3}, {"node_features": [0.0, 0.0], "id": 4}, {"node_features": [0.0, 0.0], "id": 5}, {"node_features": [0.0, 0.0], "id": 6}, {"node_features": [0.0, 0.0], "id": 7}, {"node_features": [0.0, 0.0], "id": 8}, {"node_features": [0.0, 0.0], "id": 9}, {"node_features": [0.0, 1.0], "id": 10}, {"node_features": [0.0, 0.0], "id": 11}, {"node_features": [0.0, 0.0], "id": 12}, {"node_features": [0.0, 0.0], "id": 13}, {"node_features": [0.0, 0.0], "id": 14}, {"node_features": [0.0, 0.0], "id": 15}, {"node_features": [0.0, 0.0], "id": 16}, {"node_features": [0.0, 0.0], "id": 17}, {"node_features": [0.0, 0.0], "id": 18}, {"node_features": [0.0, 0.0], "id": 19}, {"node_features": [0.0, 0.0], "id": 20}, {"node_features": [0.0, 0.0], "id": 21}, {"node_features": [0.0, 0.0], "id": 22}, {"node_features": [0.0, 0.0], "id": 23}, {"node_features": [0.0, 0.0], "id": 24}, {"node_features": [0.0, 0.0], "id": 25}, {"node_features": [0.0, 0.0], "id": 26}, {"node_features": [0.0, 0.0], "id": 27}, {"node_features": [0.0, 0.0], "id": 28}, {"node_features": [0.0, 0.0], "id": 29}, {"node_features": [0.0, 0.0], "id": 30}, {"node_features": [0.0, 0.0], "id": 31}, {"node_features": [0.0, 0.0], "id": 32}, {"node_features": [0.0, 0.0], "id": 33}, {"node_features": [0.0, 0.0], "id": 34}, {"node_features": [1.0, 0.0], "id": 35}, {"node_features": [0.0, 0.0], "id": 36}, {"node_features": [0.0, 0.0], "id": 37}, {"node_features": [0.0, 0.0], "id": 38}, {"node_features": [0.0, 0.0], "id": 39}, {"node_features": [0.0, 0.0], "id": 40}], "links": [{"distance": 1.6401867667051848, "on_path": 0, "source": 0, "target": 34}, {"distance": 0.941443467117624, "on_path": 0, "source": 0, "target": 25}, {"distance": 1.2141333792614875, "on_path": 0, "source": 0, "target": 8}, {"distance": 1.0594554123971958, "on_path": 0, "source": 1, "target": 24}, {"distance": 0.5293583033346516, "on_path": 0, "source": 1, "target": 37}, {"distance": 1.2289518716318262, "on_path": 0, "source": 1, "target": 13}, {"distance": 0.5628238141310302, "on_path": 0, "source": 2, "target": 40}, {"distance": 1.233735120597345, "on_path": 0, "source": 2, "target": 9}, {"distance": 0.6871766147134183, "on_path": 0, "source": 2, "target": 11}, {"distance": 1.0729969508221275, "on_path": 0, "source": 2, "target": 39}, {"distance": 0.4187003157755191, "on_path": 0, "source": 2, "target": 13}, {"distance": 0.9851918331051384, "on_path": 0, "source": 2, "target": 15}, {"distance": 1.2221015567967866, "on_path": 0, "source": 2, "target": 37}, {"distance": 0.05148696723795345, "on_path": 1, "source": 3, "target": 31}, {"distance": 0.9177260260647987, "on_path": 1, "source": 3, "target": 23}, {"distance": 0.31720638421115344, "on_path": 0, "source": 3, "target": 36}, {"distance": 0.7828273621173039, "on_path": 0, "source": 3, "target": 12}, {"distance": 0.5692165700751096, "on_path": 0, "source": 4, "target": 11}, {"distance": 2.322852678388737, "on_path": 0, "source": 4, "target": 18}, {"distance": 1.2171548292134977, "on_path": 0, "source": 4, "target": 40}, {"distance": 1.3458236306405207, "on_path": 0, "source": 4, "target": 5}, {"distance": 1.6427861367773906, "on_path": 0, "source": 4, "target": 7}, {"distance": 0.7544343225513851, "on_path": 0, "source": 4, "target": 8}, {"distance": 1.0843639835238208, "on_path": 0, "source": 5, "target": 37}, {"distance": 0.8858223693231337, "on_path": 0, "source": 5, "target": 14}, {"distance": 1.8986287656946874, "on_path": 0, "source": 6, "target": 32}, {"distance": 0.8779657355199256, "on_path": 0, "source": 6, "target": 30}, {"distance": 1.6393348094550562, "on_path": 0, "source": 6, "target": 24}, {"distance": 0.3985591873441227, "on_path": 0, "source": 7, "target": 20}, {"distance": 0.5839231514345506, "on_path": 0, "source": 8, "target": 11}, {"distance": 1.0770107933220223, "on_path": 0, "source": 8, "target": 39}, {"distance": 0.9794358197459807, "on_path": 0, "source": 8, "target": 24}, {"distance": 1.6746298272072517, "on_path": 0, "source": 9, "target": 22}, {"distance": 0.7375679793447556, "on_path": 0, "source": 10, "target": 14}, {"distance": 1.2176009134701402, "on_path": 0, "source": 10, "target": 38}, {"distance": 0.6459325651688185, "on_path": 1, "source": 10, "target": 31}, {"distance": 2.0264020273851875, "on_path": 0, "source": 11, "target": 18}, {"distance": 2.0896721377096066, "on_path": 0, "source": 11, "target": 16}, {"distance": 1.2405013073556257, "on_path": 0, "source": 12, "target": 23}, {"distance": 1.1616682770807512, "on_path": 0, "source": 12, "target": 15}, {"distance": 0.26217467630555813, "on_path": 0, "source": 12, "target": 29}, {"distance": 0.5383294768618951, "on_path": 0, "source": 12, "target": 32}, {"distance": 0.7215287284359267, "on_path": 0, "source": 12, "target": 34}, {"distance": 0.6506631195600838, "on_path": 0, "source": 12, "target": 19}, {"distance": 1.9558343213482154, "on_path": 0, "source": 13, "target": 32}, {"distance": 1.3589431326206571, "on_path": 0, "source": 13, "target": 28}, {"distance": 0.8549783858321576, "on_path": 0, "source": 13, "target": 31}, {"distance": 0.6706885798893589, "on_path": 0, "source": 14, "target": 39}, {"distance": 0.9260236364704504, "on_path": 0, "source": 14, "target": 33}, {"distance": 1.364741206727907, "on_path": 0, "source": 14, "target": 25}, {"distance": 0.2969413452982934, "on_path": 0, "source": 14, "target": 32}, {"distance": 1.4066999887346001, "on_path": 0, "source": 15, "target": 22}, {"distance": 1.8142641803235202, "on_path": 0, "source": 16, "target": 21}, {"distance": 0.6916759767786625, "on_path": 0, "source": 16, "target": 29}, {"distance": 1.1582896691649687, "on_path": 0, "source": 16, "target": 40}, {"distance": 0.20996471906340228, "on_path": 0, "source": 17, "target": 31}, {"distance": 1.3491192475653644, "on_path": 0, "source": 17, "target": 32}, {"distance": 1.422064783782244, "on_path": 0, "source": 17, "target": 18}, {"distance": 1.0046385913564542, "on_path": 0, "source": 19, "target": 27}, {"distance": 1.2261392724512494, "on_path": 0, "source": 19, "target": 25}, {"distance": 0.7782235028316508, "on_path": 0, "source": 19, "target": 33}, {"distance": 1.5412235787501294, "on_path": 0, "source": 20, "target": 36}, {"distance": 0.48286388320958784, "on_path": 0, "source": 20, "target": 33}, {"distance": 0.9781114626235661, "on_path": 0, "source": 20, "target": 23}, {"distance": 0.2330014947750524, "on_path": 0, "source": 20, "target": 28}, {"distance": 1.9230862040099137, "on_path": 0, "source": 20, "target": 38}, {"distance": 1.0022268299742505, "on_path": 0, "source": 21, "target": 40}, {"distance": 2.182224743075528, "on_path": 0, "source": 21, "target": 38}, {"distance": 0.3337258181999853, "on_path": 0, "source": 22, "target": 26}, {"distance": 0.24254332376608023, "on_path": 1, "source": 23, "target": 27}, {"distance": 1.614058871610621, "on_path": 0, "source": 24, "target": 36}, {"distance": 0.926971678494214, "on_path": 0, "source": 24, "target": 26}, {"distance": 1.311579038361529, "on_path": 0, "source": 24, "target": 39}, {"distance": 1.1470600147784775, "on_path": 0, "source": 25, "target": 35}, {"distance": 0.4466689185870451, "on_path": 0, "source": 26, "target": 40}, {"distance": 1.322133371249078, "on_path": 0, "source": 27, "target": 32}, {"distance": 0.9243649872132392, "on_path": 1, "source": 27, "target": 35}, {"distance": 0.5230086819945409, "on_path": 0, "source": 29, "target": 34}, {"distance": 1.2940812904804024, "on_path": 0, "source": 30, "target": 38}, {"distance": 0.6877023627003448, "on_path": 0, "source": 30, "target": 40}, {"distance": 0.2935614530875771, "on_path": 0, "source": 31, "target": 36}, {"distance": 1.2651186337126294, "on_path": 0, "source": 33, "target": 37}]}