{"directed": false, "multigraph": false, "graph": {}, "nodes": [{"node_features": [0.0, 0.0], "id": 0}, {"node_features": [0.0, 0.0], "id": 1}, {"node_features": [0.0, 0.0], "id": 2}, {"node_features": [0.0, 0.0], "id": 3}, {"node_features": [0.0, 0.0], "id": 4}, {"node_features": [1.0, 0.0], "id": 5}, {"node_features": [0.0, 0.0], "id": 6}, {"node_features": [0.0, 0.0], "id": 7}, {"node_features": [0.0, 0.0], "id": 8}, {"node_features": [0.0, 0.0], "id": 9}, {"node_features": [0.0, 0.0], "id": 10}, {"node_features": [0.0, 0.0], "id": 11}, {"node_features": [0.0, 0.0], "id": 12}, {"node_features": [0.0, 0.0], "id": 13}, {"node_features": [0.0, 0.0], "id": 14}, {"node_features": [0.0, 0.0], "id": 15}, {"node_features": [0.0, 0.0], "id": 16}, {"node_features": [0.0, 0.0], "id": 17}, {"node_features": [0.0, 0.0], "id": 18}, {"node_features": [0.0, 0.0], "id": 19}, {"node_features": [0.0, 1.0], "id": 20}, {"node_features": [0.0, 0.0], "id": 21}, {"node_features": [0.0, 0.0], "id": 22}, {"node_features": [0.0, 0.0], "id": 23}, {"node_features": [0.0, 0.0], "id": 24}], "links": [{"distance": 1.671968180872462, "on_path": 0, "source": 0, "target": 3}, {"distance": 0.8863731735777092, "on_path": 0, "source": 0, "target": 22}, {"distance": 0.7442726119481119, "on_path": 0, "source": 0, "target": 8}, {"distance": 0.11456458990822417, "on_path": 0, "source": 0, "target": 11}, {"distance": 1.0289116207099158, "on_path": 0, "source": 0, "target": 13}, {"distance": 1.8042350101895894, "on_path": 0, "source": 0, "target": 16}, {"distance": 1.7851853810953786, "on_path": 0, "source": 1, "target": 18}, {"distance": 1.1020670411891467, "on_path": 0, "source": 1, "target": 6}, {"distance": 1.4866362590150122, "on_path": 0, "source": 1, "target": 10}, {"distance": 1.996152087059538, "on_path": 0, "source": 1, "target": 21}, {"distance": 2.5197974614649743, "on_path": 0, "source": 1, "target": 2}, {"distance": 1.669943464903605, "on_path": 0, "source": 1, "target": 8}, {"distance": 2.303273702648377, "on_path": 0, "source": 1, "target": 14}, {"distance": 1.758857014919905, "on_path": 0, "source": 2, "target": 11}, {"distance": 0.7142129652297526, "on_path": 1, "source": 2, "target": 21}, {"distance": 0.08298705624792518, "on_path": 1, "source": 2, "target": 5}, {"distance": 0.9918840516062611, "on_path": 0, "source": 3, "target": 22}, {"distance": 0.6814491381421708, "on_path": 0, "source": 3, "target": 13}, {"distance": 0.9709050143973378, "on_path": 0, "source": 3, "target": 4}, {"distance": 0.6368721391649844, "on_path": 0, "source": 4, "target": 15}, {"distance": 0.6663216381162816, "on_path": 0, "source": 4, "target": 7}, {"distance": 1.0648998638592106, "on_path": 0, "source": 5, "target": 8}, {"distance": 1.5473701443081638, "on_path": 0, "source": 6, "target": 14}, {"distance": 1.4474990822064573, "on_path": 0, "source": 6, "target": 19}, {"distance": 0.7685110668989292, "on_path": 0, "source": 6, "target": 13}, {"distance": 0.4520599315232749, "on_path": 0, "source": 7, "target": 21}, {"distance": 1.1673942721545165, "on_path": 0, "source": 7, "target": 8}, {"distance": 0.9255760946814271, "on_path": 0, "source": 8, "target": 19}, {"distance": 1.6275626459489103, "on_path": 0, "source": 8, "target": 9}, {"distance": 1.7461990564792693, "on_path": 0, "source": 9, "target": 18}, {"distance": 1.9700472842409376, "on_path": 0, "source": 9, "target": 15}, {"distance": 1.131554022234484, "on_path": 0, "source": 10, "target": 11}, {"distance": 0.8745331503426936, "on_path": 0, "source": 10, "target": 15}, {"distance": 0.4672447981361276, "on_path": 0, "source": 10, "target": 19}, {"distance": 1.4433392602564419, "on_path": 0, "source": 11, "target": 17}, {"distance": 1.6257207687653803, "on_path": 0, "source": 11, "target": 23}, {"distance": 0.6265580031373993, "on_path": 0, "source": 12, "target": 19}, {"distance": 0.7670816339915167, "on_path": 0, "source": 12, "target": 21}, {"distance": 0.8909322901023599, "on_path": 0, "source": 13, "target": 16}, {"distance": 0.33888234822299174, "on_path": 0, "source": 14, "target": 17}, {"distance": 0.37056111963084765, "on_path": 0, "source": 15, "target": 21}, {"distance": 0.43103809585885366, "on_path": 0, "source": 15, "target": 24}, {"distance": 1.0172381976569738, "on_path": 0, "source": 16, "target": 20}, {"distance": 0.10331075479052493, "on_path": 0, "source": 16, "target": 23}, {"distance": 1.1330891323086163, "on_path": 0, "source": 17, "target": 24}, {"distance": 0.2709475328161144, "on_path": 0, "source": 18, "target": 23}, {"distance": 0.9405311411520849, "on_path": 1, "source": 19, "target": 20}, {"distance": 0.1792098212591581, "on_path": 1, "source": 19, "target": 21}, {"distance": 0.9708266741755753, "on_path": 0, "source": 20, "target": 23}, {"distance": 1.4825496495868213, "on_path": 0, "source": 21, "target": 22}]}