{"directed": false, "multigraph": false, "graph": {}, "nodes": [{"node_features": [0.0, 0.0], "id": 0}, {"node_features": [0.0, 0.0], "id": 1}, {"node_features": [0.0, 0.0], "id": 2}, {"node_features": [0.0, 0.0], "id": 3}, {"node_features": [0.0, 0.0], "id": 4}, {"node_features": [0.0, 0.0], "id": 5}, {"node_features": [0.0, 0.0], "id": 6}, {"node_features": [0.0, 0.0], "id": 7}, {"node_features": [0.0, 0.0], "id": 8}, {"node_features": [0.0, 0.0], "id": 9}, {"node_features": [0.0, 0.0], "id": 10}, {"node_features": [0.0, 1.0], "id": 11}, {"node_features": [0.0, 0.0], "id": 12}, {"node_features": [0.0, 0.0], "id": 13}, {"node_features": [0.0, 0.0], "id": 14}, {"node_features": [0.0, 0.0], "id": 15}, {"node_features": [0.0, 0.0], "id": 16}, {"node_features": [0.0, 0.0], "id": 17}, {"node_features": [0.0, 0.0], "id": 18}, {"node_features": [0.0, 0.0], "id": 19}, {"node_features": [0.0, 0.0], "id": 20}, {"node_features": [1.0, 0.0], "id": 21}, {"node_features": [0.0, 0.0], "id": 22}, {"node_features": [0.0, 0.0], "id": 23}, {"node_features": [0.0, 0.0], "id": 24}, {"node_features": [0.0, 0.0], "id": 25}, {"node_features": [0.0, 0.0], "id": 26}, {"node_features": [0.0, 0.0], "id": 27}, {"node_features": [0.0, 0.0], "id": 28}, {"node_features": [0.0, 0.0], "id": 29}], "links": [{"distance": 1.700108455469453, "on_path": 0, "source": 0, "target": 7}, {"distance": 1.920418486195874, "on_path": 0, "source": 0, "target": 22}, {"distance": 0.9122346126443819, "on_path": 0, "source": 0, "target": 13}, {"distance": 1.285302108295716, "on_path": 0, "source": 1, "target": 22}, {"distance": 1.7903655002180703, "on_path": 0, "source": 1, "target": 4}, {"distance": 1.4796331768323427, "on_path": 0, "source": 1, "target": 12}, {"distance": 1.1090105648849236, "on_path": 0, "source": 2, "target": 15}, {"distance": 0.3676021007504838, "on_path": 0, "source": 2, "target": 20}, {"distance": 1.7427023809048254, "on_path": 0, "source": 2, "target": 7}, {"distance": 1.9196227594626984, "on_path": 0, "source": 2, "target": 22}, {"distance": 1.2942318954251228, "on_path": 0, "source": 3, "target": 9}, {"distance": 1.2731776639517967, "on_path": 0, "source": 3, "target": 12}, {"distance": 0.9752743899299219, "on_path": 0, "source": 3, "target": 20}, {"distance": 1.2952624823458905, "on_path": 0, "source": 3, "target": 11}, {"distance": 1.5315308537442733, "on_path": 0, "source": 4, "target": 7}, {"distance": 2.1190126316793836, "on_path": 0, "source": 4, "target": 18}, {"distance": 2.1770532668361273, "on_path": 0, "source": 4, "target": 29}, {"distance": 1.2795188982586498, "on_path": 1, "source": 5, "target": 11}, {"distance": 0.6964217034632099, "on_path": 0, "source": 5, "target": 29}, {"distance": 0.6564206474623812, "on_path": 0, "source": 5, "target": 15}, {"distance": 0.9995513645081989, "on_path": 1, "source": 5, "target": 8}, {"distance": 1.4015442513906955, "on_path": 0, "source": 6, "target": 24}, {"distance": 1.875586209570451, "on_path": 0, "source": 6, "target": 17}, {"distance": 0.8775709972248688, "on_path": 0, "source": 7, "target": 15}, {"distance": 1.013442372965958, "on_path": 1, "source": 8, "target": 18}, {"distance": 1.2477348780524202, "on_path": 0, "source": 8, "target": 28}, {"distance": 1.4443847174960114, "on_path": 0, "source": 9, "target": 12}, {"distance": 0.2488106246484308, "on_path": 0, "source": 9, "target": 17}, {"distance": 1.5809906693452644, "on_path": 0, "source": 9, "target": 16}, {"distance": 0.7219117599143103, "on_path": 0, "source": 9, "target": 10}, {"distance": 0.26664369662738263, "on_path": 0, "source": 9, "target": 24}, {"distance": 1.5227110639948043, "on_path": 0, "source": 9, "target": 25}, {"distance": 0.4122301229684078, "on_path": 0, "source": 10, "target": 26}, {"distance": 1.2398956659258455, "on_path": 0, "source": 10, "target": 29}, {"distance": 0.9926121905379031, "on_path": 0, "source": 11, "target": 14}, {"distance": 1.3356162904225917, "on_path": 0, "source": 11, "target": 19}, {"distance": 0.9497916138549061, "on_path": 0, "source": 11, "target": 26}, {"distance": 0.7261409455246799, "on_path": 0, "source": 12, "target": 25}, {"distance": 1.6768821875557198, "on_path": 0, "source": 13, "target": 20}, {"distance": 1.538808733069363, "on_path": 0, "source": 13, "target": 28}, {"distance": 1.7392247705727792, "on_path": 0, "source": 13, "target": 18}, {"distance": 0.9950954077592947, "on_path": 0, "source": 13, "target": 26}, {"distance": 0.511063716337737, "on_path": 0, "source": 14, "target": 19}, {"distance": 1.2030593397626945, "on_path": 0, "source": 14, "target": 29}, {"distance": 0.6667281880878358, "on_path": 0, "source": 14, "target": 16}, {"distance": 1.3336750023061528, "on_path": 0, "source": 15, "target": 23}, {"distance": 0.3760991233320894, "on_path": 0, "source": 15, "target": 25}, {"distance": 1.1390896090905653, "on_path": 0, "source": 15, "target": 22}, {"distance": 0.7665224128782213, "on_path": 0, "source": 15, "target": 27}, {"distance": 1.0172082086912508, "on_path": 0, "source": 16, "target": 29}, {"distance": 1.517654058959901, "on_path": 0, "source": 16, "target": 24}, {"distance": 1.6694593897207781, "on_path": 0, "source": 16, "target": 17}, {"distance": 0.030430121744629696, "on_path": 1, "source": 18, "target": 21}, {"distance": 1.0565570275436, "on_path": 0, "source": 18, "target": 23}, {"distance": 1.1133618618598868, "on_path": 0, "source": 19, "target": 23}, {"distance": 0.9934297583952958, "on_path": 0, "source": 20, "target": 24}, {"distance": 0.6034218000637994, "on_path": 0, "source": 21, "target": 28}, {"distance": 1.3110030207348604, "on_path": 0, "source": 22, "target": 26}, {"distance": 1.8223908794453179, "on_path": 0, "source": 22, "target": 27}, {"distance": 0.9202094752830776, "on_path": 0, "source": 25, "target": 28}]}