{"directed": false, "multigraph": false, "graph": {}, "nodes": [{"node_features": [0.0, 0.0], "id": 0}, {"node_features": [0.0, 0.0], "id": 1}, {"node_features": [0.0, 0.0], "id": 2}, {"node_features": [0.0, 0.0], "id": 3}, {"node_features": [0.0, 0.0], "id": 4}, {"node_features": [0.0, 0.0], "id": 5}, {"node_features": [0.0, 0.0], "id": 6}, {"node_features": [0.0, 0.0], "id": 7}, {"node_features": [0.0, 0.0], "id": 8}, {"node_features": [0.0, 0.0], "id": 9}, {"node_features": [0.0, 0.0], "id": 10}, {"node_features": [0.0, 0.0], "id": 11}, {"node_features": [0.0, 0.0], "id": 12}, {"node_features": [0.0, 0.0], "id": 13}, {"node_features": [0.0, 1.0], "id": 14}, {"node_features": [0.0, 0.0], "id": 15}, {"node_features": [0.0, 0.0], "id": 16}, {"node_features": [0.0, 0.0], "id": 17}, {"node_features": [0.0, 0.0], "id": 18}, {"node_features": [0.0, 0.0], "id": 19}, {"node_features": [1.0, 0.0], "id": 20}, {"node_features": [0.0, 0.0], "id": 21}, {"node_features": [0.0, 0.0], "id": 22}, {"node_features": [0.0, 0.0], "id": 23}], "links": [{"distance": 0.7320725309818706, "on_path": 0, "source": 0, "target": 20}, {"distance": 1.5280639724189395, "on_path": 0, "source": 0, "target": 10}, {"distance": 1.0178769114702133, "on_path": 0, "source": 0, "target": 3}, {"distance": 0.9457489098074913, "on_path": 0, "source": 1, "target": 9}, {"distance": 1.4622560139440626, "on_path": 0, "source": 1, "target": 2}, {"distance": 1.8191819370431421, "on_path": 0, "source": 1, "target": 20}, {"distance": 1.391279345660132, "on_path": 0, "source": 1, "target": 15}, {"distance": 0.6432737949097536, "on_path": 0, "source": 1, "target": 17}, {"distance": 0.3275568975555679, "on_path": 0, "source": 2, "target": 12}, {"distance": 0.525276777968825, "on_path": 0, "source": 2, "target": 23}, {"distance": 1.8817082319862044, "on_path": 0, "source": 3, "target": 16}, {"distance": 1.1039891887406112, "on_path": 0, "source": 3, "target": 11}, {"distance": 0.24816932872470934, "on_path": 0, "source": 3, "target": 21}, {"distance": 1.1227387841395597, "on_path": 0, "source": 3, "target": 14}, {"distance": 1.0650085683005381, "on_path": 0, "source": 3, "target": 7}, {"distance": 1.3162323565026948, "on_path": 0, "source": 4, "target": 20}, {"distance": 2.0183356533864094, "on_path": 0, "source": 4, "target": 17}, {"distance": 1.7651709494663366, "on_path": 0, "source": 4, "target": 10}, {"distance": 0.9019782952168973, "on_path": 0, "source": 5, "target": 9}, {"distance": 1.0671096747581503, "on_path": 0, "source": 5, "target": 8}, {"distance": 0.950610643831653, "on_path": 0, "source": 5, "target": 19}, {"distance": 1.3114998165328133, "on_path": 0, "source": 5, "target": 20}, {"distance": 0.9898126240640243, "on_path": 0, "source": 6, "target": 21}, {"distance": 1.2099108009953796, "on_path": 0, "source": 6, "target": 20}, {"distance": 1.3596961818261242, "on_path": 0, "source": 6, "target": 16}, {"distance": 0.9780567426205277, "on_path": 0, "source": 6, "target": 22}, {"distance": 0.8512638966066416, "on_path": 1, "source": 7, "target": 20}, {"distance": 0.061480844092731614, "on_path": 1, "source": 7, "target": 18}, {"distance": 0.7340213646381848, "on_path": 0, "source": 8, "target": 13}, {"distance": 0.4126726247965291, "on_path": 0, "source": 8, "target": 15}, {"distance": 0.6103808100836079, "on_path": 0, "source": 8, "target": 21}, {"distance": 1.2313437491591166, "on_path": 0, "source": 9, "target": 16}, {"distance": 1.0153348728624227, "on_path": 0, "source": 9, "target": 17}, {"distance": 1.4678525112662857, "on_path": 0, "source": 9, "target": 14}, {"distance": 1.3355788403280209, "on_path": 0, "source": 10, "target": 15}, {"distance": 0.9476049236906455, "on_path": 0, "source": 11, "target": 21}, {"distance": 1.4845817064178555, "on_path": 0, "source": 11, "target": 12}, {"distance": 0.6806068325402471, "on_path": 0, "source": 11, "target": 23}, {"distance": 1.4227557304867995, "on_path": 0, "source": 12, "target": 18}, {"distance": 0.4665744167569121, "on_path": 1, "source": 13, "target": 14}, {"distance": 0.2345947605971143, "on_path": 1, "source": 13, "target": 22}, {"distance": 0.935624753997513, "on_path": 0, "source": 14, "target": 15}, {"distance": 1.6824631562998464, "on_path": 0, "source": 14, "target": 17}, {"distance": 1.0425912712989496, "on_path": 0, "source": 15, "target": 23}, {"distance": 1.709922273575002, "on_path": 0, "source": 16, "target": 21}, {"distance": 1.6270519735971554, "on_path": 0, "source": 16, "target": 20}, {"distance": 1.091820898385614, "on_path": 0, "source": 17, "target": 19}, {"distance": 0.3168104295581852, "on_path": 1, "source": 18, "target": 22}]}