{"directed": false, "multigraph": false, "graph": {}, "nodes": [{"node_features": [0.0, 0.0], "id": 0}, {"node_features": [0.0, 0.0], "id": 1}, {"node_features": [0.0, 1.0], "id": 2}, {"node_features": [0.0, 0.0], "id": 3}, {"node_features": [0.0, 0.0], "id": 4}, {"node_features": [0.0, 0.0], "id": 5}, {"node_features": [0.0, 0.0], "id": 6}, {"node_features": [0.0, 0.0], "id": 7}, {"node_features": [0.0, 0.0], "id": 8}, {"node_features": [0.0, 0.0], "id": 9}, {"node_features": [0.0, 0.0], "id": 10}, {"node_features": [0.0, 0.0], "id": 11}, {"node_features": [0.0, 0.0], "id": 12}, {"node_features": [0.0, 0.0], "id": 13}, {"node_features": [0.0, 0.0], "id": 14}, {"node_features": [0.0, 0.0], "id": 15}, {"node_features": [0.0, 0.0], "id": 16}, {"node_features": [0.0, 0.0], "id": 17}, {"node_features": [0.0, 0.0], "id": 18}, {"node_features": [0.0, 0.0], "id": 19}, {"node_features": [0.0, 0.0], "id": 20}, {"node_features": [0.0, 0.0], "id": 21}, {"node_features": [0.0, 0.0], "id": 22}, {"node_features": [0.0, 0.0], "id": 23}, {"node_features": [0.0, 0.0], "id": 24}, {"node_features": [0.0, 0.0], "id": 25}, {"node_features": [0.0, 0.0], "id": 26}, {"node_features": [0.0, 0.0], "id": 27}, {"node_features": [0.0, 0.0], "id": 28}, {"node_features": [0.0, 0.0], "id": 29}, {"node_features": [0.0, 0.0], "id": 30}, {"node_features": [0.0, 0.0], "id": 31}, {"node_features": [0.0, 0.0], "id": 32}, {"node_features": [1.0, 0.0], "id": 33}, {"node_features": [0.0, 0.0], "id": 34}, {"node_features": [0.0, 0.0], "id": 35}, {"node_features": [0.0, 0.0], "id": 36}, {"node_features": [0.0, 0.0], "id": 37}, {"node_features": [0.0, 0.0], "id": 38}, {"node_features": [0.0, 0.0], "id": 39}, {"node_features": [0.0, 0.0], "id": 40}, {"node_features": [0.0, 0.0], "id": 41}, {"node_features": [0.0, 0.0], "id": 42}], "links": [{"distance": 1.2006518920467502, "on_path": 0, "source": 0, "target": 26}, {"distance": 0.4779207218266751, "on_path": 0, "source": 0, "target": 10}, {"distance": 1.9821883290152074, "on_path": 0, "source": 0, "target": 5}, {"distance": 0.44568354278274636, "on_path": 0, "source": 0, "target": 37}, {"distance": 0.6901455041612752, "on_path": 0, "source": 1, "target": 21}, {"distance": 1.1333155079568682, "on_path": 0, "source": 1, "target": 34}, {"distance": 0.8734929541503733, "on_path": 0, "source": 1, "target": 35}, {"distance": 1.6036179078862631, "on_path": 0, "source": 1, "target": 12}, {"distance": 1.5421793755400361, "on_path": 0, "source": 2, "target": 39}, {"distance": 1.1817464497355605, "on_path": 0, "source": 2, "target": 28}, {"distance": 0.3587864941763098, "on_path": 1, "source": 2, "target": 27}, {"distance": 0.3951533327616806, "on_path": 0, "source": 3, "target": 40}, {"distance": 0.9798900722730216, "on_path": 0, "source": 3, "target": 9}, {"distance": 0.28988712136002637, "on_path": 0, "source": 3, "target": 30}, {"distance": 0.4103552580485192, "on_path": 0, "source": 4, "target": 8}, {"distance": 1.124581238000782, "on_path": 0, "source": 4, "target": 23}, {"distance": 1.8354485400756657, "on_path": 0, "source": 5, "target": 29}, {"distance": 0.4272249836727986, "on_path": 0, "source": 5, "target": 8}, {"distance": 1.2915229888782669, "on_path": 0, "source": 5, "target": 42}, {"distance": 1.2041636965898659, "on_path": 0, "source": 5, "target": 26}, {"distance": 1.688872420515657, "on_path": 0, "source": 6, "target": 18}, {"distance": 1.61109616905853, "on_path": 0, "source": 6, "target": 31}, {"distance": 2.039580007040668, "on_path": 0, "source": 6, "target": 20}, {"distance": 0.5920916728544638, "on_path": 0, "source": 7, "target": 30}, {"distance": 0.42666143371656906, "on_path": 0, "source": 7, "target": 34}, {"distance": 1.5562530478390033, "on_path": 0, "source": 7, "target": 25}, {"distance": 0.7770213070780834, "on_path": 0, "source": 8, "target": 26}, {"distance": 0.19683883508747752, "on_path": 0, "source": 9, "target": 41}, {"distance": 0.6402039975970333, "on_path": 0, "source": 9, "target": 33}, {"distance": 1.0987541479219753, "on_path": 0, "source": 9, "target": 21}, {"distance": 0.3844927278583267, "on_path": 0, "source": 10, "target": 11}, {"distance": 0.5310005185190618, "on_path": 0, "source": 10, "target": 21}, {"distance": 0.5688044447406585, "on_path": 0, "source": 10, "target": 28}, {"distance": 1.1493022760940268, "on_path": 0, "source": 10, "target": 40}, {"distance": 1.8679761626573987, "on_path": 0, "source": 11, "target": 12}, {"distance": 1.9298280301346382, "on_path": 0, "source": 12, "target": 37}, {"distance": 0.43687787775057885, "on_path": 0, "source": 12, "target": 23}, {"distance": 0.94296349334649, "on_path": 0, "source": 12, "target": 36}, {"distance": 0.8156204557622099, "on_path": 0, "source": 13, "target": 41}, {"distance": 1.6816989462130811, "on_path": 0, "source": 13, "target": 36}, {"distance": 1.4668005189675226, "on_path": 0, "source": 13, "target": 16}, {"distance": 0.7728490713171403, "on_path": 0, "source": 14, "target": 22}, {"distance": 1.5485799697058353, "on_path": 0, "source": 14, "target": 27}, {"distance": 0.7742746603780402, "on_path": 0, "source": 14, "target": 32}, {"distance": 0.3648464148038994, "on_path": 0, "source": 14, "target": 18}, {"distance": 0.9496260296567317, "on_path": 0, "source": 15, "target": 20}, {"distance": 1.369308212731026, "on_path": 0, "source": 15, "target": 30}, {"distance": 1.664537598428891, "on_path": 0, "source": 15, "target": 16}, {"distance": 0.9822296054205027, "on_path": 0, "source": 16, "target": 28}, {"distance": 0.486471937816736, "on_path": 0, "source": 17, "target": 39}, {"distance": 0.9117607646809098, "on_path": 0, "source": 17, "target": 31}, {"distance": 0.6155097679462475, "on_path": 0, "source": 17, "target": 19}, {"distance": 0.7403880214355044, "on_path": 0, "source": 17, "target": 34}, {"distance": 0.4010174419802295, "on_path": 0, "source": 17, "target": 35}, {"distance": 0.723589189660613, "on_path": 0, "source": 18, "target": 37}, {"distance": 0.9785084422098296, "on_path": 0, "source": 18, "target": 21}, {"distance": 0.853801220315399, "on_path": 0, "source": 18, "target": 29}, {"distance": 0.6123462048964396, "on_path": 0, "source": 18, "target": 38}, {"distance": 0.6702711310482196, "on_path": 0, "source": 18, "target": 22}, {"distance": 0.4437860373752512, "on_path": 0, "source": 18, "target": 32}, {"distance": 0.40929759889689504, "on_path": 0, "source": 18, "target": 41}, {"distance": 1.2088767171646493, "on_path": 0, "source": 19, "target": 28}, {"distance": 1.4679106037027587, "on_path": 0, "source": 20, "target": 29}, {"distance": 1.1427366555557705, "on_path": 0, "source": 21, "target": 31}, {"distance": 0.6577997796432473, "on_path": 0, "source": 21, "target": 39}, {"distance": 1.3138275885741113, "on_path": 0, "source": 22, "target": 25}, {"distance": 0.14429341579358448, "on_path": 1, "source": 22, "target": 38}, {"distance": 0.9737449441993158, "on_path": 1, "source": 22, "target": 42}, {"distance": 0.43043026887183894, "on_path": 0, "source": 23, "target": 42}, {"distance": 0.4780334888355711, "on_path": 0, "source": 24, "target": 27}, {"distance": 0.7727162899401921, "on_path": 0, "source": 24, "target": 36}, {"distance": 1.211801315112058, "on_path": 0, "source": 25, "target": 32}, {"distance": 1.4557077158522769, "on_path": 0, "source": 25, "target": 38}, {"distance": 0.21025009874463124, "on_path": 0, "source": 26, "target": 42}, {"distance": 0.47546138421674433, "on_path": 1, "source": 27, "target": 42}, {"distance": 0.3966389025558427, "on_path": 0, "source": 28, "target": 42}, {"distance": 1.1644806089422504, "on_path": 0, "source": 29, "target": 35}, {"distance": 1.2085755434611887, "on_path": 0, "source": 29, "target": 32}, {"distance": 0.6079025693626519, "on_path": 0, "source": 30, "target": 40}, {"distance": 1.3949057771950926, "on_path": 0, "source": 30, "target": 37}, {"distance": 0.818664788215984, "on_path": 0, "source": 30, "target": 31}, {"distance": 1.1744656660741963, "on_path": 0, "source": 30, "target": 39}, {"distance": 0.7734215917611427, "on_path": 0, "source": 33, "target": 40}, {"distance": 1.0263915323818245, "on_path": 1, "source": 33, "target": 38}, {"distance": 0.2339867750040107, "on_path": 0, "source": 38, "target": 41}, {"distance": 0.8487997251978407, "on_path": 0, "source": 39, "target": 42}]}