{"directed": false, "multigraph": false, "graph": {}, "nodes": [{"node_features": [0.0, 0.0], "id": 0}, {"node_features": [0.0, 0.0], "id": 1}, {"node_features": [0.0, 0.0], "id": 2}, {"node_features": [0.0, 0.0], "id": 3}, {"node_features": [0.0, 0.0], "id": 4}, {"node_features": [0.0, 0.0], "id": 5}, {"node_features": [0.0, 0.0], "id": 6}, {"node_features": [0.0, 0.0], "id": 7}, {"node_features": [0.0, 0.0], "id": 8}, {"node_features": [0.0, 0.0], "id": 9}, {"node_features": [0.0, 0.0], "id": 10}, {"node_features": [0.0, 0.0], "id": 11}, {"node_features": [0.0, 0.0], "id": 12}, {"node_features": [0.0, 0.0], "id": 13}, {"node_features": [0.0, 0.0], "id": 14}, {"node_features": [0.0, 0.0], "id": 15}, {"node_features": [0.0, 0.0], "id": 16}, {"node_features": [0.0, 0.0], "id": 17}, {"node_features": [0.0, 0.0], "id": 18}, {"node_features": [0.0, 1.0], "id": 19}, {"node_features": [1.0, 0.0], "id": 20}, {"node_features": [0.0, 0.0], "id": 21}, {"node_features": [0.0, 0.0], "id": 22}, {"node_features": [0.0, 0.0], "id": 23}, {"node_features": [0.0, 0.0], "id": 24}], "links": [{"distance": 0.3205010477522237, "on_path": 0, "source": 0, "target": 20}, {"distance": 1.6543648662188406, "on_path": 0, "source": 0, "target": 5}, {"distance": 1.3875462772706395, "on_path": 0, "source": 0, "target": 16}, {"distance": 1.7468331525959102, "on_path": 0, "source": 1, "target": 12}, {"distance": 1.261536736303383, "on_path": 0, "source": 1, "target": 14}, {"distance": 1.875712409457757, "on_path": 0, "source": 1, "target": 21}, {"distance": 0.9180169390988391, "on_path": 0, "source": 1, "target": 6}, {"distance": 1.1991086257130859, "on_path": 0, "source": 1, "target": 8}, {"distance": 0.4984378683191984, "on_path": 1, "source": 2, "target": 15}, {"distance": 0.4770639827417301, "on_path": 1, "source": 2, "target": 14}, {"distance": 0.8680598339534179, "on_path": 0, "source": 2, "target": 4}, {"distance": 0.2915725193649745, "on_path": 0, "source": 3, "target": 17}, {"distance": 0.6192839816583029, "on_path": 0, "source": 3, "target": 7}, {"distance": 1.4482891157030533, "on_path": 0, "source": 3, "target": 19}, {"distance": 1.1979481921674813, "on_path": 0, "source": 3, "target": 12}, {"distance": 1.035746930207172, "on_path": 0, "source": 4, "target": 15}, {"distance": 1.5306099176302737, "on_path": 0, "source": 4, "target": 16}, {"distance": 0.5919458213670551, "on_path": 0, "source": 4, "target": 22}, {"distance": 0.8589630749286297, "on_path": 0, "source": 5, "target": 8}, {"distance": 1.6131249256189364, "on_path": 0, "source": 5, "target": 19}, {"distance": 0.8396294470219101, "on_path": 0, "source": 5, "target": 22}, {"distance": 0.6643636567500287, "on_path": 0, "source": 6, "target": 22}, {"distance": 1.0369833731518563, "on_path": 0, "source": 6, "target": 19}, {"distance": 1.920487104652022, "on_path": 0, "source": 7, "target": 24}, {"distance": 1.8239036479803634, "on_path": 0, "source": 7, "target": 16}, {"distance": 0.6983496767219248, "on_path": 0, "source": 8, "target": 18}, {"distance": 1.0216242708706242, "on_path": 0, "source": 8, "target": 13}, {"distance": 0.503699200370246, "on_path": 0, "source": 9, "target": 19}, {"distance": 1.8084822279428685, "on_path": 0, "source": 9, "target": 18}, {"distance": 0.9784024315462155, "on_path": 0, "source": 9, "target": 24}, {"distance": 1.3917415609950485, "on_path": 0, "source": 9, "target": 21}, {"distance": 1.150060020215693, "on_path": 0, "source": 10, "target": 22}, {"distance": 0.6901949000211539, "on_path": 1, "source": 10, "target": 15}, {"distance": 0.1570464767503409, "on_path": 1, "source": 10, "target": 20}, {"distance": 1.9203092252220766, "on_path": 0, "source": 11, "target": 22}, {"distance": 0.6442542188500889, "on_path": 0, "source": 11, "target": 24}, {"distance": 0.8743964662994442, "on_path": 0, "source": 11, "target": 20}, {"distance": 1.7014333019259273, "on_path": 0, "source": 11, "target": 18}, {"distance": 0.29063267798064885, "on_path": 0, "source": 12, "target": 16}, {"distance": 1.9529922427650448, "on_path": 0, "source": 12, "target": 15}, {"distance": 1.0748431708251431, "on_path": 0, "source": 13, "target": 18}, {"distance": 0.07878161416010757, "on_path": 1, "source": 14, "target": 19}, {"distance": 1.78990513039011, "on_path": 0, "source": 15, "target": 21}, {"distance": 1.3514907323899186, "on_path": 0, "source": 16, "target": 20}, {"distance": 1.4452453814127189, "on_path": 0, "source": 17, "target": 24}, {"distance": 0.6414430604257916, "on_path": 0, "source": 17, "target": 20}, {"distance": 1.4024387248336194, "on_path": 0, "source": 18, "target": 19}, {"distance": 1.5240743983024179, "on_path": 0, "source": 19, "target": 23}, {"distance": 0.49545919728206383, "on_path": 0, "source": 19, "target": 24}, {"distance": 1.3187644249426898, "on_path": 0, "source": 20, "target": 23}]}