{"directed": false, "multigraph": false, "graph": {}, "nodes": [{"node_features": [0.0, 0.0], "id": 0}, {"node_features": [0.0, 0.0], "id": 1}, {"node_features": [0.0, 0.0], "id": 2}, {"node_features": [0.0, 0.0], "id": 3}, {"node_features": [0.0, 0.0], "id": 4}, {"node_features": [0.0, 0.0], "id": 5}, {"node_features": [0.0, 0.0], "id": 6}, {"node_features": [0.0, 0.0], "id": 7}, {"node_features": [0.0, 0.0], "id": 8}, {"node_features": [0.0, 0.0], "id": 9}, {"node_features": [0.0, 0.0], "id": 10}, {"node_features": [0.0, 0.0], "id": 11}, {"node_features": [0.0, 0.0], "id": 12}, {"node_features": [0.0, 0.0], "id": 13}, {"node_features": [0.0, 0.0], "id": 14}, {"node_features": [0.0, 0.0], "id": 15}, {"node_features": [0.0, 1.0], "id": 16}, {"node_features": [0.0, 0.0], "id": 17}, {"node_features": [0.0, 0.0], "id": 18}, {"node_features": [0.0, 0.0], "id": 19}, {"node_features": [0.0, 0.0], "id": 20}, {"node_features": [0.0, 0.0], "id": 21}, {"node_features": [0.0, 0.0], "id": 22}, {"node_features": [0.0, 0.0], "id": 23}, {"node_features": [0.0, 0.0], "id": 24}, {"node_features": [0.0, 0.0], "id": 25}, {"node_features": [1.0, 0.0], "id": 26}, {"node_features": [0.0, 0.0], "id": 27}, {"node_features": [0.0, 0.0], "id": 28}, {"node_features": [0.0, 0.0], "id": 29}, {"node_features": [0.0, 0.0], "id": 30}, {"node_features": [0.0, 0.0], "id": 31}, {"node_features": [0.0, 0.0], "id": 32}, {"node_features": [0.0, 0.0], "id": 33}], "links": [{"distance": 2.1660698574767157, "on_path": 0, "source": 0, "target": 23}, {"distance": 1.3368759058976092, "on_path": 0, "source": 0, "target": 3}, {"distance": 0.12381935276380164, "on_path": 0, "source": 0, "target": 4}, {"distance": 0.578888695141939, "on_path": 0, "source": 1, "target": 31}, {"distance": 1.7248277769487625, "on_path": 0, "source": 1, "target": 13}, {"distance": 0.20782685973209875, "on_path": 0, "source": 1, "target": 15}, {"distance": 1.6143361058764596, "on_path": 0, "source": 1, "target": 24}, {"distance": 0.09100178574131779, "on_path": 0, "source": 2, "target": 28}, {"distance": 1.6612737704628626, "on_path": 0, "source": 2, "target": 9}, {"distance": 0.8181564132884716, "on_path": 0, "source": 3, "target": 13}, {"distance": 1.6051225070980846, "on_path": 0, "source": 3, "target": 32}, {"distance": 1.2497201772067656, "on_path": 0, "source": 3, "target": 16}, {"distance": 0.19008955899995564, "on_path": 0, "source": 4, "target": 11}, {"distance": 1.5208408807629965, "on_path": 0, "source": 4, "target": 12}, {"distance": 0.8000824279479491, "on_path": 0, "source": 4, "target": 16}, {"distance": 1.2626775326606805, "on_path": 0, "source": 5, "target": 19}, {"distance": 1.8098132339167934, "on_path": 0, "source": 5, "target": 30}, {"distance": 1.7590765267063537, "on_path": 0, "source": 5, "target": 26}, {"distance": 0.4160644543615997, "on_path": 0, "source": 6, "target": 31}, {"distance": 0.8097485487661805, "on_path": 0, "source": 6, "target": 22}, {"distance": 0.6153694484313267, "on_path": 0, "source": 6, "target": 11}, {"distance": 0.6149205872408187, "on_path": 0, "source": 6, "target": 8}, {"distance": 0.9833130254580242, "on_path": 0, "source": 7, "target": 19}, {"distance": 1.518453284393113, "on_path": 0, "source": 7, "target": 30}, {"distance": 1.7066143955383952, "on_path": 0, "source": 7, "target": 27}, {"distance": 0.2917867090762524, "on_path": 0, "source": 7, "target": 10}, {"distance": 0.5829602835509189, "on_path": 1, "source": 8, "target": 26}, {"distance": 0.6678137240739273, "on_path": 0, "source": 8, "target": 18}, {"distance": 0.3205973652667792, "on_path": 1, "source": 8, "target": 20}, {"distance": 1.0768743899784474, "on_path": 0, "source": 8, "target": 21}, {"distance": 0.4587219759063242, "on_path": 0, "source": 9, "target": 12}, {"distance": 0.997153764706674, "on_path": 0, "source": 9, "target": 24}, {"distance": 1.2616703303693462, "on_path": 0, "source": 9, "target": 31}, {"distance": 0.3660117044246071, "on_path": 0, "source": 9, "target": 25}, {"distance": 0.9149522024425059, "on_path": 0, "source": 9, "target": 30}, {"distance": 0.9576852324685987, "on_path": 0, "source": 9, "target": 33}, {"distance": 0.31739314776707056, "on_path": 0, "source": 10, "target": 13}, {"distance": 0.6943845095815198, "on_path": 0, "source": 10, "target": 19}, {"distance": 0.27584730676676156, "on_path": 0, "source": 10, "target": 25}, {"distance": 1.0053944099287782, "on_path": 0, "source": 10, "target": 28}, {"distance": 0.835631030931116, "on_path": 0, "source": 10, "target": 23}, {"distance": 0.2834234456876382, "on_path": 0, "source": 11, "target": 18}, {"distance": 0.6548840097798971, "on_path": 0, "source": 11, "target": 33}, {"distance": 0.2938282784429758, "on_path": 0, "source": 11, "target": 22}, {"distance": 0.8275805949515367, "on_path": 0, "source": 11, "target": 15}, {"distance": 0.4890688513241754, "on_path": 0, "source": 11, "target": 29}, {"distance": 1.8844330229872157, "on_path": 0, "source": 12, "target": 15}, {"distance": 0.37485052014037246, "on_path": 0, "source": 12, "target": 25}, {"distance": 0.36377315081445605, "on_path": 0, "source": 13, "target": 33}, {"distance": 0.48857388571217736, "on_path": 0, "source": 13, "target": 14}, {"distance": 0.9176053212734818, "on_path": 0, "source": 14, "target": 30}, {"distance": 2.0285454778137697, "on_path": 0, "source": 15, "target": 21}, {"distance": 0.8539593492190724, "on_path": 0, "source": 16, "target": 19}, {"distance": 0.7486854677826892, "on_path": 1, "source": 16, "target": 31}, {"distance": 1.1757848272498514, "on_path": 0, "source": 16, "target": 18}, {"distance": 0.6517953977066531, "on_path": 0, "source": 17, "target": 26}, {"distance": 0.901981178680145, "on_path": 0, "source": 17, "target": 30}, {"distance": 0.2451063083163388, "on_path": 0, "source": 17, "target": 27}, {"distance": 0.9666924269807262, "on_path": 0, "source": 18, "target": 26}, {"distance": 0.5671487666397351, "on_path": 0, "source": 19, "target": 30}, {"distance": 0.8807874888565482, "on_path": 0, "source": 20, "target": 33}, {"distance": 0.47944227729072014, "on_path": 1, "source": 20, "target": 31}, {"distance": 2.089186391447474, "on_path": 0, "source": 21, "target": 29}, {"distance": 1.6722277307108488, "on_path": 0, "source": 21, "target": 28}, {"distance": 0.8477986034161615, "on_path": 0, "source": 22, "target": 33}, {"distance": 1.9808300173208024, "on_path": 0, "source": 23, "target": 31}, {"distance": 0.7346228373938376, "on_path": 0, "source": 24, "target": 32}, {"distance": 1.6572331013700767, "on_path": 0, "source": 27, "target": 32}]}