{"directed": false, "multigraph": false, "graph": {}, "nodes": [{"node_features": [0.0, 0.0], "id": 0}, {"node_features": [0.0, 0.0], "id": 1}, {"node_features": [0.0, 0.0], "id": 2}, {"node_features": [0.0, 0.0], "id": 3}, {"node_features": [0.0, 0.0], "id": 4}, {"node_features": [0.0, 0.0], "id": 5}, {"node_features": [0.0, 0.0], "id": 6}, {"node_features": [0.0, 1.0], "id": 7}, {"node_features": [0.0, 0.0], "id": 8}, {"node_features": [0.0, 0.0], "id": 9}, {"node_features": [0.0, 0.0], "id": 10}, {"node_features": [0.0, 0.0], "id": 11}, {"node_features": [0.0, 0.0], "id": 12}, {"node_features": [0.0, 0.0], "id": 13}, {"node_features": [0.0, 0.0], "id": 14}, {"node_features": [0.0, 0.0], "id": 15}, {"node_features": [0.0, 0.0], "id": 16}, {"node_features": [0.0, 0.0], "id": 17}, {"node_features": [0.0, 0.0], "id": 18}, {"node_features": [0.0, 0.0], "id": 19}, {"node_features": [0.0, 0.0], "id": 20}, {"node_features": [0.0, 0.0], "id": 21}, {"node_features": [0.0, 0.0], "id": 22}, {"node_features": [0.0, 0.0], "id": 23}, {"node_features": [0.0, 0.0], "id": 24}, {"node_features": [0.0, 0.0], "id": 25}, {"node_features": [0.0, 0.0], "id": 26}, {"node_features": [0.0, 0.0], "id": 27}, {"node_features": [0.0, 0.0], "id": 28}, {"node_features": [0.0, 0.0], "id": 29}, {"node_features": [0.0, 0.0], "id": 30}, {"node_features": [0.0, 0.0], "id": 31}, {"node_features": [0.0, 0.0], "id": 32}, {"node_features": [0.0, 0.0], "id": 33}, {"node_features": [0.0, 0.0], "id": 34}, {"node_features": [0.0, 0.0], "id": 35}, {"node_features": [1.0, 0.0], "id": 36}, {"node_features": [0.0, 0.0], "id": 37}, {"node_features": [0.0, 0.0], "id": 38}, {"node_features": [0.0, 0.0], "id": 39}, {"node_features": [0.0, 0.0], "id": 40}, {"node_features": [0.0, 0.0], "id": 41}, {"node_features": [0.0, 0.0], "id": 42}], "links": [{"distance": 1.7051209964401224, "on_path": 0, "source": 0, "target": 9}, {"distance": 1.288809655221816, "on_path": 0, "source": 0, "target": 7}, {"distance": 0.7439180924076054, "on_path": 0, "source": 0, "target": 16}, {"distance": 1.2937362160760533, "on_path": 0, "source": 0, "target": 13}, {"distance": 0.24112080180193884, "on_path": 0, "source": 0, "target": 37}, {"distance": 1.71135835391163, "on_path": 0, "source": 0, "target": 38}, {"distance": 1.6793060805499669, "on_path": 0, "source": 1, "target": 17}, {"distance": 0.6702900201370046, "on_path": 0, "source": 1, "target": 2}, {"distance": 1.8879407319095196, "on_path": 0, "source": 1, "target": 5}, {"distance": 0.61972718417536, "on_path": 1, "source": 1, "target": 21}, {"distance": 1.0632310071545772, "on_path": 1, "source": 1, "target": 31}, {"distance": 1.7996748314697333, "on_path": 0, "source": 2, "target": 27}, {"distance": 0.7852988962978492, "on_path": 0, "source": 2, "target": 3}, {"distance": 1.3319257861787754, "on_path": 0, "source": 3, "target": 14}, {"distance": 1.5341239497600163, "on_path": 0, "source": 3, "target": 8}, {"distance": 1.6629997019697678, "on_path": 0, "source": 4, "target": 17}, {"distance": 1.0217762310353575, "on_path": 0, "source": 4, "target": 19}, {"distance": 0.3372948633882141, "on_path": 0, "source": 4, "target": 29}, {"distance": 0.9460977134133998, "on_path": 0, "source": 4, "target": 13}, {"distance": 2.0017901132521216, "on_path": 0, "source": 4, "target": 24}, {"distance": 1.5674600872178066, "on_path": 0, "source": 5, "target": 31}, {"distance": 0.4865825911546666, "on_path": 0, "source": 5, "target": 28}, {"distance": 0.5318858162267934, "on_path": 0, "source": 5, "target": 30}, {"distance": 0.5024919110199749, "on_path": 0, "source": 6, "target": 13}, {"distance": 1.4038616825744539, "on_path": 0, "source": 6, "target": 20}, {"distance": 0.03152672949190481, "on_path": 0, "source": 6, "target": 38}, {"distance": 1.344661370384022, "on_path": 0, "source": 7, "target": 23}, {"distance": 1.3400984721986802, "on_path": 0, "source": 7, "target": 29}, {"distance": 1.2686476445813941, "on_path": 0, "source": 7, "target": 33}, {"distance": 0.46189244752754555, "on_path": 0, "source": 7, "target": 38}, {"distance": 0.6488235895973462, "on_path": 1, "source": 7, "target": 15}, {"distance": 0.937833915287361, "on_path": 0, "source": 8, "target": 28}, {"distance": 0.4083736147097256, "on_path": 0, "source": 8, "target": 35}, {"distance": 0.1404302093955025, "on_path": 0, "source": 8, "target": 41}, {"distance": 0.8397395256654812, "on_path": 0, "source": 8, "target": 12}, {"distance": 0.2758311102753569, "on_path": 0, "source": 9, "target": 31}, {"distance": 1.3507124383631652, "on_path": 0, "source": 9, "target": 26}, {"distance": 1.1555017419411862, "on_path": 0, "source": 10, "target": 33}, {"distance": 0.985370649369376, "on_path": 0, "source": 10, "target": 13}, {"distance": 1.486571607886792, "on_path": 0, "source": 10, "target": 15}, {"distance": 0.7501964158877344, "on_path": 0, "source": 10, "target": 27}, {"distance": 0.8372337737943183, "on_path": 0, "source": 10, "target": 39}, {"distance": 1.2720141240826077, "on_path": 0, "source": 10, "target": 23}, {"distance": 0.4507687205738406, "on_path": 0, "source": 11, "target": 16}, {"distance": 1.0856413827861717, "on_path": 0, "source": 11, "target": 24}, {"distance": 0.8251713631785165, "on_path": 0, "source": 11, "target": 37}, {"distance": 0.8139561117147155, "on_path": 0, "source": 11, "target": 27}, {"distance": 0.18977467896995476, "on_path": 0, "source": 11, "target": 30}, {"distance": 0.6697860649538844, "on_path": 0, "source": 11, "target": 40}, {"distance": 2.03400550210046, "on_path": 0, "source": 12, "target": 38}, {"distance": 0.1690685011739494, "on_path": 0, "source": 12, "target": 40}, {"distance": 1.4690011748736689, "on_path": 0, "source": 13, "target": 35}, {"distance": 0.3420789751322864, "on_path": 0, "source": 13, "target": 42}, {"distance": 0.7592217468124257, "on_path": 0, "source": 14, "target": 40}, {"distance": 0.8103695229065975, "on_path": 0, "source": 14, "target": 28}, {"distance": 0.8527858331141142, "on_path": 1, "source": 15, "target": 21}, {"distance": 1.6657805742198228, "on_path": 0, "source": 15, "target": 26}, {"distance": 1.944072019638537, "on_path": 0, "source": 15, "target": 37}, {"distance": 1.1672372289657795, "on_path": 0, "source": 15, "target": 20}, {"distance": 1.1730064527017032, "on_path": 0, "source": 15, "target": 23}, {"distance": 1.1508514918709893, "on_path": 0, "source": 15, "target": 33}, {"distance": 1.5254591533281354, "on_path": 0, "source": 16, "target": 29}, {"distance": 1.7913141142465356, "on_path": 0, "source": 16, "target": 36}, {"distance": 1.8311073600970238, "on_path": 0, "source": 17, "target": 31}, {"distance": 0.2883291161114227, "on_path": 0, "source": 17, "target": 25}, {"distance": 0.6175523331884478, "on_path": 0, "source": 18, "target": 26}, {"distance": 1.7729253455404463, "on_path": 0, "source": 18, "target": 24}, {"distance": 0.9203319940451148, "on_path": 0, "source": 18, "target": 25}, {"distance": 1.320698727993755, "on_path": 0, "source": 19, "target": 40}, {"distance": 1.8246153925670623, "on_path": 0, "source": 21, "target": 39}, {"distance": 0.8767440308632698, "on_path": 0, "source": 22, "target": 38}, {"distance": 0.8269684410326116, "on_path": 0, "source": 22, "target": 34}, {"distance": 1.4772633892084168, "on_path": 0, "source": 22, "target": 33}, {"distance": 2.0280095230561352, "on_path": 0, "source": 23, "target": 37}, {"distance": 0.8470993608396615, "on_path": 0, "source": 23, "target": 28}, {"distance": 1.7906928939307063, "on_path": 0, "source": 25, "target": 36}, {"distance": 0.3867183494815007, "on_path": 0, "source": 26, "target": 30}, {"distance": 0.42095923043171785, "on_path": 0, "source": 26, "target": 41}, {"distance": 1.72864899102366, "on_path": 0, "source": 28, "target": 36}, {"distance": 1.77429846169293, "on_path": 0, "source": 29, "target": 32}, {"distance": 0.5751749233508907, "on_path": 1, "source": 31, "target": 36}, {"distance": 0.8998656156408193, "on_path": 0, "source": 32, "target": 37}, {"distance": 0.9335250887173078, "on_path": 0, "source": 32, "target": 42}, {"distance": 1.4299378865342247, "on_path": 0, "source": 33, "target": 41}, {"distance": 1.706223505047871, "on_path": 0, "source": 34, "target": 39}, {"distance": 1.7031903517910492, "on_path": 0, "source": 35, "target": 42}]}