{"directed": false, "multigraph": false, "graph": {}, "nodes": [{"node_features": [0.0, 0.0], "id": 0}, {"node_features": [0.0, 0.0], "id": 1}, {"node_features": [0.0, 0.0], "id": 2}, {"node_features": [0.0, 0.0], "id": 3}, {"node_features": [0.0, 0.0], "id": 4}, {"node_features": [0.0, 0.0], "id": 5}, {"node_features": [0.0, 0.0], "id": 6}, {"node_features": [0.0, 0.0], "id": 7}, {"node_features": [0.0, 0.0], "id": 8}, {"node_features": [0.0, 0.0], "id": 9}, {"node_features": [0.0, 0.0], "id": 10}, {"node_features": [0.0, 0.0], "id": 11}, {"node_features": [0.0, 0.0], "id": 12}, {"node_features": [0.0, 1.0], "id": 13}, {"node_features": [0.0, 0.0], "id": 14}, {"node_features": [1.0, 0.0], "id": 15}, {"node_features": [0.0, 0.0], "id": 16}, {"node_features": [0.0, 0.0], "id": 17}, {"node_features": [0.0, 0.0], "id": 18}, {"node_features": [0.0, 0.0], "id": 19}, {"node_features": [0.0, 0.0], "id": 20}, {"node_features": [0.0, 0.0], "id": 21}, {"node_features": [0.0, 0.0], "id": 22}, {"node_features": [0.0, 0.0], "id": 23}, {"node_features": [0.0, 0.0], "id": 24}, {"node_features": [0.0, 0.0], "id": 25}, {"node_features": [0.0, 0.0], "id": 26}, {"node_features": [0.0, 0.0], "id": 27}, {"node_features": [0.0, 0.0], "id": 28}, {"node_features": [0.0, 0.0], "id": 29}, {"node_features": [0.0, 0.0], "id": 30}, {"node_features": [0.0, 0.0], "id": 31}, {"node_features": [0.0, 0.0], "id": 32}, {"node_features": [0.0, 0.0], "id": 33}, {"node_features": [0.0, 0.0], "id": 34}, {"node_features": [0.0, 0.0], "id": 35}, {"node_features": [0.0, 0.0], "id": 36}, {"node_features": [0.0, 0.0], "id": 37}, {"node_features": [0.0, 0.0], "id": 38}, {"node_features": [0.0, 0.0], "id": 39}, {"node_features": [0.0, 0.0], "id": 40}, {"node_features": [0.0, 0.0], "id": 41}, {"node_features": [0.0, 0.0], "id": 42}, {"node_features": [0.0, 0.0], "id": 43}, {"node_features": [0.0, 0.0], "id": 44}, {"node_features": [0.0, 0.0], "id": 45}, {"node_features": [0.0, 0.0], "id": 46}], "links": [{"distance": 0.07380952621358489, "on_path": 0, "source": 0, "target": 27}, {"distance": 1.6936535121590188, "on_path": 0, "source": 0, "target": 12}, {"distance": 1.0031601896278652, "on_path": 0, "source": 0, "target": 31}, {"distance": 0.8465661998432822, "on_path": 0, "source": 0, "target": 41}, {"distance": 0.807438189711399, "on_path": 0, "source": 0, "target": 4}, {"distance": 0.32916310788589026, "on_path": 1, "source": 1, "target": 7}, {"distance": 0.7002725650029527, "on_path": 0, "source": 1, "target": 16}, {"distance": 0.5871865655808509, "on_path": 1, "source": 1, "target": 39}, {"distance": 1.1559876466267163, "on_path": 0, "source": 2, "target": 7}, {"distance": 1.9509213095521216, "on_path": 0, "source": 2, "target": 42}, {"distance": 1.314310109224818, "on_path": 0, "source": 2, "target": 40}, {"distance": 1.8761248550733005, "on_path": 0, "source": 2, "target": 14}, {"distance": 1.142924108707531, "on_path": 0, "source": 2, "target": 17}, {"distance": 1.2011352591452618, "on_path": 0, "source": 3, "target": 8}, {"distance": 0.3167090188766542, "on_path": 0, "source": 3, "target": 40}, {"distance": 0.5712604341603533, "on_path": 0, "source": 3, "target": 7}, {"distance": 0.5690557985202368, "on_path": 0, "source": 3, "target": 23}, {"distance": 0.766620580906425, "on_path": 0, "source": 4, "target": 46}, {"distance": 1.067502087130307, "on_path": 0, "source": 5, "target": 12}, {"distance": 1.7165992061708362, "on_path": 0, "source": 5, "target": 8}, {"distance": 0.6887026795875126, "on_path": 0, "source": 5, "target": 10}, {"distance": 1.3248316540929717, "on_path": 0, "source": 5, "target": 43}, {"distance": 1.829106340947809, "on_path": 0, "source": 5, "target": 37}, {"distance": 0.9432213084990257, "on_path": 0, "source": 5, "target": 44}, {"distance": 0.26449248719275587, "on_path": 0, "source": 6, "target": 46}, {"distance": 1.0430554381228119, "on_path": 0, "source": 6, "target": 32}, {"distance": 0.9070272600324512, "on_path": 0, "source": 6, "target": 39}, {"distance": 0.6735551523639155, "on_path": 0, "source": 7, "target": 28}, {"distance": 1.1076485801673739, "on_path": 0, "source": 7, "target": 36}, {"distance": 0.8958313558824276, "on_path": 0, "source": 7, "target": 44}, {"distance": 1.177410456415182, "on_path": 1, "source": 7, "target": 45}, {"distance": 0.7107576448426298, "on_path": 0, "source": 7, "target": 20}, {"distance": 1.4969396899047283, "on_path": 0, "source": 8, "target": 33}, {"distance": 1.7896207228517111, "on_path": 0, "source": 8, "target": 44}, {"distance": 1.0069225767349135, "on_path": 0, "source": 8, "target": 28}, {"distance": 1.5047054241543265, "on_path": 0, "source": 8, "target": 29}, {"distance": 1.0786199855173455, "on_path": 0, "source": 9, "target": 39}, {"distance": 0.7029565479491968, "on_path": 0, "source": 9, "target": 16}, {"distance": 1.6731928347052212, "on_path": 0, "source": 9, "target": 41}, {"distance": 1.690443814706901, "on_path": 0, "source": 9, "target": 21}, {"distance": 1.268916740367854, "on_path": 0, "source": 9, "target": 36}, {"distance": 0.5037892514161451, "on_path": 0, "source": 9, "target": 40}, {"distance": 1.865427743156966, "on_path": 0, "source": 10, "target": 14}, {"distance": 1.7949205405744149, "on_path": 0, "source": 10, "target": 25}, {"distance": 0.6471077391745126, "on_path": 0, "source": 10, "target": 13}, {"distance": 0.37512122000619547, "on_path": 0, "source": 10, "target": 21}, {"distance": 0.6518589203183771, "on_path": 0, "source": 10, "target": 41}, {"distance": 0.8956665831158077, "on_path": 0, "source": 11, "target": 23}, {"distance": 1.137044351196749, "on_path": 0, "source": 11, "target": 43}, {"distance": 0.9622150951452325, "on_path": 0, "source": 12, "target": 26}, {"distance": 1.5700759206469816, "on_path": 0, "source": 12, "target": 28}, {"distance": 1.760376234921767, "on_path": 0, "source": 12, "target": 27}, {"distance": 0.39429453026613953, "on_path": 1, "source": 13, "target": 45}, {"distance": 0.434330734767071, "on_path": 0, "source": 14, "target": 25}, {"distance": 1.4031446629566087, "on_path": 0, "source": 14, "target": 34}, {"distance": 0.9116160640989824, "on_path": 1, "source": 15, "target": 39}, {"distance": 1.472876828787712, "on_path": 0, "source": 15, "target": 30}, {"distance": 0.4799848516513445, "on_path": 0, "source": 16, "target": 17}, {"distance": 1.1726839033007557, "on_path": 0, "source": 16, "target": 45}, {"distance": 0.8228341074215738, "on_path": 0, "source": 17, "target": 22}, {"distance": 0.8131415625048728, "on_path": 0, "source": 17, "target": 26}, {"distance": 1.2386640656547838, "on_path": 0, "source": 17, "target": 45}, {"distance": 1.3749776550796717, "on_path": 0, "source": 18, "target": 37}, {"distance": 0.8196389386477065, "on_path": 0, "source": 18, "target": 23}, {"distance": 1.2528634024187957, "on_path": 0, "source": 18, "target": 44}, {"distance": 0.9636780439266156, "on_path": 0, "source": 19, "target": 30}, {"distance": 1.6500020520966927, "on_path": 0, "source": 19, "target": 27}, {"distance": 1.0831226037047084, "on_path": 0, "source": 19, "target": 39}, {"distance": 1.8038275922794542, "on_path": 0, "source": 19, "target": 46}, {"distance": 0.8932190424255885, "on_path": 0, "source": 20, "target": 23}, {"distance": 0.22516012844059424, "on_path": 0, "source": 20, "target": 30}, {"distance": 0.9106879962963788, "on_path": 0, "source": 21, "target": 32}, {"distance": 1.236333481454242, "on_path": 0, "source": 21, "target": 40}, {"distance": 0.4579422438548308, "on_path": 0, "source": 21, "target": 38}, {"distance": 0.6096242980059992, "on_path": 0, "source": 22, "target": 36}, {"distance": 0.8547618861796649, "on_path": 0, "source": 24, "target": 38}, {"distance": 0.28232341207038336, "on_path": 0, "source": 24, "target": 45}, {"distance": 0.2628933608895772, "on_path": 0, "source": 25, "target": 29}, {"distance": 0.324509344094725, "on_path": 0, "source": 26, "target": 39}, {"distance": 0.4949585233377818, "on_path": 0, "source": 26, "target": 43}, {"distance": 0.9203721234140378, "on_path": 0, "source": 27, "target": 41}, {"distance": 0.6029421756990013, "on_path": 0, "source": 27, "target": 32}, {"distance": 0.4907671956416963, "on_path": 0, "source": 28, "target": 43}, {"distance": 1.1021038084723953, "on_path": 0, "source": 29, "target": 39}, {"distance": 0.6575612486812736, "on_path": 0, "source": 30, "target": 39}, {"distance": 0.906509650759883, "on_path": 0, "source": 31, "target": 37}, {"distance": 0.5187933603974298, "on_path": 0, "source": 31, "target": 33}, {"distance": 0.9331258457399314, "on_path": 0, "source": 32, "target": 38}, {"distance": 1.6072416184918232, "on_path": 0, "source": 34, "target": 42}, {"distance": 0.5569544936616188, "on_path": 0, "source": 35, "target": 39}, {"distance": 1.195582877285816, "on_path": 0, "source": 35, "target": 43}, {"distance": 0.8724270352099692, "on_path": 0, "source": 37, "target": 40}, {"distance": 2.3136848621907524, "on_path": 0, "source": 42, "target": 46}, {"distance": 1.645795155573535, "on_path": 0, "source": 43, "target": 46}]}