{"directed": false, "multigraph": false, "graph": {}, "nodes": [{"node_features": [0.0, 0.0], "id": 0}, {"node_features": [0.0, 0.0], "id": 1}, {"node_features": [0.0, 0.0], "id": 2}, {"node_features": [0.0, 0.0], "id": 3}, {"node_features": [0.0, 0.0], "id": 4}, {"node_features": [0.0, 0.0], "id": 5}, {"node_features": [0.0, 0.0], "id": 6}, {"node_features": [0.0, 0.0], "id": 7}, {"node_features": [0.0, 0.0], "id": 8}, {"node_features": [0.0, 0.0], "id": 9}, {"node_features": [0.0, 0.0], "id": 10}, {"node_features": [0.0, 0.0], "id": 11}, {"node_features": [0.0, 0.0], "id": 12}, {"node_features": [0.0, 0.0], "id": 13}, {"node_features": [0.0, 0.0], "id": 14}, {"node_features": [0.0, 0.0], "id": 15}, {"node_features": [0.0, 0.0], "id": 16}, {"node_features": [0.0, 0.0], "id": 17}, {"node_features": [0.0, 0.0], "id": 18}, {"node_features": [0.0, 0.0], "id": 19}, {"node_features": [0.0, 0.0], "id": 20}, {"node_features": [1.0, 0.0], "id": 21}, {"node_features": [0.0, 0.0], "id": 22}, {"node_features": [0.0, 0.0], "id": 23}, {"node_features": [0.0, 0.0], "id": 24}, {"node_features": [0.0, 0.0], "id": 25}, {"node_features": [0.0, 0.0], "id": 26}, {"node_features": [0.0, 0.0], "id": 27}, {"node_features": [0.0, 1.0], "id": 28}, {"node_features": [0.0, 0.0], "id": 29}, {"node_features": [0.0, 0.0], "id": 30}, {"node_features": [0.0, 0.0], "id": 31}, {"node_features": [0.0, 0.0], "id": 32}, {"node_features": [0.0, 0.0], "id": 33}, {"node_features": [0.0, 0.0], "id": 34}, {"node_features": [0.0, 0.0], "id": 35}, {"node_features": [0.0, 0.0], "id": 36}, {"node_features": [0.0, 0.0], "id": 37}, {"node_features": [0.0, 0.0], "id": 38}, {"node_features": [0.0, 0.0], "id": 39}, {"node_features": [0.0, 0.0], "id": 40}, {"node_features": [0.0, 0.0], "id": 41}], "links": [{"distance": 2.01827035790769, "on_path": 0, "source": 0, "target": 24}, {"distance": 1.4863193978846767, "on_path": 0, "source": 0, "target": 1}, {"distance": 2.004887631898331, "on_path": 0, "source": 0, "target": 16}, {"distance": 2.309647934715453, "on_path": 0, "source": 0, "target": 12}, {"distance": 1.1952172886524612, "on_path": 0, "source": 1, "target": 38}, {"distance": 0.7114192934667294, "on_path": 0, "source": 1, "target": 27}, {"distance": 1.0240466693981878, "on_path": 0, "source": 1, "target": 37}, {"distance": 1.4678870232850232, "on_path": 0, "source": 1, "target": 40}, {"distance": 1.580886375783285, "on_path": 0, "source": 2, "target": 18}, {"distance": 1.5303888849626757, "on_path": 0, "source": 2, "target": 27}, {"distance": 1.8481994642926844, "on_path": 0, "source": 2, "target": 40}, {"distance": 0.8431342633897596, "on_path": 0, "source": 2, "target": 20}, {"distance": 0.7325782769772093, "on_path": 0, "source": 2, "target": 21}, {"distance": 0.9676110328910238, "on_path": 0, "source": 3, "target": 24}, {"distance": 0.6622437950996333, "on_path": 0, "source": 3, "target": 9}, {"distance": 1.8739143861033678, "on_path": 0, "source": 3, "target": 11}, {"distance": 1.514898041301769, "on_path": 0, "source": 3, "target": 36}, {"distance": 0.7713037215770314, "on_path": 0, "source": 4, "target": 7}, {"distance": 1.2940006329032563, "on_path": 0, "source": 4, "target": 30}, {"distance": 1.499372909912314, "on_path": 0, "source": 4, "target": 21}, {"distance": 1.5184202853210191, "on_path": 0, "source": 4, "target": 16}, {"distance": 0.9982865334038507, "on_path": 0, "source": 4, "target": 34}, {"distance": 1.0704632771885914, "on_path": 0, "source": 4, "target": 41}, {"distance": 1.3652162163026393, "on_path": 0, "source": 5, "target": 30}, {"distance": 1.902388627382031, "on_path": 0, "source": 5, "target": 36}, {"distance": 0.14569765446885746, "on_path": 1, "source": 6, "target": 23}, {"distance": 0.18391798197529788, "on_path": 0, "source": 6, "target": 26}, {"distance": 0.4674602933661819, "on_path": 1, "source": 6, "target": 21}, {"distance": 0.27546494684818756, "on_path": 0, "source": 7, "target": 35}, {"distance": 0.3375608027825413, "on_path": 0, "source": 7, "target": 8}, {"distance": 0.5703324778167143, "on_path": 0, "source": 7, "target": 14}, {"distance": 0.6120921193441273, "on_path": 0, "source": 8, "target": 18}, {"distance": 1.1418926682930808, "on_path": 0, "source": 8, "target": 15}, {"distance": 0.8983966659839789, "on_path": 0, "source": 8, "target": 17}, {"distance": 1.1909955438521478, "on_path": 0, "source": 9, "target": 17}, {"distance": 0.9981476274185554, "on_path": 0, "source": 9, "target": 32}, {"distance": 1.5163890469090344, "on_path": 0, "source": 9, "target": 26}, {"distance": 0.8605980773389459, "on_path": 0, "source": 10, "target": 30}, {"distance": 1.346129342316467, "on_path": 0, "source": 10, "target": 21}, {"distance": 1.792998313312704, "on_path": 0, "source": 10, "target": 25}, {"distance": 1.473485202063212, "on_path": 0, "source": 10, "target": 33}, {"distance": 0.6591195206255596, "on_path": 0, "source": 11, "target": 21}, {"distance": 1.2049732698127753, "on_path": 0, "source": 11, "target": 31}, {"distance": 0.33636280637816907, "on_path": 0, "source": 12, "target": 16}, {"distance": 2.3369009463034573, "on_path": 0, "source": 12, "target": 36}, {"distance": 0.3312359234187247, "on_path": 0, "source": 12, "target": 24}, {"distance": 0.5904930327376977, "on_path": 0, "source": 13, "target": 32}, {"distance": 0.9009954791902333, "on_path": 0, "source": 13, "target": 29}, {"distance": 1.48282372605736, "on_path": 0, "source": 13, "target": 24}, {"distance": 0.6863328064042251, "on_path": 0, "source": 14, "target": 41}, {"distance": 0.7583626276373128, "on_path": 0, "source": 14, "target": 22}, {"distance": 0.7264466508876554, "on_path": 0, "source": 15, "target": 34}, {"distance": 1.2660105411048725, "on_path": 0, "source": 15, "target": 19}, {"distance": 1.5854959822907888, "on_path": 0, "source": 16, "target": 20}, {"distance": 0.7188354163462026, "on_path": 0, "source": 16, "target": 18}, {"distance": 0.7463495240334522, "on_path": 0, "source": 16, "target": 39}, {"distance": 1.3804400811524316, "on_path": 0, "source": 17, "target": 41}, {"distance": 1.265657281339497, "on_path": 0, "source": 17, "target": 28}, {"distance": 1.1851647461770027, "on_path": 0, "source": 18, "target": 37}, {"distance": 1.4617729001897843, "on_path": 0, "source": 18, "target": 25}, {"distance": 0.3887138917852317, "on_path": 0, "source": 18, "target": 35}, {"distance": 0.46776824949690127, "on_path": 0, "source": 18, "target": 27}, {"distance": 0.594397856919202, "on_path": 0, "source": 19, "target": 34}, {"distance": 1.4899042370554365, "on_path": 0, "source": 19, "target": 37}, {"distance": 1.7661280989499568, "on_path": 0, "source": 19, "target": 31}, {"distance": 0.6901233336180602, "on_path": 0, "source": 19, "target": 35}, {"distance": 0.8419161640225247, "on_path": 0, "source": 20, "target": 23}, {"distance": 0.7186786091498413, "on_path": 0, "source": 20, "target": 31}, {"distance": 0.7286410911760539, "on_path": 0, "source": 20, "target": 25}, {"distance": 0.4017134495901564, "on_path": 0, "source": 22, "target": 35}, {"distance": 0.6605682453931402, "on_path": 1, "source": 22, "target": 23}, {"distance": 1.5060295963873835, "on_path": 1, "source": 22, "target": 28}, {"distance": 0.7976072286740092, "on_path": 0, "source": 22, "target": 32}, {"distance": 1.9157829339500463, "on_path": 0, "source": 24, "target": 40}, {"distance": 1.7891028540051448, "on_path": 0, "source": 24, "target": 28}, {"distance": 0.6497366325935497, "on_path": 0, "source": 25, "target": 37}, {"distance": 1.5272499748815243, "on_path": 0, "source": 26, "target": 38}, {"distance": 1.6564211790368688, "on_path": 0, "source": 28, "target": 40}, {"distance": 0.32016293126287315, "on_path": 0, "source": 29, "target": 32}, {"distance": 1.2997471151867734, "on_path": 0, "source": 29, "target": 33}, {"distance": 0.6392672000069625, "on_path": 0, "source": 30, "target": 35}, {"distance": 0.6212144316594003, "on_path": 0, "source": 30, "target": 31}, {"distance": 1.3565461914049017, "on_path": 0, "source": 31, "target": 39}, {"distance": 1.7301396298569178, "on_path": 0, "source": 33, "target": 36}]}