{"directed": false, "multigraph": false, "graph": {}, "nodes": [{"node_features": [0.0, 0.0], "id": 0}, {"node_features": [0.0, 0.0], "id": 1}, {"node_features": [0.0, 0.0], "id": 2}, {"node_features": [0.0, 0.0], "id": 3}, {"node_features": [0.0, 0.0], "id": 4}, {"node_features": [0.0, 0.0], "id": 5}, {"node_features": [0.0, 0.0], "id": 6}, {"node_features": [1.0, 0.0], "id": 7}, {"node_features": [0.0, 0.0], "id": 8}, {"node_features": [0.0, 0.0], "id": 9}, {"node_features": [0.0, 0.0], "id": 10}, {"node_features": [0.0, 0.0], "id": 11}, {"node_features": [0.0, 0.0], "id": 12}, {"node_features": [0.0, 0.0], "id": 13}, {"node_features": [0.0, 0.0], "id": 14}, {"node_features": [0.0, 0.0], "id": 15}, {"node_features": [0.0, 1.0], "id": 16}, {"node_features": [0.0, 0.0], "id": 17}, {"node_features": [0.0, 0.0], "id": 18}, {"node_features": [0.0, 0.0], "id": 19}, {"node_features": [0.0, 0.0], "id": 20}, {"node_features": [0.0, 0.0], "id": 21}, {"node_features": [0.0, 0.0], "id": 22}, {"node_features": [0.0, 0.0], "id": 23}, {"node_features": [0.0, 0.0], "id": 24}, {"node_features": [0.0, 0.0], "id": 25}, {"node_features": [0.0, 0.0], "id": 26}, {"node_features": [0.0, 0.0], "id": 27}, {"node_features": [0.0, 0.0], "id": 28}, {"node_features": [0.0, 0.0], "id": 29}, {"node_features": [0.0, 0.0], "id": 30}, {"node_features": [0.0, 0.0], "id": 31}, {"node_features": [0.0, 0.0], "id": 32}, {"node_features": [0.0, 0.0], "id": 33}, {"node_features": [0.0, 0.0], "id": 34}, {"node_features": [0.0, 0.0], "id": 35}, {"node_features": [0.0, 0.0], "id": 36}, {"node_features": [0.0, 0.0], "id": 37}], "links": [{"distance": 0.24394333795165282, "on_path": 0, "source": 0, "target": 21}, {"distance": 1.2425246675966206, "on_path": 0, "source": 0, "target": 26}, {"distance": 1.5081446809364514, "on_path": 0, "source": 0, "target": 32}, {"distance": 0.7179667273034516, "on_path": 0, "source": 0, "target": 1}, {"distance": 1.1483450321509527, "on_path": 0, "source": 1, "target": 24}, {"distance": 0.987126502473375, "on_path": 0, "source": 1, "target": 2}, {"distance": 0.999321717275585, "on_path": 0, "source": 1, "target": 18}, {"distance": 1.0885757297187661, "on_path": 0, "source": 1, "target": 33}, {"distance": 1.1795744328692612, "on_path": 0, "source": 1, "target": 30}, {"distance": 0.7046960319234213, "on_path": 0, "source": 1, "target": 7}, {"distance": 1.2756918386475962, "on_path": 0, "source": 1, "target": 15}, {"distance": 1.027015620291698, "on_path": 0, "source": 1, "target": 20}, {"distance": 0.9710888750730436, "on_path": 0, "source": 1, "target": 25}, {"distance": 0.7596903436316332, "on_path": 0, "source": 2, "target": 7}, {"distance": 0.23889780062074076, "on_path": 0, "source": 2, "target": 19}, {"distance": 0.7488020240705221, "on_path": 0, "source": 2, "target": 9}, {"distance": 1.2526217862686946, "on_path": 0, "source": 3, "target": 13}, {"distance": 1.0989727998250065, "on_path": 0, "source": 3, "target": 8}, {"distance": 0.2621625011047719, "on_path": 1, "source": 4, "target": 7}, {"distance": 1.3557964771987316, "on_path": 0, "source": 4, "target": 20}, {"distance": 0.17892135519069913, "on_path": 1, "source": 4, "target": 23}, {"distance": 0.8569322406487244, "on_path": 0, "source": 4, "target": 6}, {"distance": 1.0279534290909211, "on_path": 0, "source": 5, "target": 19}, {"distance": 0.6165827770670906, "on_path": 0, "source": 5, "target": 6}, {"distance": 1.7094164186416378, "on_path": 0, "source": 5, "target": 31}, {"distance": 0.8067657991006625, "on_path": 0, "source": 5, "target": 18}, {"distance": 0.35508287238314606, "on_path": 0, "source": 5, "target": 27}, {"distance": 1.2141406489726925, "on_path": 0, "source": 5, "target": 28}, {"distance": 0.464219804729995, "on_path": 0, "source": 8, "target": 27}, {"distance": 1.3244333580368919, "on_path": 0, "source": 8, "target": 25}, {"distance": 0.7340911041686702, "on_path": 0, "source": 9, "target": 22}, {"distance": 0.6180628763489565, "on_path": 0, "source": 9, "target": 19}, {"distance": 0.6104257064569515, "on_path": 0, "source": 9, "target": 10}, {"distance": 0.5149585038860569, "on_path": 0, "source": 9, "target": 11}, {"distance": 0.7906746897464725, "on_path": 0, "source": 10, "target": 25}, {"distance": 1.7612172141649527, "on_path": 0, "source": 10, "target": 14}, {"distance": 1.2118068758235407, "on_path": 0, "source": 11, "target": 22}, {"distance": 0.6312952867000701, "on_path": 0, "source": 11, "target": 37}, {"distance": 2.3140206505810097, "on_path": 0, "source": 11, "target": 24}, {"distance": 1.803813740881532, "on_path": 0, "source": 11, "target": 31}, {"distance": 1.4560630853081227, "on_path": 0, "source": 12, "target": 36}, {"distance": 0.8577060326667658, "on_path": 0, "source": 12, "target": 18}, {"distance": 1.613858544089485, "on_path": 0, "source": 13, "target": 35}, {"distance": 0.7641324818364151, "on_path": 0, "source": 13, "target": 22}, {"distance": 0.8972914183545533, "on_path": 0, "source": 13, "target": 21}, {"distance": 1.091798138672502, "on_path": 0, "source": 13, "target": 33}, {"distance": 1.7364345203256637, "on_path": 0, "source": 14, "target": 25}, {"distance": 1.759167213893709, "on_path": 0, "source": 14, "target": 26}, {"distance": 1.8336330369867593, "on_path": 0, "source": 15, "target": 28}, {"distance": 1.699963139984844, "on_path": 0, "source": 15, "target": 35}, {"distance": 0.6518544630466718, "on_path": 1, "source": 16, "target": 34}, {"distance": 1.7407073444423669, "on_path": 0, "source": 16, "target": 24}, {"distance": 1.5813038495908764, "on_path": 0, "source": 16, "target": 17}, {"distance": 2.496732334800943, "on_path": 0, "source": 17, "target": 29}, {"distance": 0.8258793560324069, "on_path": 0, "source": 17, "target": 25}, {"distance": 0.6006857117222127, "on_path": 0, "source": 18, "target": 35}, {"distance": 1.5044063985404423, "on_path": 0, "source": 19, "target": 28}, {"distance": 1.7437091942498082, "on_path": 0, "source": 21, "target": 32}, {"distance": 0.8679364360305749, "on_path": 0, "source": 21, "target": 27}, {"distance": 1.6754639811997605, "on_path": 0, "source": 21, "target": 28}, {"distance": 1.4663917061890128, "on_path": 0, "source": 21, "target": 31}, {"distance": 0.2537632237907554, "on_path": 0, "source": 21, "target": 30}, {"distance": 1.4706388566702702, "on_path": 0, "source": 22, "target": 25}, {"distance": 1.5304585035164444, "on_path": 0, "source": 22, "target": 37}, {"distance": 0.9613295239082363, "on_path": 1, "source": 23, "target": 30}, {"distance": 0.545268890120346, "on_path": 0, "source": 23, "target": 36}, {"distance": 1.1464407329301982, "on_path": 0, "source": 23, "target": 32}, {"distance": 0.6530648178480777, "on_path": 0, "source": 26, "target": 35}, {"distance": 1.9085016477379637, "on_path": 0, "source": 26, "target": 29}, {"distance": 0.36350003977536227, "on_path": 0, "source": 26, "target": 34}, {"distance": 1.384284956374938, "on_path": 0, "source": 27, "target": 36}, {"distance": 2.000829921435386, "on_path": 0, "source": 29, "target": 35}, {"distance": 1.387257709690476, "on_path": 1, "source": 30, "target": 34}, {"distance": 1.7146831263484, "on_path": 0, "source": 30, "target": 31}, {"distance": 0.6888194226103423, "on_path": 0, "source": 34, "target": 37}, {"distance": 1.5421534871149185, "on_path": 0, "source": 35, "target": 36}]}