{"directed": false, "multigraph": false, "graph": {}, "nodes": [{"node_features": [0.0, 0.0], "id": 0}, {"node_features": [0.0, 0.0], "id": 1}, {"node_features": [0.0, 1.0], "id": 2}, {"node_features": [0.0, 0.0], "id": 3}, {"node_features": [0.0, 0.0], "id": 4}, {"node_features": [0.0, 0.0], "id": 5}, {"node_features": [0.0, 0.0], "id": 6}, {"node_features": [0.0, 0.0], "id": 7}, {"node_features": [0.0, 0.0], "id": 8}, {"node_features": [0.0, 0.0], "id": 9}, {"node_features": [0.0, 0.0], "id": 10}, {"node_features": [0.0, 0.0], "id": 11}, {"node_features": [0.0, 0.0], "id": 12}, {"node_features": [0.0, 0.0], "id": 13}, {"node_features": [0.0, 0.0], "id": 14}, {"node_features": [0.0, 0.0], "id": 15}, {"node_features": [1.0, 0.0], "id": 16}, {"node_features": [0.0, 0.0], "id": 17}, {"node_features": [0.0, 0.0], "id": 18}, {"node_features": [0.0, 0.0], "id": 19}, {"node_features": [0.0, 0.0], "id": 20}, {"node_features": [0.0, 0.0], "id": 21}, {"node_features": [0.0, 0.0], "id": 22}, {"node_features": [0.0, 0.0], "id": 23}, {"node_features": [0.0, 0.0], "id": 24}, {"node_features": [0.0, 0.0], "id": 25}, {"node_features": [0.0, 0.0], "id": 26}, {"node_features": [0.0, 0.0], "id": 27}, {"node_features": [0.0, 0.0], "id": 28}, {"node_features": [0.0, 0.0], "id": 29}, {"node_features": [0.0, 0.0], "id": 30}, {"node_features": [0.0, 0.0], "id": 31}, {"node_features": [0.0, 0.0], "id": 32}, {"node_features": [0.0, 0.0], "id": 33}, {"node_features": [0.0, 0.0], "id": 34}, {"node_features": [0.0, 0.0], "id": 35}, {"node_features": [0.0, 0.0], "id": 36}, {"node_features": [0.0, 0.0], "id": 37}, {"node_features": [0.0, 0.0], "id": 38}, {"node_features": [0.0, 0.0], "id": 39}, {"node_features": [0.0, 0.0], "id": 40}, {"node_features": [0.0, 0.0], "id": 41}, {"node_features": [0.0, 0.0], "id": 42}, {"node_features": [0.0, 0.0], "id": 43}, {"node_features": [0.0, 0.0], "id": 44}, {"node_features": [0.0, 0.0], "id": 45}, {"node_features": [0.0, 0.0], "id": 46}, {"node_features": [0.0, 0.0], "id": 47}], "links": [{"distance": 1.1359676541912895, "on_path": 0, "source": 0, "target": 21}, {"distance": 0.5245786389164946, "on_path": 0, "source": 0, "target": 5}, {"distance": 1.3564829703917873, "on_path": 0, "source": 0, "target": 39}, {"distance": 0.43634519649301945, "on_path": 1, "source": 1, "target": 27}, {"distance": 0.36629120528541737, "on_path": 0, "source": 1, "target": 18}, {"distance": 1.264683339451019, "on_path": 0, "source": 1, "target": 35}, {"distance": 0.5863409410848351, "on_path": 1, "source": 1, "target": 16}, {"distance": 1.04317071752837, "on_path": 0, "source": 2, "target": 24}, {"distance": 0.24015620155313797, "on_path": 1, "source": 2, "target": 15}, {"distance": 0.6830778795047289, "on_path": 0, "source": 2, "target": 45}, {"distance": 0.9531366541312357, "on_path": 0, "source": 2, "target": 19}, {"distance": 1.3103329216603785, "on_path": 0, "source": 3, "target": 18}, {"distance": 0.9678781807181671, "on_path": 0, "source": 3, "target": 40}, {"distance": 0.9722329754832382, "on_path": 0, "source": 3, "target": 26}, {"distance": 0.8646172082867131, "on_path": 0, "source": 4, "target": 30}, {"distance": 0.6027409874544527, "on_path": 0, "source": 4, "target": 35}, {"distance": 0.12414513621206215, "on_path": 0, "source": 4, "target": 22}, {"distance": 0.9131915286614376, "on_path": 0, "source": 4, "target": 24}, {"distance": 0.6911927398581323, "on_path": 0, "source": 4, "target": 37}, {"distance": 1.8283129941348266, "on_path": 0, "source": 5, "target": 44}, {"distance": 0.357126022558523, "on_path": 0, "source": 5, "target": 46}, {"distance": 0.6777127300435551, "on_path": 0, "source": 5, "target": 30}, {"distance": 0.5454224260163413, "on_path": 0, "source": 5, "target": 32}, {"distance": 1.2654718304907173, "on_path": 0, "source": 6, "target": 34}, {"distance": 1.163609735358062, "on_path": 0, "source": 6, "target": 47}, {"distance": 0.5841268238233008, "on_path": 0, "source": 6, "target": 15}, {"distance": 1.314763035788772, "on_path": 0, "source": 6, "target": 19}, {"distance": 0.8852339517235148, "on_path": 0, "source": 7, "target": 26}, {"distance": 1.3288871333576904, "on_path": 0, "source": 7, "target": 29}, {"distance": 0.2324589696518702, "on_path": 0, "source": 7, "target": 36}, {"distance": 1.2817922397917816, "on_path": 0, "source": 7, "target": 8}, {"distance": 0.7102645034215997, "on_path": 0, "source": 7, "target": 25}, {"distance": 1.1110114786036558, "on_path": 0, "source": 7, "target": 45}, {"distance": 0.48221591399831826, "on_path": 0, "source": 8, "target": 29}, {"distance": 1.6440189325855663, "on_path": 0, "source": 8, "target": 31}, {"distance": 0.3078658282064393, "on_path": 0, "source": 8, "target": 39}, {"distance": 0.3368176564930704, "on_path": 0, "source": 9, "target": 12}, {"distance": 1.011918763889097, "on_path": 0, "source": 9, "target": 18}, {"distance": 0.41651028309017973, "on_path": 0, "source": 9, "target": 38}, {"distance": 0.2795843242802717, "on_path": 0, "source": 10, "target": 22}, {"distance": 0.6959800150775153, "on_path": 0, "source": 10, "target": 47}, {"distance": 0.6239086460837793, "on_path": 0, "source": 11, "target": 46}, {"distance": 0.9065599132007827, "on_path": 0, "source": 11, "target": 34}, {"distance": 1.613136484809269, "on_path": 0, "source": 11, "target": 26}, {"distance": 1.6432894364190553, "on_path": 0, "source": 11, "target": 14}, {"distance": 1.2895589944736139, "on_path": 0, "source": 11, "target": 36}, {"distance": 0.491521144944296, "on_path": 0, "source": 12, "target": 37}, {"distance": 0.43264320887093344, "on_path": 0, "source": 12, "target": 16}, {"distance": 0.6282244969072198, "on_path": 0, "source": 12, "target": 39}, {"distance": 1.1946482855077272, "on_path": 0, "source": 13, "target": 21}, {"distance": 1.1012040530026972, "on_path": 0, "source": 13, "target": 25}, {"distance": 1.59087701988599, "on_path": 0, "source": 14, "target": 42}, {"distance": 0.3306900776606684, "on_path": 0, "source": 14, "target": 17}, {"distance": 1.4120964405415366, "on_path": 0, "source": 14, "target": 41}, {"distance": 0.4351978660027395, "on_path": 1, "source": 15, "target": 40}, {"distance": 1.7898793141698506, "on_path": 0, "source": 16, "target": 20}, {"distance": 0.4619428807008486, "on_path": 0, "source": 16, "target": 47}, {"distance": 1.8192074846168036, "on_path": 0, "source": 16, "target": 26}, {"distance": 1.3046833109293279, "on_path": 0, "source": 17, "target": 28}, {"distance": 1.1582672066946564, "on_path": 0, "source": 17, "target": 38}, {"distance": 1.1267467478747566, "on_path": 0, "source": 17, "target": 31}, {"distance": 1.192617820214434, "on_path": 0, "source": 18, "target": 32}, {"distance": 1.4532920433448067, "on_path": 0, "source": 18, "target": 34}, {"distance": 1.4459633013650852, "on_path": 0, "source": 19, "target": 31}, {"distance": 1.40976456463459, "on_path": 0, "source": 20, "target": 38}, {"distance": 1.9593213906137956, "on_path": 0, "source": 20, "target": 34}, {"distance": 1.2698233670102275, "on_path": 0, "source": 21, "target": 37}, {"distance": 0.6096780630534951, "on_path": 0, "source": 21, "target": 36}, {"distance": 0.627550539800217, "on_path": 0, "source": 21, "target": 29}, {"distance": 1.2505453141200438, "on_path": 0, "source": 22, "target": 31}, {"distance": 1.3289342147263952, "on_path": 0, "source": 23, "target": 28}, {"distance": 0.997729497137304, "on_path": 0, "source": 23, "target": 33}, {"distance": 1.1124926898363083, "on_path": 0, "source": 23, "target": 41}, {"distance": 1.5633404333593954, "on_path": 0, "source": 23, "target": 42}, {"distance": 1.0733630342205063, "on_path": 0, "source": 24, "target": 35}, {"distance": 1.2208333118699979, "on_path": 0, "source": 25, "target": 37}, {"distance": 1.9874443664561887, "on_path": 0, "source": 26, "target": 41}, {"distance": 0.40021085685638264, "on_path": 1, "source": 27, "target": 40}, {"distance": 0.5965202984045326, "on_path": 0, "source": 27, "target": 41}, {"distance": 0.2962830988250297, "on_path": 0, "source": 28, "target": 41}, {"distance": 0.5028265971914141, "on_path": 0, "source": 28, "target": 35}, {"distance": 1.1714738809865688, "on_path": 0, "source": 29, "target": 37}, {"distance": 0.6677836790483354, "on_path": 0, "source": 29, "target": 38}, {"distance": 1.1857739808648897, "on_path": 0, "source": 29, "target": 42}, {"distance": 1.7343495436556333, "on_path": 0, "source": 29, "target": 44}, {"distance": 0.27253714723355, "on_path": 0, "source": 30, "target": 40}, {"distance": 0.9541958746213596, "on_path": 0, "source": 30, "target": 39}, {"distance": 1.7599453972302528, "on_path": 0, "source": 31, "target": 43}, {"distance": 1.8695659272797684, "on_path": 0, "source": 32, "target": 44}, {"distance": 0.6162283794984679, "on_path": 0, "source": 33, "target": 45}, {"distance": 0.26490560527093227, "on_path": 0, "source": 33, "target": 46}, {"distance": 0.1051197592999431, "on_path": 0, "source": 35, "target": 43}, {"distance": 0.49860597656380584, "on_path": 0, "source": 37, "target": 47}, {"distance": 0.5574781236060498, "on_path": 0, "source": 41, "target": 46}, {"distance": 0.814410389496707, "on_path": 0, "source": 41, "target": 43}, {"distance": 1.4353497921587097, "on_path": 0, "source": 42, "target": 47}]}