{"directed": false, "multigraph": false, "graph": {}, "nodes": [{"node_features": [0.0, 0.0], "id": 0}, {"node_features": [0.0, 0.0], "id": 1}, {"node_features": [0.0, 0.0], "id": 2}, {"node_features": [0.0, 0.0], "id": 3}, {"node_features": [0.0, 0.0], "id": 4}, {"node_features": [0.0, 0.0], "id": 5}, {"node_features": [0.0, 0.0], "id": 6}, {"node_features": [0.0, 0.0], "id": 7}, {"node_features": [0.0, 0.0], "id": 8}, {"node_features": [0.0, 0.0], "id": 9}, {"node_features": [0.0, 0.0], "id": 10}, {"node_features": [0.0, 0.0], "id": 11}, {"node_features": [0.0, 0.0], "id": 12}, {"node_features": [0.0, 0.0], "id": 13}, {"node_features": [0.0, 0.0], "id": 14}, {"node_features": [1.0, 0.0], "id": 15}, {"node_features": [0.0, 0.0], "id": 16}, {"node_features": [0.0, 0.0], "id": 17}, {"node_features": [0.0, 0.0], "id": 18}, {"node_features": [0.0, 1.0], "id": 19}, {"node_features": [0.0, 0.0], "id": 20}, {"node_features": [0.0, 0.0], "id": 21}, {"node_features": [0.0, 0.0], "id": 22}, {"node_features": [0.0, 0.0], "id": 23}, {"node_features": [0.0, 0.0], "id": 24}, {"node_features": [0.0, 0.0], "id": 25}, {"node_features": [0.0, 0.0], "id": 26}, {"node_features": [0.0, 0.0], "id": 27}, {"node_features": [0.0, 0.0], "id": 28}, {"node_features": [0.0, 0.0], "id": 29}, {"node_features": [0.0, 0.0], "id": 30}, {"node_features": [0.0, 0.0], "id": 31}, {"node_features": [0.0, 0.0], "id": 32}, {"node_features": [0.0, 0.0], "id": 33}, {"node_features": [0.0, 0.0], "id": 34}, {"node_features": [0.0, 0.0], "id": 35}, {"node_features": [0.0, 0.0], "id": 36}, {"node_features": [0.0, 0.0], "id": 37}, {"node_features": [0.0, 0.0], "id": 38}, {"node_features": [0.0, 0.0], "id": 39}, {"node_features": [0.0, 0.0], "id": 40}, {"node_features": [0.0, 0.0], "id": 41}, {"node_features": [0.0, 0.0], "id": 42}, {"node_features": [0.0, 0.0], "id": 43}, {"node_features": [0.0, 0.0], "id": 44}, {"node_features": [0.0, 0.0], "id": 45}, {"node_features": [0.0, 0.0], "id": 46}], "links": [{"distance": 1.4119080868505058, "on_path": 0, "source": 0, "target": 21}, {"distance": 1.138825915853644, "on_path": 0, "source": 0, "target": 10}, {"distance": 0.5087487322362062, "on_path": 0, "source": 0, "target": 32}, {"distance": 1.4255177842607787, "on_path": 0, "source": 0, "target": 4}, {"distance": 0.29649595932598843, "on_path": 0, "source": 1, "target": 21}, {"distance": 1.0882982973668833, "on_path": 0, "source": 1, "target": 34}, {"distance": 0.8658918985480449, "on_path": 0, "source": 2, "target": 18}, {"distance": 0.9341506075882747, "on_path": 0, "source": 2, "target": 21}, {"distance": 1.7954791789717055, "on_path": 0, "source": 2, "target": 28}, {"distance": 1.2701048864891313, "on_path": 0, "source": 3, "target": 11}, {"distance": 0.428327902985345, "on_path": 0, "source": 3, "target": 45}, {"distance": 0.9903026791037898, "on_path": 0, "source": 3, "target": 30}, {"distance": 0.22497938381378063, "on_path": 0, "source": 4, "target": 44}, {"distance": 0.18420669752067484, "on_path": 0, "source": 4, "target": 21}, {"distance": 1.9100581461429054, "on_path": 0, "source": 4, "target": 29}, {"distance": 0.5886151835391861, "on_path": 0, "source": 5, "target": 23}, {"distance": 1.3977796193414203, "on_path": 0, "source": 5, "target": 14}, {"distance": 0.6538036562455231, "on_path": 0, "source": 5, "target": 38}, {"distance": 0.9597956295001876, "on_path": 0, "source": 5, "target": 25}, {"distance": 0.6747873255928475, "on_path": 0, "source": 6, "target": 44}, {"distance": 1.554604860161146, "on_path": 0, "source": 6, "target": 28}, {"distance": 0.7559465651225342, "on_path": 0, "source": 6, "target": 14}, {"distance": 1.154020990561782, "on_path": 0, "source": 7, "target": 20}, {"distance": 1.0671816489223769, "on_path": 0, "source": 7, "target": 45}, {"distance": 0.8106974753417026, "on_path": 0, "source": 7, "target": 9}, {"distance": 1.9335485607012888, "on_path": 0, "source": 8, "target": 21}, {"distance": 1.3261853257039722, "on_path": 0, "source": 8, "target": 16}, {"distance": 1.431073892490293, "on_path": 0, "source": 8, "target": 31}, {"distance": 1.6808706934657724, "on_path": 0, "source": 9, "target": 27}, {"distance": 1.0056347604484819, "on_path": 0, "source": 9, "target": 36}, {"distance": 1.700476388421619, "on_path": 0, "source": 9, "target": 43}, {"distance": 0.9071494994442019, "on_path": 0, "source": 10, "target": 27}, {"distance": 0.6082442634694918, "on_path": 0, "source": 10, "target": 11}, {"distance": 0.7227487952131402, "on_path": 0, "source": 10, "target": 34}, {"distance": 0.615159374644993, "on_path": 1, "source": 11, "target": 32}, {"distance": 0.41281519714959886, "on_path": 0, "source": 11, "target": 18}, {"distance": 0.732230281815832, "on_path": 0, "source": 11, "target": 31}, {"distance": 1.2753586678806, "on_path": 0, "source": 11, "target": 20}, {"distance": 0.23872410953173412, "on_path": 1, "source": 11, "target": 15}, {"distance": 0.49405314391242594, "on_path": 0, "source": 12, "target": 34}, {"distance": 1.7992055949515446, "on_path": 0, "source": 12, "target": 28}, {"distance": 1.0233538673798497, "on_path": 0, "source": 12, "target": 46}, {"distance": 0.878954374848619, "on_path": 0, "source": 12, "target": 38}, {"distance": 1.0809741578761058, "on_path": 0, "source": 12, "target": 33}, {"distance": 1.479270892493655, "on_path": 0, "source": 12, "target": 44}, {"distance": 0.9786074915077762, "on_path": 0, "source": 13, "target": 37}, {"distance": 1.4439844503250066, "on_path": 0, "source": 13, "target": 16}, {"distance": 1.6706362032733986, "on_path": 0, "source": 13, "target": 25}, {"distance": 1.6146564063910462, "on_path": 0, "source": 14, "target": 22}, {"distance": 0.5131624435748159, "on_path": 0, "source": 14, "target": 26}, {"distance": 0.14379754920461119, "on_path": 0, "source": 14, "target": 21}, {"distance": 1.4262576039852877, "on_path": 0, "source": 14, "target": 32}, {"distance": 0.6254671264178446, "on_path": 0, "source": 15, "target": 31}, {"distance": 1.1246644620521973, "on_path": 0, "source": 15, "target": 40}, {"distance": 0.9317092592334617, "on_path": 0, "source": 16, "target": 36}, {"distance": 2.0808176655941497, "on_path": 0, "source": 17, "target": 26}, {"distance": 1.25541366704189, "on_path": 0, "source": 17, "target": 39}, {"distance": 0.038007527744803996, "on_path": 0, "source": 17, "target": 23}, {"distance": 0.3332175663441081, "on_path": 0, "source": 18, "target": 42}, {"distance": 1.1269204263928752, "on_path": 0, "source": 18, "target": 35}, {"distance": 1.5104363652151245, "on_path": 1, "source": 19, "target": 29}, {"distance": 1.9868163332953008, "on_path": 0, "source": 19, "target": 33}, {"distance": 1.4707305862378965, "on_path": 0, "source": 19, "target": 34}, {"distance": 0.6385526497630307, "on_path": 0, "source": 19, "target": 39}, {"distance": 0.8827312989412294, "on_path": 0, "source": 20, "target": 41}, {"distance": 1.4717432189647277, "on_path": 0, "source": 20, "target": 23}, {"distance": 0.9324900199079629, "on_path": 0, "source": 20, "target": 30}, {"distance": 1.6213277519114155, "on_path": 0, "source": 20, "target": 35}, {"distance": 1.7831585913460521, "on_path": 0, "source": 20, "target": 32}, {"distance": 1.3687629252167515, "on_path": 0, "source": 21, "target": 24}, {"distance": 1.0058674926970503, "on_path": 0, "source": 21, "target": 41}, {"distance": 0.2268246337810512, "on_path": 0, "source": 22, "target": 25}, {"distance": 1.1633408116261812, "on_path": 0, "source": 22, "target": 37}, {"distance": 1.6312642490608766, "on_path": 0, "source": 24, "target": 28}, {"distance": 1.5939752311094675, "on_path": 0, "source": 25, "target": 31}, {"distance": 0.9292348323393498, "on_path": 0, "source": 25, "target": 41}, {"distance": 0.7833019182057634, "on_path": 0, "source": 25, "target": 42}, {"distance": 0.8166391606082728, "on_path": 0, "source": 26, "target": 41}, {"distance": 1.9329617972412507, "on_path": 0, "source": 27, "target": 39}, {"distance": 0.20457647685153288, "on_path": 0, "source": 27, "target": 30}, {"distance": 0.5921123541095092, "on_path": 0, "source": 28, "target": 39}, {"distance": 0.5038415517330245, "on_path": 1, "source": 29, "target": 32}, {"distance": 0.8738857025667902, "on_path": 0, "source": 30, "target": 46}, {"distance": 0.6491367891131835, "on_path": 0, "source": 30, "target": 45}, {"distance": 0.9358435449077538, "on_path": 0, "source": 32, "target": 46}, {"distance": 1.2564537526927184, "on_path": 0, "source": 32, "target": 36}, {"distance": 0.7312561434901083, "on_path": 0, "source": 32, "target": 38}, {"distance": 0.3802889563733454, "on_path": 0, "source": 34, "target": 41}, {"distance": 0.7846489764809943, "on_path": 0, "source": 34, "target": 46}, {"distance": 0.5712271926151157, "on_path": 0, "source": 37, "target": 46}, {"distance": 0.6823187848096399, "on_path": 0, "source": 38, "target": 44}, {"distance": 1.928432766816432, "on_path": 0, "source": 39, "target": 43}, {"distance": 0.35653608959156474, "on_path": 0, "source": 40, "target": 45}, {"distance": 1.2750903160056515, "on_path": 0, "source": 42, "target": 45}]}