{"directed": false, "multigraph": false, "graph": {}, "nodes": [{"node_features": [0.0, 0.0], "id": 0}, {"node_features": [0.0, 1.0], "id": 1}, {"node_features": [0.0, 0.0], "id": 2}, {"node_features": [0.0, 0.0], "id": 3}, {"node_features": [0.0, 0.0], "id": 4}, {"node_features": [0.0, 0.0], "id": 5}, {"node_features": [0.0, 0.0], "id": 6}, {"node_features": [0.0, 0.0], "id": 7}, {"node_features": [0.0, 0.0], "id": 8}, {"node_features": [0.0, 0.0], "id": 9}, {"node_features": [0.0, 0.0], "id": 10}, {"node_features": [0.0, 0.0], "id": 11}, {"node_features": [0.0, 0.0], "id": 12}, {"node_features": [0.0, 0.0], "id": 13}, {"node_features": [0.0, 0.0], "id": 14}, {"node_features": [0.0, 0.0], "id": 15}, {"node_features": [0.0, 0.0], "id": 16}, {"node_features": [0.0, 0.0], "id": 17}, {"node_features": [0.0, 0.0], "id": 18}, {"node_features": [0.0, 0.0], "id": 19}, {"node_features": [0.0, 0.0], "id": 20}, {"node_features": [0.0, 0.0], "id": 21}, {"node_features": [0.0, 0.0], "id": 22}, {"node_features": [0.0, 0.0], "id": 23}, {"node_features": [0.0, 0.0], "id": 24}, {"node_features": [1.0, 0.0], "id": 25}, {"node_features": [0.0, 0.0], "id": 26}, {"node_features": [0.0, 0.0], "id": 27}, {"node_features": [0.0, 0.0], "id": 28}, {"node_features": [0.0, 0.0], "id": 29}, {"node_features": [0.0, 0.0], "id": 30}, {"node_features": [0.0, 0.0], "id": 31}, {"node_features": [0.0, 0.0], "id": 32}, {"node_features": [0.0, 0.0], "id": 33}, {"node_features": [0.0, 0.0], "id": 34}, {"node_features": [0.0, 0.0], "id": 35}, {"node_features": [0.0, 0.0], "id": 36}, {"node_features": [0.0, 0.0], "id": 37}, {"node_features": [0.0, 0.0], "id": 38}, {"node_features": [0.0, 0.0], "id": 39}, {"node_features": [0.0, 0.0], "id": 40}], "links": [{"distance": 1.0474702448408013, "on_path": 0, "source": 0, "target": 7}, {"distance": 1.8502301894916628, "on_path": 0, "source": 0, "target": 9}, {"distance": 1.2184927773299334, "on_path": 0, "source": 1, "target": 31}, {"distance": 0.7881611428643761, "on_path": 1, "source": 1, "target": 29}, {"distance": 1.154915485819529, "on_path": 0, "source": 1, "target": 39}, {"distance": 0.5699001570983229, "on_path": 0, "source": 1, "target": 22}, {"distance": 0.4510353677562595, "on_path": 0, "source": 2, "target": 33}, {"distance": 0.5460343191036372, "on_path": 0, "source": 2, "target": 6}, {"distance": 0.8751111682352923, "on_path": 0, "source": 2, "target": 32}, {"distance": 1.1003582886220857, "on_path": 0, "source": 3, "target": 20}, {"distance": 0.7854615745400763, "on_path": 0, "source": 3, "target": 30}, {"distance": 1.6492537608871154, "on_path": 0, "source": 3, "target": 8}, {"distance": 0.550660918186945, "on_path": 0, "source": 4, "target": 11}, {"distance": 1.1132532651140226, "on_path": 0, "source": 4, "target": 19}, {"distance": 1.3995383896617775, "on_path": 0, "source": 4, "target": 27}, {"distance": 0.9431135200523926, "on_path": 0, "source": 5, "target": 36}, {"distance": 0.88249468429456, "on_path": 0, "source": 5, "target": 27}, {"distance": 0.8531902284945906, "on_path": 0, "source": 5, "target": 9}, {"distance": 0.6930902514451226, "on_path": 0, "source": 6, "target": 35}, {"distance": 0.618569521203203, "on_path": 0, "source": 6, "target": 22}, {"distance": 0.708513802480341, "on_path": 0, "source": 6, "target": 33}, {"distance": 1.6776742514555487, "on_path": 0, "source": 7, "target": 39}, {"distance": 0.873202587101682, "on_path": 0, "source": 7, "target": 35}, {"distance": 0.6552158600861239, "on_path": 0, "source": 7, "target": 13}, {"distance": 0.42599366352267204, "on_path": 1, "source": 7, "target": 25}, {"distance": 0.3606138943546447, "on_path": 1, "source": 7, "target": 37}, {"distance": 1.1410892745355896, "on_path": 0, "source": 8, "target": 23}, {"distance": 1.9795016134883512, "on_path": 0, "source": 8, "target": 24}, {"distance": 1.732326966259194, "on_path": 0, "source": 9, "target": 12}, {"distance": 1.9549174110113539, "on_path": 0, "source": 9, "target": 18}, {"distance": 1.126879525122419, "on_path": 0, "source": 9, "target": 21}, {"distance": 1.7878791769721871, "on_path": 0, "source": 9, "target": 23}, {"distance": 1.0945852421139541, "on_path": 0, "source": 10, "target": 29}, {"distance": 0.61617571471064, "on_path": 0, "source": 10, "target": 24}, {"distance": 0.8784764069398514, "on_path": 0, "source": 10, "target": 32}, {"distance": 1.9777370553297509, "on_path": 0, "source": 10, "target": 34}, {"distance": 1.2211897995781735, "on_path": 0, "source": 10, "target": 17}, {"distance": 1.1579811854553055, "on_path": 0, "source": 11, "target": 15}, {"distance": 0.8019667366446294, "on_path": 0, "source": 11, "target": 36}, {"distance": 0.9205188579160773, "on_path": 0, "source": 12, "target": 38}, {"distance": 0.3453724738085622, "on_path": 0, "source": 12, "target": 23}, {"distance": 1.0217820860836466, "on_path": 0, "source": 12, "target": 34}, {"distance": 1.1029388962714335, "on_path": 0, "source": 13, "target": 28}, {"distance": 1.3242441310199382, "on_path": 0, "source": 13, "target": 30}, {"distance": 0.3810169375031492, "on_path": 0, "source": 13, "target": 35}, {"distance": 1.325881758995381, "on_path": 0, "source": 14, "target": 22}, {"distance": 0.48801189149111346, "on_path": 0, "source": 14, "target": 15}, {"distance": 0.8101589279702934, "on_path": 0, "source": 14, "target": 27}, {"distance": 1.8048514335258616, "on_path": 0, "source": 14, "target": 28}, {"distance": 1.7075794463004008, "on_path": 0, "source": 15, "target": 25}, {"distance": 0.5836236232729566, "on_path": 0, "source": 15, "target": 31}, {"distance": 1.0761933551073615, "on_path": 0, "source": 16, "target": 40}, {"distance": 0.4653249978229887, "on_path": 0, "source": 16, "target": 31}, {"distance": 1.318223516677207, "on_path": 0, "source": 16, "target": 32}, {"distance": 0.4785734669382589, "on_path": 0, "source": 17, "target": 36}, {"distance": 1.2331348612050026, "on_path": 0, "source": 17, "target": 38}, {"distance": 1.6744628909243113, "on_path": 0, "source": 17, "target": 39}, {"distance": 0.7626612004136804, "on_path": 0, "source": 18, "target": 23}, {"distance": 0.5254231206895525, "on_path": 1, "source": 18, "target": 37}, {"distance": 2.088704520192676, "on_path": 0, "source": 18, "target": 19}, {"distance": 1.0452392628319847, "on_path": 1, "source": 18, "target": 29}, {"distance": 0.8018031337620906, "on_path": 0, "source": 19, "target": 38}, {"distance": 1.717202525755328, "on_path": 0, "source": 20, "target": 31}, {"distance": 0.9239831927453621, "on_path": 0, "source": 20, "target": 38}, {"distance": 0.4503394801599995, "on_path": 0, "source": 20, "target": 34}, {"distance": 0.5244145273160682, "on_path": 0, "source": 21, "target": 40}, {"distance": 1.187388958752186, "on_path": 0, "source": 21, "target": 31}, {"distance": 0.8216157143277685, "on_path": 0, "source": 21, "target": 36}, {"distance": 1.2542246626886207, "on_path": 0, "source": 22, "target": 39}, {"distance": 0.47201385131402024, "on_path": 0, "source": 22, "target": 38}, {"distance": 0.69678825635758, "on_path": 0, "source": 23, "target": 34}, {"distance": 1.8127083110167665, "on_path": 0, "source": 23, "target": 30}, {"distance": 1.1786938516150627, "on_path": 0, "source": 23, "target": 40}, {"distance": 0.7218101063953783, "on_path": 0, "source": 24, "target": 40}, {"distance": 0.42517728210635436, "on_path": 0, "source": 26, "target": 39}, {"distance": 0.5976282725165157, "on_path": 0, "source": 26, "target": 33}, {"distance": 0.9862212320464696, "on_path": 0, "source": 26, "target": 32}, {"distance": 0.4706938690090643, "on_path": 0, "source": 28, "target": 33}, {"distance": 0.828964287656812, "on_path": 0, "source": 32, "target": 40}, {"distance": 1.205913647663584, "on_path": 0, "source": 32, "target": 33}, {"distance": 1.5737756029163488, "on_path": 0, "source": 36, "target": 39}, {"distance": 0.8669698422741635, "on_path": 0, "source": 37, "target": 40}]}