{"directed": false, "multigraph": false, "graph": {}, "nodes": [{"node_features": [0.0, 0.0], "id": 0}, {"node_features": [0.0, 0.0], "id": 1}, {"node_features": [0.0, 0.0], "id": 2}, {"node_features": [0.0, 0.0], "id": 3}, {"node_features": [0.0, 0.0], "id": 4}, {"node_features": [0.0, 0.0], "id": 5}, {"node_features": [0.0, 0.0], "id": 6}, {"node_features": [0.0, 0.0], "id": 7}, {"node_features": [0.0, 0.0], "id": 8}, {"node_features": [0.0, 0.0], "id": 9}, {"node_features": [0.0, 0.0], "id": 10}, {"node_features": [0.0, 0.0], "id": 11}, {"node_features": [0.0, 0.0], "id": 12}, {"node_features": [0.0, 0.0], "id": 13}, {"node_features": [0.0, 0.0], "id": 14}, {"node_features": [0.0, 0.0], "id": 15}, {"node_features": [0.0, 1.0], "id": 16}, {"node_features": [0.0, 0.0], "id": 17}, {"node_features": [1.0, 0.0], "id": 18}, {"node_features": [0.0, 0.0], "id": 19}, {"node_features": [0.0, 0.0], "id": 20}, {"node_features": [0.0, 0.0], "id": 21}, {"node_features": [0.0, 0.0], "id": 22}, {"node_features": [0.0, 0.0], "id": 23}], "links": [{"distance": 0.9651392867967633, "on_path": 0, "source": 0, "target": 12}, {"distance": 0.711015082286119, "on_path": 1, "source": 0, "target": 15}, {"distance": 1.306399157287537, "on_path": 1, "source": 0, "target": 16}, {"distance": 1.509129015363113, "on_path": 0, "source": 1, "target": 9}, {"distance": 1.921491745526182, "on_path": 0, "source": 1, "target": 5}, {"distance": 1.8642309439060627, "on_path": 0, "source": 1, "target": 8}, {"distance": 0.08355328784768783, "on_path": 0, "source": 1, "target": 20}, {"distance": 1.3498844071432687, "on_path": 0, "source": 1, "target": 22}, {"distance": 1.2365227015941953, "on_path": 0, "source": 1, "target": 13}, {"distance": 0.9831180078143559, "on_path": 0, "source": 2, "target": 6}, {"distance": 0.9670030091045104, "on_path": 0, "source": 2, "target": 18}, {"distance": 0.6139698549101946, "on_path": 0, "source": 2, "target": 21}, {"distance": 1.581487742571247, "on_path": 0, "source": 2, "target": 8}, {"distance": 0.5920716295155765, "on_path": 0, "source": 3, "target": 17}, {"distance": 0.31552597889054024, "on_path": 1, "source": 3, "target": 10}, {"distance": 1.0451562563662766, "on_path": 0, "source": 3, "target": 14}, {"distance": 0.7108667221510914, "on_path": 1, "source": 3, "target": 15}, {"distance": 1.7840758744996024, "on_path": 0, "source": 4, "target": 9}, {"distance": 1.0621502129071616, "on_path": 0, "source": 4, "target": 13}, {"distance": 0.810235427572442, "on_path": 0, "source": 4, "target": 22}, {"distance": 1.0859602611685104, "on_path": 0, "source": 4, "target": 12}, {"distance": 1.0529036234469697, "on_path": 0, "source": 4, "target": 21}, {"distance": 1.4838436930027759, "on_path": 0, "source": 5, "target": 16}, {"distance": 1.225573769030875, "on_path": 0, "source": 5, "target": 6}, {"distance": 1.9321825280775804, "on_path": 0, "source": 5, "target": 20}, {"distance": 0.7073091379978734, "on_path": 0, "source": 6, "target": 21}, {"distance": 0.4180204106054856, "on_path": 0, "source": 6, "target": 14}, {"distance": 1.6482633389930275, "on_path": 0, "source": 6, "target": 7}, {"distance": 0.8485365468068723, "on_path": 0, "source": 6, "target": 11}, {"distance": 0.9351222308850317, "on_path": 0, "source": 6, "target": 19}, {"distance": 0.8379315942515266, "on_path": 0, "source": 7, "target": 10}, {"distance": 1.715273419085549, "on_path": 0, "source": 7, "target": 17}, {"distance": 1.6904861305160281, "on_path": 0, "source": 7, "target": 19}, {"distance": 0.892258730295934, "on_path": 0, "source": 8, "target": 15}, {"distance": 0.9395504910696375, "on_path": 0, "source": 8, "target": 17}, {"distance": 0.4575066091302519, "on_path": 0, "source": 9, "target": 18}, {"distance": 2.0872329093796798, "on_path": 0, "source": 9, "target": 14}, {"distance": 1.1694769698734109, "on_path": 0, "source": 10, "target": 20}, {"distance": 0.3865279317574448, "on_path": 1, "source": 10, "target": 18}, {"distance": 0.15707298842534756, "on_path": 0, "source": 11, "target": 19}, {"distance": 1.0799157835866977, "on_path": 0, "source": 11, "target": 12}, {"distance": 1.1102689727997481, "on_path": 0, "source": 12, "target": 19}, {"distance": 1.4317317283681024, "on_path": 0, "source": 13, "target": 22}, {"distance": 1.1204235698360239, "on_path": 0, "source": 14, "target": 21}, {"distance": 1.1318953011853667, "on_path": 0, "source": 15, "target": 21}, {"distance": 1.8585615643749331, "on_path": 0, "source": 15, "target": 20}, {"distance": 0.6174455879565228, "on_path": 0, "source": 21, "target": 23}, {"distance": 1.7854047853843946, "on_path": 0, "source": 22, "target": 23}]}