{"directed": false, "multigraph": false, "graph": {}, "nodes": [{"node_features": [0.0, 0.0], "id": 0}, {"node_features": [0.0, 0.0], "id": 1}, {"node_features": [0.0, 0.0], "id": 2}, {"node_features": [0.0, 0.0], "id": 3}, {"node_features": [0.0, 0.0], "id": 4}, {"node_features": [0.0, 0.0], "id": 5}, {"node_features": [0.0, 0.0], "id": 6}, {"node_features": [0.0, 0.0], "id": 7}, {"node_features": [0.0, 0.0], "id": 8}, {"node_features": [0.0, 0.0], "id": 9}, {"node_features": [0.0, 0.0], "id": 10}, {"node_features": [0.0, 0.0], "id": 11}, {"node_features": [0.0, 0.0], "id": 12}, {"node_features": [0.0, 0.0], "id": 13}, {"node_features": [0.0, 0.0], "id": 14}, {"node_features": [0.0, 0.0], "id": 15}, {"node_features": [0.0, 0.0], "id": 16}, {"node_features": [0.0, 0.0], "id": 17}, {"node_features": [0.0, 0.0], "id": 18}, {"node_features": [0.0, 0.0], "id": 19}, {"node_features": [0.0, 0.0], "id": 20}, {"node_features": [0.0, 0.0], "id": 21}, {"node_features": [0.0, 0.0], "id": 22}, {"node_features": [0.0, 0.0], "id": 23}, {"node_features": [1.0, 0.0], "id": 24}, {"node_features": [0.0, 0.0], "id": 25}, {"node_features": [0.0, 0.0], "id": 26}, {"node_features": [0.0, 0.0], "id": 27}, {"node_features": [0.0, 0.0], "id": 28}, {"node_features": [0.0, 0.0], "id": 29}, {"node_features": [0.0, 0.0], "id": 30}, {"node_features": [0.0, 0.0], "id": 31}, {"node_features": [0.0, 0.0], "id": 32}, {"node_features": [0.0, 1.0], "id": 33}, {"node_features": [0.0, 0.0], "id": 34}, {"node_features": [0.0, 0.0], "id": 35}, {"node_features": [0.0, 0.0], "id": 36}, {"node_features": [0.0, 0.0], "id": 37}, {"node_features": [0.0, 0.0], "id": 38}, {"node_features": [0.0, 0.0], "id": 39}, {"node_features": [0.0, 0.0], "id": 40}], "links": [{"distance": 0.691612238241698, "on_path": 0, "source": 0, "target": 26}, {"distance": 0.9061190907204839, "on_path": 0, "source": 0, "target": 9}, {"distance": 0.5303475290293469, "on_path": 0, "source": 0, "target": 40}, {"distance": 1.4045602792107559, "on_path": 0, "source": 0, "target": 12}, {"distance": 0.5033976085485935, "on_path": 0, "source": 0, "target": 35}, {"distance": 1.3957357126740078, "on_path": 0, "source": 1, "target": 5}, {"distance": 1.8361692946631893, "on_path": 0, "source": 1, "target": 11}, {"distance": 1.4547499673086097, "on_path": 0, "source": 1, "target": 16}, {"distance": 1.0591871596423046, "on_path": 0, "source": 1, "target": 28}, {"distance": 0.747316443548547, "on_path": 0, "source": 1, "target": 10}, {"distance": 0.43256607730156466, "on_path": 0, "source": 2, "target": 40}, {"distance": 0.9956532616409627, "on_path": 0, "source": 2, "target": 20}, {"distance": 0.514401016474646, "on_path": 0, "source": 2, "target": 22}, {"distance": 1.2722143665388626, "on_path": 0, "source": 3, "target": 16}, {"distance": 0.593764003378756, "on_path": 0, "source": 3, "target": 27}, {"distance": 0.6168821259346066, "on_path": 0, "source": 3, "target": 29}, {"distance": 0.7280090646666911, "on_path": 0, "source": 3, "target": 20}, {"distance": 0.9919796357340785, "on_path": 0, "source": 4, "target": 23}, {"distance": 0.8918069109014551, "on_path": 0, "source": 4, "target": 12}, {"distance": 0.8855420119248347, "on_path": 0, "source": 4, "target": 40}, {"distance": 1.3331371162997818, "on_path": 0, "source": 4, "target": 36}, {"distance": 0.5911131462800493, "on_path": 0, "source": 5, "target": 39}, {"distance": 0.9988871657874715, "on_path": 0, "source": 5, "target": 13}, {"distance": 1.5113743149804104, "on_path": 0, "source": 5, "target": 30}, {"distance": 1.1370463447804973, "on_path": 0, "source": 5, "target": 31}, {"distance": 1.2736087361952035, "on_path": 0, "source": 6, "target": 20}, {"distance": 0.39844074331340446, "on_path": 0, "source": 6, "target": 31}, {"distance": 0.9915444107907018, "on_path": 0, "source": 6, "target": 36}, {"distance": 1.1288363731785327, "on_path": 0, "source": 7, "target": 21}, {"distance": 1.104984281558859, "on_path": 0, "source": 7, "target": 8}, {"distance": 1.3969439157875663, "on_path": 0, "source": 7, "target": 35}, {"distance": 0.5386695264271569, "on_path": 0, "source": 8, "target": 22}, {"distance": 0.9244317073380597, "on_path": 0, "source": 8, "target": 34}, {"distance": 1.1305740968221507, "on_path": 0, "source": 9, "target": 24}, {"distance": 0.8074415678866632, "on_path": 0, "source": 9, "target": 16}, {"distance": 1.1792042160073724, "on_path": 0, "source": 10, "target": 13}, {"distance": 0.8093031717884759, "on_path": 0, "source": 10, "target": 30}, {"distance": 0.5091335864098161, "on_path": 0, "source": 10, "target": 37}, {"distance": 1.3172350164556037, "on_path": 0, "source": 11, "target": 39}, {"distance": 1.052484743348829, "on_path": 0, "source": 11, "target": 37}, {"distance": 1.1921998126003344, "on_path": 0, "source": 12, "target": 19}, {"distance": 1.6557866222301592, "on_path": 0, "source": 12, "target": 25}, {"distance": 0.3893099424090485, "on_path": 0, "source": 12, "target": 27}, {"distance": 0.835970070156933, "on_path": 0, "source": 12, "target": 38}, {"distance": 1.1669152994658551, "on_path": 0, "source": 13, "target": 23}, {"distance": 1.2205690514840462, "on_path": 0, "source": 13, "target": 40}, {"distance": 0.9019521932865012, "on_path": 0, "source": 13, "target": 20}, {"distance": 1.5541269266120454, "on_path": 0, "source": 13, "target": 21}, {"distance": 1.4982535968171775, "on_path": 0, "source": 14, "target": 29}, {"distance": 1.3407567126102358, "on_path": 0, "source": 14, "target": 36}, {"distance": 0.5060875058346831, "on_path": 0, "source": 14, "target": 18}, {"distance": 1.5651426299603217, "on_path": 0, "source": 15, "target": 28}, {"distance": 0.8858023781961516, "on_path": 0, "source": 15, "target": 19}, {"distance": 0.5468133408467669, "on_path": 0, "source": 16, "target": 20}, {"distance": 2.0149621022012227, "on_path": 0, "source": 16, "target": 35}, {"distance": 1.3551839389251328, "on_path": 0, "source": 16, "target": 37}, {"distance": 1.2539722219114537, "on_path": 0, "source": 17, "target": 22}, {"distance": 1.6389575165946237, "on_path": 0, "source": 17, "target": 31}, {"distance": 1.4215616569162663, "on_path": 0, "source": 18, "target": 21}, {"distance": 0.8545918950677003, "on_path": 0, "source": 18, "target": 23}, {"distance": 0.8758295529725207, "on_path": 0, "source": 19, "target": 27}, {"distance": 0.4963979609473661, "on_path": 0, "source": 21, "target": 29}, {"distance": 0.4065595594807895, "on_path": 0, "source": 22, "target": 26}, {"distance": 0.4092279369160081, "on_path": 0, "source": 22, "target": 34}, {"distance": 0.3545953154778788, "on_path": 0, "source": 23, "target": 26}, {"distance": 0.2230058149485914, "on_path": 0, "source": 23, "target": 40}, {"distance": 0.6645785686658258, "on_path": 1, "source": 24, "target": 40}, {"distance": 0.44199084403361627, "on_path": 0, "source": 24, "target": 32}, {"distance": 1.495189233699364, "on_path": 0, "source": 25, "target": 39}, {"distance": 1.479560764628905, "on_path": 0, "source": 25, "target": 38}, {"distance": 1.3157431972383127, "on_path": 0, "source": 26, "target": 28}, {"distance": 0.3775964450988735, "on_path": 0, "source": 26, "target": 37}, {"distance": 0.47898518862498113, "on_path": 1, "source": 29, "target": 37}, {"distance": 0.10868712262696832, "on_path": 1, "source": 29, "target": 30}, {"distance": 0.7352182875682883, "on_path": 1, "source": 30, "target": 36}, {"distance": 1.4457398180627552, "on_path": 0, "source": 31, "target": 35}, {"distance": 1.446446711202461, "on_path": 0, "source": 31, "target": 32}, {"distance": 1.0317881219852825, "on_path": 0, "source": 31, "target": 34}, {"distance": 0.7376759574816208, "on_path": 1, "source": 33, "target": 36}, {"distance": 0.5617004556245617, "on_path": 0, "source": 33, "target": 39}, {"distance": 0.952059582172427, "on_path": 0, "source": 36, "target": 39}, {"distance": 0.422776895896366, "on_path": 1, "source": 37, "target": 40}]}