{"directed": false, "multigraph": false, "graph": {}, "nodes": [{"node_features": [0.0, 0.0], "id": 0}, {"node_features": [0.0, 0.0], "id": 1}, {"node_features": [0.0, 0.0], "id": 2}, {"node_features": [0.0, 0.0], "id": 3}, {"node_features": [0.0, 0.0], "id": 4}, {"node_features": [0.0, 1.0], "id": 5}, {"node_features": [0.0, 0.0], "id": 6}, {"node_features": [0.0, 0.0], "id": 7}, {"node_features": [0.0, 0.0], "id": 8}, {"node_features": [0.0, 0.0], "id": 9}, {"node_features": [0.0, 0.0], "id": 10}, {"node_features": [0.0, 0.0], "id": 11}, {"node_features": [0.0, 0.0], "id": 12}, {"node_features": [0.0, 0.0], "id": 13}, {"node_features": [0.0, 0.0], "id": 14}, {"node_features": [0.0, 0.0], "id": 15}, {"node_features": [1.0, 0.0], "id": 16}], "links": [{"distance": 0.6684995193803049, "on_path": 0, "source": 0, "target": 6}, {"distance": 0.7904475759180658, "on_path": 0, "source": 0, "target": 3}, {"distance": 1.1982303392943998, "on_path": 0, "source": 0, "target": 1}, {"distance": 0.7615125094804687, "on_path": 0, "source": 0, "target": 7}, {"distance": 1.715258731838294, "on_path": 0, "source": 0, "target": 12}, {"distance": 1.7742497806518345, "on_path": 0, "source": 1, "target": 12}, {"distance": 0.9830699718749161, "on_path": 1, "source": 2, "target": 7}, {"distance": 1.2651582762009639, "on_path": 1, "source": 2, "target": 11}, {"distance": 1.374925205403473, "on_path": 0, "source": 2, "target": 8}, {"distance": 0.3580132608664805, "on_path": 0, "source": 2, "target": 6}, {"distance": 1.0220057554625748, "on_path": 0, "source": 3, "target": 9}, {"distance": 1.211950530780136, "on_path": 0, "source": 3, "target": 12}, {"distance": 0.40979387141071866, "on_path": 0, "source": 3, "target": 13}, {"distance": 0.7658695827087327, "on_path": 0, "source": 3, "target": 14}, {"distance": 1.8815344865979482, "on_path": 0, "source": 4, "target": 10}, {"distance": 1.7559627350272937, "on_path": 0, "source": 4, "target": 9}, {"distance": 1.5073463440045456, "on_path": 0, "source": 4, "target": 14}, {"distance": 1.6988880783739697, "on_path": 0, "source": 4, "target": 7}, {"distance": 0.6159833617837011, "on_path": 0, "source": 5, "target": 8}, {"distance": 0.33185962875417807, "on_path": 1, "source": 5, "target": 11}, {"distance": 1.176900915417091, "on_path": 0, "source": 6, "target": 13}, {"distance": 1.585344897775652, "on_path": 0, "source": 6, "target": 12}, {"distance": 1.6809363547392169, "on_path": 0, "source": 6, "target": 8}, {"distance": 2.433942516381806, "on_path": 0, "source": 7, "target": 12}, {"distance": 1.101428418526293, "on_path": 1, "source": 7, "target": 16}, {"distance": 0.3662774455124661, "on_path": 0, "source": 7, "target": 9}, {"distance": 1.012488394565309, "on_path": 0, "source": 7, "target": 10}, {"distance": 1.02431485675595, "on_path": 0, "source": 7, "target": 15}, {"distance": 1.6472012913961092, "on_path": 0, "source": 8, "target": 15}, {"distance": 1.1056348769488076, "on_path": 0, "source": 8, "target": 13}, {"distance": 0.818958876144565, "on_path": 0, "source": 8, "target": 11}, {"distance": 1.2738499071383398, "on_path": 0, "source": 10, "target": 14}, {"distance": 0.23517006127698276, "on_path": 0, "source": 10, "target": 16}, {"distance": 1.938460896362488, "on_path": 0, "source": 12, "target": 15}]}