{"directed": false, "multigraph": false, "graph": {}, "nodes": [{"node_features": [0.0, 0.0], "id": 0}, {"node_features": [1.0, 0.0], "id": 1}, {"node_features": [0.0, 0.0], "id": 2}, {"node_features": [0.0, 1.0], "id": 3}, {"node_features": [0.0, 0.0], "id": 4}, {"node_features": [0.0, 0.0], "id": 5}, {"node_features": [0.0, 0.0], "id": 6}, {"node_features": [0.0, 0.0], "id": 7}, {"node_features": [0.0, 0.0], "id": 8}, {"node_features": [0.0, 0.0], "id": 9}, {"node_features": [0.0, 0.0], "id": 10}, {"node_features": [0.0, 0.0], "id": 11}, {"node_features": [0.0, 0.0], "id": 12}, {"node_features": [0.0, 0.0], "id": 13}, {"node_features": [0.0, 0.0], "id": 14}, {"node_features": [0.0, 0.0], "id": 15}, {"node_features": [0.0, 0.0], "id": 16}, {"node_features": [0.0, 0.0], "id": 17}, {"node_features": [0.0, 0.0], "id": 18}, {"node_features": [0.0, 0.0], "id": 19}, {"node_features": [0.0, 0.0], "id": 20}], "links": [{"distance": 0.41935184977211204, "on_path": 1, "source": 0, "target": 11}, {"distance": 1.8145745509315043, "on_path": 0, "source": 0, "target": 17}, {"distance": 1.6845468148607905, "on_path": 0, "source": 0, "target": 9}, {"distance": 1.522507471382405, "on_path": 1, "source": 0, "target": 1}, {"distance": 1.7274459046730013, "on_path": 0, "source": 1, "target": 19}, {"distance": 1.8385912556561117, "on_path": 0, "source": 2, "target": 8}, {"distance": 0.6467061528886038, "on_path": 0, "source": 2, "target": 16}, {"distance": 1.560430046672033, "on_path": 0, "source": 2, "target": 15}, {"distance": 0.40743108734461675, "on_path": 0, "source": 3, "target": 10}, {"distance": 0.3914724391658351, "on_path": 1, "source": 3, "target": 4}, {"distance": 1.750747972497715, "on_path": 0, "source": 3, "target": 9}, {"distance": 1.6304922714536474, "on_path": 0, "source": 3, "target": 12}, {"distance": 0.3625963404170703, "on_path": 0, "source": 3, "target": 15}, {"distance": 0.4785515030527313, "on_path": 1, "source": 4, "target": 11}, {"distance": 0.5829758377261757, "on_path": 0, "source": 4, "target": 18}, {"distance": 0.5292022315871041, "on_path": 0, "source": 4, "target": 7}, {"distance": 1.066297097824136, "on_path": 0, "source": 4, "target": 16}, {"distance": 0.9034648674094222, "on_path": 0, "source": 5, "target": 16}, {"distance": 1.2385336498674024, "on_path": 0, "source": 5, "target": 6}, {"distance": 0.75965093685309, "on_path": 0, "source": 5, "target": 8}, {"distance": 1.6381671403655833, "on_path": 0, "source": 5, "target": 20}, {"distance": 1.7873046846694849, "on_path": 0, "source": 6, "target": 19}, {"distance": 0.6592063486283679, "on_path": 0, "source": 7, "target": 13}, {"distance": 1.750021984371417, "on_path": 0, "source": 7, "target": 20}, {"distance": 1.0077116331755478, "on_path": 0, "source": 7, "target": 11}, {"distance": 1.4072700642450762, "on_path": 0, "source": 8, "target": 12}, {"distance": 0.40888502994724985, "on_path": 0, "source": 9, "target": 17}, {"distance": 1.6292705634766909, "on_path": 0, "source": 9, "target": 13}, {"distance": 1.1725577105036822, "on_path": 0, "source": 9, "target": 14}, {"distance": 1.0422787838007297, "on_path": 0, "source": 10, "target": 16}, {"distance": 1.4354812651088902, "on_path": 0, "source": 10, "target": 20}, {"distance": 1.0244794800040808, "on_path": 0, "source": 10, "target": 19}, {"distance": 1.3981514423152372, "on_path": 0, "source": 11, "target": 19}, {"distance": 1.4141559849108736, "on_path": 0, "source": 11, "target": 14}, {"distance": 1.37166754743348, "on_path": 0, "source": 11, "target": 20}, {"distance": 1.4766032451729465, "on_path": 0, "source": 12, "target": 20}, {"distance": 1.7547314809785164, "on_path": 0, "source": 12, "target": 15}, {"distance": 0.2852119747639302, "on_path": 0, "source": 12, "target": 17}, {"distance": 1.6935063809447086, "on_path": 0, "source": 13, "target": 14}, {"distance": 2.2206874676818646, "on_path": 0, "source": 14, "target": 19}, {"distance": 0.8079304011140817, "on_path": 0, "source": 16, "target": 20}, {"distance": 0.7738378996384576, "on_path": 0, "source": 17, "target": 18}]}