{"directed": false, "multigraph": false, "graph": {}, "nodes": [{"node_features": [0.0, 0.0], "id": 0}, {"node_features": [0.0, 0.0], "id": 1}, {"node_features": [0.0, 0.0], "id": 2}, {"node_features": [0.0, 0.0], "id": 3}, {"node_features": [0.0, 0.0], "id": 4}, {"node_features": [0.0, 0.0], "id": 5}, {"node_features": [0.0, 0.0], "id": 6}, {"node_features": [0.0, 0.0], "id": 7}, {"node_features": [0.0, 0.0], "id": 8}, {"node_features": [0.0, 0.0], "id": 9}, {"node_features": [1.0, 0.0], "id": 10}, {"node_features": [0.0, 0.0], "id": 11}, {"node_features": [0.0, 0.0], "id": 12}, {"node_features": [0.0, 0.0], "id": 13}, {"node_features": [0.0, 0.0], "id": 14}, {"node_features": [0.0, 0.0], "id": 15}, {"node_features": [0.0, 1.0], "id": 16}, {"node_features": [0.0, 0.0], "id": 17}, {"node_features": [0.0, 0.0], "id": 18}, {"node_features": [0.0, 0.0], "id": 19}, {"node_features": [0.0, 0.0], "id": 20}, {"node_features": [0.0, 0.0], "id": 21}, {"node_features": [0.0, 0.0], "id": 22}, {"node_features": [0.0, 0.0], "id": 23}, {"node_features": [0.0, 0.0], "id": 24}, {"node_features": [0.0, 0.0], "id": 25}, {"node_features": [0.0, 0.0], "id": 26}, {"node_features": [0.0, 0.0], "id": 27}, {"node_features": [0.0, 0.0], "id": 28}, {"node_features": [0.0, 0.0], "id": 29}, {"node_features": [0.0, 0.0], "id": 30}, {"node_features": [0.0, 0.0], "id": 31}, {"node_features": [0.0, 0.0], "id": 32}, {"node_features": [0.0, 0.0], "id": 33}, {"node_features": [0.0, 0.0], "id": 34}, {"node_features": [0.0, 0.0], "id": 35}, {"node_features": [0.0, 0.0], "id": 36}, {"node_features": [0.0, 0.0], "id": 37}, {"node_features": [0.0, 0.0], "id": 38}, {"node_features": [0.0, 0.0], "id": 39}, {"node_features": [0.0, 0.0], "id": 40}, {"node_features": [0.0, 0.0], "id": 41}, {"node_features": [0.0, 0.0], "id": 42}, {"node_features": [0.0, 0.0], "id": 43}], "links": [{"distance": 0.3862462734583088, "on_path": 0, "source": 0, "target": 20}, {"distance": 1.4464012439545297, "on_path": 0, "source": 0, "target": 41}, {"distance": 1.6285847516283665, "on_path": 0, "source": 0, "target": 7}, {"distance": 0.5963871028145161, "on_path": 0, "source": 0, "target": 23}, {"distance": 1.075191329421065, "on_path": 0, "source": 1, "target": 17}, {"distance": 1.1602586065324572, "on_path": 0, "source": 1, "target": 12}, {"distance": 0.6984994782947098, "on_path": 0, "source": 1, "target": 10}, {"distance": 1.2854562204191218, "on_path": 0, "source": 1, "target": 34}, {"distance": 1.4068945831222686, "on_path": 0, "source": 2, "target": 7}, {"distance": 1.2333213084141428, "on_path": 0, "source": 2, "target": 9}, {"distance": 0.5952175265488394, "on_path": 0, "source": 2, "target": 43}, {"distance": 0.6723676814534992, "on_path": 0, "source": 2, "target": 20}, {"distance": 0.5420029153641125, "on_path": 0, "source": 2, "target": 11}, {"distance": 1.4530607990284272, "on_path": 0, "source": 2, "target": 37}, {"distance": 0.5248432837362089, "on_path": 0, "source": 2, "target": 40}, {"distance": 0.8107599072601431, "on_path": 0, "source": 3, "target": 38}, {"distance": 0.3286799402968322, "on_path": 0, "source": 3, "target": 40}, {"distance": 0.9782363089314332, "on_path": 0, "source": 3, "target": 24}, {"distance": 1.1909556394783507, "on_path": 0, "source": 3, "target": 27}, {"distance": 1.1341917603959588, "on_path": 0, "source": 3, "target": 35}, {"distance": 1.3447464730612289, "on_path": 0, "source": 4, "target": 22}, {"distance": 0.6490528900553981, "on_path": 0, "source": 4, "target": 30}, {"distance": 1.639825840072935, "on_path": 0, "source": 4, "target": 35}, {"distance": 0.24214710103452672, "on_path": 0, "source": 5, "target": 10}, {"distance": 0.651428594872615, "on_path": 0, "source": 5, "target": 25}, {"distance": 1.189723274799182, "on_path": 0, "source": 5, "target": 18}, {"distance": 1.5310961071866747, "on_path": 0, "source": 6, "target": 16}, {"distance": 1.4332190193718413, "on_path": 0, "source": 6, "target": 19}, {"distance": 1.766005352018949, "on_path": 0, "source": 6, "target": 33}, {"distance": 1.7813492079548285, "on_path": 0, "source": 6, "target": 7}, {"distance": 1.3369165894995483, "on_path": 0, "source": 6, "target": 28}, {"distance": 0.23899016767527076, "on_path": 0, "source": 7, "target": 18}, {"distance": 1.2681560393759632, "on_path": 0, "source": 7, "target": 10}, {"distance": 1.7224943368005932, "on_path": 0, "source": 7, "target": 29}, {"distance": 0.6849320066150694, "on_path": 1, "source": 8, "target": 11}, {"distance": 1.5538578365199065, "on_path": 0, "source": 8, "target": 28}, {"distance": 1.1805910451817807, "on_path": 0, "source": 8, "target": 42}, {"distance": 0.9444464198436561, "on_path": 1, "source": 8, "target": 9}, {"distance": 0.4740252343306549, "on_path": 1, "source": 9, "target": 16}, {"distance": 1.3478946632987592, "on_path": 0, "source": 9, "target": 20}, {"distance": 0.969389536440343, "on_path": 1, "source": 10, "target": 11}, {"distance": 0.6557753501288675, "on_path": 0, "source": 10, "target": 27}, {"distance": 0.33984339277340003, "on_path": 0, "source": 10, "target": 36}, {"distance": 0.749855816453767, "on_path": 0, "source": 11, "target": 38}, {"distance": 0.848576051941212, "on_path": 0, "source": 11, "target": 17}, {"distance": 1.8418707770763056, "on_path": 0, "source": 11, "target": 33}, {"distance": 0.9650653988848462, "on_path": 0, "source": 12, "target": 28}, {"distance": 1.0148871918544442, "on_path": 0, "source": 12, "target": 14}, {"distance": 2.0243476029422287, "on_path": 0, "source": 12, "target": 26}, {"distance": 1.7313760557699989, "on_path": 0, "source": 13, "target": 17}, {"distance": 1.9194734340412514, "on_path": 0, "source": 13, "target": 34}, {"distance": 1.71006066219707, "on_path": 0, "source": 13, "target": 33}, {"distance": 1.01979901897801, "on_path": 0, "source": 14, "target": 20}, {"distance": 1.1765616610527405, "on_path": 0, "source": 14, "target": 32}, {"distance": 0.7446960965361739, "on_path": 0, "source": 14, "target": 35}, {"distance": 1.1927763587837215, "on_path": 0, "source": 15, "target": 23}, {"distance": 1.2437020510566035, "on_path": 0, "source": 15, "target": 36}, {"distance": 1.0192543126818325, "on_path": 0, "source": 16, "target": 41}, {"distance": 0.5085768521721086, "on_path": 0, "source": 16, "target": 26}, {"distance": 1.012893421045699, "on_path": 0, "source": 17, "target": 29}, {"distance": 1.2741923128659443, "on_path": 0, "source": 18, "target": 23}, {"distance": 1.6565992643628664, "on_path": 0, "source": 18, "target": 37}, {"distance": 0.8062986572691171, "on_path": 0, "source": 18, "target": 36}, {"distance": 1.9075729895799185, "on_path": 0, "source": 18, "target": 42}, {"distance": 1.095819098592118, "on_path": 0, "source": 19, "target": 32}, {"distance": 0.7570144745672762, "on_path": 0, "source": 19, "target": 22}, {"distance": 0.28238676206825275, "on_path": 0, "source": 19, "target": 30}, {"distance": 0.18822622784893642, "on_path": 0, "source": 20, "target": 29}, {"distance": 1.3582459476690443, "on_path": 0, "source": 20, "target": 36}, {"distance": 0.9399574391667431, "on_path": 0, "source": 21, "target": 27}, {"distance": 0.46461245945344776, "on_path": 0, "source": 21, "target": 24}, {"distance": 1.4157622417833704, "on_path": 0, "source": 22, "target": 33}, {"distance": 1.279039368577874, "on_path": 0, "source": 23, "target": 42}, {"distance": 0.5571837598392151, "on_path": 0, "source": 24, "target": 27}, {"distance": 1.0375433446759144, "on_path": 0, "source": 24, "target": 32}, {"distance": 0.27211195793220017, "on_path": 0, "source": 24, "target": 29}, {"distance": 1.8908072206101731, "on_path": 0, "source": 25, "target": 33}, {"distance": 1.2041436388057054, "on_path": 0, "source": 30, "target": 36}, {"distance": 1.295058602019994, "on_path": 0, "source": 31, "target": 36}, {"distance": 1.1297991345195644, "on_path": 0, "source": 31, "target": 38}, {"distance": 1.133814605766044, "on_path": 0, "source": 31, "target": 43}, {"distance": 1.451241993222576, "on_path": 0, "source": 32, "target": 40}, {"distance": 1.360949596115994, "on_path": 0, "source": 33, "target": 41}, {"distance": 1.1161637341399897, "on_path": 0, "source": 37, "target": 39}, {"distance": 1.239518360911581, "on_path": 0, "source": 38, "target": 42}, {"distance": 0.9559266326510254, "on_path": 0, "source": 38, "target": 41}, {"distance": 0.9984266596731839, "on_path": 0, "source": 39, "target": 42}, {"distance": 0.733268176688526, "on_path": 0, "source": 39, "target": 41}]}