{"directed": false, "multigraph": false, "graph": {}, "nodes": [{"node_features": [0.0, 0.0], "id": 0}, {"node_features": [0.0, 0.0], "id": 1}, {"node_features": [0.0, 1.0], "id": 2}, {"node_features": [0.0, 0.0], "id": 3}, {"node_features": [0.0, 0.0], "id": 4}, {"node_features": [0.0, 0.0], "id": 5}, {"node_features": [0.0, 0.0], "id": 6}, {"node_features": [0.0, 0.0], "id": 7}, {"node_features": [0.0, 0.0], "id": 8}, {"node_features": [0.0, 0.0], "id": 9}, {"node_features": [0.0, 0.0], "id": 10}, {"node_features": [0.0, 0.0], "id": 11}, {"node_features": [0.0, 0.0], "id": 12}, {"node_features": [0.0, 0.0], "id": 13}, {"node_features": [0.0, 0.0], "id": 14}, {"node_features": [0.0, 0.0], "id": 15}, {"node_features": [0.0, 0.0], "id": 16}, {"node_features": [0.0, 0.0], "id": 17}, {"node_features": [0.0, 0.0], "id": 18}, {"node_features": [0.0, 0.0], "id": 19}, {"node_features": [0.0, 0.0], "id": 20}, {"node_features": [0.0, 0.0], "id": 21}, {"node_features": [0.0, 0.0], "id": 22}, {"node_features": [0.0, 0.0], "id": 23}, {"node_features": [0.0, 0.0], "id": 24}, {"node_features": [0.0, 0.0], "id": 25}, {"node_features": [0.0, 0.0], "id": 26}, {"node_features": [0.0, 0.0], "id": 27}, {"node_features": [0.0, 0.0], "id": 28}, {"node_features": [0.0, 0.0], "id": 29}, {"node_features": [0.0, 0.0], "id": 30}, {"node_features": [0.0, 0.0], "id": 31}, {"node_features": [0.0, 0.0], "id": 32}, {"node_features": [0.0, 0.0], "id": 33}, {"node_features": [0.0, 0.0], "id": 34}, {"node_features": [0.0, 0.0], "id": 35}, {"node_features": [0.0, 0.0], "id": 36}, {"node_features": [0.0, 0.0], "id": 37}, {"node_features": [0.0, 0.0], "id": 38}, {"node_features": [1.0, 0.0], "id": 39}, {"node_features": [0.0, 0.0], "id": 40}, {"node_features": [0.0, 0.0], "id": 41}], "links": [{"distance": 1.4630279268558026, "on_path": 0, "source": 0, "target": 37}, {"distance": 1.1685755079883469, "on_path": 0, "source": 0, "target": 24}, {"distance": 1.0637808847511272, "on_path": 0, "source": 1, "target": 18}, {"distance": 1.4308091796814084, "on_path": 0, "source": 1, "target": 10}, {"distance": 1.8323111752350179, "on_path": 0, "source": 1, "target": 21}, {"distance": 2.1112706561754195, "on_path": 0, "source": 1, "target": 31}, {"distance": 1.8669806100839823, "on_path": 0, "source": 1, "target": 36}, {"distance": 1.5422935062086145, "on_path": 1, "source": 2, "target": 16}, {"distance": 1.797767303028529, "on_path": 0, "source": 2, "target": 36}, {"distance": 1.0531283298230874, "on_path": 0, "source": 3, "target": 39}, {"distance": 1.6071068898134488, "on_path": 0, "source": 3, "target": 21}, {"distance": 0.5806189509053808, "on_path": 0, "source": 3, "target": 25}, {"distance": 0.5622752159594473, "on_path": 0, "source": 4, "target": 25}, {"distance": 0.41544824021462445, "on_path": 0, "source": 4, "target": 22}, {"distance": 1.3274216397093357, "on_path": 0, "source": 4, "target": 21}, {"distance": 0.6807077158983296, "on_path": 0, "source": 5, "target": 17}, {"distance": 1.9110449686174489, "on_path": 0, "source": 5, "target": 9}, {"distance": 0.6062171486998802, "on_path": 0, "source": 5, "target": 10}, {"distance": 1.014853187383801, "on_path": 0, "source": 5, "target": 18}, {"distance": 1.524061773054032, "on_path": 0, "source": 6, "target": 11}, {"distance": 1.759585419951014, "on_path": 0, "source": 6, "target": 23}, {"distance": 1.1829917457694357, "on_path": 0, "source": 6, "target": 24}, {"distance": 1.3142378878597443, "on_path": 0, "source": 6, "target": 16}, {"distance": 1.3959587517750116, "on_path": 0, "source": 6, "target": 40}, {"distance": 0.5571788986490592, "on_path": 0, "source": 6, "target": 41}, {"distance": 1.6894367199394213, "on_path": 0, "source": 7, "target": 19}, {"distance": 1.7861031146548811, "on_path": 0, "source": 7, "target": 18}, {"distance": 1.2250595483771423, "on_path": 0, "source": 7, "target": 20}, {"distance": 0.8659092779587806, "on_path": 0, "source": 7, "target": 35}, {"distance": 1.6770906843117335, "on_path": 0, "source": 8, "target": 13}, {"distance": 0.62992361013588, "on_path": 0, "source": 8, "target": 26}, {"distance": 0.8482782104319625, "on_path": 0, "source": 8, "target": 28}, {"distance": 0.7117769663294106, "on_path": 0, "source": 8, "target": 18}, {"distance": 0.5777499486064914, "on_path": 0, "source": 8, "target": 15}, {"distance": 1.337431456038687, "on_path": 0, "source": 9, "target": 37}, {"distance": 1.0775178247015673, "on_path": 0, "source": 9, "target": 35}, {"distance": 0.03397227839013105, "on_path": 0, "source": 10, "target": 37}, {"distance": 1.5855120944208945, "on_path": 0, "source": 11, "target": 31}, {"distance": 0.5447882247590539, "on_path": 1, "source": 11, "target": 22}, {"distance": 1.6645866763259427, "on_path": 0, "source": 11, "target": 26}, {"distance": 1.5482071649656002, "on_path": 0, "source": 11, "target": 34}, {"distance": 0.32980735811112266, "on_path": 1, "source": 11, "target": 39}, {"distance": 0.661815376680505, "on_path": 0, "source": 12, "target": 30}, {"distance": 1.1027538142541684, "on_path": 0, "source": 12, "target": 35}, {"distance": 2.138622603724539, "on_path": 0, "source": 12, "target": 36}, {"distance": 0.9310012790223035, "on_path": 0, "source": 12, "target": 41}, {"distance": 1.1342458802795825, "on_path": 0, "source": 12, "target": 25}, {"distance": 2.0100852514707976, "on_path": 0, "source": 12, "target": 29}, {"distance": 2.116207242674823, "on_path": 0, "source": 12, "target": 33}, {"distance": 0.5890854832990621, "on_path": 0, "source": 13, "target": 27}, {"distance": 1.6276613179172108, "on_path": 0, "source": 13, "target": 37}, {"distance": 0.9950318777216708, "on_path": 0, "source": 13, "target": 14}, {"distance": 0.7218144013032842, "on_path": 0, "source": 14, "target": 27}, {"distance": 0.32699144000258656, "on_path": 0, "source": 14, "target": 31}, {"distance": 1.919679324515392, "on_path": 0, "source": 15, "target": 40}, {"distance": 1.113909859564969, "on_path": 0, "source": 15, "target": 39}, {"distance": 0.28724546411279817, "on_path": 0, "source": 16, "target": 36}, {"distance": 0.8081574840666994, "on_path": 1, "source": 16, "target": 32}, {"distance": 1.170941282480539, "on_path": 0, "source": 16, "target": 24}, {"distance": 0.33545085713742556, "on_path": 0, "source": 16, "target": 20}, {"distance": 1.591700224160617, "on_path": 0, "source": 17, "target": 41}, {"distance": 0.262941115830503, "on_path": 0, "source": 17, "target": 29}, {"distance": 0.59686100839559, "on_path": 0, "source": 18, "target": 23}, {"distance": 0.9204287020665832, "on_path": 0, "source": 18, "target": 35}, {"distance": 1.2626187510361857, "on_path": 0, "source": 19, "target": 41}, {"distance": 0.19439657840474123, "on_path": 0, "source": 19, "target": 33}, {"distance": 0.9368084093892038, "on_path": 0, "source": 19, "target": 32}, {"distance": 0.06417961505589098, "on_path": 0, "source": 21, "target": 36}, {"distance": 0.8874538457925109, "on_path": 0, "source": 22, "target": 40}, {"distance": 0.4241503408562413, "on_path": 1, "source": 22, "target": 32}, {"distance": 0.745779851343008, "on_path": 0, "source": 24, "target": 25}, {"distance": 1.1432957004292734, "on_path": 0, "source": 25, "target": 36}, {"distance": 0.3745113162397543, "on_path": 0, "source": 25, "target": 27}, {"distance": 0.4834809711803689, "on_path": 0, "source": 25, "target": 30}, {"distance": 0.8021497266280354, "on_path": 0, "source": 25, "target": 38}, {"distance": 1.3173359839483996, "on_path": 0, "source": 26, "target": 30}, {"distance": 1.8395531913744196, "on_path": 0, "source": 26, "target": 40}, {"distance": 0.826604515265693, "on_path": 0, "source": 26, "target": 37}, {"distance": 0.2300240307392761, "on_path": 0, "source": 27, "target": 41}, {"distance": 0.6461277301449877, "on_path": 0, "source": 28, "target": 34}, {"distance": 0.7886594576062262, "on_path": 0, "source": 28, "target": 41}, {"distance": 0.933902005765775, "on_path": 0, "source": 29, "target": 35}, {"distance": 1.4222239694434478, "on_path": 0, "source": 34, "target": 36}, {"distance": 0.31600463209001856, "on_path": 0, "source": 37, "target": 38}]}