{"directed": false, "multigraph": false, "graph": {}, "nodes": [{"node_features": [0.0, 0.0], "id": 0}, {"node_features": [0.0, 0.0], "id": 1}, {"node_features": [0.0, 0.0], "id": 2}, {"node_features": [0.0, 0.0], "id": 3}, {"node_features": [0.0, 0.0], "id": 4}, {"node_features": [0.0, 0.0], "id": 5}, {"node_features": [0.0, 0.0], "id": 6}, {"node_features": [0.0, 0.0], "id": 7}, {"node_features": [0.0, 0.0], "id": 8}, {"node_features": [0.0, 0.0], "id": 9}, {"node_features": [0.0, 0.0], "id": 10}, {"node_features": [0.0, 0.0], "id": 11}, {"node_features": [0.0, 0.0], "id": 12}, {"node_features": [0.0, 0.0], "id": 13}, {"node_features": [0.0, 1.0], "id": 14}, {"node_features": [0.0, 0.0], "id": 15}, {"node_features": [0.0, 0.0], "id": 16}, {"node_features": [0.0, 0.0], "id": 17}, {"node_features": [0.0, 0.0], "id": 18}, {"node_features": [0.0, 0.0], "id": 19}, {"node_features": [0.0, 0.0], "id": 20}, {"node_features": [0.0, 0.0], "id": 21}, {"node_features": [0.0, 0.0], "id": 22}, {"node_features": [0.0, 0.0], "id": 23}, {"node_features": [0.0, 0.0], "id": 24}, {"node_features": [0.0, 0.0], "id": 25}, {"node_features": [0.0, 0.0], "id": 26}, {"node_features": [0.0, 0.0], "id": 27}, {"node_features": [0.0, 0.0], "id": 28}, {"node_features": [0.0, 0.0], "id": 29}, {"node_features": [0.0, 0.0], "id": 30}, {"node_features": [1.0, 0.0], "id": 31}, {"node_features": [0.0, 0.0], "id": 32}, {"node_features": [0.0, 0.0], "id": 33}, {"node_features": [0.0, 0.0], "id": 34}, {"node_features": [0.0, 0.0], "id": 35}, {"node_features": [0.0, 0.0], "id": 36}, {"node_features": [0.0, 0.0], "id": 37}, {"node_features": [0.0, 0.0], "id": 38}], "links": [{"distance": 1.4741613788914871, "on_path": 0, "source": 0, "target": 30}, {"distance": 0.4038854332550986, "on_path": 0, "source": 0, "target": 36}, {"distance": 1.7399126420829296, "on_path": 0, "source": 0, "target": 5}, {"distance": 0.8529406427605473, "on_path": 0, "source": 1, "target": 25}, {"distance": 1.2755048925062884, "on_path": 0, "source": 1, "target": 13}, {"distance": 0.7525941858337092, "on_path": 0, "source": 1, "target": 14}, {"distance": 1.9138343493244825, "on_path": 0, "source": 1, "target": 30}, {"distance": 1.2472950367449342, "on_path": 0, "source": 1, "target": 7}, {"distance": 1.1258318948763104, "on_path": 0, "source": 2, "target": 26}, {"distance": 1.4893865050585164, "on_path": 0, "source": 2, "target": 17}, {"distance": 1.1424160491254503, "on_path": 0, "source": 2, "target": 25}, {"distance": 1.6647611928394637, "on_path": 0, "source": 2, "target": 31}, {"distance": 1.4920231190616464, "on_path": 0, "source": 2, "target": 18}, {"distance": 0.529103971669388, "on_path": 0, "source": 2, "target": 16}, {"distance": 1.8830380631349004, "on_path": 0, "source": 3, "target": 30}, {"distance": 1.1668558599536556, "on_path": 0, "source": 3, "target": 7}, {"distance": 1.5789576085260544, "on_path": 0, "source": 3, "target": 28}, {"distance": 1.800616939834462, "on_path": 0, "source": 4, "target": 31}, {"distance": 1.523459266907006, "on_path": 0, "source": 4, "target": 10}, {"distance": 0.5521817298216977, "on_path": 0, "source": 4, "target": 17}, {"distance": 1.0774758827165603, "on_path": 0, "source": 4, "target": 26}, {"distance": 0.27225996177115575, "on_path": 0, "source": 5, "target": 30}, {"distance": 0.7741912147558143, "on_path": 0, "source": 5, "target": 27}, {"distance": 1.7495888078424944, "on_path": 0, "source": 5, "target": 17}, {"distance": 1.4642090620282293, "on_path": 0, "source": 6, "target": 21}, {"distance": 1.1616402725261175, "on_path": 0, "source": 6, "target": 25}, {"distance": 0.9497515226994594, "on_path": 0, "source": 6, "target": 33}, {"distance": 0.6106079309831896, "on_path": 0, "source": 7, "target": 18}, {"distance": 1.3823814298647086, "on_path": 0, "source": 7, "target": 34}, {"distance": 0.7920171773692053, "on_path": 0, "source": 7, "target": 23}, {"distance": 1.8534144103334471, "on_path": 0, "source": 8, "target": 28}, {"distance": 0.8959035057090688, "on_path": 0, "source": 8, "target": 27}, {"distance": 0.8621389995416066, "on_path": 0, "source": 9, "target": 32}, {"distance": 0.4092712526676131, "on_path": 0, "source": 9, "target": 21}, {"distance": 1.0527923540733153, "on_path": 0, "source": 9, "target": 26}, {"distance": 1.4812065456745038, "on_path": 0, "source": 9, "target": 22}, {"distance": 1.7030887283483398, "on_path": 0, "source": 9, "target": 11}, {"distance": 1.5998074949524235, "on_path": 0, "source": 9, "target": 20}, {"distance": 0.3513321383135153, "on_path": 0, "source": 10, "target": 24}, {"distance": 1.71226355608076, "on_path": 0, "source": 10, "target": 37}, {"distance": 0.6572552514275593, "on_path": 0, "source": 10, "target": 26}, {"distance": 1.2671546042453292, "on_path": 0, "source": 11, "target": 35}, {"distance": 0.8404842880448377, "on_path": 0, "source": 12, "target": 16}, {"distance": 1.0503855800669897, "on_path": 0, "source": 12, "target": 28}, {"distance": 0.8392716114222403, "on_path": 0, "source": 12, "target": 30}, {"distance": 0.5959589947741208, "on_path": 0, "source": 13, "target": 17}, {"distance": 0.7441253488683209, "on_path": 0, "source": 13, "target": 27}, {"distance": 1.2526518204516506, "on_path": 0, "source": 14, "target": 19}, {"distance": 0.685095797415337, "on_path": 1, "source": 14, "target": 21}, {"distance": 0.2687457598524261, "on_path": 0, "source": 15, "target": 27}, {"distance": 0.9470101779584899, "on_path": 0, "source": 15, "target": 20}, {"distance": 1.0527583783858045, "on_path": 0, "source": 16, "target": 29}, {"distance": 0.8008394129415574, "on_path": 0, "source": 17, "target": 37}, {"distance": 1.0073007483845307, "on_path": 0, "source": 18, "target": 36}, {"distance": 0.6478448540951726, "on_path": 0, "source": 19, "target": 30}, {"distance": 0.6124309958064218, "on_path": 0, "source": 19, "target": 32}, {"distance": 0.9186284554476056, "on_path": 0, "source": 19, "target": 37}, {"distance": 1.8181087795270559, "on_path": 0, "source": 19, "target": 24}, {"distance": 0.534885180933055, "on_path": 0, "source": 20, "target": 38}, {"distance": 0.4978743113187045, "on_path": 0, "source": 20, "target": 25}, {"distance": 1.1936606487195147, "on_path": 0, "source": 20, "target": 30}, {"distance": 0.4824720358499343, "on_path": 1, "source": 21, "target": 35}, {"distance": 0.7734213671206969, "on_path": 0, "source": 22, "target": 35}, {"distance": 0.5883633188833558, "on_path": 0, "source": 22, "target": 27}, {"distance": 0.7257723002668697, "on_path": 0, "source": 23, "target": 30}, {"distance": 1.0011424258235915, "on_path": 1, "source": 24, "target": 35}, {"distance": 1.4411912793394117, "on_path": 0, "source": 24, "target": 29}, {"distance": 0.03261981292248887, "on_path": 1, "source": 24, "target": 31}, {"distance": 0.4136244353510343, "on_path": 0, "source": 25, "target": 35}, {"distance": 0.16964165199553805, "on_path": 0, "source": 26, "target": 38}, {"distance": 1.2853280102398854, "on_path": 0, "source": 28, "target": 38}, {"distance": 1.5628861646762866, "on_path": 0, "source": 29, "target": 34}, {"distance": 1.3075412124031593, "on_path": 0, "source": 29, "target": 36}, {"distance": 0.5708208062531452, "on_path": 0, "source": 29, "target": 37}, {"distance": 0.812187977318674, "on_path": 0, "source": 29, "target": 38}, {"distance": 1.1444753707738984, "on_path": 0, "source": 32, "target": 36}, {"distance": 0.4100298025575585, "on_path": 0, "source": 33, "target": 38}, {"distance": 1.327261478275431, "on_path": 0, "source": 34, "target": 35}]}