{"directed": false, "multigraph": false, "graph": {}, "nodes": [{"node_features": [0.0, 0.0], "id": 0}, {"node_features": [0.0, 0.0], "id": 1}, {"node_features": [0.0, 0.0], "id": 2}, {"node_features": [0.0, 0.0], "id": 3}, {"node_features": [0.0, 0.0], "id": 4}, {"node_features": [0.0, 0.0], "id": 5}, {"node_features": [0.0, 0.0], "id": 6}, {"node_features": [0.0, 0.0], "id": 7}, {"node_features": [0.0, 0.0], "id": 8}, {"node_features": [0.0, 0.0], "id": 9}, {"node_features": [0.0, 0.0], "id": 10}, {"node_features": [0.0, 0.0], "id": 11}, {"node_features": [0.0, 1.0], "id": 12}, {"node_features": [0.0, 0.0], "id": 13}, {"node_features": [0.0, 0.0], "id": 14}, {"node_features": [0.0, 0.0], "id": 15}, {"node_features": [0.0, 0.0], "id": 16}, {"node_features": [0.0, 0.0], "id": 17}, {"node_features": [0.0, 0.0], "id": 18}, {"node_features": [0.0, 0.0], "id": 19}, {"node_features": [1.0, 0.0], "id": 20}, {"node_features": [0.0, 0.0], "id": 21}, {"node_features": [0.0, 0.0], "id": 22}, {"node_features": [0.0, 0.0], "id": 23}, {"node_features": [0.0, 0.0], "id": 24}, {"node_features": [0.0, 0.0], "id": 25}, {"node_features": [0.0, 0.0], "id": 26}, {"node_features": [0.0, 0.0], "id": 27}, {"node_features": [0.0, 0.0], "id": 28}, {"node_features": [0.0, 0.0], "id": 29}, {"node_features": [0.0, 0.0], "id": 30}, {"node_features": [0.0, 0.0], "id": 31}, {"node_features": [0.0, 0.0], "id": 32}, {"node_features": [0.0, 0.0], "id": 33}, {"node_features": [0.0, 0.0], "id": 34}, {"node_features": [0.0, 0.0], "id": 35}, {"node_features": [0.0, 0.0], "id": 36}, {"node_features": [0.0, 0.0], "id": 37}, {"node_features": [0.0, 0.0], "id": 38}, {"node_features": [0.0, 0.0], "id": 39}, {"node_features": [0.0, 0.0], "id": 40}, {"node_features": [0.0, 0.0], "id": 41}, {"node_features": [0.0, 0.0], "id": 42}, {"node_features": [0.0, 0.0], "id": 43}, {"node_features": [0.0, 0.0], "id": 44}, {"node_features": [0.0, 0.0], "id": 45}], "links": [{"distance": 2.2177952277634594, "on_path": 0, "source": 0, "target": 18}, {"distance": 1.1169453232472275, "on_path": 0, "source": 0, "target": 13}, {"distance": 1.8633870447185668, "on_path": 0, "source": 0, "target": 45}, {"distance": 1.2985639914919256, "on_path": 0, "source": 0, "target": 24}, {"distance": 1.167306266938758, "on_path": 0, "source": 1, "target": 24}, {"distance": 1.0387490464546483, "on_path": 0, "source": 1, "target": 6}, {"distance": 1.1607771625579952, "on_path": 0, "source": 2, "target": 21}, {"distance": 0.34537310292549434, "on_path": 0, "source": 2, "target": 32}, {"distance": 1.2226505810834543, "on_path": 0, "source": 2, "target": 40}, {"distance": 0.9283038096242792, "on_path": 0, "source": 3, "target": 39}, {"distance": 1.1521161492599215, "on_path": 0, "source": 3, "target": 14}, {"distance": 0.7319253348685638, "on_path": 0, "source": 3, "target": 5}, {"distance": 0.49905963239640383, "on_path": 0, "source": 4, "target": 27}, {"distance": 0.7260721911487101, "on_path": 0, "source": 4, "target": 35}, {"distance": 0.7246060962755357, "on_path": 0, "source": 4, "target": 10}, {"distance": 1.241593174762466, "on_path": 0, "source": 5, "target": 9}, {"distance": 0.44486390029916034, "on_path": 0, "source": 5, "target": 16}, {"distance": 1.009886694214591, "on_path": 0, "source": 6, "target": 13}, {"distance": 0.6223135560269863, "on_path": 0, "source": 6, "target": 40}, {"distance": 1.4273255706966328, "on_path": 0, "source": 7, "target": 37}, {"distance": 0.1537487557496505, "on_path": 0, "source": 7, "target": 36}, {"distance": 1.1689367451308221, "on_path": 0, "source": 7, "target": 11}, {"distance": 1.2899375259469636, "on_path": 0, "source": 7, "target": 17}, {"distance": 0.24126112346927178, "on_path": 0, "source": 8, "target": 22}, {"distance": 0.37821401972561797, "on_path": 0, "source": 8, "target": 15}, {"distance": 0.56753701980032, "on_path": 0, "source": 8, "target": 41}, {"distance": 1.5310435895570478, "on_path": 0, "source": 8, "target": 27}, {"distance": 1.4214279259351226, "on_path": 0, "source": 9, "target": 16}, {"distance": 1.3389807731166958, "on_path": 0, "source": 9, "target": 32}, {"distance": 1.2005231179510452, "on_path": 0, "source": 9, "target": 11}, {"distance": 1.6663732859375386, "on_path": 0, "source": 10, "target": 38}, {"distance": 0.47183483494687883, "on_path": 1, "source": 10, "target": 19}, {"distance": 0.19349237953322435, "on_path": 1, "source": 10, "target": 14}, {"distance": 1.7928523669746341, "on_path": 0, "source": 11, "target": 30}, {"distance": 1.0598242694386362, "on_path": 0, "source": 11, "target": 39}, {"distance": 0.9381933222097861, "on_path": 0, "source": 11, "target": 34}, {"distance": 1.1101531536863085, "on_path": 0, "source": 11, "target": 42}, {"distance": 1.1422750580984198, "on_path": 0, "source": 11, "target": 43}, {"distance": 0.578671864556011, "on_path": 1, "source": 12, "target": 19}, {"distance": 2.039215343522811, "on_path": 0, "source": 12, "target": 30}, {"distance": 1.0641963188658896, "on_path": 0, "source": 12, "target": 39}, {"distance": 2.019963110181001, "on_path": 0, "source": 12, "target": 21}, {"distance": 1.6934401751584582, "on_path": 0, "source": 13, "target": 44}, {"distance": 1.0637252282986378, "on_path": 0, "source": 13, "target": 34}, {"distance": 0.8508291998122253, "on_path": 0, "source": 13, "target": 45}, {"distance": 1.0822334963099953, "on_path": 1, "source": 14, "target": 20}, {"distance": 0.8601826870102419, "on_path": 0, "source": 14, "target": 23}, {"distance": 1.0206324862119294, "on_path": 0, "source": 14, "target": 18}, {"distance": 1.3073115722051007, "on_path": 0, "source": 14, "target": 30}, {"distance": 0.6950012729418465, "on_path": 0, "source": 14, "target": 36}, {"distance": 0.8586613483969275, "on_path": 0, "source": 15, "target": 37}, {"distance": 0.8504948070034598, "on_path": 0, "source": 16, "target": 25}, {"distance": 0.7462312758548914, "on_path": 0, "source": 17, "target": 29}, {"distance": 0.6159460260205256, "on_path": 0, "source": 17, "target": 26}, {"distance": 1.0320762793095124, "on_path": 0, "source": 17, "target": 40}, {"distance": 0.567855682327586, "on_path": 0, "source": 18, "target": 45}, {"distance": 1.5211082647913328, "on_path": 0, "source": 18, "target": 29}, {"distance": 0.5404251697166021, "on_path": 0, "source": 19, "target": 22}, {"distance": 1.0958510264589165, "on_path": 0, "source": 19, "target": 27}, {"distance": 1.0097564857336856, "on_path": 0, "source": 19, "target": 34}, {"distance": 1.7155348539894673, "on_path": 0, "source": 20, "target": 36}, {"distance": 1.97167428489471, "on_path": 0, "source": 20, "target": 21}, {"distance": 1.6247447635983876, "on_path": 0, "source": 20, "target": 31}, {"distance": 1.6819712707103114, "on_path": 0, "source": 20, "target": 24}, {"distance": 1.8248986957752464, "on_path": 0, "source": 20, "target": 37}, {"distance": 1.5306861498636584, "on_path": 0, "source": 21, "target": 41}, {"distance": 1.9111018750486015, "on_path": 0, "source": 22, "target": 30}, {"distance": 1.497563291031143, "on_path": 0, "source": 23, "target": 43}, {"distance": 0.48794358464478405, "on_path": 0, "source": 23, "target": 26}, {"distance": 0.44963399228079004, "on_path": 0, "source": 24, "target": 38}, {"distance": 0.9969569398477741, "on_path": 0, "source": 24, "target": 28}, {"distance": 0.1593570963114089, "on_path": 0, "source": 24, "target": 33}, {"distance": 1.351138763354683, "on_path": 0, "source": 25, "target": 33}, {"distance": 1.5445895739242852, "on_path": 0, "source": 25, "target": 40}, {"distance": 1.33343052440859, "on_path": 0, "source": 26, "target": 37}, {"distance": 1.2871031856226753, "on_path": 0, "source": 26, "target": 29}, {"distance": 0.7649419972457208, "on_path": 0, "source": 27, "target": 34}, {"distance": 0.38836005515963196, "on_path": 0, "source": 27, "target": 44}, {"distance": 1.2385645534008725, "on_path": 0, "source": 28, "target": 29}, {"distance": 1.2522980736576823, "on_path": 0, "source": 28, "target": 41}, {"distance": 0.8732773698601466, "on_path": 0, "source": 29, "target": 38}, {"distance": 0.4577832314769138, "on_path": 0, "source": 31, "target": 41}, {"distance": 1.992712233121612, "on_path": 0, "source": 31, "target": 38}, {"distance": 0.6823498178470943, "on_path": 0, "source": 32, "target": 35}, {"distance": 1.2822136972082536, "on_path": 0, "source": 32, "target": 39}, {"distance": 0.2299241059081668, "on_path": 0, "source": 33, "target": 43}, {"distance": 1.4934554149229924, "on_path": 0, "source": 35, "target": 44}, {"distance": 0.78251433932984, "on_path": 0, "source": 35, "target": 42}, {"distance": 0.9263739493242622, "on_path": 0, "source": 36, "target": 39}, {"distance": 1.0421645687483567, "on_path": 0, "source": 37, "target": 38}, {"distance": 0.9762075296189714, "on_path": 0, "source": 42, "target": 45}, {"distance": 0.8757097834476931, "on_path": 0, "source": 44, "target": 45}]}