{"directed": false, "multigraph": false, "graph": {}, "nodes": [{"node_features": [0.0, 0.0], "id": 0}, {"node_features": [0.0, 0.0], "id": 1}, {"node_features": [0.0, 0.0], "id": 2}, {"node_features": [0.0, 0.0], "id": 3}, {"node_features": [0.0, 0.0], "id": 4}, {"node_features": [0.0, 0.0], "id": 5}, {"node_features": [0.0, 0.0], "id": 6}, {"node_features": [0.0, 0.0], "id": 7}, {"node_features": [0.0, 0.0], "id": 8}, {"node_features": [0.0, 0.0], "id": 9}, {"node_features": [0.0, 0.0], "id": 10}, {"node_features": [0.0, 1.0], "id": 11}, {"node_features": [0.0, 0.0], "id": 12}, {"node_features": [0.0, 0.0], "id": 13}, {"node_features": [0.0, 0.0], "id": 14}, {"node_features": [0.0, 0.0], "id": 15}, {"node_features": [0.0, 0.0], "id": 16}, {"node_features": [0.0, 0.0], "id": 17}, {"node_features": [0.0, 0.0], "id": 18}, {"node_features": [1.0, 0.0], "id": 19}, {"node_features": [0.0, 0.0], "id": 20}, {"node_features": [0.0, 0.0], "id": 21}, {"node_features": [0.0, 0.0], "id": 22}, {"node_features": [0.0, 0.0], "id": 23}, {"node_features": [0.0, 0.0], "id": 24}], "links": [{"distance": 1.413500494423446, "on_path": 0, "source": 0, "target": 8}, {"distance": 1.9435215841894884, "on_path": 0, "source": 0, "target": 6}, {"distance": 1.6558435705544459, "on_path": 0, "source": 0, "target": 4}, {"distance": 1.0131452098994516, "on_path": 0, "source": 0, "target": 12}, {"distance": 1.1354473708675317, "on_path": 0, "source": 1, "target": 13}, {"distance": 1.5690504662826985, "on_path": 0, "source": 1, "target": 16}, {"distance": 1.173849938392494, "on_path": 0, "source": 1, "target": 3}, {"distance": 0.9480680699657228, "on_path": 0, "source": 1, "target": 7}, {"distance": 1.2977009340621795, "on_path": 0, "source": 2, "target": 21}, {"distance": 1.7150580004658345, "on_path": 0, "source": 2, "target": 7}, {"distance": 1.2622930279380005, "on_path": 0, "source": 2, "target": 22}, {"distance": 1.660262226667738, "on_path": 0, "source": 2, "target": 10}, {"distance": 1.4633971748450318, "on_path": 0, "source": 3, "target": 22}, {"distance": 0.37417859529872305, "on_path": 0, "source": 3, "target": 8}, {"distance": 1.0985933210485606, "on_path": 0, "source": 4, "target": 20}, {"distance": 1.9654475443080337, "on_path": 0, "source": 4, "target": 8}, {"distance": 0.4889940118991831, "on_path": 0, "source": 4, "target": 19}, {"distance": 0.6083065904200841, "on_path": 0, "source": 5, "target": 9}, {"distance": 1.5961984645641185, "on_path": 0, "source": 5, "target": 16}, {"distance": 1.380855258498668, "on_path": 0, "source": 5, "target": 18}, {"distance": 0.546873580697712, "on_path": 1, "source": 5, "target": 22}, {"distance": 0.29302580927676314, "on_path": 1, "source": 5, "target": 14}, {"distance": 1.639623045140416, "on_path": 0, "source": 6, "target": 15}, {"distance": 1.1930851664288171, "on_path": 0, "source": 6, "target": 19}, {"distance": 1.6026227111020477, "on_path": 0, "source": 6, "target": 24}, {"distance": 0.24286125911645026, "on_path": 0, "source": 7, "target": 13}, {"distance": 1.9491308506068177, "on_path": 0, "source": 7, "target": 15}, {"distance": 1.8236846685860575, "on_path": 0, "source": 7, "target": 24}, {"distance": 0.5119107938702545, "on_path": 0, "source": 7, "target": 11}, {"distance": 1.616212413099482, "on_path": 0, "source": 7, "target": 16}, {"distance": 1.1829389237546757, "on_path": 0, "source": 9, "target": 21}, {"distance": 1.6928972673260774, "on_path": 0, "source": 9, "target": 24}, {"distance": 1.1119748859838516, "on_path": 0, "source": 10, "target": 14}, {"distance": 0.292194390460668, "on_path": 0, "source": 10, "target": 17}, {"distance": 0.863262517394688, "on_path": 0, "source": 10, "target": 20}, {"distance": 1.126892295076693, "on_path": 0, "source": 10, "target": 22}, {"distance": 0.8101684001971302, "on_path": 1, "source": 11, "target": 22}, {"distance": 0.9252604275747227, "on_path": 0, "source": 12, "target": 17}, {"distance": 1.2860039866787603, "on_path": 0, "source": 12, "target": 23}, {"distance": 1.8172288316883887, "on_path": 0, "source": 13, "target": 18}, {"distance": 1.9913680442639479, "on_path": 0, "source": 13, "target": 15}, {"distance": 0.4347713678196154, "on_path": 0, "source": 13, "target": 17}, {"distance": 0.41805800946737876, "on_path": 0, "source": 14, "target": 23}, {"distance": 0.2636369832672081, "on_path": 1, "source": 14, "target": 20}, {"distance": 1.3615871066253205, "on_path": 0, "source": 14, "target": 17}, {"distance": 0.8600168273826614, "on_path": 0, "source": 18, "target": 19}, {"distance": 0.16643879393602753, "on_path": 1, "source": 19, "target": 21}, {"distance": 0.5086860900989254, "on_path": 1, "source": 20, "target": 21}, {"distance": 0.9443644456721286, "on_path": 0, "source": 20, "target": 24}, {"distance": 0.6695408519702941, "on_path": 0, "source": 22, "target": 23}]}