{"directed": false, "multigraph": false, "graph": {}, "nodes": [{"node_features": [0.0, 0.0], "id": 0}, {"node_features": [0.0, 0.0], "id": 1}, {"node_features": [0.0, 0.0], "id": 2}, {"node_features": [0.0, 0.0], "id": 3}, {"node_features": [0.0, 0.0], "id": 4}, {"node_features": [0.0, 0.0], "id": 5}, {"node_features": [0.0, 0.0], "id": 6}, {"node_features": [0.0, 0.0], "id": 7}, {"node_features": [0.0, 0.0], "id": 8}, {"node_features": [0.0, 0.0], "id": 9}, {"node_features": [0.0, 0.0], "id": 10}, {"node_features": [0.0, 0.0], "id": 11}, {"node_features": [0.0, 0.0], "id": 12}, {"node_features": [0.0, 0.0], "id": 13}, {"node_features": [0.0, 0.0], "id": 14}, {"node_features": [0.0, 0.0], "id": 15}, {"node_features": [0.0, 0.0], "id": 16}, {"node_features": [0.0, 0.0], "id": 17}, {"node_features": [0.0, 0.0], "id": 18}, {"node_features": [1.0, 0.0], "id": 19}, {"node_features": [0.0, 0.0], "id": 20}, {"node_features": [0.0, 0.0], "id": 21}, {"node_features": [0.0, 0.0], "id": 22}, {"node_features": [0.0, 0.0], "id": 23}, {"node_features": [0.0, 0.0], "id": 24}, {"node_features": [0.0, 0.0], "id": 25}, {"node_features": [0.0, 0.0], "id": 26}, {"node_features": [0.0, 0.0], "id": 27}, {"node_features": [0.0, 0.0], "id": 28}, {"node_features": [0.0, 0.0], "id": 29}, {"node_features": [0.0, 0.0], "id": 30}, {"node_features": [0.0, 0.0], "id": 31}, {"node_features": [0.0, 0.0], "id": 32}, {"node_features": [0.0, 1.0], "id": 33}, {"node_features": [0.0, 0.0], "id": 34}, {"node_features": [0.0, 0.0], "id": 35}, {"node_features": [0.0, 0.0], "id": 36}, {"node_features": [0.0, 0.0], "id": 37}, {"node_features": [0.0, 0.0], "id": 38}, {"node_features": [0.0, 0.0], "id": 39}, {"node_features": [0.0, 0.0], "id": 40}, {"node_features": [0.0, 0.0], "id": 41}, {"node_features": [0.0, 0.0], "id": 42}, {"node_features": [0.0, 0.0], "id": 43}, {"node_features": [0.0, 0.0], "id": 44}, {"node_features": [0.0, 0.0], "id": 45}, {"node_features": [0.0, 0.0], "id": 46}, {"node_features": [0.0, 0.0], "id": 47}], "links": [{"distance": 1.3034823963030415, "on_path": 0, "source": 0, "target": 17}, {"distance": 0.3649756470962501, "on_path": 0, "source": 0, "target": 29}, {"distance": 0.7055431031081278, "on_path": 0, "source": 0, "target": 11}, {"distance": 0.6655246114625855, "on_path": 0, "source": 0, "target": 1}, {"distance": 0.8660140959692385, "on_path": 0, "source": 0, "target": 39}, {"distance": 0.7299312195412204, "on_path": 0, "source": 1, "target": 31}, {"distance": 0.43492987638269753, "on_path": 0, "source": 2, "target": 38}, {"distance": 1.5691471242764976, "on_path": 0, "source": 2, "target": 14}, {"distance": 1.2135335281707906, "on_path": 0, "source": 2, "target": 37}, {"distance": 0.4056251855041464, "on_path": 0, "source": 3, "target": 39}, {"distance": 1.2946597505834527, "on_path": 0, "source": 3, "target": 30}, {"distance": 0.6443124010017438, "on_path": 0, "source": 3, "target": 8}, {"distance": 1.2713169526158528, "on_path": 0, "source": 3, "target": 18}, {"distance": 0.859035861474177, "on_path": 0, "source": 3, "target": 21}, {"distance": 1.6783996034638045, "on_path": 0, "source": 4, "target": 35}, {"distance": 1.3630824332186897, "on_path": 0, "source": 4, "target": 43}, {"distance": 1.125815091645163, "on_path": 0, "source": 4, "target": 33}, {"distance": 0.8898826476163307, "on_path": 0, "source": 4, "target": 36}, {"distance": 1.3709353844213352, "on_path": 0, "source": 5, "target": 21}, {"distance": 0.7593987028433931, "on_path": 0, "source": 5, "target": 32}, {"distance": 0.8940117505926423, "on_path": 0, "source": 5, "target": 40}, {"distance": 0.38606435893739355, "on_path": 0, "source": 5, "target": 13}, {"distance": 1.1969676342028945, "on_path": 0, "source": 6, "target": 26}, {"distance": 1.1022265850650872, "on_path": 0, "source": 6, "target": 36}, {"distance": 0.834552724757666, "on_path": 0, "source": 6, "target": 42}, {"distance": 1.4288221791954356, "on_path": 0, "source": 6, "target": 45}, {"distance": 1.6557160589161455, "on_path": 0, "source": 6, "target": 24}, {"distance": 1.6841890836399884, "on_path": 0, "source": 6, "target": 30}, {"distance": 0.3871300941763128, "on_path": 0, "source": 6, "target": 43}, {"distance": 1.4571846098097532, "on_path": 0, "source": 7, "target": 35}, {"distance": 0.5068544636742619, "on_path": 0, "source": 7, "target": 17}, {"distance": 0.9064265399346727, "on_path": 0, "source": 7, "target": 10}, {"distance": 0.8697761690966451, "on_path": 0, "source": 7, "target": 19}, {"distance": 1.491265468524327, "on_path": 0, "source": 7, "target": 23}, {"distance": 1.0290466474741489, "on_path": 0, "source": 7, "target": 31}, {"distance": 1.969108861851779, "on_path": 0, "source": 8, "target": 22}, {"distance": 1.8636438434051024, "on_path": 0, "source": 8, "target": 13}, {"distance": 0.7819394873619264, "on_path": 0, "source": 8, "target": 34}, {"distance": 0.22802874150578842, "on_path": 0, "source": 9, "target": 35}, {"distance": 0.9224580417855838, "on_path": 0, "source": 9, "target": 30}, {"distance": 1.4014376322544813, "on_path": 0, "source": 9, "target": 14}, {"distance": 1.1546480606253084, "on_path": 0, "source": 9, "target": 41}, {"distance": 1.855077203332787, "on_path": 0, "source": 10, "target": 43}, {"distance": 0.4299676430281896, "on_path": 0, "source": 10, "target": 22}, {"distance": 0.3734580515756171, "on_path": 0, "source": 11, "target": 45}, {"distance": 0.7081937433660552, "on_path": 0, "source": 11, "target": 36}, {"distance": 1.0341226496304596, "on_path": 0, "source": 11, "target": 13}, {"distance": 0.5618755782326477, "on_path": 0, "source": 11, "target": 26}, {"distance": 0.8270254514366902, "on_path": 1, "source": 12, "target": 36}, {"distance": 1.5135875494394107, "on_path": 1, "source": 12, "target": 19}, {"distance": 1.1121644127105716, "on_path": 0, "source": 12, "target": 29}, {"distance": 1.3143485009661247, "on_path": 0, "source": 13, "target": 25}, {"distance": 2.2129336181835053, "on_path": 0, "source": 13, "target": 37}, {"distance": 1.1866556035988045, "on_path": 0, "source": 14, "target": 46}, {"distance": 1.476373669031181, "on_path": 0, "source": 15, "target": 36}, {"distance": 0.9925960323404828, "on_path": 0, "source": 15, "target": 28}, {"distance": 1.8367787986871509, "on_path": 0, "source": 16, "target": 20}, {"distance": 1.032417878422932, "on_path": 0, "source": 16, "target": 26}, {"distance": 0.12040728088434056, "on_path": 0, "source": 16, "target": 47}, {"distance": 0.7380668106695896, "on_path": 0, "source": 17, "target": 34}, {"distance": 1.5384192629117128, "on_path": 0, "source": 17, "target": 20}, {"distance": 1.4649434550492704, "on_path": 0, "source": 17, "target": 24}, {"distance": 0.8554440669445521, "on_path": 0, "source": 18, "target": 28}, {"distance": 1.3581026357255828, "on_path": 0, "source": 20, "target": 28}, {"distance": 0.8072566411651024, "on_path": 0, "source": 20, "target": 26}, {"distance": 0.18386839419979675, "on_path": 0, "source": 20, "target": 24}, {"distance": 1.5601504199116407, "on_path": 0, "source": 20, "target": 44}, {"distance": 1.1484134295805164, "on_path": 0, "source": 20, "target": 45}, {"distance": 0.7988903022112661, "on_path": 0, "source": 21, "target": 31}, {"distance": 0.4703563210929878, "on_path": 0, "source": 21, "target": 34}, {"distance": 1.4040385669135995, "on_path": 0, "source": 22, "target": 29}, {"distance": 1.3003487035675931, "on_path": 0, "source": 22, "target": 39}, {"distance": 1.225592460019127, "on_path": 0, "source": 22, "target": 32}, {"distance": 1.5961137157608356, "on_path": 0, "source": 23, "target": 35}, {"distance": 0.2977070507180082, "on_path": 0, "source": 23, "target": 38}, {"distance": 1.23152696193673, "on_path": 0, "source": 24, "target": 39}, {"distance": 1.2158572792342586, "on_path": 0, "source": 24, "target": 28}, {"distance": 0.8867780323061033, "on_path": 0, "source": 25, "target": 33}, {"distance": 1.2729399301607633, "on_path": 0, "source": 25, "target": 44}, {"distance": 1.1194802714789909, "on_path": 0, "source": 26, "target": 47}, {"distance": 0.3646383123633848, "on_path": 1, "source": 27, "target": 36}, {"distance": 0.7835906066408653, "on_path": 0, "source": 27, "target": 43}, {"distance": 0.4491483073933957, "on_path": 1, "source": 27, "target": 33}, {"distance": 0.255841835769503, "on_path": 0, "source": 29, "target": 35}, {"distance": 0.6060328505340413, "on_path": 0, "source": 30, "target": 36}, {"distance": 1.7243303875662783, "on_path": 0, "source": 30, "target": 47}, {"distance": 2.00430027110122, "on_path": 0, "source": 30, "target": 38}, {"distance": 0.9150233174292076, "on_path": 0, "source": 31, "target": 40}, {"distance": 1.2603894339540038, "on_path": 0, "source": 33, "target": 37}, {"distance": 1.174998900622907, "on_path": 0, "source": 35, "target": 39}, {"distance": 1.3476072701036488, "on_path": 0, "source": 35, "target": 41}, {"distance": 1.5515952152212587, "on_path": 0, "source": 35, "target": 38}, {"distance": 1.4386968177010617, "on_path": 0, "source": 37, "target": 40}, {"distance": 0.9622771714386236, "on_path": 0, "source": 38, "target": 46}, {"distance": 1.7473040102765756, "on_path": 0, "source": 38, "target": 40}, {"distance": 1.0248652421089255, "on_path": 0, "source": 41, "target": 42}]}