{"directed": false, "multigraph": false, "graph": {}, "nodes": [{"node_features": [0.0, 0.0], "id": 0}, {"node_features": [0.0, 0.0], "id": 1}, {"node_features": [0.0, 0.0], "id": 2}, {"node_features": [0.0, 0.0], "id": 3}, {"node_features": [0.0, 0.0], "id": 4}, {"node_features": [0.0, 0.0], "id": 5}, {"node_features": [0.0, 0.0], "id": 6}, {"node_features": [0.0, 0.0], "id": 7}, {"node_features": [0.0, 0.0], "id": 8}, {"node_features": [0.0, 0.0], "id": 9}, {"node_features": [0.0, 0.0], "id": 10}, {"node_features": [0.0, 0.0], "id": 11}, {"node_features": [0.0, 0.0], "id": 12}, {"node_features": [1.0, 0.0], "id": 13}, {"node_features": [0.0, 0.0], "id": 14}, {"node_features": [0.0, 0.0], "id": 15}, {"node_features": [0.0, 0.0], "id": 16}, {"node_features": [0.0, 1.0], "id": 17}, {"node_features": [0.0, 0.0], "id": 18}, {"node_features": [0.0, 0.0], "id": 19}, {"node_features": [0.0, 0.0], "id": 20}], "links": [{"distance": 0.7578507062883523, "on_path": 0, "source": 0, "target": 12}, {"distance": 1.1570334429508764, "on_path": 0, "source": 0, "target": 16}, {"distance": 1.292072137893534, "on_path": 0, "source": 0, "target": 14}, {"distance": 1.1869170761931722, "on_path": 0, "source": 1, "target": 7}, {"distance": 0.85217214609212, "on_path": 0, "source": 1, "target": 5}, {"distance": 1.9615947880983462, "on_path": 0, "source": 1, "target": 4}, {"distance": 1.3363719632206759, "on_path": 0, "source": 2, "target": 8}, {"distance": 1.3374225009861906, "on_path": 0, "source": 2, "target": 14}, {"distance": 1.5804237276192314, "on_path": 1, "source": 2, "target": 17}, {"distance": 0.7814460390635077, "on_path": 1, "source": 2, "target": 5}, {"distance": 1.2668442100009163, "on_path": 0, "source": 2, "target": 9}, {"distance": 0.9775093278328632, "on_path": 0, "source": 3, "target": 10}, {"distance": 0.5942541307131733, "on_path": 0, "source": 3, "target": 6}, {"distance": 0.6802428744713247, "on_path": 0, "source": 3, "target": 18}, {"distance": 1.6954868274064563, "on_path": 0, "source": 3, "target": 11}, {"distance": 1.8871104817237003, "on_path": 0, "source": 4, "target": 7}, {"distance": 0.6448952992291218, "on_path": 0, "source": 4, "target": 11}, {"distance": 1.2720545934553558, "on_path": 0, "source": 4, "target": 17}, {"distance": 0.14968503655239465, "on_path": 1, "source": 5, "target": 19}, {"distance": 1.3081698599900615, "on_path": 0, "source": 5, "target": 6}, {"distance": 1.2143106170970006, "on_path": 0, "source": 5, "target": 7}, {"distance": 0.6995902952091817, "on_path": 0, "source": 5, "target": 20}, {"distance": 1.7208047867085876, "on_path": 0, "source": 6, "target": 13}, {"distance": 1.1860605948659193, "on_path": 0, "source": 6, "target": 15}, {"distance": 0.616401608850932, "on_path": 0, "source": 6, "target": 16}, {"distance": 0.10038764650210863, "on_path": 0, "source": 6, "target": 7}, {"distance": 0.07614975914973855, "on_path": 0, "source": 7, "target": 18}, {"distance": 1.818107520305139, "on_path": 0, "source": 7, "target": 12}, {"distance": 1.1997900124255179, "on_path": 0, "source": 7, "target": 20}, {"distance": 0.7554547660528972, "on_path": 0, "source": 7, "target": 8}, {"distance": 1.4303408118157472, "on_path": 0, "source": 8, "target": 20}, {"distance": 0.8171828125834859, "on_path": 0, "source": 8, "target": 18}, {"distance": 1.3765669017044901, "on_path": 0, "source": 9, "target": 20}, {"distance": 0.8922082573646274, "on_path": 0, "source": 10, "target": 14}, {"distance": 0.9241783647733322, "on_path": 0, "source": 10, "target": 15}, {"distance": 1.0233904976808958, "on_path": 0, "source": 10, "target": 12}, {"distance": 0.22861440780260986, "on_path": 0, "source": 11, "target": 12}, {"distance": 1.3154317712727615, "on_path": 0, "source": 11, "target": 16}, {"distance": 1.400282659492802, "on_path": 1, "source": 13, "target": 19}, {"distance": 2.126927811250608, "on_path": 0, "source": 13, "target": 20}, {"distance": 0.8457230868293684, "on_path": 0, "source": 15, "target": 19}, {"distance": 0.7434246976370283, "on_path": 0, "source": 19, "target": 20}]}