{"directed": false, "multigraph": false, "graph": {}, "nodes": [{"node_features": [0.0, 0.0], "id": 0}, {"node_features": [0.0, 0.0], "id": 1}, {"node_features": [0.0, 0.0], "id": 2}, {"node_features": [0.0, 0.0], "id": 3}, {"node_features": [0.0, 0.0], "id": 4}, {"node_features": [0.0, 0.0], "id": 5}, {"node_features": [0.0, 0.0], "id": 6}, {"node_features": [0.0, 0.0], "id": 7}, {"node_features": [0.0, 0.0], "id": 8}, {"node_features": [0.0, 0.0], "id": 9}, {"node_features": [0.0, 0.0], "id": 10}, {"node_features": [1.0, 0.0], "id": 11}, {"node_features": [0.0, 1.0], "id": 12}, {"node_features": [0.0, 0.0], "id": 13}, {"node_features": [0.0, 0.0], "id": 14}, {"node_features": [0.0, 0.0], "id": 15}, {"node_features": [0.0, 0.0], "id": 16}, {"node_features": [0.0, 0.0], "id": 17}, {"node_features": [0.0, 0.0], "id": 18}, {"node_features": [0.0, 0.0], "id": 19}], "links": [{"distance": 0.6762724771882684, "on_path": 0, "source": 0, "target": 3}, {"distance": 1.3881477430663633, "on_path": 0, "source": 0, "target": 1}, {"distance": 0.6899478836399514, "on_path": 0, "source": 0, "target": 9}, {"distance": 1.0316961996465794, "on_path": 0, "source": 0, "target": 14}, {"distance": 1.5950379125858432, "on_path": 0, "source": 0, "target": 15}, {"distance": 0.09236634273278163, "on_path": 0, "source": 0, "target": 4}, {"distance": 0.9138190074694635, "on_path": 0, "source": 1, "target": 18}, {"distance": 0.3640422023098914, "on_path": 0, "source": 1, "target": 15}, {"distance": 0.8781739800529511, "on_path": 0, "source": 2, "target": 11}, {"distance": 1.359835064106376, "on_path": 0, "source": 2, "target": 10}, {"distance": 1.7651286105553328, "on_path": 0, "source": 2, "target": 17}, {"distance": 1.4075793325387889, "on_path": 0, "source": 2, "target": 16}, {"distance": 2.4504003433945827, "on_path": 0, "source": 3, "target": 19}, {"distance": 0.9357771974746976, "on_path": 0, "source": 3, "target": 12}, {"distance": 1.4579050264553803, "on_path": 0, "source": 3, "target": 16}, {"distance": 1.4294859441600285, "on_path": 0, "source": 3, "target": 7}, {"distance": 1.4369947323196433, "on_path": 0, "source": 3, "target": 14}, {"distance": 0.6768685409160825, "on_path": 0, "source": 4, "target": 9}, {"distance": 0.3746742958911182, "on_path": 0, "source": 4, "target": 13}, {"distance": 1.1888454998340676, "on_path": 0, "source": 4, "target": 17}, {"distance": 1.6590949253815108, "on_path": 0, "source": 5, "target": 15}, {"distance": 1.336829924857981, "on_path": 0, "source": 5, "target": 8}, {"distance": 1.343370156133691, "on_path": 0, "source": 6, "target": 19}, {"distance": 0.5627866797513214, "on_path": 1, "source": 6, "target": 15}, {"distance": 0.8111610025016702, "on_path": 1, "source": 6, "target": 13}, {"distance": 0.7773585888008449, "on_path": 0, "source": 6, "target": 9}, {"distance": 0.2853552143584349, "on_path": 0, "source": 6, "target": 18}, {"distance": 1.9562240331278207, "on_path": 0, "source": 7, "target": 18}, {"distance": 1.3396241547827452, "on_path": 0, "source": 7, "target": 11}, {"distance": 0.21850265597464075, "on_path": 0, "source": 8, "target": 14}, {"distance": 0.5986164987985813, "on_path": 0, "source": 8, "target": 18}, {"distance": 0.49836613684733194, "on_path": 0, "source": 8, "target": 9}, {"distance": 1.2555247362033441, "on_path": 0, "source": 8, "target": 10}, {"distance": 0.6799068623188651, "on_path": 0, "source": 8, "target": 13}, {"distance": 1.2753309905437424, "on_path": 0, "source": 9, "target": 19}, {"distance": 0.8880755000957214, "on_path": 1, "source": 11, "target": 15}, {"distance": 0.3338987929545128, "on_path": 1, "source": 12, "target": 13}, {"distance": 1.0245861857061305, "on_path": 0, "source": 14, "target": 19}, {"distance": 1.2532568193186095, "on_path": 0, "source": 15, "target": 16}, {"distance": 0.7725139883086942, "on_path": 0, "source": 16, "target": 17}]}