{"directed": false, "multigraph": false, "graph": {}, "nodes": [{"node_features": [0.0, 0.0], "id": 0}, {"node_features": [0.0, 0.0], "id": 1}, {"node_features": [0.0, 0.0], "id": 2}, {"node_features": [0.0, 0.0], "id": 3}, {"node_features": [0.0, 0.0], "id": 4}, {"node_features": [0.0, 0.0], "id": 5}, {"node_features": [0.0, 0.0], "id": 6}, {"node_features": [0.0, 0.0], "id": 7}, {"node_features": [0.0, 0.0], "id": 8}, {"node_features": [0.0, 0.0], "id": 9}, {"node_features": [0.0, 0.0], "id": 10}, {"node_features": [0.0, 0.0], "id": 11}, {"node_features": [0.0, 0.0], "id": 12}, {"node_features": [0.0, 0.0], "id": 13}, {"node_features": [0.0, 0.0], "id": 14}, {"node_features": [0.0, 0.0], "id": 15}, {"node_features": [0.0, 0.0], "id": 16}, {"node_features": [0.0, 0.0], "id": 17}, {"node_features": [0.0, 1.0], "id": 18}, {"node_features": [0.0, 0.0], "id": 19}, {"node_features": [0.0, 0.0], "id": 20}, {"node_features": [0.0, 0.0], "id": 21}, {"node_features": [0.0, 0.0], "id": 22}, {"node_features": [0.0, 0.0], "id": 23}, {"node_features": [0.0, 0.0], "id": 24}, {"node_features": [0.0, 0.0], "id": 25}, {"node_features": [0.0, 0.0], "id": 26}, {"node_features": [0.0, 0.0], "id": 27}, {"node_features": [0.0, 0.0], "id": 28}, {"node_features": [0.0, 0.0], "id": 29}, {"node_features": [1.0, 0.0], "id": 30}, {"node_features": [0.0, 0.0], "id": 31}, {"node_features": [0.0, 0.0], "id": 32}, {"node_features": [0.0, 0.0], "id": 33}, {"node_features": [0.0, 0.0], "id": 34}, {"node_features": [0.0, 0.0], "id": 35}, {"node_features": [0.0, 0.0], "id": 36}, {"node_features": [0.0, 0.0], "id": 37}], "links": [{"distance": 1.3187538259289473, "on_path": 0, "source": 0, "target": 16}, {"distance": 1.5650131176382085, "on_path": 0, "source": 0, "target": 20}, {"distance": 0.24463141371754124, "on_path": 0, "source": 0, "target": 3}, {"distance": 0.7342737025494271, "on_path": 0, "source": 0, "target": 21}, {"distance": 0.16400446356634463, "on_path": 0, "source": 1, "target": 11}, {"distance": 1.9588467744497282, "on_path": 0, "source": 1, "target": 33}, {"distance": 1.6150625250274686, "on_path": 0, "source": 1, "target": 22}, {"distance": 0.7101877012418023, "on_path": 0, "source": 1, "target": 12}, {"distance": 1.694710717015982, "on_path": 0, "source": 1, "target": 14}, {"distance": 0.5351311593324749, "on_path": 0, "source": 2, "target": 13}, {"distance": 1.178584163819664, "on_path": 0, "source": 2, "target": 16}, {"distance": 0.44600880454034664, "on_path": 0, "source": 2, "target": 9}, {"distance": 0.9877054577604044, "on_path": 0, "source": 2, "target": 37}, {"distance": 1.563193695053104, "on_path": 0, "source": 3, "target": 16}, {"distance": 0.16568451392484923, "on_path": 0, "source": 3, "target": 13}, {"distance": 1.0061181146164113, "on_path": 0, "source": 4, "target": 37}, {"distance": 1.4953383671306482, "on_path": 0, "source": 4, "target": 22}, {"distance": 1.3818944024937272, "on_path": 0, "source": 5, "target": 13}, {"distance": 1.2370786613690488, "on_path": 0, "source": 5, "target": 33}, {"distance": 0.6671482959567951, "on_path": 0, "source": 5, "target": 17}, {"distance": 1.8339888131161266, "on_path": 0, "source": 6, "target": 26}, {"distance": 1.5599893789801467, "on_path": 0, "source": 6, "target": 18}, {"distance": 0.6430695188612618, "on_path": 1, "source": 7, "target": 15}, {"distance": 1.737077533463183, "on_path": 0, "source": 7, "target": 14}, {"distance": 0.557633514574639, "on_path": 1, "source": 7, "target": 35}, {"distance": 0.7399542815496672, "on_path": 0, "source": 8, "target": 23}, {"distance": 1.4693230594812257, "on_path": 0, "source": 8, "target": 28}, {"distance": 0.7682834065885341, "on_path": 0, "source": 8, "target": 31}, {"distance": 1.5776154476277198, "on_path": 0, "source": 8, "target": 22}, {"distance": 1.214870054323331, "on_path": 0, "source": 9, "target": 24}, {"distance": 1.6425002898035252, "on_path": 0, "source": 9, "target": 26}, {"distance": 0.6302923095232947, "on_path": 0, "source": 9, "target": 33}, {"distance": 0.9985129567248463, "on_path": 0, "source": 10, "target": 17}, {"distance": 1.805400180589037, "on_path": 0, "source": 10, "target": 30}, {"distance": 0.282847892885556, "on_path": 0, "source": 10, "target": 28}, {"distance": 2.0341198562429335, "on_path": 0, "source": 10, "target": 11}, {"distance": 1.2776690442902385, "on_path": 0, "source": 11, "target": 27}, {"distance": 1.6999575169324528, "on_path": 0, "source": 11, "target": 32}, {"distance": 1.5564081405644812, "on_path": 0, "source": 11, "target": 36}, {"distance": 0.614151325931385, "on_path": 0, "source": 12, "target": 15}, {"distance": 1.5312299890747292, "on_path": 0, "source": 12, "target": 17}, {"distance": 0.9429354456514072, "on_path": 0, "source": 13, "target": 32}, {"distance": 1.0396736837224727, "on_path": 0, "source": 14, "target": 23}, {"distance": 1.9067160771063996, "on_path": 0, "source": 14, "target": 25}, {"distance": 0.9853204924227892, "on_path": 0, "source": 15, "target": 34}, {"distance": 1.130750611016725, "on_path": 0, "source": 15, "target": 22}, {"distance": 0.933685446338541, "on_path": 1, "source": 15, "target": 16}, {"distance": 0.3746564353761007, "on_path": 0, "source": 16, "target": 20}, {"distance": 1.9656181108803545, "on_path": 1, "source": 16, "target": 30}, {"distance": 0.6701290875659918, "on_path": 0, "source": 17, "target": 31}, {"distance": 0.2940569463215151, "on_path": 1, "source": 18, "target": 35}, {"distance": 0.5994302246813135, "on_path": 0, "source": 18, "target": 21}, {"distance": 1.265989878194035, "on_path": 0, "source": 18, "target": 23}, {"distance": 1.4088219748481041, "on_path": 0, "source": 18, "target": 29}, {"distance": 0.8410179766824927, "on_path": 0, "source": 19, "target": 31}, {"distance": 0.6554902354543725, "on_path": 0, "source": 19, "target": 32}, {"distance": 1.344938763219171, "on_path": 0, "source": 19, "target": 30}, {"distance": 2.0407117839664406, "on_path": 0, "source": 20, "target": 26}, {"distance": 0.5868754784348195, "on_path": 0, "source": 20, "target": 24}, {"distance": 1.7763307098929755, "on_path": 0, "source": 20, "target": 25}, {"distance": 0.6381750951611527, "on_path": 0, "source": 21, "target": 34}, {"distance": 2.1925958169294533, "on_path": 0, "source": 22, "target": 26}, {"distance": 1.2784918075546696, "on_path": 0, "source": 22, "target": 35}, {"distance": 1.5525234940771442, "on_path": 0, "source": 22, "target": 34}, {"distance": 1.4309666984926952, "on_path": 0, "source": 23, "target": 34}, {"distance": 1.0934669395265058, "on_path": 0, "source": 23, "target": 37}, {"distance": 0.7159845617756617, "on_path": 0, "source": 24, "target": 32}, {"distance": 0.5507592754518817, "on_path": 0, "source": 25, "target": 34}, {"distance": 0.2541890890466711, "on_path": 0, "source": 25, "target": 27}, {"distance": 0.9146194282123321, "on_path": 0, "source": 26, "target": 35}, {"distance": 1.7182820324931696, "on_path": 0, "source": 26, "target": 36}, {"distance": 0.6891558455441258, "on_path": 0, "source": 27, "target": 35}, {"distance": 1.027260577654464, "on_path": 0, "source": 28, "target": 29}, {"distance": 1.1576285103940924, "on_path": 0, "source": 28, "target": 37}, {"distance": 0.39687085585240234, "on_path": 0, "source": 28, "target": 36}, {"distance": 1.47605038108478, "on_path": 0, "source": 29, "target": 34}]}