{"directed": false, "multigraph": false, "graph": {}, "nodes": [{"node_features": [0.0, 0.0], "id": 0}, {"node_features": [0.0, 0.0], "id": 1}, {"node_features": [0.0, 0.0], "id": 2}, {"node_features": [0.0, 0.0], "id": 3}, {"node_features": [0.0, 0.0], "id": 4}, {"node_features": [1.0, 0.0], "id": 5}, {"node_features": [0.0, 0.0], "id": 6}, {"node_features": [0.0, 0.0], "id": 7}, {"node_features": [0.0, 0.0], "id": 8}, {"node_features": [0.0, 1.0], "id": 9}, {"node_features": [0.0, 0.0], "id": 10}, {"node_features": [0.0, 0.0], "id": 11}, {"node_features": [0.0, 0.0], "id": 12}, {"node_features": [0.0, 0.0], "id": 13}, {"node_features": [0.0, 0.0], "id": 14}, {"node_features": [0.0, 0.0], "id": 15}, {"node_features": [0.0, 0.0], "id": 16}, {"node_features": [0.0, 0.0], "id": 17}, {"node_features": [0.0, 0.0], "id": 18}, {"node_features": [0.0, 0.0], "id": 19}, {"node_features": [0.0, 0.0], "id": 20}, {"node_features": [0.0, 0.0], "id": 21}], "links": [{"distance": 0.48653195317730336, "on_path": 0, "source": 0, "target": 4}, {"distance": 0.22030947069090417, "on_path": 0, "source": 0, "target": 3}, {"distance": 1.6433461414336705, "on_path": 0, "source": 0, "target": 13}, {"distance": 0.5876284674622969, "on_path": 0, "source": 0, "target": 15}, {"distance": 1.2198930874120923, "on_path": 0, "source": 0, "target": 19}, {"distance": 0.960256644336542, "on_path": 1, "source": 1, "target": 15}, {"distance": 1.1401853626360472, "on_path": 0, "source": 1, "target": 16}, {"distance": 0.8827122798622955, "on_path": 1, "source": 1, "target": 5}, {"distance": 1.163665194165807, "on_path": 0, "source": 1, "target": 12}, {"distance": 0.6163427684343872, "on_path": 0, "source": 2, "target": 21}, {"distance": 1.3614163277096571, "on_path": 0, "source": 2, "target": 19}, {"distance": 0.861126007047179, "on_path": 0, "source": 2, "target": 12}, {"distance": 1.6722635886605064, "on_path": 0, "source": 2, "target": 8}, {"distance": 0.2864557440021902, "on_path": 0, "source": 3, "target": 4}, {"distance": 1.182065187180181, "on_path": 0, "source": 3, "target": 7}, {"distance": 0.8062291644507961, "on_path": 0, "source": 3, "target": 17}, {"distance": 1.247140949234756, "on_path": 0, "source": 3, "target": 19}, {"distance": 1.3389806256710806, "on_path": 0, "source": 3, "target": 10}, {"distance": 0.6093901970998382, "on_path": 0, "source": 3, "target": 18}, {"distance": 1.546337919041293, "on_path": 0, "source": 3, "target": 20}, {"distance": 1.5582783683162835, "on_path": 0, "source": 4, "target": 10}, {"distance": 2.0820517616148524, "on_path": 0, "source": 5, "target": 14}, {"distance": 0.3295285293573334, "on_path": 0, "source": 5, "target": 7}, {"distance": 1.2037393120519488, "on_path": 0, "source": 6, "target": 19}, {"distance": 1.2902852543469208, "on_path": 0, "source": 6, "target": 10}, {"distance": 0.40484014825775827, "on_path": 0, "source": 6, "target": 16}, {"distance": 1.522804078565541, "on_path": 0, "source": 6, "target": 20}, {"distance": 1.705887646137592, "on_path": 0, "source": 8, "target": 16}, {"distance": 1.476085733516574, "on_path": 1, "source": 8, "target": 15}, {"distance": 0.2233018146937378, "on_path": 1, "source": 8, "target": 9}, {"distance": 1.6140882482077235, "on_path": 0, "source": 8, "target": 14}, {"distance": 1.6961580937179292, "on_path": 0, "source": 9, "target": 16}, {"distance": 2.030985658273166, "on_path": 0, "source": 10, "target": 14}, {"distance": 0.43802663757681476, "on_path": 0, "source": 11, "target": 15}, {"distance": 1.5361395341798303, "on_path": 0, "source": 11, "target": 14}, {"distance": 0.8152290444388179, "on_path": 0, "source": 12, "target": 16}, {"distance": 1.1613361917351668, "on_path": 0, "source": 12, "target": 18}, {"distance": 1.4486022423587335, "on_path": 0, "source": 12, "target": 21}, {"distance": 0.836017860592384, "on_path": 0, "source": 13, "target": 18}, {"distance": 0.6460662100665595, "on_path": 0, "source": 13, "target": 21}, {"distance": 0.9650811384392313, "on_path": 0, "source": 15, "target": 20}, {"distance": 1.3734967628033488, "on_path": 0, "source": 15, "target": 21}, {"distance": 1.6240374786199794, "on_path": 0, "source": 16, "target": 20}, {"distance": 0.8842504308719635, "on_path": 0, "source": 17, "target": 18}]}