{"directed": false, "multigraph": false, "graph": {}, "nodes": [{"node_features": [0.0, 0.0], "id": 0}, {"node_features": [0.0, 0.0], "id": 1}, {"node_features": [0.0, 0.0], "id": 2}, {"node_features": [0.0, 0.0], "id": 3}, {"node_features": [0.0, 0.0], "id": 4}, {"node_features": [0.0, 0.0], "id": 5}, {"node_features": [0.0, 0.0], "id": 6}, {"node_features": [0.0, 0.0], "id": 7}, {"node_features": [0.0, 0.0], "id": 8}, {"node_features": [0.0, 0.0], "id": 9}, {"node_features": [0.0, 0.0], "id": 10}, {"node_features": [0.0, 0.0], "id": 11}, {"node_features": [0.0, 0.0], "id": 12}, {"node_features": [0.0, 0.0], "id": 13}, {"node_features": [0.0, 0.0], "id": 14}, {"node_features": [0.0, 0.0], "id": 15}, {"node_features": [0.0, 0.0], "id": 16}, {"node_features": [0.0, 1.0], "id": 17}, {"node_features": [0.0, 0.0], "id": 18}, {"node_features": [0.0, 0.0], "id": 19}, {"node_features": [0.0, 0.0], "id": 20}, {"node_features": [1.0, 0.0], "id": 21}, {"node_features": [0.0, 0.0], "id": 22}], "links": [{"distance": 1.6707212578056914, "on_path": 0, "source": 0, "target": 8}, {"distance": 0.5601422343098579, "on_path": 0, "source": 0, "target": 15}, {"distance": 0.6290739765312267, "on_path": 0, "source": 0, "target": 22}, {"distance": 1.0904951198210835, "on_path": 0, "source": 0, "target": 6}, {"distance": 1.2826466588190761, "on_path": 0, "source": 0, "target": 10}, {"distance": 0.9463486424435776, "on_path": 0, "source": 0, "target": 20}, {"distance": 1.766191667097807, "on_path": 0, "source": 1, "target": 9}, {"distance": 1.598627600084675, "on_path": 0, "source": 1, "target": 21}, {"distance": 1.0778574029476566, "on_path": 0, "source": 2, "target": 6}, {"distance": 1.9148944605318248, "on_path": 0, "source": 2, "target": 11}, {"distance": 1.2306238405794336, "on_path": 0, "source": 2, "target": 12}, {"distance": 1.3684434588347474, "on_path": 0, "source": 2, "target": 7}, {"distance": 1.3747822953216762, "on_path": 0, "source": 3, "target": 10}, {"distance": 0.31643776519601774, "on_path": 1, "source": 3, "target": 7}, {"distance": 0.604064305384107, "on_path": 1, "source": 3, "target": 13}, {"distance": 1.098364093088264, "on_path": 0, "source": 3, "target": 16}, {"distance": 0.7626675107522527, "on_path": 0, "source": 3, "target": 18}, {"distance": 0.6534884368650726, "on_path": 0, "source": 3, "target": 22}, {"distance": 0.8927613055984757, "on_path": 0, "source": 3, "target": 6}, {"distance": 0.15218760548167032, "on_path": 0, "source": 4, "target": 10}, {"distance": 1.4715178596337466, "on_path": 0, "source": 4, "target": 21}, {"distance": 1.5316514399980046, "on_path": 0, "source": 4, "target": 14}, {"distance": 1.091087788691505, "on_path": 0, "source": 5, "target": 18}, {"distance": 1.1052686634111069, "on_path": 0, "source": 5, "target": 14}, {"distance": 0.9808704844973046, "on_path": 0, "source": 5, "target": 13}, {"distance": 0.864270290693073, "on_path": 0, "source": 5, "target": 22}, {"distance": 0.47560354091003, "on_path": 0, "source": 6, "target": 12}, {"distance": 1.2202441826656423, "on_path": 1, "source": 7, "target": 21}, {"distance": 0.7832213661830579, "on_path": 0, "source": 7, "target": 16}, {"distance": 0.4064050923874785, "on_path": 1, "source": 8, "target": 13}, {"distance": 1.8751276240961672, "on_path": 0, "source": 8, "target": 20}, {"distance": 1.0487483299955511, "on_path": 1, "source": 8, "target": 17}, {"distance": 0.8290794641662274, "on_path": 0, "source": 9, "target": 20}, {"distance": 0.6866270727395347, "on_path": 0, "source": 9, "target": 12}, {"distance": 1.308184287839987, "on_path": 0, "source": 9, "target": 13}, {"distance": 1.1982305719588537, "on_path": 0, "source": 10, "target": 13}, {"distance": 0.7699466828085101, "on_path": 0, "source": 11, "target": 12}, {"distance": 0.8447744268734639, "on_path": 0, "source": 12, "target": 15}, {"distance": 1.4536435726421815, "on_path": 0, "source": 14, "target": 17}, {"distance": 0.3571918946333166, "on_path": 0, "source": 14, "target": 18}, {"distance": 0.1360414909733131, "on_path": 0, "source": 14, "target": 19}, {"distance": 0.2166991958368052, "on_path": 0, "source": 15, "target": 16}, {"distance": 1.8268378013215472, "on_path": 0, "source": 15, "target": 21}, {"distance": 1.7997074427401045, "on_path": 0, "source": 17, "target": 22}, {"distance": 1.0953977608496146, "on_path": 0, "source": 17, "target": 20}, {"distance": 0.4928110668591415, "on_path": 0, "source": 18, "target": 19}]}