{"directed": false, "multigraph": false, "graph": {}, "nodes": [{"node_features": [0.0, 0.0], "id": 0}, {"node_features": [0.0, 0.0], "id": 1}, {"node_features": [0.0, 0.0], "id": 2}, {"node_features": [0.0, 0.0], "id": 3}, {"node_features": [0.0, 0.0], "id": 4}, {"node_features": [0.0, 0.0], "id": 5}, {"node_features": [0.0, 0.0], "id": 6}, {"node_features": [0.0, 0.0], "id": 7}, {"node_features": [0.0, 0.0], "id": 8}, {"node_features": [0.0, 0.0], "id": 9}, {"node_features": [0.0, 0.0], "id": 10}, {"node_features": [0.0, 0.0], "id": 11}, {"node_features": [0.0, 0.0], "id": 12}, {"node_features": [0.0, 0.0], "id": 13}, {"node_features": [0.0, 0.0], "id": 14}, {"node_features": [0.0, 0.0], "id": 15}, {"node_features": [0.0, 0.0], "id": 16}, {"node_features": [0.0, 0.0], "id": 17}, {"node_features": [0.0, 0.0], "id": 18}, {"node_features": [0.0, 1.0], "id": 19}, {"node_features": [0.0, 0.0], "id": 20}, {"node_features": [0.0, 0.0], "id": 21}, {"node_features": [0.0, 0.0], "id": 22}, {"node_features": [0.0, 0.0], "id": 23}, {"node_features": [0.0, 0.0], "id": 24}, {"node_features": [0.0, 0.0], "id": 25}, {"node_features": [1.0, 0.0], "id": 26}, {"node_features": [0.0, 0.0], "id": 27}, {"node_features": [0.0, 0.0], "id": 28}, {"node_features": [0.0, 0.0], "id": 29}, {"node_features": [0.0, 0.0], "id": 30}, {"node_features": [0.0, 0.0], "id": 31}, {"node_features": [0.0, 0.0], "id": 32}, {"node_features": [0.0, 0.0], "id": 33}, {"node_features": [0.0, 0.0], "id": 34}, {"node_features": [0.0, 0.0], "id": 35}, {"node_features": [0.0, 0.0], "id": 36}, {"node_features": [0.0, 0.0], "id": 37}, {"node_features": [0.0, 0.0], "id": 38}, {"node_features": [0.0, 0.0], "id": 39}, {"node_features": [0.0, 0.0], "id": 40}, {"node_features": [0.0, 0.0], "id": 41}, {"node_features": [0.0, 0.0], "id": 42}, {"node_features": [0.0, 0.0], "id": 43}], "links": [{"distance": 0.9738664204954313, "on_path": 0, "source": 0, "target": 20}, {"distance": 1.2838094893598693, "on_path": 0, "source": 0, "target": 28}, {"distance": 1.3464308683329402, "on_path": 0, "source": 0, "target": 27}, {"distance": 1.6292145334314516, "on_path": 0, "source": 0, "target": 6}, {"distance": 1.1407241314553853, "on_path": 0, "source": 1, "target": 34}, {"distance": 1.556603745494644, "on_path": 0, "source": 1, "target": 38}, {"distance": 0.7841660971528743, "on_path": 0, "source": 1, "target": 21}, {"distance": 0.9391087373973692, "on_path": 0, "source": 2, "target": 31}, {"distance": 0.5181252785143579, "on_path": 0, "source": 2, "target": 22}, {"distance": 0.13446937538502057, "on_path": 0, "source": 2, "target": 38}, {"distance": 1.9207610525936567, "on_path": 0, "source": 3, "target": 30}, {"distance": 2.09964437476381, "on_path": 0, "source": 3, "target": 15}, {"distance": 2.05211612895021, "on_path": 0, "source": 3, "target": 20}, {"distance": 0.4863134333065814, "on_path": 0, "source": 3, "target": 16}, {"distance": 1.0160418649120146, "on_path": 0, "source": 4, "target": 17}, {"distance": 1.1056437584588015, "on_path": 0, "source": 4, "target": 41}, {"distance": 0.9630672613095497, "on_path": 0, "source": 4, "target": 12}, {"distance": 1.1878424609090281, "on_path": 0, "source": 4, "target": 31}, {"distance": 0.8541107225493574, "on_path": 0, "source": 4, "target": 36}, {"distance": 1.4111386986683985, "on_path": 0, "source": 5, "target": 35}, {"distance": 0.9375742810357108, "on_path": 0, "source": 5, "target": 37}, {"distance": 1.2929486220981565, "on_path": 0, "source": 5, "target": 27}, {"distance": 1.1853641832750457, "on_path": 0, "source": 5, "target": 19}, {"distance": 0.5076947124102572, "on_path": 1, "source": 6, "target": 10}, {"distance": 0.23138204548786281, "on_path": 0, "source": 6, "target": 22}, {"distance": 0.598629376293795, "on_path": 1, "source": 6, "target": 26}, {"distance": 1.7032216310539317, "on_path": 0, "source": 7, "target": 13}, {"distance": 2.0632346361346263, "on_path": 0, "source": 7, "target": 41}, {"distance": 1.6964408022743274, "on_path": 0, "source": 8, "target": 16}, {"distance": 2.0188189851553524, "on_path": 0, "source": 8, "target": 24}, {"distance": 1.7305386179857958, "on_path": 0, "source": 8, "target": 35}, {"distance": 1.2726117904370218, "on_path": 0, "source": 8, "target": 40}, {"distance": 1.279433885599288, "on_path": 0, "source": 9, "target": 38}, {"distance": 1.2154917361444224, "on_path": 0, "source": 9, "target": 35}, {"distance": 0.517953186559978, "on_path": 0, "source": 9, "target": 18}, {"distance": 0.6068860897571159, "on_path": 0, "source": 10, "target": 20}, {"distance": 1.8628779615417443, "on_path": 0, "source": 10, "target": 11}, {"distance": 1.0832191768930486, "on_path": 1, "source": 10, "target": 15}, {"distance": 0.34198184473147636, "on_path": 0, "source": 10, "target": 35}, {"distance": 0.43282149183546026, "on_path": 0, "source": 10, "target": 43}, {"distance": 1.640397688551997, "on_path": 0, "source": 11, "target": 32}, {"distance": 0.3034493667208212, "on_path": 0, "source": 12, "target": 38}, {"distance": 1.8599780633604142, "on_path": 0, "source": 12, "target": 30}, {"distance": 0.9754365220822354, "on_path": 0, "source": 13, "target": 28}, {"distance": 0.7680847175711651, "on_path": 0, "source": 13, "target": 18}, {"distance": 0.8714791290843789, "on_path": 0, "source": 13, "target": 14}, {"distance": 0.47130836827969486, "on_path": 0, "source": 14, "target": 34}, {"distance": 1.1194813222633522, "on_path": 0, "source": 14, "target": 35}, {"distance": 1.0798084116456454, "on_path": 0, "source": 14, "target": 27}, {"distance": 1.0914273347880794, "on_path": 1, "source": 15, "target": 19}, {"distance": 1.4664937238604132, "on_path": 0, "source": 15, "target": 36}, {"distance": 1.329144432880205, "on_path": 0, "source": 15, "target": 40}, {"distance": 1.337312079375356, "on_path": 0, "source": 15, "target": 28}, {"distance": 1.4358276529035066, "on_path": 0, "source": 16, "target": 19}, {"distance": 1.0559887559224064, "on_path": 0, "source": 16, "target": 37}, {"distance": 0.5272275617076204, "on_path": 0, "source": 16, "target": 25}, {"distance": 0.321849955787346, "on_path": 0, "source": 17, "target": 35}, {"distance": 0.5113679750931864, "on_path": 0, "source": 17, "target": 31}, {"distance": 0.35557220875984946, "on_path": 0, "source": 17, "target": 38}, {"distance": 0.7162389378584878, "on_path": 0, "source": 18, "target": 29}, {"distance": 0.9816199454311527, "on_path": 0, "source": 18, "target": 32}, {"distance": 1.44723854750395, "on_path": 0, "source": 19, "target": 28}, {"distance": 1.0700903583157528, "on_path": 0, "source": 20, "target": 26}, {"distance": 0.29392419815457954, "on_path": 0, "source": 21, "target": 29}, {"distance": 1.2842492357642719, "on_path": 0, "source": 21, "target": 27}, {"distance": 1.9791644552920113, "on_path": 0, "source": 22, "target": 33}, {"distance": 1.4671984402038738, "on_path": 0, "source": 23, "target": 29}, {"distance": 1.6444278467463316, "on_path": 0, "source": 23, "target": 41}, {"distance": 1.2689212978481546, "on_path": 0, "source": 23, "target": 39}, {"distance": 1.630884868817556, "on_path": 0, "source": 24, "target": 33}, {"distance": 1.155377112991519, "on_path": 0, "source": 24, "target": 25}, {"distance": 0.3081992705917252, "on_path": 0, "source": 24, "target": 38}, {"distance": 0.6314884090657648, "on_path": 0, "source": 25, "target": 39}, {"distance": 0.6140914305741594, "on_path": 0, "source": 25, "target": 29}, {"distance": 0.5131719636922248, "on_path": 0, "source": 26, "target": 32}, {"distance": 0.46197102145064584, "on_path": 0, "source": 27, "target": 36}, {"distance": 1.3798391435901798, "on_path": 0, "source": 29, "target": 41}, {"distance": 0.6101153343716573, "on_path": 0, "source": 29, "target": 42}, {"distance": 1.3714403700185729, "on_path": 0, "source": 30, "target": 40}, {"distance": 0.7197001588871287, "on_path": 0, "source": 30, "target": 39}, {"distance": 0.9057557385600679, "on_path": 0, "source": 30, "target": 34}, {"distance": 1.9722451068256595, "on_path": 0, "source": 30, "target": 41}, {"distance": 0.4176252564846048, "on_path": 0, "source": 32, "target": 38}, {"distance": 0.9452084710524989, "on_path": 0, "source": 32, "target": 43}, {"distance": 0.8994991295297824, "on_path": 0, "source": 33, "target": 42}, {"distance": 0.2030999184638459, "on_path": 0, "source": 34, "target": 37}, {"distance": 0.5207983273062834, "on_path": 0, "source": 34, "target": 40}, {"distance": 1.0360606765694185, "on_path": 0, "source": 37, "target": 38}]}