{"directed": false, "multigraph": false, "graph": {}, "nodes": [{"node_features": [1.0, 0.0], "id": 0}, {"node_features": [0.0, 0.0], "id": 1}, {"node_features": [0.0, 0.0], "id": 2}, {"node_features": [0.0, 0.0], "id": 3}, {"node_features": [0.0, 0.0], "id": 4}, {"node_features": [0.0, 0.0], "id": 5}, {"node_features": [0.0, 1.0], "id": 6}, {"node_features": [0.0, 0.0], "id": 7}, {"node_features": [0.0, 0.0], "id": 8}, {"node_features": [0.0, 0.0], "id": 9}, {"node_features": [0.0, 0.0], "id": 10}, {"node_features": [0.0, 0.0], "id": 11}, {"node_features": [0.0, 0.0], "id": 12}, {"node_features": [0.0, 0.0], "id": 13}, {"node_features": [0.0, 0.0], "id": 14}, {"node_features": [0.0, 0.0], "id": 15}, {"node_features": [0.0, 0.0], "id": 16}, {"node_features": [0.0, 0.0], "id": 17}, {"node_features": [0.0, 0.0], "id": 18}, {"node_features": [0.0, 0.0], "id": 19}, {"node_features": [0.0, 0.0], "id": 20}, {"node_features": [0.0, 0.0], "id": 21}, {"node_features": [0.0, 0.0], "id": 22}, {"node_features": [0.0, 0.0], "id": 23}, {"node_features": [0.0, 0.0], "id": 24}, {"node_features": [0.0, 0.0], "id": 25}, {"node_features": [0.0, 0.0], "id": 26}, {"node_features": [0.0, 0.0], "id": 27}, {"node_features": [0.0, 0.0], "id": 28}, {"node_features": [0.0, 0.0], "id": 29}, {"node_features": [0.0, 0.0], "id": 30}, {"node_features": [0.0, 0.0], "id": 31}, {"node_features": [0.0, 0.0], "id": 32}, {"node_features": [0.0, 0.0], "id": 33}, {"node_features": [0.0, 0.0], "id": 34}, {"node_features": [0.0, 0.0], "id": 35}, {"node_features": [0.0, 0.0], "id": 36}, {"node_features": [0.0, 0.0], "id": 37}, {"node_features": [0.0, 0.0], "id": 38}], "links": [{"distance": 0.21753250998840767, "on_path": 0, "source": 0, "target": 10}, {"distance": 1.6077198503578298, "on_path": 1, "source": 0, "target": 17}, {"distance": 0.442639756323564, "on_path": 0, "source": 1, "target": 7}, {"distance": 0.555856463372726, "on_path": 0, "source": 1, "target": 2}, {"distance": 0.8247612561563625, "on_path": 0, "source": 1, "target": 26}, {"distance": 1.661508425356584, "on_path": 0, "source": 2, "target": 9}, {"distance": 1.9311030173021144, "on_path": 0, "source": 2, "target": 38}, {"distance": 1.4927353313050058, "on_path": 0, "source": 2, "target": 6}, {"distance": 1.5592354687376715, "on_path": 0, "source": 2, "target": 32}, {"distance": 0.12643055697530542, "on_path": 0, "source": 2, "target": 33}, {"distance": 1.2460852357095564, "on_path": 0, "source": 3, "target": 33}, {"distance": 1.3119252776466397, "on_path": 0, "source": 3, "target": 15}, {"distance": 0.48957525925428297, "on_path": 0, "source": 3, "target": 24}, {"distance": 1.3110053822196608, "on_path": 0, "source": 3, "target": 28}, {"distance": 0.41925690634638435, "on_path": 0, "source": 4, "target": 31}, {"distance": 0.6836444907356738, "on_path": 0, "source": 4, "target": 19}, {"distance": 1.928224508195263, "on_path": 0, "source": 4, "target": 18}, {"distance": 0.477045871844322, "on_path": 0, "source": 5, "target": 32}, {"distance": 1.188008650809197, "on_path": 0, "source": 5, "target": 26}, {"distance": 1.9524841113554605, "on_path": 0, "source": 5, "target": 14}, {"distance": 0.25056052517489785, "on_path": 0, "source": 5, "target": 11}, {"distance": 1.6210958246996754, "on_path": 0, "source": 5, "target": 13}, {"distance": 0.6567242786746769, "on_path": 0, "source": 5, "target": 36}, {"distance": 2.020031204777368, "on_path": 0, "source": 6, "target": 11}, {"distance": 1.281436787440534, "on_path": 0, "source": 6, "target": 36}, {"distance": 1.751577548977805, "on_path": 1, "source": 6, "target": 37}, {"distance": 2.289229781171547, "on_path": 0, "source": 6, "target": 24}, {"distance": 1.128435361205001, "on_path": 0, "source": 6, "target": 19}, {"distance": 0.7361770950486173, "on_path": 0, "source": 7, "target": 22}, {"distance": 0.16349543832353666, "on_path": 0, "source": 7, "target": 25}, {"distance": 0.3539341288341092, "on_path": 0, "source": 7, "target": 14}, {"distance": 1.3644692721687723, "on_path": 0, "source": 8, "target": 33}, {"distance": 0.9020364514140174, "on_path": 0, "source": 8, "target": 12}, {"distance": 0.7165784856427047, "on_path": 0, "source": 8, "target": 16}, {"distance": 1.3334808201400696, "on_path": 0, "source": 8, "target": 20}, {"distance": 1.187549914773114, "on_path": 0, "source": 9, "target": 34}, {"distance": 1.37795115413405, "on_path": 0, "source": 10, "target": 35}, {"distance": 1.7157095157596252, "on_path": 0, "source": 10, "target": 17}, {"distance": 2.2086994887431226, "on_path": 0, "source": 10, "target": 38}, {"distance": 1.3986072438000745, "on_path": 0, "source": 11, "target": 31}, {"distance": 1.3771505389646632, "on_path": 0, "source": 12, "target": 31}, {"distance": 0.937523929651227, "on_path": 0, "source": 12, "target": 35}, {"distance": 0.48547120212380146, "on_path": 0, "source": 13, "target": 26}, {"distance": 0.5143079157784636, "on_path": 0, "source": 13, "target": 30}, {"distance": 1.9469628482668555, "on_path": 0, "source": 13, "target": 38}, {"distance": 0.5138151648405923, "on_path": 0, "source": 14, "target": 30}, {"distance": 1.9927025235133071, "on_path": 0, "source": 14, "target": 35}, {"distance": 0.9826812892957315, "on_path": 0, "source": 14, "target": 19}, {"distance": 1.8347740820892253, "on_path": 0, "source": 14, "target": 27}, {"distance": 0.22626971167333343, "on_path": 0, "source": 15, "target": 32}, {"distance": 1.424103309183218, "on_path": 0, "source": 15, "target": 20}, {"distance": 1.0671661799275733, "on_path": 0, "source": 16, "target": 19}, {"distance": 1.2396812493520686, "on_path": 0, "source": 16, "target": 20}, {"distance": 1.3090806509707398, "on_path": 1, "source": 17, "target": 34}, {"distance": 1.2121103869343413, "on_path": 0, "source": 17, "target": 18}, {"distance": 0.6751441946944055, "on_path": 0, "source": 17, "target": 35}, {"distance": 1.6570277015681512, "on_path": 0, "source": 18, "target": 23}, {"distance": 0.8584487876258869, "on_path": 0, "source": 19, "target": 31}, {"distance": 1.3943269495206754, "on_path": 0, "source": 19, "target": 23}, {"distance": 0.23598119652173608, "on_path": 0, "source": 19, "target": 28}, {"distance": 1.619541022401936, "on_path": 0, "source": 20, "target": 24}, {"distance": 1.3465016167726713, "on_path": 0, "source": 21, "target": 34}, {"distance": 0.6209748519584422, "on_path": 0, "source": 21, "target": 36}, {"distance": 0.6506068214429725, "on_path": 0, "source": 21, "target": 25}, {"distance": 0.7383385435241726, "on_path": 0, "source": 22, "target": 36}, {"distance": 0.9522093899080686, "on_path": 0, "source": 22, "target": 29}, {"distance": 0.602033158545289, "on_path": 0, "source": 23, "target": 27}, {"distance": 1.6867304419185787, "on_path": 0, "source": 23, "target": 33}, {"distance": 1.2493818081059875, "on_path": 0, "source": 23, "target": 31}, {"distance": 1.7112486493621724, "on_path": 0, "source": 24, "target": 29}, {"distance": 0.8680789406410896, "on_path": 0, "source": 26, "target": 30}, {"distance": 0.2562053498895201, "on_path": 0, "source": 26, "target": 28}, {"distance": 0.6818393752126743, "on_path": 0, "source": 28, "target": 33}, {"distance": 1.3761684409349568, "on_path": 0, "source": 29, "target": 36}, {"distance": 0.24728824574235025, "on_path": 0, "source": 29, "target": 33}, {"distance": 1.736412452560977, "on_path": 0, "source": 30, "target": 37}, {"distance": 0.6700830454272565, "on_path": 1, "source": 32, "target": 34}, {"distance": 0.356905057407377, "on_path": 1, "source": 32, "target": 37}]}