{"directed": false, "multigraph": false, "graph": {}, "nodes": [{"node_features": [0.0, 0.0], "id": 0}, {"node_features": [0.0, 0.0], "id": 1}, {"node_features": [0.0, 0.0], "id": 2}, {"node_features": [0.0, 0.0], "id": 3}, {"node_features": [0.0, 0.0], "id": 4}, {"node_features": [0.0, 0.0], "id": 5}, {"node_features": [1.0, 0.0], "id": 6}, {"node_features": [0.0, 0.0], "id": 7}, {"node_features": [0.0, 0.0], "id": 8}, {"node_features": [0.0, 0.0], "id": 9}, {"node_features": [0.0, 1.0], "id": 10}, {"node_features": [0.0, 0.0], "id": 11}, {"node_features": [0.0, 0.0], "id": 12}, {"node_features": [0.0, 0.0], "id": 13}, {"node_features": [0.0, 0.0], "id": 14}, {"node_features": [0.0, 0.0], "id": 15}, {"node_features": [0.0, 0.0], "id": 16}, {"node_features": [0.0, 0.0], "id": 17}, {"node_features": [0.0, 0.0], "id": 18}, {"node_features": [0.0, 0.0], "id": 19}, {"node_features": [0.0, 0.0], "id": 20}, {"node_features": [0.0, 0.0], "id": 21}, {"node_features": [0.0, 0.0], "id": 22}, {"node_features": [0.0, 0.0], "id": 23}, {"node_features": [0.0, 0.0], "id": 24}, {"node_features": [0.0, 0.0], "id": 25}, {"node_features": [0.0, 0.0], "id": 26}, {"node_features": [0.0, 0.0], "id": 27}, {"node_features": [0.0, 0.0], "id": 28}, {"node_features": [0.0, 0.0], "id": 29}, {"node_features": [0.0, 0.0], "id": 30}, {"node_features": [0.0, 0.0], "id": 31}, {"node_features": [0.0, 0.0], "id": 32}, {"node_features": [0.0, 0.0], "id": 33}, {"node_features": [0.0, 0.0], "id": 34}, {"node_features": [0.0, 0.0], "id": 35}, {"node_features": [0.0, 0.0], "id": 36}, {"node_features": [0.0, 0.0], "id": 37}, {"node_features": [0.0, 0.0], "id": 38}, {"node_features": [0.0, 0.0], "id": 39}, {"node_features": [0.0, 0.0], "id": 40}, {"node_features": [0.0, 0.0], "id": 41}, {"node_features": [0.0, 0.0], "id": 42}], "links": [{"distance": 0.8336026157260575, "on_path": 0, "source": 0, "target": 40}, {"distance": 1.5675834603853016, "on_path": 0, "source": 0, "target": 9}, {"distance": 1.3973551957828243, "on_path": 0, "source": 0, "target": 14}, {"distance": 1.115072370149729, "on_path": 0, "source": 0, "target": 29}, {"distance": 1.7958964254017833, "on_path": 0, "source": 0, "target": 31}, {"distance": 1.3038073796027738, "on_path": 0, "source": 0, "target": 38}, {"distance": 2.003053082760131, "on_path": 0, "source": 0, "target": 2}, {"distance": 1.4115871913328237, "on_path": 0, "source": 0, "target": 6}, {"distance": 1.8197542747589184, "on_path": 0, "source": 1, "target": 24}, {"distance": 1.1403456611623932, "on_path": 0, "source": 1, "target": 16}, {"distance": 2.1451604526780805, "on_path": 0, "source": 1, "target": 37}, {"distance": 0.4685879211645498, "on_path": 0, "source": 1, "target": 15}, {"distance": 1.896707865307762, "on_path": 0, "source": 2, "target": 36}, {"distance": 1.2550632935887636, "on_path": 0, "source": 2, "target": 34}, {"distance": 1.019838676481625, "on_path": 0, "source": 2, "target": 29}, {"distance": 1.3848618668213395, "on_path": 0, "source": 3, "target": 18}, {"distance": 1.913102087962823, "on_path": 0, "source": 3, "target": 25}, {"distance": 1.568385668934122, "on_path": 0, "source": 3, "target": 20}, {"distance": 1.9296485670618537, "on_path": 0, "source": 4, "target": 11}, {"distance": 0.9508467159945703, "on_path": 0, "source": 4, "target": 8}, {"distance": 1.1700080655613654, "on_path": 0, "source": 4, "target": 18}, {"distance": 1.21453897701183, "on_path": 0, "source": 5, "target": 29}, {"distance": 0.8586472906956815, "on_path": 0, "source": 5, "target": 32}, {"distance": 0.689933516271109, "on_path": 0, "source": 5, "target": 13}, {"distance": 1.707632110699922, "on_path": 0, "source": 6, "target": 9}, {"distance": 1.7414003762093373, "on_path": 1, "source": 6, "target": 40}, {"distance": 2.2993248378490474, "on_path": 0, "source": 7, "target": 28}, {"distance": 1.918508361417826, "on_path": 0, "source": 7, "target": 11}, {"distance": 0.37644433662418014, "on_path": 1, "source": 8, "target": 26}, {"distance": 0.3841616962257953, "on_path": 0, "source": 8, "target": 35}, {"distance": 0.6442387086866421, "on_path": 1, "source": 8, "target": 10}, {"distance": 0.8056813607687773, "on_path": 0, "source": 8, "target": 22}, {"distance": 1.7153754870841544, "on_path": 0, "source": 8, "target": 41}, {"distance": 0.4330400648000347, "on_path": 0, "source": 9, "target": 14}, {"distance": 1.101855658932117, "on_path": 0, "source": 9, "target": 38}, {"distance": 0.31922238076371706, "on_path": 0, "source": 10, "target": 32}, {"distance": 1.0002808058812234, "on_path": 0, "source": 10, "target": 18}, {"distance": 0.4411478627492888, "on_path": 0, "source": 10, "target": 27}, {"distance": 1.2098151351641007, "on_path": 0, "source": 10, "target": 37}, {"distance": 1.1706385565348136, "on_path": 0, "source": 10, "target": 42}, {"distance": 1.4464692701309474, "on_path": 0, "source": 11, "target": 32}, {"distance": 1.5421601112255205, "on_path": 0, "source": 11, "target": 12}, {"distance": 1.5158446162240016, "on_path": 0, "source": 11, "target": 21}, {"distance": 0.3248957868199205, "on_path": 0, "source": 12, "target": 21}, {"distance": 0.4630594539643002, "on_path": 0, "source": 12, "target": 14}, {"distance": 0.5397539922149888, "on_path": 0, "source": 12, "target": 35}, {"distance": 0.9639920201194576, "on_path": 0, "source": 13, "target": 37}, {"distance": 1.1700122623068612, "on_path": 0, "source": 13, "target": 18}, {"distance": 0.03578389341463399, "on_path": 0, "source": 13, "target": 21}, {"distance": 0.528463780419378, "on_path": 0, "source": 13, "target": 30}, {"distance": 1.2593116795493389, "on_path": 0, "source": 14, "target": 22}, {"distance": 0.3670985726065495, "on_path": 0, "source": 14, "target": 37}, {"distance": 1.920224553922618, "on_path": 0, "source": 15, "target": 38}, {"distance": 1.5614053931577647, "on_path": 0, "source": 15, "target": 26}, {"distance": 1.2748519485739802, "on_path": 0, "source": 15, "target": 39}, {"distance": 0.7476316875366479, "on_path": 0, "source": 15, "target": 16}, {"distance": 1.97434305917334, "on_path": 0, "source": 17, "target": 41}, {"distance": 0.2435168464114045, "on_path": 0, "source": 17, "target": 35}, {"distance": 1.5289538865679233, "on_path": 0, "source": 17, "target": 31}, {"distance": 0.8792156386120479, "on_path": 0, "source": 18, "target": 41}, {"distance": 0.9182944730165151, "on_path": 0, "source": 18, "target": 19}, {"distance": 0.09524167081776751, "on_path": 0, "source": 19, "target": 25}, {"distance": 1.5186445343303896, "on_path": 0, "source": 19, "target": 26}, {"distance": 2.138173291184794, "on_path": 0, "source": 19, "target": 28}, {"distance": 1.348616662395776, "on_path": 0, "source": 20, "target": 26}, {"distance": 0.8295356724634511, "on_path": 0, "source": 20, "target": 23}, {"distance": 0.8414914913958564, "on_path": 0, "source": 21, "target": 38}, {"distance": 1.4529476026231405, "on_path": 0, "source": 23, "target": 28}, {"distance": 1.5003495038197014, "on_path": 0, "source": 24, "target": 27}, {"distance": 0.8186286158898084, "on_path": 0, "source": 24, "target": 30}, {"distance": 0.5862945998098963, "on_path": 0, "source": 24, "target": 29}, {"distance": 1.120414505362909, "on_path": 0, "source": 25, "target": 39}, {"distance": 0.6505345443541573, "on_path": 0, "source": 25, "target": 42}, {"distance": 0.36166995063640084, "on_path": 0, "source": 26, "target": 38}, {"distance": 0.5393784548162119, "on_path": 0, "source": 26, "target": 33}, {"distance": 0.2848653655406222, "on_path": 0, "source": 26, "target": 34}, {"distance": 0.21101126742567616, "on_path": 1, "source": 26, "target": 40}, {"distance": 0.5008811339105343, "on_path": 0, "source": 27, "target": 36}, {"distance": 0.35251398840795745, "on_path": 0, "source": 27, "target": 28}, {"distance": 1.8497547161788748, "on_path": 0, "source": 28, "target": 39}, {"distance": 0.7032133284017987, "on_path": 0, "source": 29, "target": 33}, {"distance": 0.7468140464676676, "on_path": 0, "source": 29, "target": 31}, {"distance": 0.972388473307955, "on_path": 0, "source": 30, "target": 39}, {"distance": 1.223599517385236, "on_path": 0, "source": 32, "target": 42}, {"distance": 1.6987437308376154, "on_path": 0, "source": 36, "target": 41}, {"distance": 1.0054901079370826, "on_path": 0, "source": 38, "target": 42}]}