{"directed": false, "multigraph": false, "graph": {}, "nodes": [{"node_features": [0.0, 0.0], "id": 0}, {"node_features": [0.0, 0.0], "id": 1}, {"node_features": [0.0, 0.0], "id": 2}, {"node_features": [0.0, 0.0], "id": 3}, {"node_features": [0.0, 0.0], "id": 4}, {"node_features": [0.0, 0.0], "id": 5}, {"node_features": [0.0, 0.0], "id": 6}, {"node_features": [0.0, 1.0], "id": 7}, {"node_features": [0.0, 0.0], "id": 8}, {"node_features": [0.0, 0.0], "id": 9}, {"node_features": [0.0, 0.0], "id": 10}, {"node_features": [0.0, 0.0], "id": 11}, {"node_features": [0.0, 0.0], "id": 12}, {"node_features": [0.0, 0.0], "id": 13}, {"node_features": [0.0, 0.0], "id": 14}, {"node_features": [0.0, 0.0], "id": 15}, {"node_features": [0.0, 0.0], "id": 16}, {"node_features": [0.0, 0.0], "id": 17}, {"node_features": [0.0, 0.0], "id": 18}, {"node_features": [0.0, 0.0], "id": 19}, {"node_features": [0.0, 0.0], "id": 20}, {"node_features": [0.0, 0.0], "id": 21}, {"node_features": [1.0, 0.0], "id": 22}, {"node_features": [0.0, 0.0], "id": 23}, {"node_features": [0.0, 0.0], "id": 24}, {"node_features": [0.0, 0.0], "id": 25}, {"node_features": [0.0, 0.0], "id": 26}, {"node_features": [0.0, 0.0], "id": 27}, {"node_features": [0.0, 0.0], "id": 28}, {"node_features": [0.0, 0.0], "id": 29}, {"node_features": [0.0, 0.0], "id": 30}, {"node_features": [0.0, 0.0], "id": 31}, {"node_features": [0.0, 0.0], "id": 32}, {"node_features": [0.0, 0.0], "id": 33}, {"node_features": [0.0, 0.0], "id": 34}, {"node_features": [0.0, 0.0], "id": 35}, {"node_features": [0.0, 0.0], "id": 36}, {"node_features": [0.0, 0.0], "id": 37}, {"node_features": [0.0, 0.0], "id": 38}, {"node_features": [0.0, 0.0], "id": 39}, {"node_features": [0.0, 0.0], "id": 40}, {"node_features": [0.0, 0.0], "id": 41}], "links": [{"distance": 0.7269928924362741, "on_path": 0, "source": 0, "target": 26}, {"distance": 2.0019327473773005, "on_path": 0, "source": 0, "target": 27}, {"distance": 1.0789639915282376, "on_path": 0, "source": 0, "target": 30}, {"distance": 0.6261949289718298, "on_path": 0, "source": 0, "target": 8}, {"distance": 1.907293055704131, "on_path": 0, "source": 0, "target": 1}, {"distance": 1.478735902487801, "on_path": 0, "source": 1, "target": 21}, {"distance": 0.29249756402490634, "on_path": 0, "source": 1, "target": 11}, {"distance": 1.7053197857609035, "on_path": 0, "source": 1, "target": 12}, {"distance": 1.2744270491242846, "on_path": 0, "source": 2, "target": 39}, {"distance": 1.5210545327653486, "on_path": 0, "source": 2, "target": 29}, {"distance": 0.5969081800040921, "on_path": 0, "source": 2, "target": 37}, {"distance": 1.1972167009284365, "on_path": 0, "source": 2, "target": 41}, {"distance": 1.4028426208785891, "on_path": 0, "source": 2, "target": 17}, {"distance": 0.6025335652968699, "on_path": 0, "source": 2, "target": 18}, {"distance": 0.8987930630181252, "on_path": 0, "source": 2, "target": 19}, {"distance": 0.3972889259381461, "on_path": 0, "source": 3, "target": 20}, {"distance": 0.5215316554364725, "on_path": 0, "source": 3, "target": 17}, {"distance": 0.9435083575365686, "on_path": 1, "source": 3, "target": 22}, {"distance": 0.9491613194927295, "on_path": 0, "source": 3, "target": 12}, {"distance": 0.28555240833969203, "on_path": 1, "source": 3, "target": 14}, {"distance": 0.8719428576842218, "on_path": 0, "source": 3, "target": 40}, {"distance": 0.9524196894849501, "on_path": 1, "source": 4, "target": 14}, {"distance": 0.41530955558494387, "on_path": 1, "source": 4, "target": 33}, {"distance": 1.5597737946224541, "on_path": 0, "source": 4, "target": 35}, {"distance": 1.060630255119985, "on_path": 0, "source": 4, "target": 13}, {"distance": 1.4194520578332577, "on_path": 0, "source": 4, "target": 20}, {"distance": 1.8959714861977506, "on_path": 0, "source": 5, "target": 27}, {"distance": 1.2063687993228132, "on_path": 0, "source": 5, "target": 6}, {"distance": 1.6732256819791467, "on_path": 0, "source": 5, "target": 21}, {"distance": 1.395437663258802, "on_path": 0, "source": 5, "target": 39}, {"distance": 1.5556217523741493, "on_path": 0, "source": 5, "target": 13}, {"distance": 0.9153456743590936, "on_path": 0, "source": 6, "target": 15}, {"distance": 0.6489014710939071, "on_path": 0, "source": 6, "target": 29}, {"distance": 1.376461782942505, "on_path": 0, "source": 6, "target": 26}, {"distance": 1.319248074540797, "on_path": 0, "source": 7, "target": 25}, {"distance": 1.3435593705446434, "on_path": 0, "source": 7, "target": 35}, {"distance": 0.9296074086822571, "on_path": 0, "source": 7, "target": 8}, {"distance": 1.2527576039215018, "on_path": 0, "source": 7, "target": 11}, {"distance": 0.19733946935712157, "on_path": 1, "source": 7, "target": 33}, {"distance": 0.8679297301565699, "on_path": 0, "source": 8, "target": 12}, {"distance": 0.5273641705542744, "on_path": 0, "source": 8, "target": 31}, {"distance": 0.9453521466676557, "on_path": 0, "source": 8, "target": 15}, {"distance": 0.8175443231795713, "on_path": 0, "source": 9, "target": 39}, {"distance": 1.4934812921318397, "on_path": 0, "source": 9, "target": 23}, {"distance": 1.4876762979714255, "on_path": 0, "source": 9, "target": 22}, {"distance": 0.5857699350925808, "on_path": 0, "source": 10, "target": 13}, {"distance": 1.2652145958966399, "on_path": 0, "source": 10, "target": 25}, {"distance": 0.7816302730268844, "on_path": 0, "source": 10, "target": 32}, {"distance": 0.950957648932339, "on_path": 0, "source": 11, "target": 35}, {"distance": 0.4051076289194035, "on_path": 0, "source": 12, "target": 26}, {"distance": 1.2970363530053455, "on_path": 0, "source": 12, "target": 40}, {"distance": 0.24035016037727244, "on_path": 0, "source": 12, "target": 37}, {"distance": 1.29947010982451, "on_path": 0, "source": 13, "target": 38}, {"distance": 0.6212107655085242, "on_path": 0, "source": 13, "target": 24}, {"distance": 0.48127554538098455, "on_path": 0, "source": 14, "target": 30}, {"distance": 0.9397363137260855, "on_path": 0, "source": 14, "target": 16}, {"distance": 1.914669564318453, "on_path": 0, "source": 15, "target": 28}, {"distance": 0.732244323535925, "on_path": 0, "source": 16, "target": 34}, {"distance": 1.509365096013442, "on_path": 0, "source": 16, "target": 27}, {"distance": 1.267203322207956, "on_path": 0, "source": 16, "target": 29}, {"distance": 0.6047978817276449, "on_path": 0, "source": 17, "target": 36}, {"distance": 1.1522780465169535, "on_path": 0, "source": 18, "target": 38}, {"distance": 1.1504555472911469, "on_path": 0, "source": 18, "target": 31}, {"distance": 0.07938696182694198, "on_path": 0, "source": 18, "target": 37}, {"distance": 0.4802170912790853, "on_path": 0, "source": 19, "target": 38}, {"distance": 1.414322575388621, "on_path": 0, "source": 19, "target": 25}, {"distance": 0.6858801204166111, "on_path": 0, "source": 19, "target": 32}, {"distance": 0.31174406599763077, "on_path": 0, "source": 20, "target": 35}, {"distance": 0.6616379348906923, "on_path": 0, "source": 20, "target": 23}, {"distance": 1.2890175587314954, "on_path": 0, "source": 21, "target": 36}, {"distance": 1.3485679732086508, "on_path": 0, "source": 21, "target": 34}, {"distance": 1.147899875145402, "on_path": 0, "source": 23, "target": 31}, {"distance": 0.43330194160745933, "on_path": 0, "source": 24, "target": 33}, {"distance": 0.41206085406065196, "on_path": 0, "source": 25, "target": 34}, {"distance": 0.30193678433210386, "on_path": 0, "source": 25, "target": 36}, {"distance": 1.0684898666725895, "on_path": 0, "source": 27, "target": 38}, {"distance": 0.4152898306774496, "on_path": 0, "source": 28, "target": 40}, {"distance": 0.8309509465408407, "on_path": 0, "source": 28, "target": 38}, {"distance": 0.21231011774470177, "on_path": 0, "source": 30, "target": 31}, {"distance": 0.6111074147405293, "on_path": 0, "source": 31, "target": 41}, {"distance": 1.1641956611081867, "on_path": 0, "source": 32, "target": 35}, {"distance": 0.4860020470049311, "on_path": 0, "source": 34, "target": 41}, {"distance": 1.110024049767766, "on_path": 0, "source": 36, "target": 40}, {"distance": 0.4403335644289863, "on_path": 0, "source": 39, "target": 40}]}