{"directed": false, "multigraph": false, "graph": {}, "nodes": [{"node_features": [0.0, 0.0], "id": 0}, {"node_features": [0.0, 0.0], "id": 1}, {"node_features": [0.0, 0.0], "id": 2}, {"node_features": [0.0, 0.0], "id": 3}, {"node_features": [0.0, 0.0], "id": 4}, {"node_features": [0.0, 0.0], "id": 5}, {"node_features": [0.0, 0.0], "id": 6}, {"node_features": [0.0, 0.0], "id": 7}, {"node_features": [0.0, 0.0], "id": 8}, {"node_features": [0.0, 0.0], "id": 9}, {"node_features": [0.0, 0.0], "id": 10}, {"node_features": [0.0, 1.0], "id": 11}, {"node_features": [0.0, 0.0], "id": 12}, {"node_features": [0.0, 0.0], "id": 13}, {"node_features": [0.0, 0.0], "id": 14}, {"node_features": [0.0, 0.0], "id": 15}, {"node_features": [0.0, 0.0], "id": 16}, {"node_features": [0.0, 0.0], "id": 17}, {"node_features": [0.0, 0.0], "id": 18}, {"node_features": [0.0, 0.0], "id": 19}, {"node_features": [0.0, 0.0], "id": 20}, {"node_features": [0.0, 0.0], "id": 21}, {"node_features": [0.0, 0.0], "id": 22}, {"node_features": [1.0, 0.0], "id": 23}, {"node_features": [0.0, 0.0], "id": 24}, {"node_features": [0.0, 0.0], "id": 25}, {"node_features": [0.0, 0.0], "id": 26}, {"node_features": [0.0, 0.0], "id": 27}, {"node_features": [0.0, 0.0], "id": 28}, {"node_features": [0.0, 0.0], "id": 29}, {"node_features": [0.0, 0.0], "id": 30}, {"node_features": [0.0, 0.0], "id": 31}, {"node_features": [0.0, 0.0], "id": 32}, {"node_features": [0.0, 0.0], "id": 33}, {"node_features": [0.0, 0.0], "id": 34}], "links": [{"distance": 1.5722242374123132, "on_path": 0, "source": 0, "target": 22}, {"distance": 0.5539946413535357, "on_path": 0, "source": 0, "target": 19}, {"distance": 0.9020969764156809, "on_path": 0, "source": 0, "target": 21}, {"distance": 1.2261621803418037, "on_path": 0, "source": 0, "target": 32}, {"distance": 0.7583072000792712, "on_path": 0, "source": 0, "target": 14}, {"distance": 0.8606877801334014, "on_path": 0, "source": 1, "target": 33}, {"distance": 0.7396046992191287, "on_path": 0, "source": 1, "target": 27}, {"distance": 1.7049946618024878, "on_path": 0, "source": 1, "target": 17}, {"distance": 1.1329496890164787, "on_path": 0, "source": 1, "target": 9}, {"distance": 1.9060448993360248, "on_path": 0, "source": 2, "target": 13}, {"distance": 1.1760813253997695, "on_path": 0, "source": 2, "target": 3}, {"distance": 2.334123421275697, "on_path": 0, "source": 2, "target": 11}, {"distance": 0.25593418382593036, "on_path": 0, "source": 3, "target": 30}, {"distance": 0.633040360422995, "on_path": 0, "source": 3, "target": 6}, {"distance": 0.38864936420445556, "on_path": 0, "source": 3, "target": 33}, {"distance": 1.5762250763874686, "on_path": 0, "source": 4, "target": 27}, {"distance": 0.857663638034545, "on_path": 0, "source": 4, "target": 10}, {"distance": 1.7209913891886435, "on_path": 0, "source": 4, "target": 6}, {"distance": 1.9434660618144712, "on_path": 0, "source": 4, "target": 8}, {"distance": 2.7202399547610883, "on_path": 0, "source": 4, "target": 13}, {"distance": 1.323014162286376, "on_path": 0, "source": 4, "target": 23}, {"distance": 1.4605653702628263, "on_path": 0, "source": 4, "target": 34}, {"distance": 0.5650821455267558, "on_path": 0, "source": 5, "target": 29}, {"distance": 1.3238793375928395, "on_path": 0, "source": 5, "target": 9}, {"distance": 1.7098164981475963, "on_path": 0, "source": 5, "target": 11}, {"distance": 1.3788325078848007, "on_path": 0, "source": 6, "target": 13}, {"distance": 1.250548503623832, "on_path": 0, "source": 6, "target": 18}, {"distance": 1.5749021304110693, "on_path": 0, "source": 6, "target": 22}, {"distance": 0.3236980599115923, "on_path": 0, "source": 7, "target": 32}, {"distance": 1.1702276604498572, "on_path": 0, "source": 7, "target": 31}, {"distance": 1.0695716906759467, "on_path": 0, "source": 7, "target": 33}, {"distance": 1.3398786598103651, "on_path": 0, "source": 7, "target": 21}, {"distance": 0.4449793759773264, "on_path": 1, "source": 8, "target": 14}, {"distance": 0.34507112109576055, "on_path": 1, "source": 8, "target": 25}, {"distance": 0.12853542317850233, "on_path": 0, "source": 8, "target": 28}, {"distance": 1.437147082464709, "on_path": 0, "source": 8, "target": 10}, {"distance": 1.4861360615640442, "on_path": 0, "source": 10, "target": 28}, {"distance": 1.3574082540397634, "on_path": 1, "source": 11, "target": 25}, {"distance": 1.6420274740182426, "on_path": 0, "source": 11, "target": 26}, {"distance": 1.3463890708411201, "on_path": 0, "source": 11, "target": 12}, {"distance": 0.22789854882030783, "on_path": 0, "source": 12, "target": 31}, {"distance": 1.0714857676093354, "on_path": 0, "source": 12, "target": 32}, {"distance": 1.1230564683965718, "on_path": 0, "source": 12, "target": 24}, {"distance": 1.0463201760982086, "on_path": 0, "source": 13, "target": 19}, {"distance": 1.426458324988882, "on_path": 0, "source": 13, "target": 30}, {"distance": 0.9357702693293586, "on_path": 1, "source": 14, "target": 23}, {"distance": 0.07129055343477007, "on_path": 0, "source": 14, "target": 27}, {"distance": 1.693919590554509, "on_path": 0, "source": 15, "target": 19}, {"distance": 0.5756562662389705, "on_path": 0, "source": 15, "target": 22}, {"distance": 0.4594712804383169, "on_path": 0, "source": 16, "target": 21}, {"distance": 1.3877307497097475, "on_path": 0, "source": 16, "target": 33}, {"distance": 1.9767945063512398, "on_path": 0, "source": 16, "target": 24}, {"distance": 1.0865045319796014, "on_path": 0, "source": 16, "target": 19}, {"distance": 1.6346860771398242, "on_path": 0, "source": 16, "target": 29}, {"distance": 1.357343870530677, "on_path": 0, "source": 17, "target": 30}, {"distance": 2.1792085674046584, "on_path": 0, "source": 17, "target": 24}, {"distance": 2.0415318951446246, "on_path": 0, "source": 17, "target": 32}, {"distance": 1.6989302542778322, "on_path": 0, "source": 17, "target": 26}, {"distance": 1.1454253930086449, "on_path": 0, "source": 18, "target": 21}, {"distance": 1.4423999049994536, "on_path": 0, "source": 19, "target": 22}, {"distance": 0.780347359407797, "on_path": 0, "source": 20, "target": 33}, {"distance": 0.42602695981949756, "on_path": 0, "source": 20, "target": 30}, {"distance": 1.154212893860489, "on_path": 0, "source": 20, "target": 28}, {"distance": 0.8924626928131159, "on_path": 0, "source": 21, "target": 25}, {"distance": 1.6669310476422814, "on_path": 0, "source": 22, "target": 29}, {"distance": 1.6702173453603417, "on_path": 0, "source": 23, "target": 29}, {"distance": 1.5855303586700344, "on_path": 0, "source": 23, "target": 34}, {"distance": 0.8668064648844651, "on_path": 0, "source": 24, "target": 30}, {"distance": 0.7401091001557931, "on_path": 0, "source": 27, "target": 31}, {"distance": 1.192947130894792, "on_path": 0, "source": 32, "target": 33}]}