{"directed": false, "multigraph": false, "graph": {}, "nodes": [{"node_features": [0.0, 0.0], "id": 0}, {"node_features": [0.0, 0.0], "id": 1}, {"node_features": [0.0, 0.0], "id": 2}, {"node_features": [0.0, 0.0], "id": 3}, {"node_features": [0.0, 0.0], "id": 4}, {"node_features": [0.0, 0.0], "id": 5}, {"node_features": [0.0, 0.0], "id": 6}, {"node_features": [0.0, 0.0], "id": 7}, {"node_features": [0.0, 0.0], "id": 8}, {"node_features": [0.0, 0.0], "id": 9}, {"node_features": [0.0, 0.0], "id": 10}, {"node_features": [0.0, 0.0], "id": 11}, {"node_features": [0.0, 0.0], "id": 12}, {"node_features": [0.0, 0.0], "id": 13}, {"node_features": [0.0, 0.0], "id": 14}, {"node_features": [0.0, 0.0], "id": 15}, {"node_features": [0.0, 0.0], "id": 16}, {"node_features": [0.0, 0.0], "id": 17}, {"node_features": [0.0, 1.0], "id": 18}, {"node_features": [0.0, 0.0], "id": 19}, {"node_features": [0.0, 0.0], "id": 20}, {"node_features": [0.0, 0.0], "id": 21}, {"node_features": [0.0, 0.0], "id": 22}, {"node_features": [1.0, 0.0], "id": 23}], "links": [{"distance": 1.3013415088169598, "on_path": 0, "source": 0, "target": 8}, {"distance": 1.0254749651029242, "on_path": 0, "source": 0, "target": 10}, {"distance": 0.9559624968054494, "on_path": 0, "source": 0, "target": 11}, {"distance": 1.2821355853527607, "on_path": 0, "source": 0, "target": 4}, {"distance": 0.9473491270744961, "on_path": 0, "source": 1, "target": 21}, {"distance": 1.3908914977632654, "on_path": 0, "source": 1, "target": 9}, {"distance": 1.4300471510088022, "on_path": 0, "source": 1, "target": 12}, {"distance": 0.37672867451164144, "on_path": 0, "source": 1, "target": 8}, {"distance": 0.7052004317866581, "on_path": 0, "source": 1, "target": 17}, {"distance": 1.050915308289586, "on_path": 0, "source": 1, "target": 20}, {"distance": 1.2150550741216446, "on_path": 0, "source": 2, "target": 16}, {"distance": 0.4991453017780344, "on_path": 0, "source": 2, "target": 7}, {"distance": 0.9500349800794863, "on_path": 0, "source": 3, "target": 21}, {"distance": 0.9385283370779982, "on_path": 0, "source": 3, "target": 20}, {"distance": 0.7052963318384429, "on_path": 0, "source": 3, "target": 6}, {"distance": 1.0317352159778463, "on_path": 0, "source": 4, "target": 9}, {"distance": 1.382735174283327, "on_path": 0, "source": 4, "target": 13}, {"distance": 0.8427693591193098, "on_path": 0, "source": 4, "target": 8}, {"distance": 1.6174028088682069, "on_path": 0, "source": 4, "target": 15}, {"distance": 1.2966390923217508, "on_path": 0, "source": 4, "target": 21}, {"distance": 0.3355678208946911, "on_path": 1, "source": 5, "target": 11}, {"distance": 0.9355304599149094, "on_path": 0, "source": 5, "target": 20}, {"distance": 0.40950928691935923, "on_path": 1, "source": 5, "target": 23}, {"distance": 0.403773108177091, "on_path": 0, "source": 6, "target": 22}, {"distance": 0.5747115856810177, "on_path": 0, "source": 6, "target": 15}, {"distance": 0.7979686039990149, "on_path": 0, "source": 6, "target": 18}, {"distance": 0.3563203588080205, "on_path": 0, "source": 6, "target": 21}, {"distance": 0.383581118478083, "on_path": 0, "source": 6, "target": 7}, {"distance": 0.14217489655352186, "on_path": 0, "source": 7, "target": 13}, {"distance": 0.9399515278562026, "on_path": 0, "source": 7, "target": 14}, {"distance": 1.3344028097150964, "on_path": 0, "source": 7, "target": 19}, {"distance": 0.698825585364043, "on_path": 0, "source": 7, "target": 9}, {"distance": 0.8691667233940581, "on_path": 0, "source": 8, "target": 18}, {"distance": 1.0170714952425597, "on_path": 0, "source": 8, "target": 20}, {"distance": 0.4367988002913169, "on_path": 0, "source": 8, "target": 14}, {"distance": 0.7434468439210207, "on_path": 0, "source": 8, "target": 16}, {"distance": 1.24359092975257, "on_path": 0, "source": 10, "target": 21}, {"distance": 0.5949462508199295, "on_path": 0, "source": 10, "target": 11}, {"distance": 1.9532390852875832, "on_path": 0, "source": 11, "target": 16}, {"distance": 1.2611750307871947, "on_path": 1, "source": 11, "target": 17}, {"distance": 1.9824413201195408, "on_path": 0, "source": 11, "target": 22}, {"distance": 1.5673402328788866, "on_path": 0, "source": 11, "target": 15}, {"distance": 1.0005739681885253, "on_path": 0, "source": 12, "target": 19}, {"distance": 0.772908348077767, "on_path": 0, "source": 13, "target": 18}, {"distance": 1.9330531988048854, "on_path": 0, "source": 16, "target": 23}, {"distance": 1.8831915175625804, "on_path": 0, "source": 16, "target": 19}, {"distance": 0.42357904008690983, "on_path": 1, "source": 17, "target": 18}, {"distance": 1.916713467048769, "on_path": 0, "source": 19, "target": 22}]}