{"directed": false, "multigraph": false, "graph": {}, "nodes": [{"node_features": [0.0, 0.0], "id": 0}, {"node_features": [0.0, 0.0], "id": 1}, {"node_features": [0.0, 0.0], "id": 2}, {"node_features": [0.0, 0.0], "id": 3}, {"node_features": [0.0, 0.0], "id": 4}, {"node_features": [0.0, 0.0], "id": 5}, {"node_features": [0.0, 0.0], "id": 6}, {"node_features": [0.0, 0.0], "id": 7}, {"node_features": [0.0, 0.0], "id": 8}, {"node_features": [0.0, 0.0], "id": 9}, {"node_features": [0.0, 0.0], "id": 10}, {"node_features": [0.0, 1.0], "id": 11}, {"node_features": [0.0, 0.0], "id": 12}, {"node_features": [0.0, 0.0], "id": 13}, {"node_features": [0.0, 0.0], "id": 14}, {"node_features": [0.0, 0.0], "id": 15}, {"node_features": [0.0, 0.0], "id": 16}, {"node_features": [0.0, 0.0], "id": 17}, {"node_features": [0.0, 0.0], "id": 18}, {"node_features": [0.0, 0.0], "id": 19}, {"node_features": [0.0, 0.0], "id": 20}, {"node_features": [0.0, 0.0], "id": 21}, {"node_features": [0.0, 0.0], "id": 22}, {"node_features": [0.0, 0.0], "id": 23}, {"node_features": [0.0, 0.0], "id": 24}, {"node_features": [0.0, 0.0], "id": 25}, {"node_features": [0.0, 0.0], "id": 26}, {"node_features": [0.0, 0.0], "id": 27}, {"node_features": [0.0, 0.0], "id": 28}, {"node_features": [0.0, 0.0], "id": 29}, {"node_features": [0.0, 0.0], "id": 30}, {"node_features": [0.0, 0.0], "id": 31}, {"node_features": [1.0, 0.0], "id": 32}, {"node_features": [0.0, 0.0], "id": 33}, {"node_features": [0.0, 0.0], "id": 34}, {"node_features": [0.0, 0.0], "id": 35}, {"node_features": [0.0, 0.0], "id": 36}, {"node_features": [0.0, 0.0], "id": 37}, {"node_features": [0.0, 0.0], "id": 38}, {"node_features": [0.0, 0.0], "id": 39}, {"node_features": [0.0, 0.0], "id": 40}, {"node_features": [0.0, 0.0], "id": 41}, {"node_features": [0.0, 0.0], "id": 42}], "links": [{"distance": 1.361242591590527, "on_path": 0, "source": 0, "target": 21}, {"distance": 1.4227031019427412, "on_path": 0, "source": 0, "target": 7}, {"distance": 1.336101396302209, "on_path": 0, "source": 0, "target": 9}, {"distance": 0.45737724990904416, "on_path": 0, "source": 0, "target": 28}, {"distance": 1.245071908692855, "on_path": 0, "source": 0, "target": 19}, {"distance": 0.5866477527662651, "on_path": 0, "source": 0, "target": 34}, {"distance": 0.4260703660390631, "on_path": 0, "source": 1, "target": 30}, {"distance": 1.748167735765866, "on_path": 0, "source": 1, "target": 13}, {"distance": 1.5833455126097753, "on_path": 0, "source": 1, "target": 19}, {"distance": 1.479355146748563, "on_path": 0, "source": 1, "target": 37}, {"distance": 0.6935843741275901, "on_path": 0, "source": 2, "target": 35}, {"distance": 0.8447847219219362, "on_path": 0, "source": 2, "target": 21}, {"distance": 1.3298287260430404, "on_path": 0, "source": 2, "target": 10}, {"distance": 0.42759570264882035, "on_path": 0, "source": 3, "target": 36}, {"distance": 0.4104242932039022, "on_path": 0, "source": 3, "target": 8}, {"distance": 0.5661237031706847, "on_path": 0, "source": 3, "target": 11}, {"distance": 1.576043025825552, "on_path": 0, "source": 3, "target": 21}, {"distance": 0.9237608141282316, "on_path": 0, "source": 4, "target": 41}, {"distance": 1.133288034496804, "on_path": 0, "source": 4, "target": 10}, {"distance": 1.7878142420772951, "on_path": 0, "source": 4, "target": 28}, {"distance": 0.8531537034027353, "on_path": 0, "source": 5, "target": 11}, {"distance": 1.9121216727345962, "on_path": 0, "source": 5, "target": 21}, {"distance": 1.7893221195617897, "on_path": 0, "source": 5, "target": 37}, {"distance": 0.7363629422249347, "on_path": 0, "source": 5, "target": 18}, {"distance": 1.003169058034857, "on_path": 0, "source": 5, "target": 38}, {"distance": 0.6917497582611032, "on_path": 0, "source": 6, "target": 23}, {"distance": 1.3635284464597204, "on_path": 0, "source": 6, "target": 29}, {"distance": 0.6335349557515269, "on_path": 0, "source": 6, "target": 15}, {"distance": 1.5470683888013452, "on_path": 0, "source": 6, "target": 26}, {"distance": 1.163093621432226, "on_path": 0, "source": 6, "target": 33}, {"distance": 1.8171459369856178, "on_path": 0, "source": 7, "target": 42}, {"distance": 1.268318718905365, "on_path": 0, "source": 7, "target": 16}, {"distance": 0.9455483246361761, "on_path": 0, "source": 8, "target": 16}, {"distance": 0.7104078105233959, "on_path": 0, "source": 9, "target": 41}, {"distance": 1.2670222613652498, "on_path": 0, "source": 9, "target": 40}, {"distance": 1.0924210400945304, "on_path": 0, "source": 9, "target": 22}, {"distance": 0.37551825417671575, "on_path": 0, "source": 10, "target": 31}, {"distance": 0.4988536374727957, "on_path": 0, "source": 10, "target": 30}, {"distance": 1.2976047332605072, "on_path": 0, "source": 10, "target": 15}, {"distance": 1.5384954478360053, "on_path": 0, "source": 11, "target": 22}, {"distance": 0.7633530775289659, "on_path": 1, "source": 11, "target": 27}, {"distance": 0.49806287375350156, "on_path": 0, "source": 11, "target": 39}, {"distance": 2.017552450933156, "on_path": 0, "source": 11, "target": 42}, {"distance": 0.15484242921062122, "on_path": 0, "source": 12, "target": 28}, {"distance": 1.7324203897660517, "on_path": 0, "source": 12, "target": 20}, {"distance": 1.659932730709295, "on_path": 0, "source": 12, "target": 35}, {"distance": 1.598968912379703, "on_path": 0, "source": 13, "target": 36}, {"distance": 0.9780849485306097, "on_path": 0, "source": 13, "target": 31}, {"distance": 0.7028641431362637, "on_path": 0, "source": 13, "target": 20}, {"distance": 0.41759203315907784, "on_path": 1, "source": 14, "target": 24}, {"distance": 1.3067532915505997, "on_path": 0, "source": 14, "target": 15}, {"distance": 0.4565543786082943, "on_path": 0, "source": 14, "target": 31}, {"distance": 0.28026581553857893, "on_path": 0, "source": 14, "target": 40}, {"distance": 0.487787305036436, "on_path": 0, "source": 14, "target": 33}, {"distance": 0.7955639995667775, "on_path": 1, "source": 14, "target": 27}, {"distance": 0.3317552959065015, "on_path": 0, "source": 16, "target": 19}, {"distance": 0.6910464345486821, "on_path": 0, "source": 16, "target": 42}, {"distance": 0.4276727516341875, "on_path": 0, "source": 16, "target": 21}, {"distance": 0.4882291968136441, "on_path": 0, "source": 16, "target": 31}, {"distance": 0.4175169801219168, "on_path": 0, "source": 17, "target": 35}, {"distance": 0.5715017536187658, "on_path": 0, "source": 17, "target": 31}, {"distance": 1.3188262423116324, "on_path": 0, "source": 18, "target": 24}, {"distance": 0.9855116644067253, "on_path": 0, "source": 18, "target": 32}, {"distance": 0.6584371516446865, "on_path": 0, "source": 19, "target": 34}, {"distance": 0.22414877743652395, "on_path": 0, "source": 19, "target": 20}, {"distance": 0.9608530642097765, "on_path": 0, "source": 20, "target": 41}, {"distance": 0.5620756683115015, "on_path": 0, "source": 22, "target": 24}, {"distance": 1.243777329576246, "on_path": 0, "source": 22, "target": 36}, {"distance": 1.177331264523722, "on_path": 0, "source": 23, "target": 32}, {"distance": 1.5949034590756486, "on_path": 0, "source": 23, "target": 24}, {"distance": 0.47432998163904166, "on_path": 0, "source": 24, "target": 28}, {"distance": 0.4323197614835513, "on_path": 1, "source": 24, "target": 32}, {"distance": 0.457440246755428, "on_path": 0, "source": 25, "target": 36}, {"distance": 0.38664907503487256, "on_path": 0, "source": 25, "target": 30}, {"distance": 1.0249112339530704, "on_path": 0, "source": 26, "target": 31}, {"distance": 0.7530154316516997, "on_path": 0, "source": 26, "target": 34}, {"distance": 0.33294970132101087, "on_path": 0, "source": 27, "target": 33}, {"distance": 0.9665255698085703, "on_path": 0, "source": 27, "target": 35}, {"distance": 1.2043153324900042, "on_path": 0, "source": 29, "target": 35}, {"distance": 0.41449195800462013, "on_path": 0, "source": 30, "target": 31}, {"distance": 0.7364541530954959, "on_path": 0, "source": 31, "target": 40}, {"distance": 0.599867128669215, "on_path": 0, "source": 33, "target": 39}, {"distance": 0.8423193935108513, "on_path": 0, "source": 35, "target": 39}, {"distance": 0.7004060590979266, "on_path": 0, "source": 35, "target": 41}, {"distance": 0.9135869584188928, "on_path": 0, "source": 37, "target": 41}, {"distance": 1.9925773124717336, "on_path": 0, "source": 37, "target": 38}]}