{"directed": false, "multigraph": false, "graph": {}, "nodes": [{"node_features": [1.0, 0.0], "id": 0}, {"node_features": [0.0, 0.0], "id": 1}, {"node_features": [0.0, 1.0], "id": 2}, {"node_features": [0.0, 0.0], "id": 3}, {"node_features": [0.0, 0.0], "id": 4}, {"node_features": [0.0, 0.0], "id": 5}, {"node_features": [0.0, 0.0], "id": 6}, {"node_features": [0.0, 0.0], "id": 7}, {"node_features": [0.0, 0.0], "id": 8}, {"node_features": [0.0, 0.0], "id": 9}, {"node_features": [0.0, 0.0], "id": 10}, {"node_features": [0.0, 0.0], "id": 11}, {"node_features": [0.0, 0.0], "id": 12}, {"node_features": [0.0, 0.0], "id": 13}, {"node_features": [0.0, 0.0], "id": 14}, {"node_features": [0.0, 0.0], "id": 15}, {"node_features": [0.0, 0.0], "id": 16}, {"node_features": [0.0, 0.0], "id": 17}, {"node_features": [0.0, 0.0], "id": 18}, {"node_features": [0.0, 0.0], "id": 19}, {"node_features": [0.0, 0.0], "id": 20}, {"node_features": [0.0, 0.0], "id": 21}, {"node_features": [0.0, 0.0], "id": 22}, {"node_features": [0.0, 0.0], "id": 23}, {"node_features": [0.0, 0.0], "id": 24}, {"node_features": [0.0, 0.0], "id": 25}, {"node_features": [0.0, 0.0], "id": 26}, {"node_features": [0.0, 0.0], "id": 27}, {"node_features": [0.0, 0.0], "id": 28}, {"node_features": [0.0, 0.0], "id": 29}, {"node_features": [0.0, 0.0], "id": 30}, {"node_features": [0.0, 0.0], "id": 31}, {"node_features": [0.0, 0.0], "id": 32}, {"node_features": [0.0, 0.0], "id": 33}, {"node_features": [0.0, 0.0], "id": 34}, {"node_features": [0.0, 0.0], "id": 35}, {"node_features": [0.0, 0.0], "id": 36}, {"node_features": [0.0, 0.0], "id": 37}, {"node_features": [0.0, 0.0], "id": 38}, {"node_features": [0.0, 0.0], "id": 39}, {"node_features": [0.0, 0.0], "id": 40}, {"node_features": [0.0, 0.0], "id": 41}, {"node_features": [0.0, 0.0], "id": 42}, {"node_features": [0.0, 0.0], "id": 43}, {"node_features": [0.0, 0.0], "id": 44}, {"node_features": [0.0, 0.0], "id": 45}, {"node_features": [0.0, 0.0], "id": 46}, {"node_features": [0.0, 0.0], "id": 47}], "links": [{"distance": 1.4730981796941145, "on_path": 0, "source": 0, "target": 19}, {"distance": 0.46900673920383257, "on_path": 1, "source": 0, "target": 11}, {"distance": 2.238610124748397, "on_path": 0, "source": 1, "target": 46}, {"distance": 0.5748367377289187, "on_path": 0, "source": 1, "target": 39}, {"distance": 1.0847765008098453, "on_path": 0, "source": 1, "target": 13}, {"distance": 0.6306861240635494, "on_path": 0, "source": 1, "target": 22}, {"distance": 1.475190631842191, "on_path": 0, "source": 2, "target": 24}, {"distance": 0.5204346449363401, "on_path": 1, "source": 2, "target": 13}, {"distance": 0.06330486146685825, "on_path": 0, "source": 3, "target": 42}, {"distance": 1.1689389626777198, "on_path": 0, "source": 3, "target": 7}, {"distance": 0.6441099541004605, "on_path": 0, "source": 4, "target": 10}, {"distance": 1.174804651685892, "on_path": 0, "source": 4, "target": 15}, {"distance": 1.1195469378764393, "on_path": 0, "source": 4, "target": 12}, {"distance": 1.236674534628317, "on_path": 0, "source": 4, "target": 17}, {"distance": 0.7397598855394438, "on_path": 0, "source": 5, "target": 27}, {"distance": 1.0607718380609306, "on_path": 0, "source": 5, "target": 20}, {"distance": 1.390715752693989, "on_path": 0, "source": 5, "target": 31}, {"distance": 0.30187832072402565, "on_path": 0, "source": 5, "target": 36}, {"distance": 1.089537399098645, "on_path": 0, "source": 6, "target": 30}, {"distance": 0.15817427007044804, "on_path": 0, "source": 6, "target": 28}, {"distance": 0.9839267470363746, "on_path": 0, "source": 6, "target": 47}, {"distance": 0.9773059565142458, "on_path": 0, "source": 7, "target": 27}, {"distance": 1.728145294745115, "on_path": 0, "source": 7, "target": 23}, {"distance": 0.8062549148851443, "on_path": 0, "source": 7, "target": 46}, {"distance": 1.2355495613231362, "on_path": 0, "source": 7, "target": 29}, {"distance": 1.6612702912041168, "on_path": 0, "source": 8, "target": 30}, {"distance": 1.412857899062252, "on_path": 0, "source": 8, "target": 33}, {"distance": 0.6443537879634493, "on_path": 0, "source": 8, "target": 24}, {"distance": 0.9922000804319326, "on_path": 0, "source": 8, "target": 15}, {"distance": 0.6908438355329323, "on_path": 0, "source": 8, "target": 29}, {"distance": 1.6128442694176708, "on_path": 0, "source": 9, "target": 28}, {"distance": 1.7866570057049376, "on_path": 0, "source": 9, "target": 39}, {"distance": 2.119540521426548, "on_path": 0, "source": 9, "target": 34}, {"distance": 1.588316199770797, "on_path": 0, "source": 9, "target": 26}, {"distance": 1.0245576394399802, "on_path": 0, "source": 10, "target": 45}, {"distance": 0.23035375200177613, "on_path": 0, "source": 10, "target": 37}, {"distance": 1.913355921269818, "on_path": 0, "source": 10, "target": 14}, {"distance": 1.3201444581050652, "on_path": 0, "source": 10, "target": 28}, {"distance": 0.729629919916783, "on_path": 0, "source": 10, "target": 31}, {"distance": 0.05387891473311182, "on_path": 1, "source": 11, "target": 23}, {"distance": 0.5755026245433567, "on_path": 0, "source": 11, "target": 41}, {"distance": 0.8331296402240518, "on_path": 0, "source": 11, "target": 27}, {"distance": 0.8536099255800143, "on_path": 0, "source": 12, "target": 19}, {"distance": 0.9169541418955254, "on_path": 1, "source": 13, "target": 37}, {"distance": 0.42840985113846985, "on_path": 0, "source": 13, "target": 28}, {"distance": 0.2772706109866019, "on_path": 0, "source": 14, "target": 47}, {"distance": 1.4201125369507237, "on_path": 0, "source": 14, "target": 25}, {"distance": 0.5980911866569398, "on_path": 0, "source": 14, "target": 43}, {"distance": 1.5837661640909104, "on_path": 0, "source": 14, "target": 36}, {"distance": 1.0630288761627447, "on_path": 0, "source": 15, "target": 19}, {"distance": 0.047603180159433545, "on_path": 0, "source": 15, "target": 18}, {"distance": 1.314087146844959, "on_path": 0, "source": 16, "target": 44}, {"distance": 0.8808061934480568, "on_path": 0, "source": 16, "target": 22}, {"distance": 0.16330332568642314, "on_path": 0, "source": 16, "target": 17}, {"distance": 0.4325951686548068, "on_path": 0, "source": 17, "target": 28}, {"distance": 0.9258668271781099, "on_path": 0, "source": 17, "target": 34}, {"distance": 0.8628979560988577, "on_path": 0, "source": 18, "target": 22}, {"distance": 0.7141579570921465, "on_path": 0, "source": 18, "target": 21}, {"distance": 1.8798407990678963, "on_path": 0, "source": 19, "target": 23}, {"distance": 1.5315672241560785, "on_path": 0, "source": 19, "target": 43}, {"distance": 0.9188477969105433, "on_path": 0, "source": 20, "target": 26}, {"distance": 0.6267880356217918, "on_path": 0, "source": 20, "target": 31}, {"distance": 0.8340966192602101, "on_path": 0, "source": 21, "target": 41}, {"distance": 0.42894385772834887, "on_path": 0, "source": 21, "target": 33}, {"distance": 0.4668916599747155, "on_path": 0, "source": 22, "target": 32}, {"distance": 0.5148363733949688, "on_path": 0, "source": 23, "target": 29}, {"distance": 1.6563046727884996, "on_path": 0, "source": 23, "target": 42}, {"distance": 1.5723501316359763, "on_path": 1, "source": 23, "target": 37}, {"distance": 1.2707197211532109, "on_path": 0, "source": 24, "target": 43}, {"distance": 1.1917323907422146, "on_path": 0, "source": 24, "target": 27}, {"distance": 1.27352211140346, "on_path": 0, "source": 24, "target": 32}, {"distance": 0.42271929517487056, "on_path": 0, "source": 24, "target": 44}, {"distance": 1.8394404078506605, "on_path": 0, "source": 24, "target": 33}, {"distance": 1.5882227692976225, "on_path": 0, "source": 24, "target": 25}, {"distance": 1.2416253795168648, "on_path": 0, "source": 25, "target": 45}, {"distance": 0.5880541897025624, "on_path": 0, "source": 27, "target": 35}, {"distance": 1.6506241134619746, "on_path": 0, "source": 28, "target": 46}, {"distance": 1.0770919188902637, "on_path": 0, "source": 30, "target": 41}, {"distance": 1.0704442047478648, "on_path": 0, "source": 30, "target": 37}, {"distance": 0.9054822237000609, "on_path": 0, "source": 32, "target": 35}, {"distance": 0.8595651371052665, "on_path": 0, "source": 33, "target": 43}, {"distance": 2.316121843218974, "on_path": 0, "source": 34, "target": 44}, {"distance": 0.3702476163134782, "on_path": 0, "source": 35, "target": 36}, {"distance": 0.8493036073021591, "on_path": 0, "source": 35, "target": 40}, {"distance": 0.8839378270886754, "on_path": 0, "source": 35, "target": 41}, {"distance": 1.5159800053531705, "on_path": 0, "source": 36, "target": 47}, {"distance": 1.0550156295358606, "on_path": 0, "source": 36, "target": 39}, {"distance": 1.9799262141221026, "on_path": 0, "source": 36, "target": 42}, {"distance": 0.8230106325323867, "on_path": 0, "source": 37, "target": 45}, {"distance": 1.5501992138104292, "on_path": 0, "source": 37, "target": 40}, {"distance": 1.05966836633992, "on_path": 0, "source": 38, "target": 43}, {"distance": 1.8609525718810191, "on_path": 0, "source": 38, "target": 46}, {"distance": 1.8157920869467568, "on_path": 0, "source": 39, "target": 42}, {"distance": 1.4035853005661545, "on_path": 0, "source": 39, "target": 44}, {"distance": 0.9361425685456424, "on_path": 0, "source": 40, "target": 41}, {"distance": 0.8381876971057565, "on_path": 0, "source": 41, "target": 47}]}