{"directed": false, "multigraph": false, "graph": {}, "nodes": [{"node_features": [0.0, 0.0], "id": 0}, {"node_features": [0.0, 0.0], "id": 1}, {"node_features": [0.0, 0.0], "id": 2}, {"node_features": [0.0, 0.0], "id": 3}, {"node_features": [0.0, 0.0], "id": 4}, {"node_features": [0.0, 1.0], "id": 5}, {"node_features": [0.0, 0.0], "id": 6}, {"node_features": [0.0, 0.0], "id": 7}, {"node_features": [0.0, 0.0], "id": 8}, {"node_features": [1.0, 0.0], "id": 9}, {"node_features": [0.0, 0.0], "id": 10}, {"node_features": [0.0, 0.0], "id": 11}, {"node_features": [0.0, 0.0], "id": 12}, {"node_features": [0.0, 0.0], "id": 13}, {"node_features": [0.0, 0.0], "id": 14}, {"node_features": [0.0, 0.0], "id": 15}, {"node_features": [0.0, 0.0], "id": 16}, {"node_features": [0.0, 0.0], "id": 17}, {"node_features": [0.0, 0.0], "id": 18}, {"node_features": [0.0, 0.0], "id": 19}, {"node_features": [0.0, 0.0], "id": 20}, {"node_features": [0.0, 0.0], "id": 21}], "links": [{"distance": 1.3789366528908555, "on_path": 0, "source": 0, "target": 3}, {"distance": 1.480383560565998, "on_path": 0, "source": 0, "target": 16}, {"distance": 1.1639393135516583, "on_path": 0, "source": 0, "target": 8}, {"distance": 0.6294248462931421, "on_path": 0, "source": 0, "target": 11}, {"distance": 1.601823879458518, "on_path": 0, "source": 1, "target": 10}, {"distance": 1.0518339236707295, "on_path": 1, "source": 1, "target": 4}, {"distance": 1.1972846254137102, "on_path": 0, "source": 1, "target": 11}, {"distance": 0.5077578692829936, "on_path": 1, "source": 1, "target": 19}, {"distance": 0.8487809249083089, "on_path": 0, "source": 1, "target": 17}, {"distance": 0.511922493401239, "on_path": 0, "source": 1, "target": 14}, {"distance": 1.2277021294118449, "on_path": 0, "source": 2, "target": 14}, {"distance": 0.7486494160888194, "on_path": 0, "source": 2, "target": 10}, {"distance": 1.1624424029008527, "on_path": 0, "source": 2, "target": 7}, {"distance": 1.7585983354179915, "on_path": 0, "source": 2, "target": 9}, {"distance": 0.8993785452200341, "on_path": 0, "source": 3, "target": 19}, {"distance": 0.8712762063179124, "on_path": 0, "source": 3, "target": 18}, {"distance": 1.2009824310381512, "on_path": 0, "source": 3, "target": 8}, {"distance": 1.4223365005183874, "on_path": 0, "source": 4, "target": 18}, {"distance": 2.385128796778967, "on_path": 0, "source": 4, "target": 7}, {"distance": 0.4775307457030613, "on_path": 1, "source": 4, "target": 15}, {"distance": 1.871630630684045, "on_path": 0, "source": 4, "target": 17}, {"distance": 1.3869690323060564, "on_path": 1, "source": 5, "target": 19}, {"distance": 0.29880472768102484, "on_path": 0, "source": 5, "target": 20}, {"distance": 0.7128265542809432, "on_path": 0, "source": 6, "target": 14}, {"distance": 1.6855156644421192, "on_path": 0, "source": 6, "target": 13}, {"distance": 1.3987612289441977, "on_path": 0, "source": 6, "target": 20}, {"distance": 1.9893131300806068, "on_path": 0, "source": 6, "target": 21}, {"distance": 1.8744975534069905, "on_path": 0, "source": 7, "target": 10}, {"distance": 0.9406159770624694, "on_path": 0, "source": 8, "target": 20}, {"distance": 0.36276912391452426, "on_path": 0, "source": 8, "target": 19}, {"distance": 0.5938249079917001, "on_path": 1, "source": 9, "target": 15}, {"distance": 1.988467851734783, "on_path": 0, "source": 9, "target": 17}, {"distance": 0.6460268041420922, "on_path": 0, "source": 10, "target": 16}, {"distance": 1.9160603090019577, "on_path": 0, "source": 10, "target": 14}, {"distance": 1.5990623320030621, "on_path": 0, "source": 10, "target": 15}, {"distance": 0.7673372832915122, "on_path": 0, "source": 10, "target": 12}, {"distance": 1.463320640915459, "on_path": 0, "source": 12, "target": 18}, {"distance": 1.272930178055829, "on_path": 0, "source": 12, "target": 20}, {"distance": 1.121560689673841, "on_path": 0, "source": 13, "target": 14}, {"distance": 1.071058416525616, "on_path": 0, "source": 14, "target": 15}, {"distance": 1.0158601387391384, "on_path": 0, "source": 15, "target": 18}, {"distance": 1.0941065935345102, "on_path": 0, "source": 15, "target": 21}, {"distance": 0.43930439273571925, "on_path": 0, "source": 16, "target": 21}, {"distance": 1.7906554660612177, "on_path": 0, "source": 18, "target": 21}]}