{"directed": false, "multigraph": false, "graph": {}, "nodes": [{"node_features": [0.0, 0.0], "id": 0}, {"node_features": [1.0, 0.0], "id": 1}, {"node_features": [0.0, 0.0], "id": 2}, {"node_features": [0.0, 0.0], "id": 3}, {"node_features": [0.0, 1.0], "id": 4}, {"node_features": [0.0, 0.0], "id": 5}, {"node_features": [0.0, 0.0], "id": 6}, {"node_features": [0.0, 0.0], "id": 7}, {"node_features": [0.0, 0.0], "id": 8}, {"node_features": [0.0, 0.0], "id": 9}, {"node_features": [0.0, 0.0], "id": 10}, {"node_features": [0.0, 0.0], "id": 11}, {"node_features": [0.0, 0.0], "id": 12}, {"node_features": [0.0, 0.0], "id": 13}, {"node_features": [0.0, 0.0], "id": 14}], "links": [{"distance": 0.7356088628553238, "on_path": 0, "source": 0, "target": 5}, {"distance": 0.19603567418567583, "on_path": 0, "source": 0, "target": 9}, {"distance": 1.671922624789381, "on_path": 0, "source": 0, "target": 7}, {"distance": 0.8541792510955665, "on_path": 0, "source": 0, "target": 11}, {"distance": 1.3259895245742992, "on_path": 0, "source": 1, "target": 7}, {"distance": 0.9724711980911959, "on_path": 0, "source": 1, "target": 8}, {"distance": 1.0528858929464249, "on_path": 1, "source": 1, "target": 6}, {"distance": 0.9375350007815939, "on_path": 0, "source": 1, "target": 12}, {"distance": 0.340202872861917, "on_path": 0, "source": 1, "target": 13}, {"distance": 1.1139715732252573, "on_path": 0, "source": 2, "target": 11}, {"distance": 0.169986307767841, "on_path": 1, "source": 2, "target": 6}, {"distance": 0.7109803128502543, "on_path": 1, "source": 2, "target": 9}, {"distance": 0.8108763175955777, "on_path": 0, "source": 2, "target": 7}, {"distance": 1.326491367452271, "on_path": 0, "source": 3, "target": 8}, {"distance": 0.5457292468667653, "on_path": 0, "source": 3, "target": 12}, {"distance": 1.6203152937784986, "on_path": 0, "source": 3, "target": 6}, {"distance": 0.8360691058447374, "on_path": 0, "source": 3, "target": 14}, {"distance": 1.5507539705247342, "on_path": 0, "source": 4, "target": 7}, {"distance": 1.918691703846263, "on_path": 0, "source": 4, "target": 8}, {"distance": 0.36820580421948457, "on_path": 1, "source": 4, "target": 9}, {"distance": 0.7862986514173238, "on_path": 0, "source": 5, "target": 13}, {"distance": 0.6553181716037658, "on_path": 0, "source": 5, "target": 12}, {"distance": 1.3646700490041737, "on_path": 0, "source": 6, "target": 8}, {"distance": 0.7396844915422713, "on_path": 0, "source": 7, "target": 10}, {"distance": 1.761409031897364, "on_path": 0, "source": 7, "target": 11}, {"distance": 1.2439538525766591, "on_path": 0, "source": 7, "target": 13}, {"distance": 1.5179674117165523, "on_path": 0, "source": 7, "target": 9}, {"distance": 0.7659961998799121, "on_path": 0, "source": 8, "target": 10}, {"distance": 0.9660425289011868, "on_path": 0, "source": 9, "target": 10}, {"distance": 0.430922896440619, "on_path": 0, "source": 10, "target": 14}]}