{"directed": false, "multigraph": false, "graph": {}, "nodes": [{"node_features": [0.0, 0.0], "id": 0}, {"node_features": [1.0, 0.0], "id": 1}, {"node_features": [0.0, 0.0], "id": 2}, {"node_features": [0.0, 0.0], "id": 3}, {"node_features": [0.0, 0.0], "id": 4}, {"node_features": [0.0, 0.0], "id": 5}, {"node_features": [0.0, 0.0], "id": 6}, {"node_features": [0.0, 0.0], "id": 7}, {"node_features": [0.0, 0.0], "id": 8}, {"node_features": [0.0, 0.0], "id": 9}, {"node_features": [0.0, 0.0], "id": 10}, {"node_features": [0.0, 0.0], "id": 11}, {"node_features": [0.0, 0.0], "id": 12}, {"node_features": [0.0, 0.0], "id": 13}, {"node_features": [0.0, 0.0], "id": 14}, {"node_features": [0.0, 0.0], "id": 15}, {"node_features": [0.0, 0.0], "id": 16}, {"node_features": [0.0, 0.0], "id": 17}, {"node_features": [0.0, 0.0], "id": 18}, {"node_features": [0.0, 0.0], "id": 19}, {"node_features": [0.0, 1.0], "id": 20}], "links": [{"distance": 0.7492077882051684, "on_path": 0, "source": 0, "target": 16}, {"distance": 0.5316933986242449, "on_path": 0, "source": 0, "target": 6}, {"distance": 0.6940752617617214, "on_path": 0, "source": 0, "target": 11}, {"distance": 1.5570126726874431, "on_path": 0, "source": 0, "target": 4}, {"distance": 0.7175943353125922, "on_path": 0, "source": 0, "target": 8}, {"distance": 0.6573340087211282, "on_path": 0, "source": 1, "target": 11}, {"distance": 0.7702020272876607, "on_path": 1, "source": 1, "target": 15}, {"distance": 0.6300486693114822, "on_path": 0, "source": 1, "target": 4}, {"distance": 0.779752163253678, "on_path": 0, "source": 2, "target": 16}, {"distance": 1.9235727793328539, "on_path": 0, "source": 2, "target": 20}, {"distance": 1.522987458723128, "on_path": 0, "source": 2, "target": 11}, {"distance": 1.256978982008045, "on_path": 0, "source": 3, "target": 19}, {"distance": 1.19898394448865, "on_path": 0, "source": 3, "target": 17}, {"distance": 1.125260058980912, "on_path": 0, "source": 3, "target": 8}, {"distance": 1.7387589397143592, "on_path": 0, "source": 3, "target": 7}, {"distance": 1.3012617072078752, "on_path": 0, "source": 3, "target": 11}, {"distance": 1.3642116777391575, "on_path": 0, "source": 3, "target": 12}, {"distance": 1.6614088561098206, "on_path": 0, "source": 3, "target": 14}, {"distance": 1.2233447077719037, "on_path": 0, "source": 4, "target": 15}, {"distance": 1.192426253132659, "on_path": 0, "source": 4, "target": 16}, {"distance": 0.6988592006303739, "on_path": 0, "source": 4, "target": 19}, {"distance": 0.6303345214931791, "on_path": 0, "source": 5, "target": 13}, {"distance": 0.35399763217186275, "on_path": 0, "source": 5, "target": 19}, {"distance": 0.7809196445221698, "on_path": 0, "source": 5, "target": 14}, {"distance": 1.1998202822438413, "on_path": 0, "source": 5, "target": 10}, {"distance": 0.6109913093419164, "on_path": 0, "source": 6, "target": 18}, {"distance": 0.3775694943578879, "on_path": 1, "source": 7, "target": 20}, {"distance": 1.1537061640984883, "on_path": 1, "source": 7, "target": 10}, {"distance": 1.5301190011445376, "on_path": 0, "source": 7, "target": 12}, {"distance": 0.8005796279919388, "on_path": 0, "source": 8, "target": 20}, {"distance": 1.7885976696436838, "on_path": 0, "source": 9, "target": 12}, {"distance": 1.0840160592098174, "on_path": 0, "source": 9, "target": 18}, {"distance": 0.8450326259352882, "on_path": 0, "source": 9, "target": 13}, {"distance": 0.1049861882334329, "on_path": 1, "source": 10, "target": 15}, {"distance": 0.7213511025890714, "on_path": 0, "source": 11, "target": 15}, {"distance": 1.1270158763138634, "on_path": 0, "source": 11, "target": 16}, {"distance": 1.4964707184803605, "on_path": 0, "source": 12, "target": 13}, {"distance": 1.0658337090986867, "on_path": 0, "source": 13, "target": 18}, {"distance": 1.6097179889286561, "on_path": 0, "source": 14, "target": 18}, {"distance": 0.5741653187654885, "on_path": 0, "source": 16, "target": 17}, {"distance": 1.1511842221567357, "on_path": 0, "source": 16, "target": 20}, {"distance": 1.1955395790064047, "on_path": 0, "source": 17, "target": 18}]}