{"directed": false, "multigraph": false, "graph": {}, "nodes": [{"node_features": [0.0, 0.0], "id": 0}, {"node_features": [0.0, 1.0], "id": 1}, {"node_features": [0.0, 0.0], "id": 2}, {"node_features": [0.0, 0.0], "id": 3}, {"node_features": [0.0, 0.0], "id": 4}, {"node_features": [0.0, 0.0], "id": 5}, {"node_features": [0.0, 0.0], "id": 6}, {"node_features": [0.0, 0.0], "id": 7}, {"node_features": [0.0, 0.0], "id": 8}, {"node_features": [0.0, 0.0], "id": 9}, {"node_features": [0.0, 0.0], "id": 10}, {"node_features": [0.0, 0.0], "id": 11}, {"node_features": [0.0, 0.0], "id": 12}, {"node_features": [0.0, 0.0], "id": 13}, {"node_features": [0.0, 0.0], "id": 14}, {"node_features": [0.0, 0.0], "id": 15}, {"node_features": [0.0, 0.0], "id": 16}, {"node_features": [0.0, 0.0], "id": 17}, {"node_features": [0.0, 0.0], "id": 18}, {"node_features": [0.0, 0.0], "id": 19}, {"node_features": [0.0, 0.0], "id": 20}, {"node_features": [0.0, 0.0], "id": 21}, {"node_features": [0.0, 0.0], "id": 22}, {"node_features": [0.0, 0.0], "id": 23}, {"node_features": [0.0, 0.0], "id": 24}, {"node_features": [0.0, 0.0], "id": 25}, {"node_features": [0.0, 0.0], "id": 26}, {"node_features": [0.0, 0.0], "id": 27}, {"node_features": [1.0, 0.0], "id": 28}, {"node_features": [0.0, 0.0], "id": 29}, {"node_features": [0.0, 0.0], "id": 30}, {"node_features": [0.0, 0.0], "id": 31}, {"node_features": [0.0, 0.0], "id": 32}, {"node_features": [0.0, 0.0], "id": 33}, {"node_features": [0.0, 0.0], "id": 34}, {"node_features": [0.0, 0.0], "id": 35}], "links": [{"distance": 1.6106119091618685, "on_path": 0, "source": 0, "target": 33}, {"distance": 0.2222074319571971, "on_path": 0, "source": 0, "target": 32}, {"distance": 1.7954958037321778, "on_path": 0, "source": 1, "target": 21}, {"distance": 1.0826405097038676, "on_path": 1, "source": 1, "target": 29}, {"distance": 1.0614283789200354, "on_path": 0, "source": 2, "target": 23}, {"distance": 0.58757008977186, "on_path": 0, "source": 2, "target": 26}, {"distance": 1.0058972506339292, "on_path": 0, "source": 2, "target": 35}, {"distance": 1.6470459751317983, "on_path": 0, "source": 2, "target": 22}, {"distance": 0.9855362726280419, "on_path": 0, "source": 2, "target": 31}, {"distance": 0.5433291598683755, "on_path": 0, "source": 3, "target": 22}, {"distance": 0.4220707187932903, "on_path": 0, "source": 3, "target": 18}, {"distance": 1.625611444815408, "on_path": 0, "source": 3, "target": 29}, {"distance": 0.8222887999563934, "on_path": 0, "source": 4, "target": 13}, {"distance": 2.0771766921614354, "on_path": 0, "source": 4, "target": 21}, {"distance": 0.8659723698771951, "on_path": 0, "source": 5, "target": 33}, {"distance": 1.8077453009652324, "on_path": 0, "source": 5, "target": 29}, {"distance": 1.5206372411506708, "on_path": 0, "source": 5, "target": 32}, {"distance": 0.6004134324714319, "on_path": 0, "source": 6, "target": 16}, {"distance": 0.653639490171819, "on_path": 0, "source": 6, "target": 19}, {"distance": 1.5003531642177936, "on_path": 0, "source": 6, "target": 22}, {"distance": 0.899453363391553, "on_path": 0, "source": 6, "target": 13}, {"distance": 1.3905257105161406, "on_path": 0, "source": 6, "target": 21}, {"distance": 1.3967007227607406, "on_path": 0, "source": 7, "target": 32}, {"distance": 0.6654569733887487, "on_path": 0, "source": 7, "target": 14}, {"distance": 1.5740018598603813, "on_path": 0, "source": 7, "target": 31}, {"distance": 0.25510389809521117, "on_path": 0, "source": 8, "target": 17}, {"distance": 1.3468467826727963, "on_path": 0, "source": 8, "target": 34}, {"distance": 0.9043637895145938, "on_path": 0, "source": 9, "target": 14}, {"distance": 0.31365334060793143, "on_path": 0, "source": 9, "target": 20}, {"distance": 0.9734681387449534, "on_path": 0, "source": 9, "target": 29}, {"distance": 0.8730368293648079, "on_path": 0, "source": 9, "target": 16}, {"distance": 0.8309676763440491, "on_path": 0, "source": 9, "target": 33}, {"distance": 1.607197936309856, "on_path": 0, "source": 10, "target": 25}, {"distance": 1.1456978607135613, "on_path": 0, "source": 10, "target": 18}, {"distance": 0.9345708970112332, "on_path": 0, "source": 11, "target": 27}, {"distance": 0.5569404467921056, "on_path": 0, "source": 11, "target": 34}, {"distance": 1.5844010168439988, "on_path": 0, "source": 11, "target": 22}, {"distance": 1.0486578964771502, "on_path": 0, "source": 12, "target": 26}, {"distance": 0.6324051707060068, "on_path": 0, "source": 12, "target": 28}, {"distance": 0.8190861647863317, "on_path": 0, "source": 12, "target": 23}, {"distance": 0.1586774602703113, "on_path": 0, "source": 12, "target": 30}, {"distance": 0.6898820714917135, "on_path": 0, "source": 13, "target": 23}, {"distance": 0.9646860258964256, "on_path": 0, "source": 13, "target": 17}, {"distance": 0.7290964732149096, "on_path": 0, "source": 13, "target": 32}, {"distance": 0.9754873918261269, "on_path": 0, "source": 13, "target": 30}, {"distance": 0.7281671002424075, "on_path": 0, "source": 13, "target": 34}, {"distance": 1.474361631481019, "on_path": 0, "source": 14, "target": 33}, {"distance": 0.8035366682976997, "on_path": 0, "source": 14, "target": 20}, {"distance": 0.21086596356663115, "on_path": 0, "source": 15, "target": 19}, {"distance": 0.9799659874842928, "on_path": 0, "source": 15, "target": 18}, {"distance": 1.7150398635958275, "on_path": 0, "source": 15, "target": 22}, {"distance": 0.4882119239480911, "on_path": 0, "source": 16, "target": 24}, {"distance": 1.340340348335484, "on_path": 0, "source": 16, "target": 35}, {"distance": 0.9854046702917155, "on_path": 0, "source": 17, "target": 33}, {"distance": 0.818368070484437, "on_path": 0, "source": 17, "target": 21}, {"distance": 0.7770737271851673, "on_path": 0, "source": 18, "target": 24}, {"distance": 1.4883584933361373, "on_path": 0, "source": 18, "target": 27}, {"distance": 1.2657651990591108, "on_path": 0, "source": 19, "target": 23}, {"distance": 1.6384860573407345, "on_path": 0, "source": 20, "target": 25}, {"distance": 1.6025430869758084, "on_path": 0, "source": 21, "target": 27}, {"distance": 1.483389440647688, "on_path": 0, "source": 21, "target": 25}, {"distance": 0.636135507685946, "on_path": 1, "source": 22, "target": 23}, {"distance": 1.6782896706197465, "on_path": 1, "source": 22, "target": 29}, {"distance": 0.791675284930721, "on_path": 0, "source": 23, "target": 24}, {"distance": 0.5082646587986022, "on_path": 1, "source": 23, "target": 28}, {"distance": 0.7605044341382129, "on_path": 0, "source": 24, "target": 34}, {"distance": 0.8900141569680894, "on_path": 0, "source": 26, "target": 30}, {"distance": 1.7694925531389472, "on_path": 0, "source": 27, "target": 35}, {"distance": 1.548432344164095, "on_path": 0, "source": 27, "target": 31}, {"distance": 1.143477260809316, "on_path": 0, "source": 27, "target": 32}, {"distance": 0.4161478422992492, "on_path": 0, "source": 28, "target": 31}, {"distance": 1.6829590372850836, "on_path": 0, "source": 30, "target": 34}]}